{
    "rgb_colors": [
        [
            0.3613652904204194,
            0.35690045711388585,
            0.34422556403176685
        ],
        [
            124.43194706994252,
            116.83459357277883,
            109.31852551984868
        ],
        [
            22.82818259143711,
            21.851998865891694,
            21.00189018051254
        ],
        [
            95.21831501831552,
            89.92747252747253,
            84.83369963369958
        ],
        [
            14.162322487866266,
            13.672703577206544,
            13.241191802983858
        ],
        [
            33.65944602272681,
            32.26864346590909,
            30.99591619318216
        ],
        [
            71.12530315278865,
            67.87631366208569,
            64.27364591754272
        ],
        [
            7.132971014492583,
            6.930570652173913,
            6.645471014492778
        ],
        [
            144.80671602327232,
            136.10497091485985,
            127.29085140137256
        ],
        [
            48.514738667326824,
            46.60143671042853,
            44.63859301461512
        ]
    ],
    "hex_colors": [
        "#000000",
        "#7c746d",
        "#161515",
        "#5f5954",
        "#0e0d0d",
        "#21201e",
        "#474340",
        "#070606",
        "#90887f",
        "#302e2c"
    ],
    "hsl_color_values": [
        [
            0.12325063612169117,
            0.04743047227560756,
            0.3613652904204194
        ],
        [
            0.08288513654367785,
            0.12145933505001472,
            124.43194706994252
        ],
        [
            0.07758055613054714,
            0.08000165600609901,
            22.82818259143711
        ],
        [
            0.08175191064079605,
            0.10906111269264143,
            95.21831501831552
        ],
        [
            0.07807646647478206,
            0.06504093418799055,
            14.162322487866266
        ],
        [
            0.07963913516876926,
            0.07913171915385175,
            33.65944602272681
        ],
        [
            0.0876349477906922,
            0.09633220431451035,
            71.12530315278865
        ],
        [
            0.0974699616004272,
            0.06834459287852351,
            7.132971014492583
        ],
        [
            0.08386796487784336,
            0.12096030559166003,
            144.80671602327232
        ],
        [
            0.08439843217450775,
            0.07989624924687413,
            48.514738667326824
        ]
    ]
}