{
    "rgb_colors": [
        [
            9.426143261837732,
            38.47167138810164,
            63.49777418049373
        ],
        [
            57.6628396479141,
            90.90662074244119,
            105.70053578262534
        ],
        [
            25.012392039054113,
            115.04468644386277,
            137.80510702215548
        ],
        [
            0.05799886478437344,
            0.06159601168517881,
            0.06531625486400827
        ],
        [
            122.5178086987034,
            140.84711647852424,
            153.4705522009276
        ],
        [
            89.50661914460392,
            121.09181941615904,
            136.99117447386286
        ],
        [
            26.41285456632227,
            73.17986555173012,
            64.66469913100508
        ],
        [
            138.99527633443458,
            158.64430798299276,
            171.30404660683357
        ],
        [
            171.5654587006205,
            188.60985961475637,
            201.1694417238002
        ],
        [
            10.462060194998337,
            76.13734633319329,
            100.87706655362442
        ]
    ],
    "hex_colors": [
        "#09263f",
        "#395a69",
        "#197389",
        "#000000",
        "#7a8c99",
        "#597988",
        "#1a4940",
        "#8a9eab",
        "#abbcc9",
        "#0a4c64"
    ],
    "hsl_color_values": [
        [
            0.5771387335873062,
            0.8515515955717798,
            63.49777418049373
        ],
        [
            0.5513274512537607,
            0.4544697505933314,
            105.70053578262534
        ],
        [
            0.5336316350775294,
            0.818494447850668,
            137.80510702215548
        ],
        [
            0.5847352024501956,
            0.11203015382418982,
            0.06531625486400827
        ],
        [
            0.5679715500366781,
            0.20168522923993965,
            153.4705522009276
        ],
        [
            0.5558053558939932,
            0.34662492318670296,
            136.99117447386286
        ],
        [
            0.46965394252164233,
            0.6390693756105458,
            73.17986555173012
        ],
        [
            0.5653059964683741,
            0.18860482815418878,
            171.30404660683357
        ],
        [
            0.5707088530351347,
            0.14715944315153542,
            201.1694417238002
        ],
        [
            0.5456040083329796,
            0.8962890124343881,
            100.87706655362442
        ]
    ]
}