{
    "rgb_colors": [
        [
            0.059763626287232086,
            0.06277951771513912,
            0.06073025816127142
        ],
        [
            161.3011819641033,
            164.26703633445206,
            172.89026703633039
        ],
        [
            104.03957732949087,
            105.15715658021134,
            107.74255523535327
        ],
        [
            77.59936238044634,
            68.4643995749203,
            71.95058448459162
        ],
        [
            45.63572149344097,
            102.51765893037336,
            131.69626639757706
        ],
        [
            30.09993201903467,
            50.45275322909585,
            52.8966689326984
        ],
        [
            123.765827212312,
            126.22743966421827,
            131.77116124518696
        ],
        [
            140.14467056216,
            143.40106790247836,
            151.12361474914425
        ],
        [
            71.55229357798166,
            22.883792048929664,
            29.477675840978623
        ],
        [
            193.8882323978336,
            196.39094042343675,
            203.828163466272
        ]
    ],
    "hex_colors": [
        "#000000",
        "#a1a4ac",
        "#68696b",
        "#4d4447",
        "#2d6683",
        "#1e3234",
        "#7b7e83",
        "#8c8f97",
        "#47161d",
        "#c1c4cb"
    ],
    "hsl_color_values": [
        [
            0.38675213709036815,
            0.04803941695747945,
            0.06277951771513912
        ],
        [
            0.6240136825316731,
            0.06703144873847526,
            172.89026703633039
        ],
        [
            0.6163657431427841,
            0.03436875891585825,
            107.74255523535327
        ],
        [
            0.9363948348068731,
            0.11771956012653903,
            77.59936238044634
        ],
        [
            0.5565079067295126,
            0.6534774846564627,
            131.69626639757706
        ],
        [
            0.5178674380230981,
            0.43096734394879416,
            52.8966689326984
        ],
        [
            0.6154172446813311,
            0.06075179088677384,
            131.77116124518696
        ],
        [
            0.6172326882430874,
            0.072648766410257,
            151.12361474914425
        ],
        [
            0.9774190575530225,
            0.6801808732519575,
            71.55229357798166
        ],
        [
            0.6247027937388516,
            0.048766229844793674,
            203.828163466272
        ]
    ]
}