{
    "rgb_colors": [
        [
            50.96594005449591,
            51.707084468664846,
            54.78201634877383
        ],
        [
            183.71784550507954,
            185.80774391412507,
            190.93367835921165
        ],
        [
            137.39963520291838,
            138.73114455084527,
            141.56835385316734
        ],
        [
            205.75387123064385,
            208.4224395544674,
            213.3610431947853
        ],
        [
            109.28054438601919,
            110.7097123414768,
            112.015156201672
        ],
        [
            150.3831450174157,
            151.60113839096536,
            155.38119106277742
        ],
        [
            123.7238245062052,
            125.0200139835732,
            126.68895298024424
        ],
        [
            229.5535424553813,
            231.7787993510069,
            236.46727961059455
        ],
        [
            0.07174887892377058,
            0.07297389600749682,
            0.07707955928341903
        ],
        [
            165.5277008310249,
            166.98300176278298,
            171.57101485771523
        ]
    ],
    "hex_colors": [
        "#323336",
        "#b7b9be",
        "#898a8d",
        "#cdd0d5",
        "#6d6e70",
        "#96979b",
        "#7b7d7e",
        "#e5e7ec",
        "#000000",
        "#a5a6ab"
    ],
    "hsl_color_values": [
        [
            0.6342972747828156,
            0.06965928873414558,
            54.78201634877383
        ],
        [
            0.6183955372559948,
            0.03779235238194418,
            190.93367835921165
        ],
        [
            0.613432509297656,
            0.029446684493998548,
            141.56835385316734
        ],
        [
            0.6082006047187535,
            0.03565398748635,
            213.3610431947853
        ],
        [
            0.5795630207745811,
            0.024412873296622638,
            112.015156201672
        ],
        [
            0.6260510153202775,
            0.03216635173907502,
            155.38119106277742
        ],
        [
            0.5938092571301895,
            0.02340479105941789,
            126.68895298024424
        ],
        [
            0.6130232982618843,
            0.029237606008740567,
            236.46727961059455
        ],
        [
            0.6283658307171186,
            0.06915815826148819,
            0.07707955928341903
        ],
        [
            0.6265313776147013,
            0.0352233973302663,
            171.57101485771523
        ]
    ]
}