{
    "rgb_colors": [
        [
            1.07643828548618,
            1.0641285519455934,
            0.2737625769368872
        ],
        [
            47.50791550012649,
            46.20498854670477,
            27.95301603461351
        ],
        [
            173.9734299516907,
            171.60386473429963,
            153.63285024154604
        ],
        [
            20.55687524910334,
            19.917895575926977,
            6.315982463133054
        ],
        [
            66.12351921410131,
            63.24270442068676,
            41.626264085526245
        ],
        [
            136.28116710875315,
            142.13262599469522,
            22.435013262599483
        ],
        [
            34.59247995576382,
            32.44051239517056,
            10.155991767271852
        ],
        [
            110.88336557060127,
            104.85976789168203,
            81.71566731141341
        ],
        [
            59.151187224205756,
            56.909014498844996,
            9.051166211388857
        ],
        [
            87.33647359851336,
            82.94161432891238,
            59.461270062806186
        ]
    ],
    "hex_colors": [
        "#010100",
        "#2f2e1b",
        "#adab99",
        "#141306",
        "#423f29",
        "#888e16",
        "#22200a",
        "#6e6851",
        "#3b3809",
        "#57523b"
    ],
    "hsl_color_values": [
        [
            0.16411068766429668,
            0.7456774061011398,
            1.07643828548618
        ],
        [
            0.1555618030175374,
            0.41161350186919726,
            47.50791550012649
        ],
        [
            0.14725092031825376,
            0.1169177368969093,
            173.9734299516907
        ],
        [
            0.15918844084216094,
            0.6927557137649825,
            20.55687524910334
        ],
        [
            0.14706709127005968,
            0.3704771830013374,
            66.12351921410131
        ],
        [
            0.17481422387684908,
            0.8421543744401315,
            142.13262599469522
        ],
        [
            0.151989383362604,
            0.7064104169386198,
            34.59247995576382
        ],
        [
            0.13224732587516966,
            0.263048457350587,
            110.88336557060127
        ],
        [
            0.15920767869276556,
            0.8469825098001591,
            59.151187224205756
        ],
        [
            0.14038967306569725,
            0.31917024339509936,
            87.33647359851336
        ]
    ]
}