{
    "rgb_colors": [
        [
            195.2971424391671,
            191.81035743892164,
            181.1933729945872
        ],
        [
            36.857846586910625,
            45.119634060520426,
            52.85080928923294
        ],
        [
            79.04324894514738,
            82.65928270042168,
            86.60970464135022
        ],
        [
            184.84993818964713,
            181.3767455702539,
            171.8905269905224
        ],
        [
            233.12695434646702,
            228.74859287054335,
            216.9804044194288
        ],
        [
            111.22116271916404,
            116.34481697939069,
            121.68471239618579
        ],
        [
            174.92995082163543,
            170.4534005037807,
            161.27323977449922
        ],
        [
            0.3406323501957047,
            0.3391545074066187,
            0.33534541972815646
        ],
        [
            152.03987802017346,
            148.90053952615543,
            145.72026741731176
        ],
        [
            210.74360731796975,
            205.73601518427188,
            194.84272684135604
        ]
    ],
    "hex_colors": [
        "#c3bfb5",
        "#242d34",
        "#4f5256",
        "#b8b5ab",
        "#e9e4d8",
        "#6f7479",
        "#aeaaa1",
        "#000000",
        "#989491",
        "#d2cdc2"
    ],
    "hsl_color_values": [
        [
            0.12546272926129654,
            0.0722169780286112,
            195.2971424391671
        ],
        [
            0.5805685118366664,
            0.30260582415680226,
            52.85080928923294
        ],
        [
            0.5870161252846345,
            0.08736267751443608,
            86.60970464135022
        ],
        [
            0.12199909437722213,
            0.07010773888292567,
            184.84993818964713
        ],
        [
            0.12147268306327286,
            0.06926075953894913,
            233.12695434646702
        ],
        [
            0.5850555114599664,
            0.08598902418369628,
            121.68471239618579
        ],
        [
            0.11203479248646946,
            0.07806959861928425,
            174.92995082163543
        ],
        [
            0.12007873950813912,
            0.015520928838704623,
            0.3406323501957047
        ],
        [
            0.08387310307282615,
            0.04156548061702063,
            152.03987802017346
        ],
        [
            0.11417908963109717,
            0.07545130634791913,
            210.74360731796975
        ]
    ]
}