{
    "rgb_colors": [
        [
            0.03662959794647236,
            0.0344111776447118,
            0.03035072711311848
        ],
        [
            214.6936170212754,
            213.79574468085107,
            198.05106382978622
        ],
        [
            85.51502843216923,
            80.2144597887896,
            62.400487408610815
        ],
        [
            128.133308085586,
            127.58113993561825,
            119.78469986744278
        ],
        [
            145.07966779452727,
            130.21254998462013,
            105.30083051368823
        ],
        [
            117.51443904932222,
            110.34500383337593,
            93.75568617429396
        ],
        [
            173.90570342205348,
            172.65855513307983,
            159.71634980988574
        ],
        [
            158.5469037400399,
            147.65021459227466,
            127.2191906805657
        ],
        [
            33.82369942196538,
            81.76204238921002,
            110.4691714836211
        ],
        [
            28.57527733755932,
            39.243264659271,
            50.3819334389859
        ]
    ],
    "hex_colors": [
        "#000000",
        "#d6d5c6",
        "#55503e",
        "#807f77",
        "#918269",
        "#756e5d",
        "#adac9f",
        "#9e937f",
        "#21516e",
        "#1c2732"
    ],
    "hsl_color_values": [
        [
            0.10778080537517115,
            0.17141522662982353,
            0.03662959794647236
        ],
        [
            0.15767493394699908,
            0.07751768973103641,
            214.6936170212754
        ],
        [
            0.12844708418265602,
            0.2702979984610885,
            85.51502843216923
        ],
        [
            0.1556435089630113,
            0.06515564409346877,
            128.133308085586
        ],
        [
            0.10437593275646746,
            0.2741861618898716,
            145.07966779452727
        ],
        [
            0.1163733757852125,
            0.20217730746309762,
            117.51443904932222
        ],
        [
            0.15201779302213145,
            0.08159222689627063,
            173.90570342205348
        ],
        [
            0.10869515580300852,
            0.19759271433543998,
            158.5469037400399
        ],
        [
            0.5624240595959326,
            0.6938177505297909,
            110.4691714836211
        ],
        [
            0.5851320251937987,
            0.43282690069516927,
            50.3819334389859
        ]
    ]
}