{
    "rgb_colors": [
        [
            0.08413990848667652,
            0.0888318779641466,
            0.0928035889297405
        ],
        [
            207.96022275258264,
            221.04455051710107,
            229.06682577565968
        ],
        [
            12.814318975552608,
            85.73263484671978,
            109.7159487776498
        ],
        [
            125.36852779765934,
            138.9649248389362,
            148.42817943212253
        ],
        [
            19.729144479943248,
            84.27121050763321,
            59.38019169329178
        ],
        [
            12.212507021156728,
            50.763901891032134,
            74.2705485864081
        ],
        [
            57.61296551724098,
            82.94372413793208,
            95.00689655172332
        ],
        [
            162.30620443386675,
            173.48504686802752,
            182.70703764320663
        ],
        [
            67.38549876154092,
            117.14276063949436,
            133.13195226300607
        ],
        [
            142.91771716708388,
            153.60890824356233,
            162.21751088700265
        ]
    ],
    "hex_colors": [
        "#000000",
        "#cfdde5",
        "#0c556d",
        "#7d8a94",
        "#13543b",
        "#0c324a",
        "#39525f",
        "#a2adb6",
        "#437585",
        "#8e99a2"
    ],
    "hsl_color_values": [
        [
            0.5764053835952517,
            0.09335501506976264,
            0.0928035889297405
        ],
        [
            0.5633472792833866,
            0.0921416837711286,
            229.06682577565968
        ],
        [
            0.541250276147593,
            0.883204592237341,
            109.7159487776498
        ],
        [
            0.5683969178661489,
            0.1553589872400784,
            148.42817943212253
        ],
        [
            0.43572404183739993,
            0.7658851182853699,
            84.27121050763321
        ],
        [
            0.5631308102932954,
            0.8355672974873962,
            74.2705485864081
        ],
        [
            0.5537661775590773,
            0.39359175377467953,
            95.00689655172332
        ],
        [
            0.5753399847328876,
            0.11165871590113002,
            182.70703764320663
        ],
        [
            0.5405324565609596,
            0.4938442829380366,
            133.13195226300607
        ],
        [
            0.5743410591875535,
            0.11897478647272922,
            162.21751088700265
        ]
    ]
}