{
    "rgb_colors": [
        [
            33.79060665362035,
            34.38943248532288,
            36.74168297455969
        ],
        [
            163.94198699375443,
            165.68488828794938,
            165.75616508917648
        ],
        [
            146.28587389148802,
            147.3637315829894,
            147.01417498778017
        ],
        [
            153.80388117953166,
            155.1408824804958,
            155.02504336513442
        ],
        [
            9.905840286054826,
            34.733015494636554,
            104.619189511323
        ],
        [
            0.035247245275250805,
            0.035702996922601926,
            0.03854776938965898
        ],
        [
            46.56032171581769,
            69.54423592493292,
            126.0857908847185
        ],
        [
            116.80787037037037,
            122.00810185185179,
            131.82407407407408
        ],
        [
            175.36465486086013,
            176.57366582340876,
            176.65678833875435
        ],
        [
            71.02952029520296,
            73.04797047970482,
            80.3210332103321
        ]
    ],
    "hex_colors": [
        "#212224",
        "#a3a5a5",
        "#929393",
        "#999b9b",
        "#092268",
        "#000000",
        "#2e457e",
        "#747a83",
        "#afb0b0",
        "#474950"
    ],
    "hsl_color_values": [
        [
            0.6328470380194527,
            0.08031957390146476,
            36.74168297455969
        ],
        [
            0.5065481260638965,
            0.010944860448756321,
            165.75616508917648
        ],
        [
            0.4459488641272101,
            0.007314267085414921,
            147.3637315829894
        ],
        [
            0.485559835122842,
            0.008617981795560777,
            155.1408824804958
        ],
        [
            0.6229783949646276,
            0.9053152645100284,
            104.619189511323
        ],
        [
            0.6436525618582024,
            0.08562166285278212,
            0.03854776938965898
        ],
        [
            0.6184977918619157,
            0.6307250691048267,
            126.0857908847185
        ],
        [
            0.6089486665638977,
            0.11391093629275835,
            131.82407407407408
        ],
        [
            0.5107216110367917,
            0.007314372065999807,
            176.65678833875435
        ],
        [
            0.6304606830818106,
            0.11567969862636095,
            80.3210332103321
        ]
    ]
}