{
    "rgb_colors": [
        [
            0.09477872454433367,
            0.09564956272494385,
            0.09911790099972251
        ],
        [
            127.6596669980006,
            129.0682778329907,
            130.4862077534677
        ],
        [
            215.78534630795318,
            217.58900973096405,
            219.06639954206884
        ],
        [
            141.8013286753257,
            143.59526945764065,
            145.91197525914183
        ],
        [
            52.440630797773636,
            55.08905380333948,
            59.09647495361781
        ],
        [
            43.66217976552327,
            87.5327833260958,
            116.80243161094327
        ],
        [
            77.47394789579153,
            122.41432865731525,
            145.75751503006126
        ],
        [
            107.50681044267671,
            110.14491108588533,
            112.58721150207924
        ],
        [
            157.48386807670965,
            159.71428571427893,
            161.66113998923836
        ],
        [
            177.91398534564965,
            180.53026441541667,
            182.17903791016022
        ]
    ],
    "hex_colors": [
        "#000000",
        "#7f8182",
        "#d7d9db",
        "#8d8f91",
        "#34373b",
        "#2b5774",
        "#4d7a91",
        "#6b6e70",
        "#9d9fa1",
        "#b1b4b6"
    ],
    "hsl_color_values": [
        [
            0.6332179931083205,
            0.043777929229968114,
            0.09911790099972251
        ],
        [
            0.5836080827618496,
            0.021661605499390345,
            130.4862077534677
        ],
        [
            0.5750465224470817,
            0.014977437165052676,
            219.06639954206884
        ],
        [
            0.5939311190370141,
            0.028172098804882636,
            145.91197525914183
        ],
        [
            0.6003484320557497,
            0.11262675415188549,
            59.09647495361781
        ],
        [
            0.566697537827069,
            0.6261877500037205,
            116.80243161094327
        ],
        [
            0.5569760957929185,
            0.4684737326935549,
            145.75751503006126
        ],
        [
            0.5801216409110667,
            0.04512413969244374,
            112.58721150207924
        ],
        [
            0.5776764642780502,
            0.025839678681016272,
            161.66113998923836
        ],
        [
            0.5644295886863923,
            0.02341132445003819,
            182.17903791016022
        ]
    ]
}