{
    "rgb_colors": [
        [
            0.0644106246877918,
            0.06784131159405149,
            0.07299082134680646
        ],
        [
            158.3444893956097,
            170.35343876425156,
            183.1335049650607
        ],
        [
            33.42586100226818,
            60.689008042895445,
            86.10332027222108
        ],
        [
            89.2913165266113,
            111.71456582633053,
            125.17787114845937
        ],
        [
            196.1995661605182,
            208.72668112798263,
            220.37888647866956
        ],
        [
            10.552006552006137,
            34.03767403767404,
            61.466625716625714
        ],
        [
            120.30784982935296,
            133.3805460750853,
            144.93162684869168
        ],
        [
            61.55690670720168,
            88.4324529735892,
            102.32053961618848
        ],
        [
            12.3274407392531,
            78.06629168340699,
            54.310164724789075
        ],
        [
            138.1576923076868,
            150.2534023668639,
            162.2278106508876
        ]
    ],
    "hex_colors": [
        "#000000",
        "#9eaab7",
        "#213c56",
        "#596f7d",
        "#c4d0dc",
        "#0a223d",
        "#788590",
        "#3d5866",
        "#0c4e36",
        "#8a96a2"
    ],
    "hsl_color_values": [
        [
            0.6000270342938411,
            0.11755172089716548,
            0.07299082134680646
        ],
        [
            0.585925599889216,
            0.13536035131408847,
            183.1335049650607
        ],
        [
            0.5804085611491071,
            0.6117935882543181,
            86.10332027222108
        ],
        [
            0.5625271565910847,
            0.28668449377356064,
            125.17787114845937
        ],
        [
            0.5803179824561324,
            0.10971704551421113,
            220.37888647866956
        ],
        [
            0.589787413153601,
            0.8283294970403429,
            61.466625716625714
        ],
        [
            0.5781837866474514,
            0.16989926598316524,
            144.93162684869168
        ],
        [
            0.5567829936126616,
            0.39839149658410766,
            102.32053961618848
        ],
        [
            0.43977146791831645,
            0.8420900945411077,
            78.06629168340699
        ],
        [
            0.5829133735675086,
            0.14837233053091872,
            162.2278106508876
        ]
    ]
}