{
    "rgb_colors": [
        [
            0.0871493785332369,
            0.09044894515916013,
            0.07852288266468932
        ],
        [
            58.610903426790756,
            135.41728971962618,
            47.542834890965736
        ],
        [
            51.176817288801566,
            55.578585461689585,
            45.63850687622789
        ],
        [
            99.51843575419026,
            126.35977653631284,
            84.52793296089385
        ],
        [
            95.28061977373268,
            169.14379406460077,
            73.52238071815052
        ],
        [
            78.04965991969097,
            155.36130459723017,
            57.13644185855937
        ],
        [
            40.172031076581476,
            117.91231964483907,
            36.604661487236406
        ],
        [
            131.2927756653991,
            165.93536121673003,
            112.62253715865883
        ],
        [
            147.4093910491565,
            204.69479090242115,
            138.2259721203228
        ],
        [
            111.32743117997192,
            183.43975653617375,
            90.49010928205837
        ]
    ],
    "hex_colors": [
        "#000000",
        "#3a872f",
        "#33372d",
        "#637e54",
        "#5fa949",
        "#4e9b39",
        "#287524",
        "#83a570",
        "#93cc8a",
        "#6fb75a"
    ],
    "hsl_color_values": [
        [
            0.212778094578617,
            0.1318540804813688,
            0.09044894515916013
        ],
        [
            0.31234113380389145,
            0.6489160653754001,
            135.41728971962618
        ],
        [
            0.24047171986691707,
            0.17884727549090657,
            55.578585461689585
        ],
        [
            0.2736080877148453,
            0.33105347858380785,
            126.35977653631284
        ],
        [
            0.29540905414712754,
            0.5653261704058131,
            169.14379406460077
        ],
        [
            0.29784805754531546,
            0.6322350535953337,
            155.36130459723017
        ],
        [
            0.3260208413529136,
            0.6895603309519104,
            117.91231964483907
        ],
        [
            0.2749663930564385,
            0.32128669662181725,
            165.93536121673003
        ],
        [
            0.31030644870507057,
            0.3247215939842079,
            204.69479090242115
        ],
        [
            0.29597023314328036,
            0.5067039392618579,
            183.43975653617375
        ]
    ]
}