{
    "rgb_colors": [
        [
            0.06821981195672677,
            0.06910248352184212,
            0.06641434742893537
        ],
        [
            30.236964236964198,
            57.17581217581292,
            102.83811083811113
        ],
        [
            184.50554854980751,
            180.19432534678648,
            167.87238335434975
        ],
        [
            52.45750655185324,
            88.50767502807807,
            155.3275926619274
        ],
        [
            162.1859910162865,
            158.80179674339988,
            148.84390791689933
        ],
        [
            73.07690423708026,
            85.33284349742861,
            83.81435219201558
        ],
        [
            212.67741935483895,
            214.14845646895577,
            209.08151231356254
        ],
        [
            44.28973057399463,
            61.16321749316712,
            54.34908238969145
        ],
        [
            111.14866156787788,
            113.71223709368981,
            99.61018164435895
        ],
        [
            136.60411221467243,
            136.67903815995768,
            127.57344485101882
        ]
    ],
    "hex_colors": [
        "#000000",
        "#1e3966",
        "#b8b4a7",
        "#34589b",
        "#a29e94",
        "#495553",
        "#d4d6d1",
        "#2c3d36",
        "#6f7163",
        "#88887f"
    ],
    "hsl_color_values": [
        [
            0.22139303558355752,
            0.038900716094481196,
            0.06910248352184212
        ],
        [
            0.6048245581050203,
            0.7059751099029469,
            102.83811083811113
        ],
        [
            0.1234676007005735,
            0.0901499457669026,
            184.50554854980751
        ],
        [
            0.6082593916277889,
            0.6622782491322858,
            155.3275926619274
        ],
        [
            0.12439198027677727,
            0.08226409084892772,
            162.1859910162865
        ],
        [
            0.47935026611511516,
            0.143625112653344,
            85.33284349742861
        ],
        [
            0.21505339539977167,
            0.023660895058226883,
            214.14845646895577
        ],
        [
            0.4326938652720212,
            0.27587637816891364,
            61.16321749316712
        ],
        [
            0.1969645611240023,
            0.12401528463213589,
            113.71223709368981
        ],
        [
            0.16803809378007442,
            0.06662026183036525,
            136.67903815995768
        ]
    ]
}