{
    "rgb_colors": [
        [
            0.07767739828224762,
            0.0717536058769781,
            0.0625561387016873
        ],
        [
            150.45905805734253,
            142.2234135493602,
            124.18195536494505
        ],
        [
            44.79347079037801,
            65.7982817869418,
            48.79347079037795
        ],
        [
            137.55203673883221,
            129.45136279596431,
            111.06655931293886
        ],
        [
            34.99518768046198,
            47.05630413859484,
            102.18383060635242
        ],
        [
            14.864342910975033,
            24.725859632595785,
            65.46632124352288
        ],
        [
            165.7544989775051,
            157.87126789365306,
            140.9764826175824
        ],
        [
            183.9214867617108,
            175.55590631364646,
            159.82606924643756
        ],
        [
            114.03765798297654,
            110.80500386897225,
            95.3987619293276
        ],
        [
            198.128651973347,
            197.82214249102785,
            187.28241927216584
        ]
    ],
    "hex_colors": [
        "#000000",
        "#968e7c",
        "#2c4130",
        "#89816f",
        "#222f66",
        "#0e1841",
        "#a59d8c",
        "#b7af9f",
        "#726e5f",
        "#c6c5bb"
    ],
    "hsl_color_values": [
        [
            0.10137457053197398,
            0.19466743113120114,
            0.07767739828224762
        ],
        [
            0.1144307929455437,
            0.17464619964843076,
            150.45905805734253
        ],
        [
            0.3650720938856524,
            0.3192303875742294,
            65.7982817869418
        ],
        [
            0.11569109608883037,
            0.19254878410983395,
            137.55203673883221
        ],
        [
            0.6367481270323311,
            0.6575271501097313,
            102.18383060635242
        ],
        [
            0.6341859974432472,
            0.7729467208691571,
            65.46632124352288
        ],
        [
            0.11364095919180188,
            0.149486237253116,
            165.7544989775051
        ],
        [
            0.10880241064674297,
            0.1310092580237313,
            183.9214867617108
        ],
        [
            0.13776067973929682,
            0.1634450968506503,
            114.03765798297654
        ],
        [
            0.1619567443252168,
            0.05474338311573546,
            198.128651973347
        ]
    ]
}