{
    "rgb_colors": [
        [
            0.06274431770980371,
            0.1159373776405559,
            0.07259084285843898
        ],
        [
            5.186020293122794,
            78.28757263030093,
            39.774954470558406
        ],
        [
            145.2564402810297,
            209.74590163934425,
            194.25409836065583
        ],
        [
            125.4313126907993,
            161.23680767553424,
            139.699956389011
        ],
        [
            20.270849880857867,
            54.15117818374371,
            25.6412496690498
        ],
        [
            199.89411764705986,
            211.9042016806723,
            151.82521008403336
        ],
        [
            137.38317152103423,
            165.70679611650485,
            93.11067961165186
        ],
        [
            68.01427055076928,
            128.1927114046468,
            85.39450406887515
        ],
        [
            97.56228857185174,
            142.87233416678924,
            94.35387556993818
        ],
        [
            47.55036407767073,
            103.52245145631068,
            52.15351941747681
        ]
    ],
    "hex_colors": [
        "#000000",
        "#054e27",
        "#91d1c2",
        "#7da18b",
        "#143619",
        "#c7d397",
        "#89a55d",
        "#448055",
        "#618e5e",
        "#2f6734"
    ],
    "hsl_color_values": [
        [
            0.3641848678551101,
            0.4588085483153519,
            0.1159373776405559
        ],
        [
            0.41219379769551145,
            0.9337567877137685,
            78.28757263030093
        ],
        [
            0.4599629589279885,
            0.30746470302529894,
            209.74590163934425
        ],
        [
            0.3997507165883099,
            0.22206774929945472,
            161.23680767553424
        ],
        [
            0.3597518090742866,
            0.6256618865784306,
            54.15117818374371
        ],
        [
            0.19998414785389618,
            0.28351958630426116,
            211.9042016806723
        ],
        [
            0.23169224002401748,
            0.4380998136842392,
            165.70679611650485
        ],
        [
            0.3814686047901765,
            0.46943730415312934,
            128.1927114046468
        ],
        [
            0.32231205368465066,
            0.33959309813060506,
            142.87233416678924
        ],
        [
            0.3470400323785993,
            0.5406758301339272,
            103.52245145631068
        ]
    ]
}