{
    "rgb_colors": [
        [
            0.04730688284827522,
            0.04789149582309449,
            0.050853534959856006
        ],
        [
            154.72709744401342,
            156.7434122707249,
            157.8436742967321
        ],
        [
            12.598885793871666,
            35.818012999071414,
            107.19962859795729
        ],
        [
            145.6312050439502,
            147.56957641417964,
            149.56504750910221
        ],
        [
            98.28509406657037,
            102.64688856729369,
            115.14182344428365
        ],
        [
            133.2079485488151,
            135.65715699208226,
            138.64445910290237
        ],
        [
            31.00426742532,
            31.48790896159323,
            33.475106685633
        ],
        [
            171.9633392226249,
            174.15845848055497,
            175.65017667844523
        ],
        [
            162.74171085757763,
            164.8321816915685,
            165.7193743639188
        ],
        [
            66.23157894736843,
            69.11228070175437,
            78.5140350877193
        ]
    ],
    "hex_colors": [
        "#000000",
        "#9a9c9d",
        "#0c236b",
        "#919395",
        "#626673",
        "#85878a",
        "#1f1f21",
        "#abaeaf",
        "#a2a4a5",
        "#42454e"
    ],
    "hsl_color_values": [
        [
            0.6391941396925501,
            0.06974248917760635,
            0.050853534959856006
        ],
        [
            0.5588392370862186,
            0.019744705428358135,
            157.8436742967321
        ],
        [
            0.6257594346567207,
            0.8824726730992449,
            107.19962859795729
        ],
        [
            0.5845429166944479,
            0.02630188356616288,
            149.56504750910221
        ],
        [
            0.6235405219780241,
            0.14639970840717262,
            115.14182344428365
        ],
        [
            0.5915814804704768,
            0.03921188476816287,
            138.64445910290237
        ],
        [
            0.634043369794658,
            0.07381124378532448,
            33.475106685633
        ],
        [
            0.5674344075722372,
            0.020989659820095992,
            175.65017667844523
        ],
        [
            0.5496582119090436,
            0.017968107336697042,
            165.7193743639188
        ],
        [
            0.6275770128076944,
            0.1564364400151943,
            78.5140350877193
        ]
    ]
}