{
    "rgb_colors": [
        [
            0.1856818403776117,
            0.18785521011052708,
            0.1984395205859073
        ],
        [
            183.69075639853605,
            184.74005941499087,
            187.83620886654685
        ],
        [
            228.95757071547388,
            230.3234608985025,
            232.18885191347817
        ],
        [
            74.75862068965522,
            72.49920424403183,
            70.14323607427056
        ],
        [
            131.83354719133175,
            128.4208012546336,
            127.3396777872833
        ],
        [
            172.47557036657037,
            173.63670853627275,
            176.11094591130816
        ],
        [
            205.5748271416823,
            206.61432087190906,
            208.14883393882894
        ],
        [
            145.91227107483286,
            143.73797928527335,
            142.79957473077803
        ],
        [
            158.9235604895368,
            159.3780512271785,
            159.50110345749695
        ],
        [
            115.4240906694784,
            113.47772799156563,
            111.31958355297809
        ]
    ],
    "hex_colors": [
        "#000000",
        "#b7b8bb",
        "#e4e6e8",
        "#4a4846",
        "#83807f",
        "#acadb0",
        "#cdced0",
        "#918f8e",
        "#9e9f9f",
        "#73716f"
    ],
    "hsl_color_values": [
        [
            0.6382737078446001,
            0.06429001728399467,
            0.1984395205859073
        ],
        [
            0.6244797552437694,
            0.022069506688968833,
            187.83620886654685
        ],
        [
            0.5962152420185411,
            0.013916607844757279,
            232.18885191347817
        ],
        [
            0.08507662835248953,
            0.061737155833097294,
            74.75862068965522
        ],
        [
            0.040096235194564255,
            0.03408744966504184,
            131.83354719133175
        ],
        [
            0.6134333690603562,
            0.02064253034316573,
            176.11094591130816
        ],
        [
            0.5993595580646834,
            0.012366184082986936,
            208.14883393882894
        ],
        [
            0.05024607022181112,
            0.021332656404603842,
            145.91227107483286
        ],
        [
            0.5355102670984134,
            0.0036209339963221153,
            159.50110345749695
        ],
        [
            0.08763311392946944,
            0.03556022917480666,
            115.4240906694784
        ]
    ]
}