{
    "rgb_colors": [
        [
            0.043174304405496855,
            0.04421928757814442,
            0.04733590403265708
        ],
        [
            210.9375000000013,
            215.7471590909091,
            221.0028409090909
        ],
        [
            152.98360655737983,
            155.7883395029085,
            161.6997620306716
        ],
        [
            46.447421299397305,
            117.95043536503684,
            152.87273945077027
        ],
        [
            36.304283604135925,
            37.477104874446084,
            39.9231905465288
        ],
        [
            138.72931596091786,
            142.45765472312704,
            148.32258414766557
        ],
        [
            8.879058915029875,
            83.3142134940696,
            122.55609566400933
        ],
        [
            169.5746768788925,
            173.02896122546673,
            180.68405935854474
        ],
        [
            75.50446998722869,
            85.06768837803321,
            94.59386973180077
        ],
        [
            119.60677649984436,
            128.132732359341,
            135.52222567609573
        ]
    ],
    "hex_colors": [
        "#000000",
        "#d2d7dd",
        "#989ba1",
        "#2e7598",
        "#242527",
        "#8a8e94",
        "#08537a",
        "#a9adb4",
        "#4b555e",
        "#778087"
    ],
    "hsl_color_values": [
        [
            0.6248164461477907,
            0.08791634409874452,
            0.04733590403265708
        ],
        [
            0.5870260607771304,
            0.04554394354247219,
            221.0028409090909
        ],
        [
            0.6130357404683174,
            0.05390332900822985,
            161.6997620306716
        ],
        [
            0.5546898436893591,
            0.696169366322144,
            152.87273945077027
        ],
        [
            0.6126530612244908,
            0.09064673671747732,
            39.9231905465288
        ],
        [
            0.6018931419819374,
            0.06467840512539165,
            148.32258414766557
        ],
        [
            0.5575341676915121,
            0.9275510624998039,
            122.55609566400933
        ],
        [
            0.6148443391145421,
            0.061485127792082005,
            180.68405935854474
        ],
        [
            0.5831716509444486,
            0.20180377226025,
            94.59386973180077
        ],
        [
            0.5773828124999989,
            0.117437926486612,
            135.52222567609573
        ]
    ]
}