{
    "rgb_colors": [
        [
            20.6053097345143,
            43.72507374631269,
            25.63038348082596
        ],
        [
            111.61985317586777,
            107.09399936163422,
            97.70363868496648
        ],
        [
            237.0385034013584,
            228.6142857142857,
            217.72340136054422
        ],
        [
            170.08516081871298,
            164.41611842105263,
            153.13633040935673
        ],
        [
            57.08296263345196,
            61.18483096085409,
            49.64612989323843
        ],
        [
            219.91538233552336,
            211.2398241454258,
            200.60417901600474
        ],
        [
            86.0030816640998,
            84.41705187467899,
            75.49306625577812
        ],
        [
            141.27091633465903,
            135.63884462151395,
            124.98027888446215
        ],
        [
            0.35961863535718663,
            0.3552425788717031,
            0.33099259072022846
        ],
        [
            196.9363072239761,
            191.24154080318465,
            179.70905046247512
        ]
    ],
    "hex_colors": [
        "#142b19",
        "#6f6b61",
        "#ede4d9",
        "#aaa499",
        "#393d31",
        "#dbd3c8",
        "#56544b",
        "#8d877c",
        "#000000",
        "#c4bfb3"
    ],
    "hsl_color_values": [
        [
            0.36955828314789657,
            0.5287530021318275,
            43.72507374631269
        ],
        [
            0.11246306341435199,
            0.12467508328446703,
            111.61985317586777
        ],
        [
            0.09397555283190899,
            0.08148508264967179,
            237.0385034013584
        ],
        [
            0.11092002357744922,
            0.0996490835988998,
            170.08516081871298
        ],
        [
            0.22591464589999602,
            0.18858761046505293,
            61.18483096085409
        ],
        [
            0.09179166581393365,
            0.08781197165214963,
            219.91538233552336
        ],
        [
            0.14151558096725828,
            0.12220510247958785,
            86.0030816640998
        ],
        [
            0.10904592458538187,
            0.11531487069571857,
            141.27091633465903
        ],
        [
            0.14118837384520708,
            0.07960111580014677,
            0.35961863535718663
        ],
        [
            0.11157212956545741,
            0.08747628613706243,
            196.9363072239761
        ]
    ]
}