{
    "rgb_colors": [
        [
            0.04294766188526111,
            0.0439741477704132,
            0.04706627803827246
        ],
        [
            158.00089166295135,
            161.51694159607652,
            171.33571110120374
        ],
        [
            108.85794335907765,
            111.87702559442845,
            115.65121914281387
        ],
        [
            179.88275862068903,
            183.30147783251294,
            190.079802955665
        ],
        [
            120.75802076513433,
            123.729305022912,
            128.40594892900572
        ],
        [
            44.312611012433344,
            45.54351687388993,
            48.84191829484902
        ],
        [
            215.73773584905604,
            219.13018867924586,
            224.12264150943398
        ],
        [
            130.85447442315058,
            134.08362837260051,
            140.20278354291295
        ],
        [
            89.67898022892763,
            93.73985431841876,
            97.0369406867846
        ],
        [
            144.2404428660935,
            147.6682682264489,
            155.56110298725716
        ]
    ],
    "hex_colors": [
        "#000000",
        "#9ea1ab",
        "#6c6f73",
        "#b3b7be",
        "#787b80",
        "#2c2d30",
        "#d7dbe0",
        "#82868c",
        "#595d61",
        "#90939b"
    ],
    "hsl_color_values": [
        [
            0.625128204595227,
            0.08750673145775936,
            0.04706627803827246
        ],
        [
            0.6227209405995779,
            0.07782860533012788,
            171.33571110120374
        ],
        [
            0.5925963081861337,
            0.05873933568609794,
            115.65121914281387
        ],
        [
            0.6107890499194676,
            0.05364612218876495,
            190.079802955665
        ],
        [
            0.6019152683334131,
            0.05956054394411152,
            128.40594892900572
        ],
        [
            0.6213725490196046,
            0.09273401701942059,
            48.84191829484902
        ],
        [
            0.5992349234923311,
            0.03741213116134451,
            224.12264150943398
        ],
        [
            0.6090955788888159,
            0.06667705792660719,
            140.20278354291295
        ],
        [
            0.5746829774194909,
            0.07582638535160509,
            97.0369406867846
        ],
        [
            0.6162010382835778,
            0.07277307696957504,
            155.56110298725716
        ]
    ]
}