{
    "rgb_colors": [
        [
            47.16125290023183,
            34.25522041763341,
            23.477571539056427
        ],
        [
            184.62070244867803,
            162.2487014593124,
            139.54798417016792
        ],
        [
            208.54361839278351,
            187.28169316716804,
            164.29028792436455
        ],
        [
            90.8696102550827,
            72.25093875437007,
            52.71630195519891
        ],
        [
            129.84805653710626,
            109.64304861703424,
            88.08462288290517
        ],
        [
            0.18470529649351874,
            0.11456463933701855,
            0.07319433612180859
        ],
        [
            165.05637467475427,
            142.41380541809093,
            120.98602112137436
        ],
        [
            113.50338424158349,
            92.94550503297467,
            71.95357514751848
        ],
        [
            242.49166666666764,
            226.98035714285714,
            205.65178571428442
        ],
        [
            148.64412930601353,
            126.77890681703981,
            105.01965272737073
        ]
    ],
    "hex_colors": [
        "#2f2217",
        "#b8a28b",
        "#d0bba4",
        "#5a4834",
        "#816d58",
        "#000000",
        "#a58e78",
        "#715c47",
        "#f2e2cd",
        "#947e69"
    ],
    "hsl_color_values": [
        [
            0.07584440888656746,
            0.5021851605867532,
            47.16125290023183
        ],
        [
            0.0839410851181781,
            0.24413685833006563,
            184.62070244867803
        ],
        [
            0.08659011272688703,
            0.21220179648494253,
            208.54361839278351
        ],
        [
            0.08533395778608736,
            0.4198687349134936,
            90.8696102550827
        ],
        [
            0.08603389715124016,
            0.3216331054001297,
            129.84805653710626
        ],
        [
            0.0618329401243106,
            0.6037236748953924,
            0.18470529649351874
        ],
        [
            0.08103627710770202,
            0.26700182674083994,
            165.05637467475427
        ],
        [
            0.08420387619564572,
            0.36606669811385834,
            113.50338424158349
        ],
        [
            0.09649222019356603,
            0.151922255551255,
            242.49166666666764
        ],
        [
            0.08313090798328626,
            0.2934826742389074,
            148.64412930601353
        ]
    ]
}