{
    "rgb_colors": [
        [
            0.05730924712819885,
            0.06017771136167838,
            0.06341974304806897
        ],
        [
            139.9718875502008,
            150.84738955824332,
            159.74719390380895
        ],
        [
            22.347405799960544,
            69.74452554744582,
            70.73663444466393
        ],
        [
            88.4781795511222,
            115.67986284289454,
            127.32325436408756
        ],
        [
            65.69225566452485,
            85.2705444707461,
            92.91985120054237
        ],
        [
            156.5572027972028,
            167.4833566433584,
            177.0948251748223
        ],
        [
            10.643118785975927,
            32.67974882260606,
            52.7446363160644
        ],
        [
            197.54928517682467,
            209.40255831452544,
            217.85854025582796
        ],
        [
            36.94505494505494,
            103.18478889531477,
            121.27154424522799
        ],
        [
            125.14612922584517,
            136.7602520504186,
            145.32016403279673
        ]
    ],
    "hex_colors": [
        "#000000",
        "#8b969f",
        "#164546",
        "#58737f",
        "#41555c",
        "#9ca7b1",
        "#0a2034",
        "#c5d1d9",
        "#246779",
        "#7d8891"
    ],
    "hsl_color_values": [
        [
            0.5884279478268463,
            0.09635005798176556,
            0.06341974304806897
        ],
        [
            0.5750077241655626,
            0.1237912596168404,
            159.74719390380895
        ],
        [
            0.5034171134258778,
            0.6840759250789273,
            70.73663444466393
        ],
        [
            0.5499565327876383,
            0.30509018173448366,
            127.32325436408756
        ],
        [
            0.5468232478802465,
            0.29302237556595,
            92.91985120054237
        ],
        [
            0.5779988740885752,
            0.11596963580017328,
            177.0948251748223
        ],
        [
            0.5794305790328447,
            0.7982141971327924,
            52.7446363160644
        ],
        [
            0.5693935015375061,
            0.09322221224448876,
            217.85854025582796
        ],
        [
            0.5357474768605047,
            0.6953526470286642,
            121.27154424522799
        ],
        [
            0.5707172368202432,
            0.13882474563129832,
            145.32016403279673
        ]
    ]
}