{
    "rgb_colors": [
        [
            0.17596426125646758,
            0.17807014853158876,
            0.18513407140899574
        ],
        [
            157.01797030461023,
            158.04999234654548,
            159.05106382978434
        ],
        [
            142.11341202457095,
            142.6692897080169,
            142.22337267895608
        ],
        [
            164.5752497371194,
            165.57485541535164,
            165.64471608832773
        ],
        [
            31.322807017544072,
            31.67087719298224,
            32.64842105263131
        ],
        [
            61.34701986754959,
            80.66490066225161,
            131.20662251655662
        ],
        [
            110.70102090422921,
            112.80311132717574,
            116.63879436071977
        ],
        [
            12.85406162465057,
            37.574229691877605,
            108.44845938375437
        ],
        [
            150.72150034969292,
            151.2190893363233,
            150.80756064342427
        ],
        [
            73.77577854671279,
            74.86435986159171,
            77.89757785467128
        ]
    ],
    "hex_colors": [
        "#000000",
        "#9d9e9f",
        "#8e8e8e",
        "#a4a5a5",
        "#1f1f20",
        "#3d5083",
        "#6e7074",
        "#0c256c",
        "#969796",
        "#494a4d"
    ],
    "hsl_color_values": [
        [
            0.6283909328529814,
            0.04953064599476308,
            0.18513407140899574
        ],
        [
            0.5820647181945003,
            0.012782646504960924,
            159.05106382978434
        ],
        [
            0.3663024131806229,
            0.0038962672666527356,
            142.6692897080169
        ],
        [
            0.5108871545915026,
            0.006456386756327571,
            165.64471608832773
        ],
        [
            0.6229045350273896,
            0.04060269968187031,
            32.64842105263131
        ],
        [
            0.6205792759997979,
            0.5324396079183551,
            131.20662251655662
        ],
        [
            0.6076633371540768,
            0.05090736310362801,
            116.63879436071977
        ],
        [
            0.6235676137118387,
            0.8814730822577631,
            108.44845938375437
        ],
        [
            0.3621590965112733,
            0.0032905170161665136,
            151.2190893363233
        ],
        [
            0.6226494291470775,
            0.05291306124624676,
            77.89757785467128
        ]
    ]
}