{
    "rgb_colors": [
        [
            45.193944353518795,
            45.82978723404251,
            48.51963993453349
        ],
        [
            193.34088322331132,
            196.79694969269462,
            206.74743910767347
        ],
        [
            126.23483462698667,
            128.6213971424365,
            135.2912443763323
        ],
        [
            155.71964908457232,
            158.77081517001193,
            169.00942676547604
        ],
        [
            0.1503354147279765,
            0.15231836975097224,
            0.1611256433935182
        ],
        [
            172.81503560192368,
            175.94709388971984,
            186.28779599271758
        ],
        [
            109.8996026894847,
            112.04737163813994,
            117.70362163813999
        ],
        [
            219.74605751391493,
            223.4306586270876,
            233.20593692022334
        ],
        [
            90.79128971176112,
            92.93793393646129,
            98.23227435304018
        ],
        [
            140.52433884733404,
            143.66278579707546,
            152.93946897060698
        ]
    ],
    "hex_colors": [
        "#2d2d30",
        "#c1c4ce",
        "#7e8087",
        "#9b9ea9",
        "#000000",
        "#acafba",
        "#6d7075",
        "#dbdfe9",
        "#5a5c62",
        "#8c8f98"
    ],
    "hsl_color_values": [
        [
            0.634801509186352,
            0.06854328650216658,
            48.51963993453349
        ],
        [
            0.6237017856637516,
            0.06484508800798279,
            206.74743910767347
        ],
        [
            0.6227463461146532,
            0.06694010237760765,
            135.2912443763323
        ],
        [
            0.6284020927124078,
            0.07863335161384291,
            169.00942676547604
        ],
        [
            0.6360377973371371,
            0.06696779257655869,
            0.1611256433935182
        ],
        [
            0.6279211015789518,
            0.07232229206963496,
            186.28779599271758
        ],
        [
            0.6207978016885493,
            0.06630228399128994,
            117.70362163813999
        ],
        [
            0.6210421727918581,
            0.057716709891964924,
            233.20593692022334
        ],
        [
            0.6185851217236403,
            0.07574887877009404,
            98.23227435304018
        ],
        [
            0.6245346481996967,
            0.08117675709766571,
            152.93946897060698
        ]
    ]
}