{
    "rgb_colors": [
        [
            0.09248535976084327,
            0.09319791965273083,
            0.0966788156826297
        ],
        [
            190.30636088273474,
            191.0058416270013,
            190.30268282128807
        ],
        [
            127.25171102661596,
            127.41161424127203,
            124.90805392326521
        ],
        [
            216.67915936952716,
            217.58809106830122,
            216.65359019264446
        ],
        [
            55.03977900552486,
            55.28508287292818,
            55.07182320441989
        ],
        [
            152.74874074074074,
            153.45046913580245,
            153.06241975309084
        ],
        [
            168.65694888178916,
            169.38684771033013,
            169.71458998935358
        ],
        [
            114.82396144135873,
            114.7189197460026,
            111.18368908270284
        ],
        [
            99.80352644836272,
            99.66372795969772,
            95.73208152049313
        ],
        [
            139.3487401832461,
            139.8484129581152,
            138.4780759162336
        ]
    ],
    "hex_colors": [
        "#000000",
        "#bebfbe",
        "#7f7f7c",
        "#d8d9d8",
        "#373737",
        "#989999",
        "#a8a9a9",
        "#72726f",
        "#63635f",
        "#8b8b8a"
    ],
    "hsl_color_values": [
        [
            0.6383463542092822,
            0.04337512713801144,
            0.0966788156826297
        ],
        [
            0.33246153846120796,
            0.003681347123855863,
            191.0058416270013
        ],
        [
            0.17731172106552728,
            0.019649388581373526,
            127.41161424127203
        ],
        [
            0.3287731134432721,
            0.004294816279092339,
            217.58809106830122
        ],
        [
            0.35510510510510623,
            0.004437071532788365,
            55.28508287292818
        ],
        [
            0.40783485808221415,
            0.004572996088012497,
            153.45046913580245
        ],
        [
            0.5516467379907021,
            0.006231880875007675,
            169.71458998935358
        ],
        [
            0.16185742507670864,
            0.03170307236364598,
            114.82396144135873
        ],
        [
            0.16094394450693847,
            0.04079459987795236,
            99.80352644836272
        ],
        [
            0.2274391578613645,
            0.009798731447113598,
            139.8484129581152
        ]
    ]
}