{
    "rgb_colors": [
        [
            56.146855983772824,
            61.15821501014196,
            40.77849898580122
        ],
        [
            216.47954022988506,
            219.4524137931037,
            227.2344827586207
        ],
        [
            135.83271354196464,
            136.9217346530166,
            140.0919388981063
        ],
        [
            190.46351686035436,
            153.14955229567607,
            28.798628310154314
        ],
        [
            0.12681756152652213,
            0.13518422660834517,
            0.13207849042397868
        ],
        [
            183.97296203351414,
            186.64065409212625,
            193.93378126770824
        ],
        [
            152.48727701291048,
            154.39256441849062,
            159.08817699683934
        ],
        [
            125.48669010547465,
            27.24158714214007,
            27.24409844299347
        ],
        [
            109.98417997097242,
            108.93280116110449,
            110.10667634252539
        ],
        [
            167.89980072777684,
            170.0152486570687,
            175.31437359209843
        ]
    ],
    "hex_colors": [
        "#383d28",
        "#d8dbe3",
        "#87888c",
        "#be991c",
        "#000000",
        "#b7bac1",
        "#989a9f",
        "#7d1b1b",
        "#6d6c6e",
        "#a7aaaf"
    ],
    "hsl_color_values": [
        [
            0.207649892507365,
            0.33322941195980194,
            61.15821501014196
        ],
        [
            0.6205967852257145,
            0.04732971157445342,
            227.2344827586207
        ],
        [
            0.6240524579005253,
            0.030403072365495186,
            140.0919388981063
        ],
        [
            0.12819823885971013,
            0.8487971408652023,
            190.46351686035436
        ],
        [
            0.4381327336122281,
            0.06189083809358091,
            0.13518422660834517
        ],
        [
            0.6220302434319475,
            0.051361960608833204,
            193.93378126770824
        ],
        [
            0.6185599082393076,
            0.041492083877861,
            159.08817699683934
        ],
        [
            0.999995739735319,
            0.7829125374233487,
            125.48669010547465
        ],
        [
            0.8159413122320927,
            0.01066125343543335,
            110.10667634252539
        ],
        [
            0.6191150866453089,
            0.04229301176167668,
            175.31437359209843
        ]
    ]
}