{
    "rgb_colors": [
        [
            44.57181867831786,
            57.33752048061169,
            50.1796832332059
        ],
        [
            149.47886871283947,
            153.69010123734535,
            155.33753816487223
        ],
        [
            59.72355769230769,
            69.93930288461539,
            110.66826923076923
        ],
        [
            173.49455040871936,
            165.64244626097485,
            108.96170148349984
        ],
        [
            113.76264564292192,
            118.55347798786018,
            114.15802693085885
        ],
        [
            0.06428849396809255,
            0.08027846240325687,
            0.07243481644830752
        ],
        [
            84.70698088039128,
            118.33881725211205,
            76.17044612420335
        ],
        [
            128.55788851101582,
            131.993691162699,
            133.15639016215684
        ],
        [
            173.63076772040057,
            177.0317101904575,
            168.5848223051247
        ],
        [
            195.7064573459716,
            200.09271327014218,
            203.6812796208531
        ]
    ],
    "hex_colors": [
        "#2c3932",
        "#95999b",
        "#3b456e",
        "#ada56c",
        "#717672",
        "#000000",
        "#54764c",
        "#808385",
        "#adb1a8",
        "#c3c8cb"
    ],
    "hsl_color_values": [
        [
            0.4065485867488092,
            0.2226413297137686,
            57.33752048061169
        ],
        [
            0.5468660714693868,
            0.03771573517416299,
            155.33753816487223
        ],
        [
            0.6332456471476431,
            0.46033711281984446,
            110.66826923076923
        ],
        [
            0.14638731984686976,
            0.3719589391896904,
            173.49455040871936
        ],
        [
            0.3470881209314518,
            0.04041072793687952,
            118.55347798786018
        ],
        [
            0.4182440959076566,
            0.19918129914899327,
            0.08027846240325687
        ],
        [
            0.2995934530713624,
            0.3563359184000641,
            118.33881725211205
        ],
        [
            0.542140501684548,
            0.03453459233568138,
            133.15639016215684
        ],
        [
            0.23377111421044452,
            0.0477139822930327,
            177.0317101904575
        ],
        [
            0.5749978333271432,
            0.03915343761452413,
            203.6812796208531
        ]
    ]
}