{
    "rgb_colors": [
        [
            0.05190537137082174,
            0.052268692456955534,
            0.055431237354717666
        ],
        [
            147.59199672779602,
            148.95303019974097,
            149.17635830663542
        ],
        [
            130.14789272030794,
            130.95325670498084,
            130.83473818646374
        ],
        [
            169.70319042871182,
            171.62951146560317,
            172.52991026918963
        ],
        [
            139.93709588028918,
            140.5393497136523,
            140.47275078514775
        ],
        [
            162.52649560224233,
            164.2866904121538,
            164.64120084321007
        ],
        [
            41.986710963455124,
            42.383720930232556,
            44.205980066445164
        ],
        [
            155.9492566747601,
            157.61415351941747,
            157.9209648058279
        ],
        [
            88.98028673835125,
            89.81541218637993,
            93.08243727598568
        ],
        [
            177.52926400400628,
            178.87628736498368,
            180.90454659631916
        ]
    ],
    "hex_colors": [
        "#000000",
        "#939495",
        "#828282",
        "#a9abac",
        "#8b8c8c",
        "#a2a4a4",
        "#292a2c",
        "#9b9d9d",
        "#58595d",
        "#b1b2b4"
    ],
    "hsl_color_values": [
        [
            0.6494925838648231,
            0.0636079249202588,
            0.055431237354717666
        ],
        [
            0.5234929650189711,
            0.0106207283568534,
            149.17635830663542
        ],
        [
            0.47547309440769153,
            0.00615001111799212,
            130.95325670498084
        ],
        [
            0.5530885534234772,
            0.016383940825491765,
            172.52991026918963
        ],
        [
            0.48156952965256744,
            0.004285303970668876,
            140.5393497136523
        ],
        [
            0.5279400980798973,
            0.012844325904678005,
            164.64120084321007
        ],
        [
            0.636851297405188,
            0.05020291597775457,
            44.205980066445164
        ],
        [
            0.5259344745786724,
            0.012485410873040942,
            157.9209648058279
        ],
        [
            0.6327362749381099,
            0.04407008086253391,
            93.08243727598568
        ],
        [
            0.600152563815683,
            0.018657809633965062,
            180.90454659631916
        ]
    ]
}