{
    "rgb_colors": [
        [
            0.034317862169388036,
            0.03617184502984472,
            0.040787623064602485
        ],
        [
            177.81874112636004,
            179.69995267392386,
            184.25319451017558
        ],
        [
            123.54082620622488,
            125.11876714539675,
            128.46353074068438
        ],
        [
            67.73029251363447,
            73.64551313832375,
            83.86812097174005
        ],
        [
            153.88942755920226,
            157.68264031325745,
            165.8787991795644
        ],
        [
            34.27694317439579,
            38.90529065969944,
            46.932723709993546
        ],
        [
            236.62677484787037,
            237.96044624746432,
            240.6105476673425
        ],
        [
            137.42495383803544,
            139.93286731733278,
            145.29939329992357
        ],
        [
            106.59224881941371,
            109.36801823806864,
            113.75313466861718
        ],
        [
            211.15429403202498,
            212.4604560892754,
            215.52595827268166
        ]
    ],
    "hex_colors": [
        "#000000",
        "#b1b3b8",
        "#7b7d80",
        "#434953",
        "#999da5",
        "#22262e",
        "#ecedf0",
        "#898b91",
        "#6a6d71",
        "#d3d4d7"
    ],
    "hsl_color_values": [
        [
            0.618906455985928,
            0.15862068954023525,
            0.040787623064602485
        ],
        [
            0.6179390997351953,
            0.03492180095395951,
            184.25319451017558
        ],
        [
            0.6132427500599146,
            0.03831986016635676,
            128.46353074068438
        ],
        [
            0.6055760368663664,
            0.19241910121657954,
            83.86812097174005
        ],
        [
            0.6139364531330261,
            0.07227790217714078,
            165.8787991795644
        ],
        [
            0.6057149738508135,
            0.26965791744370715,
            46.932723709993546
        ],
        [
            0.6108706720977684,
            0.01655693342662569,
            240.6105476673425
        ],
        [
            0.6135853544150557,
            0.054194579089768796,
            145.29939329992357
        ],
        [
            0.6020617775251998,
            0.06295110785354956,
            113.75313466861718
        ],
        [
            0.6168701442842198,
            0.02028370167423495,
            215.52595827268166
        ]
    ]
}