{
    "rgb_colors": [
        [
            46.39170758319692,
            46.99290780141844,
            38.852154937261204
        ],
        [
            106.70804404235754,
            89.94922505084509,
            50.407041166982324
        ],
        [
            160.7837273991677,
            154.69958275382476,
            141.47334260546802
        ],
        [
            0.2916991158420146,
            0.34658023729900833,
            0.36870676622863385
        ],
        [
            130.4734741784032,
            128.7575117370892,
            114.64366197183148
        ],
        [
            202.46833712984127,
            192.40212604403948,
            178.2953682612005
        ],
        [
            81.52041573867879,
            78.44729027468449,
            65.92093541202621
        ],
        [
            94.25310148464601,
            74.28218425869433,
            29.219239373602218
        ],
        [
            181.65032704887625,
            177.0327048864948,
            165.01069642169077
        ],
        [
            115.79593679458182,
            107.09762979683973,
            81.32437923250524
        ]
    ],
    "hex_colors": [
        "#2e2e26",
        "#6a5932",
        "#a09a8d",
        "#000000",
        "#828072",
        "#cac0b2",
        "#514e41",
        "#5e4a1d",
        "#b5b1a5",
        "#736b51"
    ],
    "hsl_color_values": [
        [
            0.1789751150426667,
            0.1732336483317492,
            46.99290780141844
        ],
        [
            0.11705588966562208,
            0.5276172324274508,
            106.70804404235754
        ],
        [
            0.11415481263629028,
            0.12010161168710189,
            160.7837273991677
        ],
        [
            0.5478881618006751,
            0.20885879359986326,
            0.36870676622863385
        ],
        [
            0.14859988631027882,
            0.12132590402955613,
            130.4734741784032
        ],
        [
            0.09726262048804064,
            0.1193913537855494,
            202.46833712984127
        ],
        [
            0.13383303589133355,
            0.19135673174997236,
            81.52041573867879
        ],
        [
            0.11548584953109553,
            0.689991746548923,
            94.25310148464601
        ],
        [
            0.12041541800776438,
            0.09160253602355636,
            181.65032704887625
        ],
        [
            0.12461118860054345,
            0.2976922896977637,
            115.79593679458182
        ]
    ]
}