{
    "rgb_colors": [
        [
            0.05400849311180167,
            0.057830395066975626,
            0.06412302149611548
        ],
        [
            16.1921606118546,
            82.36934353091105,
            109.84130019120644
        ],
        [
            40.29593175852969,
            68.28783902012204,
            76.2237532808392
        ],
        [
            130.33015075376377,
            145.22351758794642,
            157.24211055277212
        ],
        [
            195.81152647974963,
            210.36993769470544,
            221.07554517134125
        ],
        [
            156.26119035907655,
            170.68125922282178,
            182.84235120511337
        ],
        [
            12.831515929014142,
            46.92345520632869,
            53.314517853325526
        ],
        [
            103.8298458149776,
            124.51908957415698,
            137.63839941263063
        ],
        [
            69.82201966898594,
            93.70544495082834,
            107.66706644279341
        ],
        [
            46.18305870236972,
            123.03913491245976,
            143.34140061791578
        ]
    ],
    "hex_colors": [
        "#000000",
        "#10526d",
        "#28444c",
        "#82919d",
        "#c3d2dd",
        "#9caab6",
        "#0c2e35",
        "#677c89",
        "#455d6b",
        "#2e7b8f"
    ],
    "hsl_color_values": [
        [
            0.6036895672911259,
            0.15773630356652085,
            0.06412302149611548
        ],
        [
            0.5488916338574891,
            0.8525858617508344,
            109.84130019120644
        ],
        [
            0.5368141546228983,
            0.471346791202171,
            76.2237532808392
        ],
        [
            0.5744315479969155,
            0.17114982560588568,
            157.24211055277212
        ],
        [
            0.5706248651314715,
            0.1142777627078161,
            221.07554517134125
        ],
        [
            0.5762513223352118,
            0.14537748322989982,
            182.84235120511337
        ],
        [
            0.5263117125015655,
            0.7593241682440954,
            53.314517853325526
        ],
        [
            0.5646745100594129,
            0.2456331499198655,
            137.63839941263063
        ],
        [
            0.5614859040665259,
            0.35150067726527706,
            107.66706644279341
        ],
        [
            0.5348267671534637,
            0.677810747604782,
            143.34140061791578
        ]
    ]
}