{
    "rgb_colors": [
        [
            0.1500716229101613,
            0.15777228721994163,
            0.17600007690820973
        ],
        [
            128.03035772891297,
            113.56924844108852,
            90.2100426649171
        ],
        [
            147.47421781314938,
            146.94478360405347,
            142.24054289763325
        ],
        [
            179.59872236698715,
            181.23837942338002,
            187.70984281751367
        ],
        [
            128.9914223331254,
            128.86353711790392,
            128.24656893325007
        ],
        [
            190.3359154929616,
            193.01746478872835,
            161.17183098591374
        ],
        [
            159.51408647141056,
            161.04758716875688,
            164.99481171548058
        ],
        [
            73.90676973530107,
            79.10400562192544,
            98.33614429608706
        ],
        [
            32.72673815288928,
            40.57644413697668,
            79.51400899342786
        ],
        [
            211.33576729710757,
            213.2034953315732,
            217.2159444577403
        ]
    ],
    "hex_colors": [
        "#000000",
        "#80715a",
        "#93928e",
        "#b3b5bb",
        "#808080",
        "#bec1a1",
        "#9fa1a4",
        "#494f62",
        "#20284f",
        "#d3d5d9"
    ],
    "hsl_color_values": [
        [
            0.6171672228615459,
            0.14732069697657602,
            0.17600007690820973
        ],
        [
            0.1029394111632211,
            0.29540115121817667,
            128.03035772891297
        ],
        [
            0.1498068050448226,
            0.035488745037096765,
            147.47421781314938
        ],
        [
            0.6329751221097442,
            0.043210949030584055,
            187.70984281751367
        ],
        [
            0.13805136795086384,
            0.0057744413264295335,
            128.9914223331254
        ],
        [
            0.1807007689676324,
            0.16498835396927405,
            193.01746478872835
        ],
        [
            0.6200335226618194,
            0.03321756112865571,
            164.99481171548058
        ],
        [
            0.6312091080235365,
            0.24842721601154003,
            98.33614429608706
        ],
        [
            0.6387042677667574,
            0.5884154431756262,
            79.51400899342786
        ],
        [
            0.6137281246396817,
            0.027070651628783807,
            217.2159444577403
        ]
    ]
}