{
    "rgb_colors": [
        [
            0.05558578819709581,
            0.05766419050491223,
            0.06157840559660599
        ],
        [
            168.764646970457,
            179.22934401602402,
            190.40861291937904
        ],
        [
            142.95517879761888,
            153.6847900224106,
            164.42833479489428
        ],
        [
            42.17654606107332,
            109.99692070823711,
            129.74364896073905
        ],
        [
            14.001565353508786,
            42.617531959300806,
            67.60396556222281
        ],
        [
            205.5742444152435,
            216.63337713534824,
            226.50197109067017
        ],
        [
            96.89268774703453,
            111.36363636363636,
            122.15592885375494
        ],
        [
            18.566676479246475,
            81.20959670297322,
            104.0376803061525
        ],
        [
            68.54652837798929,
            80.12935753385192,
            89.65917602996254
        ],
        [
            121.94623313143916,
            133.81723515035597,
            144.1664010200829
        ]
    ],
    "hex_colors": [
        "#000000",
        "#a8b3be",
        "#8e99a4",
        "#2a6d81",
        "#0e2a43",
        "#cdd8e2",
        "#606f7a",
        "#125168",
        "#445059",
        "#798590"
    ],
    "hsl_color_values": [
        [
            0.6088621446118491,
            0.09731686524602831,
            0.06157840559660599
        ],
        [
            0.5860845691722824,
            0.1136711497293787,
            190.40861291937904
        ],
        [
            0.5833874068460707,
            0.13059279608992408,
            164.42833479489428
        ],
        [
            0.5375839929201262,
            0.6749240028401228,
            129.74364896073905
        ],
        [
            0.5776906553488627,
            0.792888401781376,
            67.60396556222281
        ],
        [
            0.5785926577085702,
            0.09239534020235599,
            226.50197109067017
        ],
        [
            0.5711989173289914,
            0.2068114199922753,
            122.15592885375494
        ],
        [
            0.5445142847302348,
            0.8215389229689649,
            104.0376803061525
        ],
        [
            0.5752299336808502,
            0.23547670842879226,
            89.65917602996254
        ],
        [
            0.5776259201519968,
            0.15412861617838677,
            144.1664010200829
        ]
    ]
}