{
    "rgb_colors": [
        [
            56.83478802992505,
            57.10162094763093,
            56.25062344139651
        ],
        [
            167.69198725802337,
            169.76089193825044,
            177.44547904925264
        ],
        [
            224.06562153163304,
            226.94506104328525,
            235.72475027746947
        ],
        [
            128.31716755452982,
            130.22871645391496,
            134.73550105538246
        ],
        [
            183.6282002048126,
            185.9917434715822,
            193.32962109575013
        ],
        [
            0.4431840297890943,
            0.4462562904885061,
            0.46720604999026705
        ],
        [
            154.43899227528166,
            156.6015625,
            163.29766502808988
        ],
        [
            111.75525554484096,
            113.56162005785922,
            116.23664416586307
        ],
        [
            141.4200904265798,
            143.60030469825045,
            149.12133870650678
        ],
        [
            202.32036495093894,
            204.6167154415562,
            211.85333103804442
        ]
    ],
    "hex_colors": [
        "#383938",
        "#a7a9b1",
        "#e0e2eb",
        "#808286",
        "#b7b9c1",
        "#000000",
        "#9a9ca3",
        "#6f7174",
        "#8d8f95",
        "#caccd3"
    ],
    "hsl_color_values": [
        [
            0.2189255189255465,
            0.014903211014182615,
            57.10162094763093
        ],
        [
            0.6313134358355725,
            0.05496613294116126,
            177.44547904925264
        ],
        [
            0.6255052217819665,
            0.049460774620028534,
            235.72475027746947
        ],
        [
            0.6170289401152912,
            0.04763654308313598,
            134.73550105538246
        ],
        [
            0.626061905547302,
            0.05018072676060704,
            193.32962109575013
        ],
        [
            0.6453510801500518,
            0.051416329479622866,
            0.46720604999026705
        ],
        [
            0.6259801687178478,
            0.0542486186271211,
            163.29766502808988
        ],
        [
            0.5994864291042651,
            0.03855400896319253,
            116.23664416586307
        ],
        [
            0.6194835306255199,
            0.05164417344109408,
            149.12133870650678
        ],
        [
            0.6265191324918384,
            0.04499795231160919,
            211.85333103804442
        ]
    ]
}