{
    "rgb_colors": [
        [
            38.62014051522248,
            57.14707259953161,
            53.495081967213174
        ],
        [
            127.20615215873966,
            129.24588692790905,
            134.6039984046262
        ],
        [
            97.9140832595217,
            99.91372896368469,
            101.99929140832798
        ],
        [
            139.59593149613144,
            142.72111623054855,
            150.05224723984907
        ],
        [
            0.09899852241011331,
            0.10203188154263643,
            0.10537795810000716
        ],
        [
            31.800802139037433,
            89.92914438502675,
            128.92112299465336
        ],
        [
            115.0205131272053,
            117.43023742599127,
            121.15543328747887
        ],
        [
            194.80020030045065,
            199.99349023535302,
            205.3345017526283
        ],
        [
            158.41660424469413,
            162.55543071161048,
            172.2910112359545
        ],
        [
            81.0409574468085,
            21.228191489361702,
            29.06329787234005
        ]
    ],
    "hex_colors": [
        "#263935",
        "#7f8186",
        "#616365",
        "#8b8e96",
        "#000000",
        "#1f5980",
        "#737579",
        "#c2c7cd",
        "#9ea2ac",
        "#51151d"
    ],
    "hsl_color_values": [
        [
            0.46714701049172097,
            0.3241973952741191,
            57.14707259953161
        ],
        [
            0.6207133197651148,
            0.05496007795881556,
            134.6039984046262
        ],
        [
            0.5850859315150075,
            0.04005133851814903,
            101.99929140832798
        ],
        [
            0.6168533160402,
            0.06968449947306596,
            150.05224723984907
        ],
        [
            0.5874183005107988,
            0.060538615521849054,
            0.10537795810000716
        ],
        [
            0.5669135258651553,
            0.753331328487138,
            128.92112299465336
        ],
        [
            0.6012019652570206,
            0.05063677289417606,
            121.15543328747887
        ],
        [
            0.5845019093343424,
            0.05130312423027962,
            205.3345017526283
        ],
        [
            0.6169489085248419,
            0.08052890798962932,
            172.2910112359545
        ],
        [
            0.9781676863972691,
            0.7380560131795716,
            81.0409574468085
        ]
    ]
}