{
    "rgb_colors": [
        [
            0.046117405309964,
            0.04688793129407287,
            0.0499343626038069
        ],
        [
            167.48081639804377,
            171.18622985283181,
            182.06508409250173
        ],
        [
            200.19637429439885,
            203.9471341728172,
            214.9108771168042
        ],
        [
            140.22896408660705,
            142.90794762090007,
            151.7497731103332
        ],
        [
            154.74799054373418,
            158.33617021276729,
            168.8627659574468
        ],
        [
            37.409024745269264,
            38.11499272197964,
            40.63464337700145
        ],
        [
            216.5358010410725,
            220.36529786002754,
            231.13105841526894
        ],
        [
            81.87842465753425,
            83.50513698630137,
            89.15068493150685
        ],
        [
            122.77450600542397,
            124.72762495156945,
            130.88027896164277
        ],
        [
            184.0015393226941,
            187.67310383431706,
            198.39168765743074
        ]
    ],
    "hex_colors": [
        "#000000",
        "#a7abb6",
        "#c8cbd6",
        "#8c8e97",
        "#9a9ea8",
        "#252628",
        "#d8dce7",
        "#515359",
        "#7a7c82",
        "#b8bbc6"
    ],
    "hsl_color_values": [
        [
            0.633021805730278,
            0.07643949166083691,
            0.0499343626038069
        ],
        [
            0.6243217973822105,
            0.08010469314944617,
            182.06508409250173
        ],
        [
            0.6241829583179759,
            0.06846792968234919,
            214.9108771168042
        ],
        [
            0.6279109460574647,
            0.07591977758905559,
            151.7497731103332
        ],
        [
            0.6242975940239762,
            0.0835872569875442,
            168.8627659574468
        ],
        [
            0.6301895306859188,
            0.07938100014328751,
            40.63464337700145
        ],
        [
            0.6229367444417782,
            0.06314710569089083,
            231.13105841526894
        ],
        [
            0.6293854485519192,
            0.08157267977873374,
            89.15068493150685
        ],
        [
            0.6265076557844486,
            0.06193272982398187,
            130.88027896164277
        ],
        [
            0.6241426144908678,
            0.07253402854047275,
            198.39168765743074
        ]
    ]
}