{
    "rgb_colors": [
        [
            0.08680167784278581,
            0.08834055872286228,
            0.09390691091687131
        ],
        [
            226.3266888150569,
            228.70827400728177,
            237.58709065020776
        ],
        [
            125.17301437414639,
            126.01794145420325,
            127.61682929388203
        ],
        [
            181.97757205573657,
            181.75329261309338,
            186.79900744417
        ],
        [
            138.58386338892086,
            140.1933413557926,
            142.6463239928982
        ],
        [
            46.119866814650386,
            46.03218645948945,
            48.652608213096556
        ],
        [
            165.1725430316513,
            166.3477234869494,
            171.38374514159085
        ],
        [
            201.53358833373045,
            203.59550561797892,
            210.3911068611028
        ],
        [
            103.93540433925057,
            97.54881656804722,
            101.371794871795
        ],
        [
            151.39771435069838,
            153.09017511939484,
            157.0266659085785
        ]
    ],
    "hex_colors": [
        "#000000",
        "#e2e4ed",
        "#7d7e7f",
        "#b5b5ba",
        "#8a8c8e",
        "#2e2e30",
        "#a5a6ab",
        "#c9cbd2",
        "#676165",
        "#97999d"
    ],
    "hsl_color_values": [
        [
            0.6305693080008604,
            0.0756625151941717,
            0.09390691091687131
        ],
        [
            0.6314165156346015,
            0.04739483868561357,
            237.58709065020776
        ],
        [
            0.6090431621728362,
            0.019149628879337785,
            127.61682929388203
        ],
        [
            0.6740749147263818,
            0.02701146489006197,
            186.79900744417
        ],
        [
            0.6006361610294353,
            0.028479251972729394,
            142.6463239928982
        ],
        [
            0.6722433996893972,
            0.053859841226389295,
            48.652608213096556
        ],
        [
            0.6351327694033785,
            0.03624148897439544,
            171.38374514159085
        ],
        [
            0.6278687934648112,
            0.04210025157203986,
            210.3911068611028
        ],
        [
            0.9002341980646454,
            0.06144766368885426,
            103.93540433925057
        ],
        [
            0.6165548844133878,
            0.035847106128823525,
            157.0266659085785
        ]
    ]
}