{
    "rgb_colors": [
        [
            0.07060069681531189,
            0.08446697129706848,
            0.06696780293890114
        ],
        [
            124.75837173579109,
            165.48049155145833,
            100.89308755760516
        ],
        [
            198.66158818097875,
            213.54247460757145,
            153.49538319482787
        ],
        [
            48.955382843983884,
            92.40875071963114,
            47.49237190558499
        ],
        [
            46.83379099923722,
            124.16720061021672,
            78.82555301296861
        ],
        [
            9.285335689045937,
            64.8527852837245,
            29.405736853045113
        ],
        [
            110.94012554321583,
            138.64992757122025,
            64.4840656687594
        ],
        [
            94.72011521843494,
            187.70955352856393,
            172.4488718194905
        ],
        [
            6.817099258414148,
            84.84070165430788,
            50.08977467199021
        ],
        [
            67.91560048066728,
            143.99773803633408,
            99.49091680214453
        ]
    ],
    "hex_colors": [
        "#000000",
        "#7ca564",
        "#c6d599",
        "#305c2f",
        "#2e7c4e",
        "#09401d",
        "#6e8a40",
        "#5ebbac",
        "#065432",
        "#438f63"
    ],
    "hsl_color_values": [
        [
            0.29873269972936384,
            0.20717172747467347,
            0.08446697129706848
        ],
        [
            0.27174938480662786,
            0.39030222468108194,
            165.48049155145833
        ],
        [
            0.20797004505543396,
            0.281195071486797,
            213.54247460757145
        ],
        [
            0.32790468652702476,
            0.4860619634424319,
            92.40875071963114
        ],
        [
            0.4022810282874801,
            0.6228167280161453,
            124.16720061021672
        ],
        [
            0.39368161669815055,
            0.8568244116513498,
            64.8527852837245
        ],
        [
            0.22893656038238305,
            0.5349145376535743,
            138.64992757122025
        ],
        [
            0.47264800177596955,
            0.4953900137851998,
            187.70955352856393
        ],
        [
            0.4257683446307469,
            0.9196482451761053,
            84.84070165430788
        ],
        [
            0.40250269278246514,
            0.528356476936252,
            143.99773803633408
        ]
    ]
}