{
    "rgb_colors": [
        [
            0.06355814202577648,
            0.06612874431960591,
            0.0745831696954582
        ],
        [
            155.36384862340697,
            159.73956610565037,
            169.3427376203911
        ],
        [
            139.34999526649625,
            143.1674713622994,
            150.89946038057371
        ],
        [
            175.07788473559197,
            178.66058257282197,
            188.24953119139894
        ],
        [
            206.31823065902577,
            209.11944842406862,
            214.6866045845272
        ],
        [
            69.36287089013632,
            76.38211708099442,
            89.45308740978348
        ],
        [
            125.30155737704918,
            127.62991803278379,
            132.77040983606557
        ],
        [
            34.25196850393701,
            41.64251968503938,
            56.78635170603675
        ],
        [
            101.56027164685909,
            108.55036785512047,
            117.43067345783815
        ],
        [
            234.6852867830424,
            237.11620947631033,
            240.65286783042393
        ]
    ],
    "hex_colors": [
        "#000000",
        "#9b9fa9",
        "#8b8f96",
        "#afb2bc",
        "#ced1d6",
        "#454c59",
        "#7d7f84",
        "#222938",
        "#656c75",
        "#eaedf0"
    ],
    "hsl_color_values": [
        [
            0.6278065632297918,
            0.14782192436577415,
            0.0745831696954582
        ],
        [
            0.6144961224125485,
            0.0825479096028319,
            169.3427376203911
        ],
        [
            0.6115778803304335,
            0.0765374845274417,
            150.89946038057371
        ],
        [
            0.6213332067830885,
            0.06996907972331134,
            188.24953119139894
        ],
        [
            0.6108769001405291,
            0.038979487992258983,
            214.6866045845272
        ],
        [
            0.6084356185344107,
            0.2245894144224908,
            89.45308740978348
        ],
        [
            0.6147095405326999,
            0.05625389322996246,
            132.77040983606557
        ],
        [
            0.6120053733383028,
            0.39682745105289435,
            56.78635170603675
        ],
        [
            0.5932585672003836,
            0.1351469879518072,
            117.43067345783815
        ],
        [
            0.5987742025351409,
            0.02479746491775282,
            240.65286783042393
        ]
    ]
}