{
    "rgb_colors": [
        [
            0.041694246560975756,
            0.04457129375138891,
            0.04225130581778913
        ],
        [
            94.76804461942257,
            115.58234908136104,
            57.442913385825676
        ],
        [
            64.47573044297832,
            62.34872761545725,
            46.877474081055865
        ],
        [
            178.24957264957266,
            183.06282051282204,
            182.63846153846018
        ],
        [
            130.63754646840147,
            44.88785625774504,
            21.128252788103964
        ],
        [
            27.835923217550274,
            27.682815356489932,
            25.393967093235815
        ],
        [
            152.05137976346913,
            156.14770039422055,
            154.79973718790833
        ],
        [
            89.16766678432757,
            89.16519590540047,
            81.66113660430686
        ],
        [
            116.71390930522813,
            120.33032866454029,
            111.1981694633216
        ],
        [
            132.68290380439913,
            135.7386009629071,
            132.17587085810675
        ]
    ],
    "hex_colors": [
        "#000000",
        "#5e7339",
        "#403e2e",
        "#b2b7b6",
        "#822c15",
        "#1b1b19",
        "#989c9a",
        "#595951",
        "#74786f",
        "#848784"
    ],
    "hsl_color_values": [
        [
            0.36560364498420456,
            0.06454933093171651,
            0.04457129375138891
        ],
        [
            0.22633444125297567,
            0.503013099816908,
            115.58234908136104
        ],
        [
            0.14652259875658963,
            0.2729438851024134,
            64.47573044297832
        ],
        [
            0.48530586877376586,
            0.026292875034733,
            183.06282051282204
        ],
        [
            0.03616071091799309,
            0.8382681445015162,
            130.63754646840147
        ],
        [
            0.15621685694678317,
            0.08772678762006461,
            27.835923217550274
        ],
        [
            0.4451555298921613,
            0.02623362765131722,
            156.14770039422055
        ],
        [
            0.166611806012724,
            0.0841844409608358,
            89.16766678432757
        ],
        [
            0.2326682054708659,
            0.07589241467691435,
            120.33032866454029
        ],
        [
            0.3096140257902585,
            0.026246992966826945,
            135.7386009629071
        ]
    ]
}