{
    "rgb_colors": [
        [
            0.16492881424688832,
            0.22102924842651106,
            0.12068930699861724
        ],
        [
            109.31948764867369,
            154.7699908508692,
            99.5321134492248
        ],
        [
            165.27272727272597,
            187.40846824408467,
            37.82565379825659
        ],
        [
            63.84299814928944,
            114.55644663787785,
            29.37384330660082
        ],
        [
            21.68320848938815,
            113.18367665418228,
            70.5001560549337
        ],
        [
            63.864053114130826,
            163.7638318052482,
            131.36674043629637
        ],
        [
            127.0522803114593,
            191.9060066740823,
            166.51724137930694
        ],
        [
            8.079865661861584,
            83.37876802096986,
            26.42070773263393
        ],
        [
            68.93767673340184,
            131.31568827055764,
            84.66779776043263
        ],
        [
            175.15045065865098,
            225.67853015946383,
            213.9429165703728
        ]
    ],
    "hex_colors": [
        "#000000",
        "#6d9a63",
        "#a5bb25",
        "#3f721d",
        "#157146",
        "#3fa383",
        "#7fbfa6",
        "#08531a",
        "#448354",
        "#afe1d5"
    ],
    "hsl_color_values": [
        [
            0.2598506194397465,
            0.45396680367962866,
            0.22102924842651106
        ],
        [
            0.30380234644582993,
            0.3569030216902295,
            154.7699908508692
        ],
        [
            0.19133053046386247,
            0.7981646499079664,
            187.40846824408467
        ],
        [
            0.2658916384827285,
            0.7435862915733246,
            114.55644663787785
        ],
        [
            0.422252637144299,
            0.8084245968114437,
            113.18367665418228
        ],
        [
            0.445950678781246,
            0.6100234562776996,
            163.7638318052482
        ],
        [
            0.434753774073015,
            0.33794526542759734,
            191.9060066740823
        ],
        [
            0.3739289717294571,
            0.9030944465402811,
            83.37876802096986
        ],
        [
            0.37536235563194964,
            0.47502329964287754,
            131.31568827055764
        ],
        [
            0.46129012585664625,
            0.22389404727649478,
            225.67853015946383
        ]
    ]
}