{
    "rgb_colors": [
        [
            0.36272940385331864,
            0.36131445941327733,
            0.3690606807351102
        ],
        [
            117.1953518965142,
            11.228020171015128,
            39.12584959438628
        ],
        [
            130.39252948885968,
            121.82961992136305,
            52.44495412844025
        ],
        [
            154.61166538756797,
            76.83499616270146,
            46.121258633921734
        ],
        [
            44.17176128093193,
            60.54730713245997,
            18.152838427947653
        ],
        [
            173.89994125710115,
            133.43861366751517,
            15.516350107695121
        ],
        [
            163.5230426813368,
            132.45666404818016,
            40.59046870908483
        ],
        [
            86.17307692307652,
            82.40185676392572,
            36.643236074270504
        ],
        [
            178.6709946672894,
            145.72594481799212,
            56.257129608161556
        ],
        [
            121.1886792452823,
            46.77897574123989,
            11.795148247978373
        ]
    ],
    "hex_colors": [
        "#000000",
        "#750b27",
        "#827934",
        "#9a4c2e",
        "#2c3c12",
        "#ad850f",
        "#a38428",
        "#565224",
        "#b29138",
        "#792e0b"
    ],
    "hsl_color_values": [
        [
            0.6971104228598369,
            0.020989018137623463,
            0.3690606807351102
        ],
        [
            0.9561219655009047,
            0.9041939804837167,
            117.1953518965142
        ],
        [
            0.1483575455941534,
            0.5977917267651366,
            130.39252948885968
        ],
        [
            0.04718349214433724,
            0.7016961267553213,
            154.61166538756797
        ],
        [
            0.23104434907009885,
            0.700187518030579,
            60.54730713245997
        ],
        [
            0.12408931032990438,
            0.9107742648126885,
            173.89994125710115
        ],
        [
            0.1245482142102699,
            0.7517752358107418,
            163.5230426813368
        ],
        [
            0.15397660583827716,
            0.5747716411823086,
            86.17307692307652
        ],
        [
            0.12181193032697686,
            0.6851356331623928,
            178.6709946672894
        ],
        [
            0.053299659151575286,
            0.9026712039322968,
            121.1886792452823
        ]
    ]
}