{
    "rgb_colors": [
        [
            69.54353715170299,
            52.53579721362244,
            45.01934984520122
        ],
        [
            93.73768394113814,
            120.41394753678762,
            137.69929622520644
        ],
        [
            0.17884711703660372,
            0.17408149437765985,
            0.17232845233206007
        ],
        [
            170.81566068515147,
            199.6157331883235,
            217.71578756569852
        ],
        [
            136.53338950916552,
            165.780914261639,
            185.11228144091203
        ],
        [
            124.54757785467152,
            5.2422145328721825,
            8.538927335640253
        ],
        [
            139.74183291770896,
            125.14189526184435,
            110.1971321695761
        ],
        [
            212.0913115661435,
            226.84158826784292,
            229.25830105146503
        ],
        [
            112.41336523974127,
            95.2961978197265,
            80.72002127093774
        ],
        [
            171.75376196989976,
            152.6558747530042,
            131.09287125702897
        ]
    ],
    "hex_colors": [
        "#45342d",
        "#5d7889",
        "#000000",
        "#aac7d9",
        "#88a5b9",
        "#7c0508",
        "#8b7d6e",
        "#d4e2e5",
        "#705f50",
        "#ab9883"
    ],
    "hsl_color_values": [
        [
            0.05108186511599838,
            0.3526450955896082,
            69.54353715170299
        ],
        [
            0.5655319788877224,
            0.31925807530758415,
            137.69929622520644
        ],
        [
            0.04482109258710287,
            0.036448251515340396,
            0.17884711703660372
        ],
        [
            0.5643212701160888,
            0.21541904427300357,
            217.71578756569852
        ],
        [
            0.5663229316635219,
            0.2624293296674263,
            185.11228144091203
        ],
        [
            0.9953945730644761,
            0.9579099439493792,
            124.54757785467152
        ],
        [
            0.08430594271186813,
            0.21142345231389031,
            139.74183291770896
        ],
        [
            0.5234627896918918,
            0.07488055789730289,
            229.25830105146503
        ],
        [
            0.07665214375998748,
            0.2819357280267511,
            112.41336523974127
        ],
        [
            0.08838551868855844,
            0.23673944748876416,
            171.75376196989976
        ]
    ]
}