{
    "rgb_colors": [
        [
            0.1342217921665778,
            0.1250733051902202,
            0.10951794510110346
        ],
        [
            116.96041583366596,
            112.27718912434995,
            102.28618552578902
        ],
        [
            203.5111542192046,
            67.47381183317152,
            67.33947623666361
        ],
        [
            209.29486366518836,
            201.767491016699,
            184.37920101458718
        ],
        [
            86.90096655415827,
            82.72813746548078,
            76.80607548327697
        ],
        [
            27.338107756185472,
            26.244797680761852,
            25.779180895756156
        ],
        [
            64.87483709534388,
            62.484126570400306,
            58.99499556899423
        ],
        [
            151.950300930152,
            144.38136056903494,
            130.9850446835664
        ],
        [
            46.00573269886457,
            44.694293529169265,
            42.48907789726085
        ],
        [
            242.55945419103207,
            135.58187134502973,
            120.51559454191016
        ]
    ],
    "hex_colors": [
        "#000000",
        "#747066",
        "#cb4343",
        "#d1c9b8",
        "#56524c",
        "#1b1a19",
        "#403e3a",
        "#979082",
        "#2e2c2a",
        "#f28778"
    ],
    "hsl_color_values": [
        [
            0.10494559847223568,
            0.1840524304340632,
            0.1342217921665778
        ],
        [
            0.11347561210982084,
            0.12546321935744265,
            116.96041583366596
        ],
        [
            0.00016441940362610374,
            0.6691116194833657,
            203.5111542192046
        ],
        [
            0.11631431900188212,
            0.11904574347538255,
            209.29486366518836
        ],
        [
            0.09777325217647292,
            0.1161654636440664,
            86.90096655415827
        ],
        [
            0.04977962691564517,
            0.05702394892626014,
            27.338107756185472
        ],
        [
            0.09890093652382888,
            0.09063362298248687,
            64.87483709534388
        ],
        [
            0.1064961614580016,
            0.13797443057531578,
            151.950300930152
        ],
        [
            0.10451294181157418,
            0.0764394912395453,
            46.00573269886457
        ],
        [
            0.020574948555974543,
            0.5031502897141419,
            242.55945419103207
        ]
    ]
}