{
    "rgb_colors": [
        [
            1.0333310060741496,
            0.9300425888431221,
            0.9224184877452473
        ],
        [
            108.96903740036787,
            100.08568362967505,
            93.33660331085244
        ],
        [
            166.95233415233417,
            28.007043407043405,
            41.25012285012353
        ],
        [
            68.38759816753927,
            63.19600785340314,
            60.95811518324563
        ],
        [
            182.7421691109904,
            173.27285895346733,
            159.73589232905306
        ],
        [
            137.4613156805958,
            124.69907598951869,
            115.46986622534884
        ],
        [
            203.43012478302165,
            197.31899911571088,
            180.97412635509426
        ],
        [
            34.06738291436321,
            30.17033482841348,
            29.406122874723295
        ],
        [
            220.85308865891392,
            214.7508801877734,
            197.2717913154974
        ],
        [
            162.28685885971817,
            152.52199728163674,
            140.91830603047146
        ]
    ],
    "hex_colors": [
        "#010000",
        "#6c645d",
        "#a61c29",
        "#443f3c",
        "#b6ad9f",
        "#897c73",
        "#cbc5b4",
        "#221e1d",
        "#dcd6c5",
        "#a2988c"
    ],
    "hsl_color_values": [
        [
            0.011456628480334,
            0.10733493689527741,
            1.0333310060741496
        ],
        [
            0.07195595473888454,
            0.1434575771471636,
            108.96903740036787
        ],
        [
            0.9841147555606894,
            0.8322452719859034,
            166.95233415233417
        ],
        [
            0.05020297004265626,
            0.10863786978002249,
            68.38759816753927
        ],
        [
            0.09806719815873903,
            0.12589473406088464,
            182.7421691109904
        ],
        [
            0.06994544086290964,
            0.15998282386839754,
            137.4613156805958
        ],
        [
            0.12131036920250617,
            0.11038678982220033,
            203.43012478302165
        ],
        [
            0.027324941725028418,
            0.13682471739485075,
            34.06738291436321
        ],
        [
            0.12353779507071834,
            0.10677368148486946,
            220.85308865891392
        ],
        [
            0.09050442289259404,
            0.1316714919457393,
            162.28685885971817
        ]
    ]
}