{
    "rgb_colors": [
        [
            0.010151534337006662,
            0.010003798911682349,
            0.0100354565034384
        ],
        [
            144.18483412322325,
            140.34360189573422,
            141.83175355450194
        ],
        [
            89.94221508828217,
            87.12520064205485,
            90.5971107544145
        ],
        [
            37.99256505576189,
            35.49628252788125,
            42.18959107806692
        ],
        [
            118.18849840255746,
            116.25479233226689,
            118.43530351437542
        ],
        [
            73.47937131630691,
            70.57367387033355,
            75.40275049115878
        ],
        [
            128.75633640552957,
            126.4596774193551,
            127.61520737327227
        ],
        [
            22.775401069518754,
            20.973262032085557,
            26.216577540106872
        ],
        [
            105.31782945736393,
            102.90956072351474,
            106.21447028423808
        ],
        [
            56.89767441860474,
            54.030232558139524,
            60.41860465116263
        ]
    ],
    "hex_colors": [
        "#000000",
        "#908c8d",
        "#59575a",
        "#25232a",
        "#767476",
        "#49464b",
        "#807e7f",
        "#16141a",
        "#69666a",
        "#38363c"
    ],
    "hsl_color_values": [
        [
            0.9642857135917632,
            0.014553014393671999,
            0.010151534337006662
        ],
        [
            0.935430804030451,
            0.02664102816948304,
            144.18483412322325
        ],
        [
            0.8018955154877152,
            0.03832252577867641,
            90.5971107544145
        ],
        [
            0.7288253262982424,
            0.15864833906070533,
            42.18959107806692
        ],
        [
            0.8144688644691024,
            0.01841098994476648,
            118.43530351437542
        ],
        [
            0.7669514510442373,
            0.06404377279833391,
            75.40275049115878
        ],
        [
            0.9161441351057281,
            0.01783725019125219,
            128.75633640552957
        ],
        [
            0.7239503654598015,
            0.19999999999999774,
            26.216577540106872
        ],
        [
            0.7881157154026174,
            0.031115436078334145,
            106.21447028423808
        ],
        [
            0.7414755490838534,
            0.1057351809083889,
            60.41860465116263
        ]
    ]
}