{
    "rgb_colors": [
        [
            21.784131699472425,
            21.951850476544124,
            21.977224904067455
        ],
        [
            125.01777243691058,
            125.3909303649358,
            125.34191385744234
        ],
        [
            166.3768691833107,
            166.86829446826312,
            167.50177768482715
        ],
        [
            52.15500214684229,
            52.45298411335337,
            52.40843709746867
        ],
        [
            106.22631749110866,
            106.58530014010131,
            106.3684664295724
        ],
        [
            144.82192112266767,
            145.10341156544882,
            144.22511492862503
        ],
        [
            79.47017024426282,
            79.80162842339008,
            80.52331606217682
        ],
        [
            187.4792485549106,
            188.238612716763,
            190.79439306358788
        ],
        [
            212.17503358375308,
            212.90611473207622,
            220.08557639683994
        ],
        [
            0.60832454611662,
            0.6108609535751981,
            0.6031947334300867
        ]
    ],
    "hex_colors": [
        "#151515",
        "#7d7d7d",
        "#a6a6a7",
        "#343434",
        "#6a6a6a",
        "#909190",
        "#4f4f50",
        "#bbbcbe",
        "#d4d4dc",
        "#000000"
    ],
    "hsl_color_values": [
        [
            0.5219017093986199,
            0.008786059451905281,
            21.977224904067455
        ],
        [
            0.478107344633383,
            0.0029759562907715016,
            125.3909303649358
        ],
        [
            0.5938569989929636,
            0.006715800375761276,
            167.50177768482715
        ],
        [
            0.4750840537956736,
            0.005680934489201241,
            52.45298411335337
        ],
        [
            0.399329530671664,
            0.0033680315064158494,
            106.58530014010131
        ],
        [
            0.22008264462887128,
            0.006052901357371846,
            145.10341156544882
        ],
        [
            0.6142114141129736,
            0.013078768602882724,
            80.52331606217682
        ],
        [
            0.6284901427441666,
            0.017375481823369905,
            190.79439306358788
        ],
        [
            0.6512635696943225,
            0.03594303153616588,
            220.08557639683994
        ],
        [
            0.22180917085098084,
            0.012549861143101691,
            0.6108609535751981
        ]
    ]
}