{
    "rgb_colors": [
        [
            20.031774852473898,
            22.537675896505043,
            46.009986382206264
        ],
        [
            97.45940770125164,
            100.7866766978962,
            103.00984884755199
        ],
        [
            169.83783783783784,
            171.77738264580265,
            170.91394025604654
        ],
        [
            0.07084866029645553,
            0.06850517669703393,
            0.07190794391028277
        ],
        [
            117.54354050867443,
            119.57689068552907,
            120.09146033350395
        ],
        [
            70.84803470487708,
            75.04035756540262,
            79.47351123964667
        ],
        [
            141.06461758398856,
            141.1408148677637,
            137.08949249463956
        ],
        [
            46.33047890897558,
            51.668252457976585,
            63.41484300665962
        ],
        [
            217.59727891156462,
            224.17278911564557,
            225.67210884353813
        ],
        [
            85.72490839859185,
            89.32301171060702,
            91.80336231051483
        ]
    ],
    "hex_colors": [
        "#14162e",
        "#616467",
        "#a9abaa",
        "#000000",
        "#757778",
        "#464b4f",
        "#8d8d89",
        "#2e333f",
        "#d9e0e1",
        "#55595b"
    ],
    "hsl_color_values": [
        [
            0.650589725668354,
            0.5646211523283364,
            46.009986382206264
        ],
        [
            0.5667566202113997,
            0.05388262586924729,
            103.00984884755199
        ],
        [
            0.4258036914803973,
            0.01129103714406956,
            171.77738264580265
        ],
        [
            0.7814498932073647,
            0.04732115852866492,
            0.07190794391028277
        ],
        [
            0.5336594610081783,
            0.021216494642947434,
            120.09146033350395
        ],
        [
            0.5856600725454387,
            0.10853272241564971,
            79.47351123964667
        ],
        [
            0.16980133385091847,
            0.02870411636010375,
            141.1408148677637
        ],
        [
            0.6145939690967231,
            0.26940639269405586,
            63.41484300665962
        ],
        [
            0.5309463633810988,
            0.03578124905799463,
            225.67210884353813
        ],
        [
            0.5680093610384094,
            0.06621166980097387,
            91.80336231051483
        ]
    ]
}