{
    "rgb_colors": [
        [
            0.05567704580125721,
            0.0591871474366954,
            0.04648865585475548
        ],
        [
            184.27910728690472,
            179.3788652863673,
            165.0863135251415
        ],
        [
            216.5436187399036,
            211.18659127625205,
            197.2100161550889
        ],
        [
            30.51051170170563,
            38.78064260214201,
            30.7374057913528
        ],
        [
            192.7417004048571,
            144.93765182186235,
            85.67368421052637
        ],
        [
            131.38967587034892,
            130.70576230492196,
            124.60480192076942
        ],
        [
            171.79139931740187,
            92.80150170648464,
            37.51440273037622
        ],
        [
            85.74601226993913,
            84.63742331288344,
            76.67116564417213
        ],
        [
            112.37499999999974,
            58.87146226415094,
            20.124410377358497
        ],
        [
            153.21635220125498,
            152.1498113207547,
            145.06490566037422
        ]
    ],
    "hex_colors": [
        "#000000",
        "#b8b3a5",
        "#d8d3c5",
        "#1e261e",
        "#c09055",
        "#83827c",
        "#ab5c25",
        "#55544c",
        "#703a14",
        "#999891"
    ],
    "hsl_color_values": [
        [
            0.2127364644426263,
            0.21454812627220804,
            0.0591871474366954
        ],
        [
            0.12411387262181788,
            0.10415067689622517,
            184.27910728690472
        ],
        [
            0.12048603857669761,
            0.08928271679082263,
            216.5436187399036
        ],
        [
            0.33790589476713917,
            0.21325409651617236,
            38.78064260214201
        ],
        [
            0.09225283409842115,
            0.5555000084020874,
            192.7417004048571
        ],
        [
            0.14986670913099404,
            0.051639323292604816,
            131.38967587034892
        ],
        [
            0.06862319481539858,
            0.7816281671874353,
            171.79139931740187
        ],
        [
            0.14630656210563428,
            0.10583403689023166,
            85.74601226993913
        ],
        [
            0.07000325968157405,
            0.8209173715029273,
            112.37499999999974
        ],
        [
            0.14485988519233153,
            0.05320219691807796,
            153.21635220125498
        ]
    ]
}