{
    "rgb_colors": [
        [
            0.03079528544306953,
            0.030247370944341156,
            0.029780398358745686
        ],
        [
            95.54343132369907,
            93.84205281514699,
            100.32851685766484
        ],
        [
            50.027955736749746,
            48.13104251601631,
            52.55008736167735
        ],
        [
            157.19475655430637,
            160.2303370786517,
            173.03932584269663
        ],
        [
            118.24320909665113,
            116.66098125921246,
            122.79637818488102
        ],
        [
            29.215370455591213,
            27.92820984813622,
            32.45651173492867
        ],
        [
            106.43704710144688,
            104.55676328502415,
            110.74652777777777
        ],
        [
            63.688003066309776,
            61.96531238022231,
            69.99022614028364
        ],
        [
            79.13864858545756,
            77.68131868131869,
            84.94014496142155
        ],
        [
            131.89120916133308,
            131.11956887841023,
            138.24452677669248
        ]
    ],
    "hex_colors": [
        "#000000",
        "#5f5d64",
        "#323034",
        "#9da0ad",
        "#76747a",
        "#1d1b20",
        "#6a686e",
        "#3f3d45",
        "#4f4d54",
        "#83838a"
    ],
    "hsl_color_values": [
        [
            0.07668711669314833,
            0.032955923925434685,
            0.03079528544306953
        ],
        [
            0.7103827934963176,
            0.06465224689526847,
            100.32851685766484
        ],
        [
            0.7382097748489689,
            0.08409205517103806,
            52.55008736167735
        ],
        [
            0.6347358468266098,
            0.09156629113773794,
            173.03932584269663
        ],
        [
            0.7096475271990723,
            0.049963989299677596,
            122.79637818488102
        ],
        [
            0.7140413279132741,
            0.1395190562613429,
            32.45651173492867
        ],
        [
            0.717295513117502,
            0.05589127367653375,
            110.74652777777777
        ],
        [
            0.7024446354938004,
            0.11465763439564748,
            69.99022614028364
        ],
        [
            0.700127767398924,
            0.08545813388239104,
            84.94014496142155
        ],
        [
            0.684716838422977,
            0.051538806377421725,
            138.24452677669248
        ]
    ]
}