{
    "rgb_colors": [
        [
            0.04700170849676155,
            0.04533532256343875,
            0.04235748489185198
        ],
        [
            177.8875762195122,
            169.16615853658993,
            155.83981199187608
        ],
        [
            237.52238805970148,
            230.61492537313376,
            218.23880597014877
        ],
        [
            64.55161787365176,
            61.902927580893646,
            57.431432973805855
        ],
        [
            143.23122317596568,
            136.45708154506443,
            127.21781115879884
        ],
        [
            189.89059054153392,
            181.50931144326842,
            167.24467042391197
        ],
        [
            27.306209850107066,
            26.19914346895075,
            24.3372591006424
        ],
        [
            165.48853681267474,
            157.1528424976719,
            144.8926374650516
        ],
        [
            106.83649635036495,
            102.12700729927025,
            94.65401459854024
        ],
        [
            200.91825431989366,
            193.03921134249103,
            179.64155959238272
        ]
    ],
    "hex_colors": [
        "#000000",
        "#b1a99b",
        "#ede6da",
        "#403d39",
        "#8f887f",
        "#bdb5a7",
        "#1b1a18",
        "#a59d90",
        "#6a665e",
        "#c8c1b3"
    ],
    "hsl_color_values": [
        [
            0.10686528488273743,
            0.09880967635952127,
            0.04700170849676155
        ],
        [
            0.1007384574018752,
            0.12394212511181396,
            177.8875762195122
        ],
        [
            0.10696594427244242,
            0.0811863767751685,
            237.52238805970148
        ],
        [
            0.10466709947341772,
            0.11030219124456954,
            64.55161787365176
        ],
        [
            0.09616179213150433,
            0.11180112591438028,
            143.23122317596568
        ],
        [
            0.10498315623937632,
            0.11925772653105059,
            189.89059054153392
        ],
        [
            0.10451977401129953,
            0.10872804265997489,
            27.306209850107066
        ],
        [
            0.09921234663989235,
            0.12445514199534399,
            165.48853681267474
        ],
        [
            0.10223686838426398,
            0.11402921443504539,
            106.83649635036495
        ],
        [
            0.10494778380516841,
            0.10589727050701464,
            200.91825431989366
        ]
    ]
}