{
    "rgb_colors": [
        [
            0.04214688314689852,
            0.04090182551998822,
            0.03972406830991915
        ],
        [
            159.25719863347595,
            154.5302586627588,
            148.41996095656418
        ],
        [
            113.07211538461597,
            44.90480769230785,
            54.85288461538462
        ],
        [
            137.24193070772873,
            134.599052413385,
            130.29227124666863
        ],
        [
            79.2763005780345,
            114.64161849711019,
            131.45549132947977
        ],
        [
            40.22757847533646,
            43.60201793721989,
            49.62556053811659
        ],
        [
            120.72949308755771,
            111.65253456221178,
            108.25898617511521
        ],
        [
            178.61675480100308,
            174.28527692736034,
            171.1692179237406
        ],
        [
            211.94465648854887,
            208.02290076335797,
            203.41984732824426
        ],
        [
            61.36475409836028,
            79.14672131147546,
            89.17459016393443
        ]
    ],
    "hex_colors": [
        "#000000",
        "#9f9a94",
        "#712c36",
        "#898682",
        "#4f7283",
        "#282b31",
        "#786f6c",
        "#b2aeab",
        "#d3d0cb",
        "#3d4f59"
    ],
    "hsl_color_values": [
        [
            0.08101851835676092,
            0.057485029878363826,
            0.04214688314689852
        ],
        [
            0.09397071296148218,
            0.0680486519284647,
            159.25719863347595
        ],
        [
            0.9756773022634737,
            0.602865768102386,
            113.07211538461597
        ],
        [
            0.10328518471175624,
            0.05063801875434215,
            137.24193070772873
        ],
        [
            0.5537055500166156,
            0.3969342796084757,
            131.45549132947977
        ],
        [
            0.6068233329357019,
            0.1893778520760827,
            49.62556053811659
        ],
        [
            0.04535432294938287,
            0.10329296175706136,
            120.72949308755771
        ],
        [
            0.06973354759148954,
            0.04169562304252913,
            178.61675480100308
        ],
        [
            0.08999328408326951,
            0.04022186405423814,
            211.94465648854887
        ],
        [
            0.56009785427965,
            0.3118582997067868,
            89.17459016393443
        ]
    ]
}