{
    "rgb_colors": [
        [
            0.41508447174835794,
            0.36869631364936595,
            0.30037402136359503
        ],
        [
            101.73368635437885,
            92.71356415478616,
            73.25018329938901
        ],
        [
            183.93401885175382,
            169.1389126916096,
            145.10197086546702
        ],
        [
            137.78365074515605,
            125.51848457073106,
            103.58159350918288
        ],
        [
            239.08458390177378,
            230.15075034106428,
            210.10402455661665
        ],
        [
            69.25380886426538,
            62.831717451523105,
            48.18940443213296
        ],
        [
            206.55392809587073,
            192.85369507323446,
            170.05842210386152
        ],
        [
            122.04394904458556,
            110.98535031847126,
            89.74649681528662
        ],
        [
            151.47512619797124,
            137.55128392713797,
            115.40288243470627
        ],
        [
            165.87068408763798,
            151.3149684534774,
            127.99224998758011
        ]
    ],
    "hex_colors": [
        "#000000",
        "#655c49",
        "#b7a991",
        "#897d67",
        "#efe6d2",
        "#453e30",
        "#cec0aa",
        "#7a6e59",
        "#978973",
        "#a5977f"
    ],
    "hsl_color_values": [
        [
            0.09926775351417942,
            0.27635447286571907,
            0.41508447174835794
        ],
        [
            0.11388686296661747,
            0.27998103750777775,
            101.73368635437885
        ],
        [
            0.10316625516219236,
            0.2111194450526547,
            183.93401885175382
        ],
        [
            0.10689849692469822,
            0.2482301568509977,
            137.78365074515605
        ],
        [
            0.11528835328131552,
            0.12121467169570244,
            239.08458390177378
        ],
        [
            0.11585352489287741,
            0.30416239594009603,
            69.25380886426538
        ],
        [
            0.10410082168456591,
            0.17668754270831416,
            206.55392809587073
        ],
        [
            0.10960025243063194,
            0.26463788235416663,
            122.04394904458556
        ],
        [
            0.10233353580566129,
            0.23813971751454527,
            151.47512619797124
        ],
        [
            0.10262091970455234,
            0.22836123398420877,
            165.87068408763798
        ]
    ]
}