{
    "rgb_colors": [
        [
            0.05592818850232106,
            0.059232015949739036,
            0.06272285250220833
        ],
        [
            61.587671905696745,
            77.30697445972571,
            86.24386051080664
        ],
        [
            30.60744781783741,
            108.62832068311307,
            127.35128083491847
        ],
        [
            17.330186608122926,
            57.416245883645374,
            57.176509330405594
        ],
        [
            59.82989690721504,
            130.04295532645918,
            148.20309278350643
        ],
        [
            134.67298469970132,
            148.99246403288646,
            158.23978077186834
        ],
        [
            117.0423579244617,
            131.10601247205378,
            139.35568890457392
        ],
        [
            185.12408759124153,
            198.56690997566866,
            205.26763990267605
        ],
        [
            88.08600095556648,
            104.31509794553223,
            113.88318203535529
        ],
        [
            13.09493243243242,
            80.54729729729725,
            103.56689189188957
        ]
    ],
    "hex_colors": [
        "#000000",
        "#3d4d56",
        "#1e6c7f",
        "#113939",
        "#3b8294",
        "#86949e",
        "#75838b",
        "#b9c6cd",
        "#586871",
        "#0d5067"
    ],
    "hsl_color_values": [
        [
            0.5856269113657229,
            0.10832836404639024,
            0.06272285250220833
        ],
        [
            0.5604100265604229,
            0.28588920369607523,
            86.24386051080664
        ],
        [
            0.5322552173230854,
            0.7596612486566751,
            127.35128083491847
        ],
        [
            0.4990032422011852,
            0.6981658006125525,
            57.416245883645374
        ],
        [
            0.5342489546311241,
            0.596297919405677,
            148.20309278350643
        ],
        [
            0.5653979205224761,
            0.14893091962850277,
            158.23978077186834
        ],
        [
            0.5616199380232461,
            0.16011783340536348,
            139.35568890457392
        ],
        [
            0.5554414784394286,
            0.0981331120725372,
            205.26763990267605
        ],
        [
            0.5618160828000914,
            0.22652318471203256,
            113.88318203535529
        ],
        [
            0.5424064994504513,
            0.8735606312671638,
            103.56689189188957
        ]
    ]
}