{
    "rgb_colors": [
        [
            0.0812014843763933,
            0.08257291909581,
            0.08844409386477992
        ],
        [
            146.09202374806404,
            149.0034202374763,
            158.92694889003977
        ],
        [
            157.12237477274152,
            160.16701147263348,
            171.5730675192786
        ],
        [
            124.03345941227815,
            126.20337503637057,
            134.49403549606998
        ],
        [
            182.63600608982495,
            185.7784826186251,
            198.02879979700654
        ],
        [
            168.91079778942895,
            172.01112370695404,
            184.02727788012197
        ],
        [
            88.48148148148148,
            90.06571087216244,
            96.85663082437277
        ],
        [
            135.3833037066298,
            137.86977417868064,
            146.64224109552993
        ],
        [
            202.78268670105405,
            206.74478582641234,
            219.30477685580246
        ],
        [
            39.993804213135064,
            40.63940520446094,
            43.57372986369273
        ]
    ],
    "hex_colors": [
        "#000000",
        "#92959e",
        "#9da0ab",
        "#7c7e86",
        "#b6b9c6",
        "#a8acb8",
        "#585a60",
        "#878992",
        "#cacedb",
        "#27282b"
    ],
    "hsl_color_values": [
        [
            0.6351072606814858,
            0.08188912534351558,
            0.08844409386477992
        ],
        [
            0.6288610119497213,
            0.08075990404154873,
            158.92694889003977
        ],
        [
            0.6315514331700861,
            0.08422471519262974,
            171.5730675192786
        ],
        [
            0.6320937520280774,
            0.07777724897025268,
            134.49403549606998
        ],
        [
            0.6326412585376016,
            0.07773007624628485,
            198.02879979700654
        ],
        [
            0.6324840406086124,
            0.08214260551384187,
            184.02727788012197
        ],
        [
            0.635140275796482,
            0.08646955062971061,
            96.85663082437277
        ],
        [
            0.6298593081187485,
            0.07677826869520846,
            146.64224109552993
        ],
        [
            0.6266989720201998,
            0.07533848733998182,
            219.30477685580246
        ],
        [
            0.636610130379602,
            0.08215788874985884,
            43.57372986369273
        ]
    ]
}