{
    "rgb_colors": [
        [
            0.036428713957896264,
            0.03364137484848584,
            0.02948842662833684
        ],
        [
            103.51950898728629,
            94.88141166155386,
            85.45988601490876
        ],
        [
            148.59744136460554,
            140.02814498933373,
            127.30319829423901
        ],
        [
            87.1963276836158,
            76.92702448211081,
            72.55084745762801
        ],
        [
            176.16030347528147,
            165.69995105237334,
            150.74473813020097
        ],
        [
            42.094146047073025,
            35.45684972842496,
            26.019915509957748
        ],
        [
            161.53037994154747,
            152.77034302415328,
            139.07368097215834
        ],
        [
            132.50902618866004,
            124.37274345283394,
            113.58911772184106
        ],
        [
            68.785265049416,
            59.33288409703522,
            52.59748427672933
        ],
        [
            118.38275305510722,
            109.87433709937667,
            99.93290292829202
        ]
    ],
    "hex_colors": [
        "#000000",
        "#675e55",
        "#948c7f",
        "#574c48",
        "#b0a596",
        "#2a231a",
        "#a1988b",
        "#847c71",
        "#443b34",
        "#766d63"
    ],
    "hsl_color_values": [
        [
            0.09973045838369328,
            0.19051694598884,
            0.036428713957896264
        ],
        [
            0.08694834199155638,
            0.1744562271310185,
            103.51950898728629
        ],
        [
            0.09959614165078408,
            0.14330154594060604,
            148.59744136460554
        ],
        [
            0.049801223733147104,
            0.16795982829836173,
            87.1963276836158
        ],
        [
            0.09807121947461182,
            0.14427521322161418,
            176.16030347528147
        ],
        [
            0.09784744383956052,
            0.3818637992831543,
            42.094146047073025
        ],
        [
            0.10165238496439262,
            0.13902461553990936,
            161.53037994154747
        ],
        [
            0.09499363901878627,
            0.14278203539041723,
            132.50902618866004
        ],
        [
            0.06934654307968718,
            0.23533791373860677,
            68.785265049416
        ],
        [
            0.089805916242789,
            0.1558491389216703,
            118.38275305510722
        ]
    ]
}