{
    "rgb_colors": [
        [
            48.8451286764705,
            20.67922794117654,
            5.059283088235528
        ],
        [
            133.536915204679,
            99.01644736842226,
            63.804093567251556
        ],
        [
            74.26903553299474,
            48.72335025380724,
            19.934010152284326
        ],
        [
            154.5615989515096,
            118.35910878112591,
            81.75294888597777
        ],
        [
            178.47228789072471,
            137.54583661675804,
            97.71631205673536
        ],
        [
            174.4604474338202,
            127.65662621241364,
            79.3175415509035
        ],
        [
            211.97467248907972,
            166.59359534206797,
            120.65240174672266
        ],
        [
            209.2110743801648,
            159.65355371900188,
            105.12190082644582
        ],
        [
            102.82322274881575,
            73.32654028436036,
            43.08625592417063
        ],
        [
            0.06816428912546968,
            0.04376133466367804,
            0.0313305585784569
        ]
    ],
    "hex_colors": [
        "#301405",
        "#85633f",
        "#4a3013",
        "#9a7651",
        "#b28961",
        "#ae7f4f",
        "#d3a678",
        "#d19f69",
        "#66492b",
        "#000000"
    ],
    "hsl_color_values": [
        [
            0.05945583800387618,
            0.8964219518849857,
            48.8451286764705
        ],
        [
            0.08416016297236066,
            0.5221988356593703,
            133.536915204679
        ],
        [
            0.08830810911808733,
            0.7315972934180833,
            74.26903553299474
        ],
        [
            0.08379535458630387,
            0.4710655852387629,
            154.5615989515096
        ],
        [
            0.08220139778860973,
            0.45248467864901665,
            178.47228789072471
        ],
        [
            0.08467803285476767,
            0.545355163777212,
            174.4604474338202
        ],
        [
            0.08384445039508652,
            0.43081689746241597,
            211.97467248907972
        ],
        [
            0.08731560166279449,
            0.49753185323533533,
            209.2110743801648
        ],
        [
            0.08437066127176766,
            0.5809676571855275,
            102.82322274881575
        ],
        [
            0.056247249014301816,
            0.5403669724951302,
            0.06816428912546968
        ]
    ]
}