{
    "rgb_colors": [
        [
            0.12653352223303216,
            0.12821866059276488,
            0.13653324446310933
        ],
        [
            191.75648535564721,
            192.98063359234908,
            194.24375373580233
        ],
        [
            164.6577747136165,
            165.81719346627068,
            167.43848112006538
        ],
        [
            122.27824943202423,
            122.44158794690901,
            120.88927418390755
        ],
        [
            237.68286252353784,
            239.180790960452,
            238.66591337099555
        ],
        [
            63.973404255319096,
            64.12340425531914,
            66.0936170212766
        ],
        [
            212.01106142621757,
            213.12238173687928,
            213.11979289244522
        ],
        [
            138.1627578791703,
            138.81970297695048,
            137.99354882063926
        ],
        [
            177.53128697709843,
            178.78401893227536,
            180.28642026866981
        ],
        [
            152.11275032958284,
            153.00696842237429,
            153.34113880343514
        ]
    ],
    "hex_colors": [
        "#000000",
        "#bfc0c2",
        "#a4a5a7",
        "#7a7a78",
        "#edefee",
        "#3f4042",
        "#d4d5d5",
        "#8a8a89",
        "#b1b2b4",
        "#989999"
    ],
    "hsl_color_values": [
        [
            0.6385802471815308,
            0.073240200724733,
            0.13653324446310933
        ],
        [
            0.5846390464288161,
            0.012804882176742397,
            194.24375373580233
        ],
        [
            0.5971748072141363,
            0.016607331766554344,
            167.43848112006538
        ],
        [
            0.1842037693214121,
            0.012677994372913162,
            122.44158794690901
        ],
        [
            0.44271226217398385,
            0.006262745561209513,
            239.180790960452
        ],
        [
            0.6548753972236124,
            0.032078933814062155,
            66.0936170212766
        ],
        [
            0.49961174643511547,
            0.005214470210049294,
            213.12238173687928
        ],
        [
            0.2991974404860554,
            0.005951274484778237,
            138.81970297695048
        ],
        [
            0.5908849758733794,
            0.015281979016864256,
            180.28642026866981
        ],
        [
            0.5453399431008007,
            0.008010821384514116,
            153.34113880343514
        ]
    ]
}