{
    "rgb_colors": [
        [
            61.65441906653423,
            62.71499503475674,
            66.69811320754717
        ],
        [
            161.58783513405012,
            163.85074029612207,
            168.9049334019322
        ],
        [
            188.44060499006463,
            190.977257672775,
            197.4184146610731
        ],
        [
            137.80620789523488,
            139.08701126991016,
            142.20896556066234
        ],
        [
            206.78482660669613,
            210.26322641732992,
            218.092673689194
        ],
        [
            0.15866814512743588,
            0.161175995104756,
            0.1710726758344805
        ],
        [
            223.20612117426697,
            226.3963148032467,
            234.38444722048717
        ],
        [
            150.88047331108942,
            152.68849040867707,
            156.5102689741451
        ],
        [
            174.50466372115508,
            176.65705869977222,
            182.19798022301705
        ],
        [
            123.20396465249647,
            124.50358251731478,
            128.05505134941484
        ]
    ],
    "hex_colors": [
        "#3d3e42",
        "#a1a3a8",
        "#bcbec5",
        "#898b8e",
        "#ced2da",
        "#000000",
        "#dfe2ea",
        "#96989c",
        "#aeb0b6",
        "#7b7c80"
    ],
    "hsl_color_values": [
        [
            0.6316203977160839,
            0.07561974242537074,
            66.69811320754717
        ],
        [
            0.6151228925450584,
            0.043320808460165255,
            168.9049334019322
        ],
        [
            0.6195755094010318,
            0.045476049873166675,
            197.4184146610731
        ],
        [
            0.6181817748478883,
            0.03095977562363581,
            142.20896556066234
        ],
        [
            0.6153984369547879,
            0.051848816795252745,
            218.092673689194
        ],
        [
            0.6329713172744764,
            0.07251029801536794,
            0.1710726758344805
        ],
        [
            0.6191015002933818,
            0.04769226874385856,
            234.38444722048717
        ],
        [
            0.6131414233068182,
            0.03597077495270108,
            156.5102689741451
        ],
        [
            0.6200375573157947,
            0.04222503725038592,
            182.19798022301705
        ],
        [
            0.6220162633648013,
            0.03788282184731278,
            128.05505134941484
        ]
    ]
}