{
    "rgb_colors": [
        [
            33.11971830985915,
            41.54812206572766,
            47.85680751173709
        ],
        [
            176.50978135788262,
            186.9039125431523,
            194.59838895281933
        ],
        [
            132.1060505002382,
            142.57351119580974,
            152.08289661743686
        ],
        [
            27.907651715039577,
            75.07417179712358,
            86.34168865435356
        ],
        [
            148.38921679909194,
            158.25652667423935,
            168.00090805902383
        ],
        [
            0.05374736224268872,
            0.05675894741622045,
            0.060140866721638986
        ],
        [
            93.57974388824213,
            112.49925162148404,
            121.98869116913355
        ],
        [
            55.287835808443184,
            91.3707658935398,
            101.46554313365593
        ],
        [
            115.7097980553478,
            127.36433142191663,
            136.47402975151667
        ],
        [
            222.91327913279133,
            230.83604336043365,
            232.63956639566396
        ]
    ],
    "hex_colors": [
        "#21292f",
        "#b0bac2",
        "#848e98",
        "#1b4b56",
        "#949ea8",
        "#000000",
        "#5d7079",
        "#375b65",
        "#737f88",
        "#dee6e8"
    ],
    "hsl_color_values": [
        [
            0.5713470319634707,
            0.3079413351645657,
            47.85680751173709
        ],
        [
            0.5708961553958124,
            0.09295353210412409,
            194.59838895281933
        ],
        [
            0.5793367261765461,
            0.13135498179949992,
            152.08289661743686
        ],
        [
            0.5321374249421668,
            0.6767766284168869,
            86.34168865435356
        ],
        [
            0.5828109897614402,
            0.11673562653031437,
            168.00090805902383
        ],
        [
            0.5881602913434262,
            0.10630881840367372,
            0.060140866721638986
        ],
        [
            0.5556716601394586,
            0.23288181067131283,
            121.98869116913355
        ],
        [
            0.5364345258958769,
            0.4551072797627955,
            101.46554313365593
        ],
        [
            0.5731201171875515,
            0.1521478609078597,
            136.47402975151667
        ],
        [
            0.5309046159561617,
            0.04180839662643867,
            232.63956639566396
        ]
    ]
}