{
    "rgb_colors": [
        [
            0.008314593281980476,
            0.00990454825414755,
            0.010873767376520238
        ],
        [
            5.45421245421242,
            56.53479853479844,
            38.63492063492063
        ],
        [
            17.457491177413882,
            75.11549566891146,
            52.4260506897658
        ],
        [
            34.88191881918821,
            49.9446494464944,
            50.90036900369004
        ],
        [
            7.6981747066490405,
            77.99261190786763,
            49.939808778791836
        ],
        [
            26.39123102866784,
            87.10286677908927,
            62.677908937605395
        ],
        [
            64.11214953271042,
            97.82242990654198,
            91.08722741433021
        ],
        [
            48.87894736842107,
            73.0710526315791,
            72.31315789473685
        ],
        [
            4.425193798449627,
            70.43759689922369,
            44.707364341085274
        ],
        [
            17.22426470588236,
            20.753676470588232,
            21.959558823529413
        ]
    ],
    "hex_colors": [
        "#000000",
        "#053826",
        "#114b34",
        "#223132",
        "#074d31",
        "#1a573e",
        "#40615b",
        "#304948",
        "#04462c",
        "#111415"
    ],
    "hsl_color_values": [
        [
            0.5631205671939638,
            0.23535302953655193,
            0.010873767376520238
        ],
        [
            0.44159595235249616,
            0.903524685758715,
            56.53479853479844
        ],
        [
            0.43441371763484143,
            0.7675913468725318,
            75.11549566891146
        ],
        [
            0.5099439453274982,
            0.31470204436711585,
            50.90036900369004
        ],
        [
            0.4334873800213277,
            0.9012961033316481,
            77.99261190786763
        ],
        [
            0.4329481695461364,
            0.697010764346007,
            87.10286677908927
        ],
        [
            0.46670055139697514,
            0.3446068596541492,
            97.82242990654198
        ],
        [
            0.4947786359186328,
            0.3310764576655753,
            73.0710526315791
        ],
        [
            0.4350368735027496,
            0.9371756846733311,
            70.43759689922369
        ],
        [
            0.5424430641821948,
            0.21563703331659112,
            21.959558823529413
        ]
    ]
}