{
    "rgb_colors": [
        [
            34.719736842105284,
            35.39210526315787,
            37.826315789473696
        ],
        [
            211.29928432010627,
            215.2560182173042,
            224.14378659726992
        ],
        [
            190.14049307666522,
            193.8650793650773,
            203.51553529213348
        ],
        [
            0.05966680508034017,
            0.0608088681775385,
            0.06477813626364792
        ],
        [
            80.7931034482759,
            82.34952978056424,
            87.93730407523512
        ],
        [
            152.3946494825187,
            155.63965371347192,
            165.47633925665215
        ],
        [
            140.17317914762447,
            143.27072647580212,
            150.91187167769917
        ],
        [
            127.2180873472852,
            129.87347282684752,
            136.14028928521557
        ],
        [
            163.8430436966403,
            166.97871672525827,
            177.7812029131153
        ],
        [
            176.25844779641434,
            179.65669503665185,
            190.28516052920426
        ]
    ],
    "hex_colors": [
        "#222325",
        "#d3d7e0",
        "#bec1cb",
        "#000000",
        "#505257",
        "#989ba5",
        "#8c8f96",
        "#7f8188",
        "#a3a6b1",
        "#b0b3be"
    ],
    "hsl_color_values": [
        [
            0.630594380912045,
            0.08212745234451066,
            37.826315789473696
        ],
        [
            0.6153251950157613,
            0.05730474385284656,
            224.14378659726992
        ],
        [
            0.6202545229588811,
            0.06572000607358668,
            203.51553529213348
        ],
        [
            0.6294270821618184,
            0.0789051905183651,
            0.06477813626364792
        ],
        [
            0.6303568816732499,
            0.0812419791815197,
            87.93730407523512
        ],
        [
            0.6253238395678619,
            0.07905474482272587,
            165.47633925665215
        ],
        [
            0.6185921094909416,
            0.07115869951576248,
            150.91187167769917
        ],
        [
            0.6170640854123381,
            0.06553682223517422,
            136.14028928521557
        ],
        [
            0.6291716026973445,
            0.07840063509575196,
            177.7812029131153
        ],
        [
            0.6262883862506441,
            0.07371417032090187,
            190.28516052920426
        ]
    ]
}