{
    "rgb_colors": [
        [
            22.321387614678898,
            21.762901376149912,
            20.236047400611618
        ],
        [
            69.71118269673262,
            75.40975609756107,
            69.09028992176714
        ],
        [
            90.07436241610738,
            93.12087248322166,
            85.16328859060403
        ],
        [
            108.11752101532883,
            110.55348607219284,
            103.06007911653205
        ],
        [
            160.45881023872522,
            153.3855872996998,
            138.64280405505843
        ],
        [
            176.84925558312653,
            168.7467948717977,
            153.48397435897436
        ],
        [
            0.7645342282235248,
            0.7312941863251012,
            0.6843124510883314
        ],
        [
            144.80200651689248,
            142.06105299262845,
            130.91956782713083
        ],
        [
            47.15920634920635,
            47.99412698412682,
            43.66460317460317
        ],
        [
            125.46697746697747,
            126.13701113700881,
            117.66718466718467
        ]
    ],
    "hex_colors": [
        "#161514",
        "#454b45",
        "#5a5d55",
        "#6c6e67",
        "#a0998a",
        "#b0a899",
        "#000000",
        "#908e82",
        "#2f2f2b",
        "#7d7e75"
    ],
    "hsl_color_values": [
        [
            0.12203076547082094,
            0.09342341300932058,
            22.321387614678898
        ],
        [
            0.31695819557924715,
            0.08380170554613849,
            75.40975609756107
        ],
        [
            0.2304739333828152,
            0.08545435282569347,
            93.12087248322166
        ],
        [
            0.22084685180091976,
            0.06778082918857482,
            110.55348607219284
        ],
        [
            0.11262971416890995,
            0.13596016417677326,
            160.45881023872522
        ],
        [
            0.10887108074583828,
            0.13211976011496138,
            176.84925558312653
        ],
        [
            0.09760802472541025,
            0.10492895435381237,
            0.7645342282235248
        ],
        [
            0.13375994202078376,
            0.09587186685940108,
            144.80200651689248
        ],
        [
            0.19880725424059711,
            0.09020945023034924,
            47.99412698412682
        ],
        [
            0.17985138523633482,
            0.06714782912228907,
            126.13701113700881
        ]
    ]
}