{
    "rgb_colors": [
        [
            33.846904315197,
            60.60787992495306,
            81.73658536585296
        ],
        [
            157.47539370078738,
            168.96309055117948,
            182.12795275590818
        ],
        [
            97.30996404725218,
            111.14445300461963,
            122.52362609142605
        ],
        [
            180.84683742812337,
            191.73863042341773,
            204.55619445896616
        ],
        [
            0.08747809292177777,
            0.08758539288929512,
            0.09259272507195959
        ],
        [
            142.23361064891844,
            154.65113699389866,
            167.8549084858558
        ],
        [
            73.42381923740783,
            98.222971912759,
            109.99623411266114
        ],
        [
            110.67044195494276,
            126.43567647420653,
            140.0210513357168
        ],
        [
            54.84724279835391,
            79.92559670782076,
            98.09020576131418
        ],
        [
            126.19771819737593,
            140.09811751283178,
            153.65054192812764
        ]
    ],
    "hex_colors": [
        "#213c51",
        "#9da8b6",
        "#616f7a",
        "#b4bfcc",
        "#000000",
        "#8e9aa7",
        "#49626d",
        "#6e7e8c",
        "#364f62",
        "#7e8c99"
    ],
    "hsl_color_values": [
        [
            0.5735325612858392,
            0.5859026387792168,
            81.73658536585296
        ],
        [
            0.5890026749710738,
            0.1353584591606358,
            182.12795275590818
        ],
        [
            0.5752183020649038,
            0.205786123448221,
            122.52362609142605
        ],
        [
            0.5901020078196303,
            0.11590632634495396,
            204.55619445896616
        ],
        [
            0.6631701634198158,
            0.055237948188768815,
            0.09259272507195959
        ],
        [
            0.5858905975801227,
            0.15263955083622896,
            167.8549084858558
        ],
        [
            0.5536527427391208,
            0.33248788170143034,
            109.99623411266114
        ],
        [
            0.5771441953456754,
            0.20961569064641955,
            140.0210513357168
        ],
        [
            0.5700098844947802,
            0.4408489372342093,
            98.09020576131418
        ],
        [
            0.5822770518873491,
            0.17867052980257744,
            153.65054192812764
        ]
    ]
}