{
    "rgb_colors": [
        [
            63.31229440789474,
            54.50966282894737,
            40.512746710526024
        ],
        [
            127.07857957184478,
            114.1394671283199,
            91.27365620909346
        ],
        [
            185.92548961861286,
            172.35605949050213,
            149.41878957443487
        ],
        [
            245.88737201365188,
            242.94027303754265,
            232.64436860068193
        ],
        [
            0.2123184379712626,
            0.18162817154799882,
            0.13720665660136433
        ],
        [
            110.63562829194883,
            98.32317531978931,
            77.56616817155727
        ],
        [
            92.70215962441314,
            81.08575899843505,
            62.05521126760567
        ],
        [
            214.73959873284053,
            203.9571277719113,
            183.77106652586946
        ],
        [
            161.33630425908288,
            147.05504150224522,
            124.09858484147765
        ],
        [
            142.84359898749713,
            129.1801027843829,
            106.20982588018647
        ]
    ],
    "hex_colors": [
        "#3f3628",
        "#7f725b",
        "#b9ac95",
        "#f5f2e8",
        "#000000",
        "#6e624d",
        "#5c513e",
        "#d6cbb7",
        "#a1937c",
        "#8e816a"
    ],
    "hsl_color_values": [
        [
            0.10231866807337824,
            0.36011248542788116,
            63.31229440789474
        ],
        [
            0.10643699605016822,
            0.28175419872795127,
            127.07857957184478
        ],
        [
            0.10471717012817784,
            0.1963512379021501,
            185.92548961861286
        ],
        [
            0.1295766541243595,
            0.05385800541328609,
            245.88737201365188
        ],
        [
            0.09856757075137264,
            0.35376947045957774,
            0.2123184379712626
        ],
        [
            0.10461317417270992,
            0.29890425562664874,
            110.63562829194883
        ],
        [
            0.10349343491596619,
            0.3305958402800423,
            92.70215962441314
        ],
        [
            0.1086374878383695,
            0.14421435259129503,
            214.73959873284053
        ],
        [
            0.10274732636604587,
            0.23080806014873637,
            161.33630425908288
        ],
        [
            0.10450409988669024,
            0.25646072604567427,
            142.84359898749713
        ]
    ]
}