{
    "rgb_colors": [
        [
            110.32355915065725,
            143.75733063700915,
            148.8377148635007
        ],
        [
            0.1567735204081231,
            0.15740150333276404,
            0.16394218696702012
        ],
        [
            70.85433843737731,
            109.0938358853555,
            118.20965842167242
        ],
        [
            156.47528004222806,
            158.07096357985017,
            158.78247610111003
        ],
        [
            21.166139240505792,
            39.7405063291135,
            93.66297468354449
        ],
        [
            204.07748121274238,
            223.23503498315125,
            233.7571909821172
        ],
        [
            197.51739918832112,
            202.19860115706317,
            204.34712028321803
        ],
        [
            183.24558202574795,
            184.74362716988745,
            185.4876713756952
        ],
        [
            11.127238706231331,
            106.04677893611205,
            101.620422346966
        ],
        [
            171.74556031842556,
            172.60842774034967,
            172.3415110226532
        ]
    ],
    "hex_colors": [
        "#6e8f94",
        "#000000",
        "#466d76",
        "#9c9e9e",
        "#15275d",
        "#ccdfe9",
        "#c5cacc",
        "#b7b8b9",
        "#0b6a65",
        "#abacac"
    ],
    "hsl_color_values": [
        [
            0.5219849218746576,
            0.25876610473470957,
            148.8377148635007
        ],
        [
            0.6520664868544821,
            0.043726795960939174,
            0.16394218696702012
        ],
        [
            0.5320830638787085,
            0.40060449050086283,
            118.20965842167242
        ],
        [
            0.5513980681240596,
            0.014530545911204878,
            158.78247610111003
        ],
        [
            0.6239651083271496,
            0.774018075851007,
            93.66297468354449
        ],
        [
            0.5590872579321474,
            0.12696811441255457,
            233.7571909821172
        ],
        [
            0.5524306214046382,
            0.033422154838449174,
            204.34712028321803
        ],
        [
            0.5553088429047404,
            0.012087538397126165,
            185.4876713756952
        ],
        [
            0.49222787956616365,
            0.8950723556352904,
            106.04677893611205
        ],
        [
            0.4484438530349457,
            0.004998987785359453,
            172.60842774034967
        ]
    ]
}