{
    "rgb_colors": [
        [
            0.5376412453013053,
            0.5475911610837834,
            0.21252886255964754
        ],
        [
            150.63136072370887,
            144.36449302676215,
            123.96946852619685
        ],
        [
            31.967562905463176,
            32.14759815502306,
            18.989875126561074
        ],
        [
            89.13942793045875,
            87.3818283791363,
            66.97655636567801
        ],
        [
            210.90800252047708,
            178.67548834278514,
            120.15437933207409
        ],
        [
            15.082132888445697,
            15.414225672944271,
            5.558407391958436
        ],
        [
            212.0686406460309,
            233.78600269179003,
            235.88559892328374
        ],
        [
            65.58857949959484,
            64.58454398708636,
            47.4946529459226
        ],
        [
            48.2606371718887,
            47.39145850973751,
            26.54440093141345
        ],
        [
            120.78962131837173,
            113.44039270687237,
            91.10082593111737
        ]
    ],
    "hex_colors": [
        "#000000",
        "#96907b",
        "#1f2012",
        "#595742",
        "#d2b278",
        "#0f0f05",
        "#d4e9eb",
        "#41402f",
        "#302f1a",
        "#78715b"
    ],
    "hsl_color_values": [
        [
            0.17161595312588376,
            0.6118840520745187,
            0.5475911610837834
        ],
        [
            0.12749172957842106,
            0.1770009383797296,
            150.63136072370887
        ],
        [
            0.16894714292093505,
            0.4092910134378451,
            32.14759815502306
        ],
        [
            0.15344936954442703,
            0.2486315211947612,
            89.13942793045875
        ],
        [
            0.10747249339239827,
            0.43029957186945395,
            210.90800252047708
        ],
        [
            0.1722825166994549,
            0.6393975597674817,
            15.414225672944271
        ],
        [
            0.5146925858951169,
            0.10096825913055738,
            235.88559892328374
        ],
        [
            0.15741830083582467,
            0.275870078170911,
            65.58857949959484
        ],
        [
            0.15999593842654317,
            0.4499782330500337,
            48.2606371718887
        ],
        [
            0.12540963958715975,
            0.2457892910269335,
            120.78962131837173
        ]
    ]
}