{
    "rgb_colors": [
        [
            0.14650042504732141,
            0.1468262964012439,
            0.1513318220435167
        ],
        [
            150.0535729531341,
            150.48441902159993,
            150.2541620421802
        ],
        [
            189.12795381310644,
            189.96160042964556,
            191.66071428571678
        ],
        [
            102.03296703296704,
            102.41842772612003,
            101.06170752324599
        ],
        [
            204.7103559870545,
            205.509888529306,
            206.7340884573888
        ],
        [
            160.0591348202886,
            160.98415968177298,
            161.43209262679528
        ],
        [
            137.49984586929787,
            137.69944512946978,
            137.3574290998773
        ],
        [
            169.00033001939204,
            169.88618456334308,
            170.88115176766954
        ],
        [
            50.827476038338595,
            51.04046858359957,
            49.72630457933968
        ],
        [
            178.19340492974666,
            179.1972843828358,
            180.3556323035457
        ]
    ],
    "hex_colors": [
        "#000000",
        "#969696",
        "#bdbdbf",
        "#666665",
        "#cccdce",
        "#a0a0a1",
        "#898989",
        "#a9a9aa",
        "#323331",
        "#b2b3b4"
    ],
    "hsl_color_values": [
        [
            0.6554252198629401,
            0.031925849639251505,
            0.1513318220435167
        ],
        [
            0.41092836619521306,
            0.002863060981775022,
            150.48441902159993
        ],
        [
            0.6118090896241277,
            0.0132148128637079,
            191.66071428571678
        ],
        [
            0.21401869158878428,
            0.01324683685344289,
            102.41842772612003
        ],
        [
            0.6008203032456295,
            0.009789060359783958,
            206.7340884573888
        ],
        [
            0.5543756628814408,
            0.008504862844594013,
            161.43209262679528
        ],
        [
            0.26393270241833,
            0.0024837865488195002,
            137.69944512946978
        ],
        [
            0.5881677742931313,
            0.011006607392456413,
            170.88115176766954
        ],
        [
            0.1936790923825026,
            0.02574749097585982,
            51.04046858359957
        ],
        [
            0.5892866259693036,
            0.011988687828500485,
            180.3556323035457
        ]
    ]
}