{
    "rgb_colors": [
        [
            0.06702974998307454,
            0.07761235361397567,
            0.07907611563052797
        ],
        [
            113.49440383736673,
            126.36397898584069,
            136.4988579259907
        ],
        [
            60.732626619551965,
            126.68256772673762,
            153.69964664310845
        ],
        [
            42.38468085106385,
            89.15319148936315,
            59.52255319149012
        ],
        [
            6.174207730353995,
            44.59754533797356,
            74.43561091775163
        ],
        [
            209.2691867124856,
            221.34593356242857,
            230.0675830469643
        ],
        [
            70.42405261509546,
            94.2564985906679,
            108.92013780144032
        ],
        [
            160.97617675312304,
            171.920076849183,
            183.226128722382
        ],
        [
            135.91487741738945,
            147.04012486675805,
            157.59502055733347
        ],
        [
            12.10360149672565,
            76.90318054256346,
            104.70042095416419
        ]
    ],
    "hex_colors": [
        "#000000",
        "#717e88",
        "#3c7e99",
        "#2a593b",
        "#062c4a",
        "#d1dde6",
        "#465e6c",
        "#a0abb7",
        "#87939d",
        "#0c4c68"
    ],
    "hsl_color_values": [
        [
            0.5202517791034861,
            0.15233886428790178,
            0.07907611563052797
        ],
        [
            0.5734269321722487,
            0.16853220926651946,
            136.4988579259907
        ],
        [
            0.5484348802932573,
            0.6048616379673695,
            153.69964664310845
        ],
        [
            0.394406735452721,
            0.5245859386186892,
            89.15319148936315
        ],
        [
            0.5728524568460838,
            0.9170530388045548,
            74.43561091775163
        ],
        [
            0.5698904003965389,
            0.09040124670772529,
            230.0675830469643
        ],
        [
            0.5634854130395829,
            0.3534340477655529,
            108.92013780144032
        ],
        [
            0.584689709958473,
            0.12143438342776601,
            183.226128722382
        ],
        [
            0.58114103631177,
            0.13756870656999426,
            157.59502055733347
        ],
        [
            0.55003274873888,
            0.8843977761844495,
            104.70042095416419
        ]
    ]
}