{
    "rgb_colors": [
        [
            0.08443369908252407,
            0.08579753270764456,
            0.09002679451500484
        ],
        [
            205.9708141321068,
            209.01996927803134,
            210.56313364055055
        ],
        [
            144.9224196087239,
            146.69867326287502,
            146.7760287834506
        ],
        [
            114.24012768976186,
            115.10108772759463,
            111.94005675100385
        ],
        [
            160.84792254941564,
            163.11671372865374,
            164.3430146564474
        ],
        [
            64.98939732142847,
            66.19029017857157,
            63.37109375000003
        ],
        [
            128.7725004797498,
            130.30790635195257,
            128.68988677797412
        ],
        [
            232.2017738359226,
            235.45343680709286,
            237.1191796008844
        ],
        [
            101.13102040816383,
            97.47244897959142,
            88.79408163265316
        ],
        [
            182.4266845757804,
            184.85762256547778,
            185.61831206626124
        ]
    ],
    "hex_colors": [
        "#000000",
        "#cdd1d2",
        "#909292",
        "#72736f",
        "#a0a3a4",
        "#40423f",
        "#808280",
        "#e8ebed",
        "#656158",
        "#b6b8b9"
    ],
    "hsl_color_values": [
        [
            0.626026272285638,
            0.06212700854908879,
            0.09002679451500484
        ],
        [
            0.5560052626884896,
            0.021809703479637784,
            210.56313364055055
        ],
        [
            0.5069553964980239,
            0.012628827677722936,
            146.7760287834506
        ],
        [
            0.2120611410332401,
            0.0274630851801494,
            115.10108772759463
        ],
        [
            0.558477282345267,
            0.021267056067689305,
            164.3430146564474
        ],
        [
            0.2376616521509749,
            0.04259229595407077,
            66.19029017857157
        ],
        [
            0.32482357824916613,
            0.012416894870586637,
            130.30790635195257
        ],
        [
            0.5564573704581024,
            0.02073811900512937,
            237.1191796008844
        ],
        [
            0.11724096099870378,
            0.12198965980684173,
            101.13102040816383
        ],
        [
            0.5397231769189984,
            0.017194572318605647,
            185.61831206626124
        ]
    ]
}