{
    "rgb_colors": [
        [
            61.86610878661073,
            64.94002789400287,
            73.26359832635977
        ],
        [
            225.7674395946953,
            228.35600155885112,
            234.22827357754818
        ],
        [
            179.95683887243183,
            182.24361083690258,
            187.37002303388766
        ],
        [
            108.71522321043096,
            110.53915896727393,
            115.57335290562159
        ],
        [
            146.8729734884634,
            148.880650390995,
            153.1877264924683
        ],
        [
            0.2829294241337692,
            0.2847442776975839,
            0.303409108726612
        ],
        [
            173.55701754385925,
            155.4921052631592,
            66.60438596491127
        ],
        [
            127.24061446821972,
            128.64523081746074,
            132.28752253311598
        ],
        [
            163.64686091331157,
            165.4778859345355,
            170.15904488143244
        ],
        [
            200.25716465999557,
            202.94938104120877,
            207.9409021536356
        ]
    ],
    "hex_colors": [
        "#3d4049",
        "#e1e4ea",
        "#b3b6bb",
        "#6c6e73",
        "#929499",
        "#000000",
        "#ad9b42",
        "#7f8084",
        "#a3a5aa",
        "#c8cacf"
    ],
    "hsl_color_values": [
        [
            0.6217164300864712,
            0.15556824671616348,
            73.26359832635977
        ],
        [
            0.6156755947581148,
            0.03612217198899204,
            234.22827357754818
        ],
        [
            0.6152543919350112,
            0.039564408657382116,
            187.37002303388766
        ],
        [
            0.6223412738383072,
            0.05934005999454777,
            115.57335290562159
        ],
        [
            0.6136776080484782,
            0.041222316882647735,
            153.1877264924683
        ],
        [
            0.6518971230929913,
            0.06749858196016151,
            0.303409108726612
        ],
        [
            0.13851571171585234,
            0.6162391650451137,
            173.55701754385925
        ],
        [
            0.62028129133126,
            0.03815105134826943,
            132.28752253311598
        ],
        [
            0.6198051470344574,
            0.03827115962397758,
            170.15904488143244
        ],
        [
            0.6082702507852549,
            0.036951544472779825,
            207.9409021536356
        ]
    ]
}