{
    "rgb_colors": [
        [
            0.043920566716991516,
            0.04362443385705106,
            0.05183486238532353
        ],
        [
            180.52699896157839,
            200.97455867081902,
            222.78245067497403
        ],
        [
            142.8578759482374,
            158.50401606425606,
            177.2692994199018
        ],
        [
            161.35893389444152,
            180.1579870243752,
            204.0620725933719
        ],
        [
            108.83931297709924,
            112.50954198473356,
            122.60381679389313
        ],
        [
            221.58482142857142,
            238.53348214285725,
            248.23995535714283
        ],
        [
            126.49130205587771,
            139.02556668423657,
            154.95282024248814
        ],
        [
            41.400291828793776,
            35.806420233463,
            39.940661478599225
        ],
        [
            110.25790921595599,
            77.34181568087999,
            62.15680880330124
        ],
        [
            73.78448867536034,
            80.78654770075508,
            93.0267673301304
        ]
    ],
    "hex_colors": [
        "#000000",
        "#b4c8de",
        "#8e9eb1",
        "#a1b4cc",
        "#6c707a",
        "#ddeef8",
        "#7e8b9a",
        "#292327",
        "#6e4d3e",
        "#49505d"
    ],
    "hsl_color_values": [
        [
            0.6726779822133264,
            0.1583958778020633,
            0.05183486238532353
        ],
        [
            0.5860160883384173,
            0.18967136587901065,
            222.78245067497403
        ],
        [
            0.5908868890156866,
            0.19411947575960856,
            177.2692994199018
        ],
        [
            0.5932955839519881,
            0.20926543652246243,
            204.0620725933719
        ],
        [
            0.6222259194557583,
            0.11226815099837494,
            122.60381679389313
        ],
        [
            0.5606917053971436,
            0.10737648534549031,
            248.23995535714283
        ],
        [
            0.5932677674572332,
            0.183678607088729,
            154.95282024248814
        ],
        [
            0.8768223053067846,
            0.13511671894641705,
            41.400291828793776
        ],
        [
            0.052614897744223545,
            0.4362598633939432,
            110.25790921595599
        ],
        [
            0.6060184524658764,
            0.20684668732477485,
            93.0267673301304
        ]
    ]
}