{
    "rgb_colors": [
        [
            61.92,
            56.329122807017605,
            61.934035087719366
        ],
        [
            191.03681856485383,
            194.01840928242717,
            197.14597783107524
        ],
        [
            122.89524373184116,
            123.66711503281888,
            124.81109437210995
        ],
        [
            173.32859338970025,
            176.02100947989294,
            178.91916474506195
        ],
        [
            0.1497532942474038,
            0.14932373597221726,
            0.15976084056154605
        ],
        [
            156.9124798308574,
            159.03727813943627,
            162.47565793133668
        ],
        [
            230.34286893137119,
            232.8924494567466,
            237.10273690001327
        ],
        [
            107.86203588218363,
            108.02043557517133,
            108.53170872109663
        ],
        [
            208.40773569701852,
            211.5363618049983,
            215.28334004834602
        ],
        [
            140.3359126410182,
            141.75383280300667,
            142.64224761354058
        ]
    ],
    "hex_colors": [
        "#3d383d",
        "#bfc2c5",
        "#7a7b7c",
        "#adb0b2",
        "#000000",
        "#9c9fa2",
        "#e6e8ed",
        "#6b6c6c",
        "#d0d3d7",
        "#8c8d8e"
    ],
    "hsl_color_values": [
        [
            0.8329159884812801,
            0.09049809644670051,
            61.934035087719366
        ],
        [
            0.585324576109322,
            0.030987998504621035,
            197.14597783107524
        ],
        [
            0.5995188347189884,
            0.015350002737392059,
            124.81109437210995
        ],
        [
            0.5864000916587742,
            0.03124635286179425,
            178.91916474506195
        ],
        [
            0.6735261405036561,
            0.06532955480606656,
            0.15976084056154605
        ],
        [
            0.6030100579740019,
            0.034240071228579534,
            162.47565793133668
        ],
        [
            0.6038059585087932,
            0.028510290758443392,
            237.10273690001327
        ],
        [
            0.6272445081181205,
            0.006170296651588874,
            108.53170872109663
        ],
        [
            0.5908278519212223,
            0.03193746599148567,
            215.28334004834602
        ],
        [
            0.5642010535559998,
            0.016168666794783675,
            142.64224761354058
        ]
    ]
}