{
    "rgb_colors": [
        [
            0.10430601299852071,
            0.09625802264217498,
            0.07821429296037508
        ],
        [
            103.68126440566348,
            138.29897925584314,
            169.57951926243
        ],
        [
            96.04825432869714,
            97.69088844734631,
            89.19982969060459
        ],
        [
            121.51957488341829,
            127.86010194122548,
            131.057911289448
        ],
        [
            51.126220886551465,
            49.94102178812928,
            38.34635612321563
        ],
        [
            161.37540763475926,
            144.73450987914597,
            115.74084020717437
        ],
        [
            153.33326401164604,
            156.35177290214367,
            154.725694083394
        ],
        [
            209.4020601700458,
            211.36118378024403,
            202.7652060170046
        ],
        [
            177.34591488039763,
            185.7134203168621,
            187.62830071450762
        ],
        [
            206.09355723098014,
            183.66826593557653,
            139.16209732693625
        ]
    ],
    "hex_colors": [
        "#000000",
        "#678aa9",
        "#606159",
        "#797f83",
        "#333126",
        "#a19073",
        "#999c9a",
        "#d1d3ca",
        "#b1b9bb",
        "#ceb78b"
    ],
    "hsl_color_values": [
        [
            0.11525833773715881,
            0.250145886014411,
            0.10430601299852071
        ],
        [
            0.5791132230400153,
            0.3885979577214555,
            169.57951926243
        ],
        [
            0.19890909496111528,
            0.08691761219182949,
            97.69088844734631
        ],
        [
            0.5558764340044489,
            0.07277955456625433,
            131.057911289448
        ],
        [
            0.15121007250636945,
            0.24996693559053035,
            51.126220886551465
        ],
        [
            0.10589074359760338,
            0.2827851411589896,
            161.37540763475926
        ],
        [
            0.41021622056127177,
            0.019305882079040007,
            156.35177290214367
        ],
        [
            0.20465194428058378,
            0.04066961402040983,
            211.36118378024403
        ],
        [
            0.531038198535811,
            0.054801891798591254,
            187.62830071450762
        ],
        [
            0.11082523493049563,
            0.3247625049677327,
            206.09355723098014
        ]
    ]
}