{
    "rgb_colors": [
        [
            0.15745292917860354,
            0.15424610051992715,
            0.16681403931764294
        ],
        [
            234.1793918918919,
            234.00033783783783,
            230.72533783783854
        ],
        [
            112.1400277970813,
            114.99293490850127,
            115.83819782256282
        ],
        [
            173.84226438698914,
            169.0965909090909,
            159.69151376146448
        ],
        [
            65.75147409358927,
            72.63003387278886,
            85.13774934136205
        ],
        [
            128.5938888653773,
            130.36747217402345,
            128.815438655884
        ],
        [
            194.25364173228348,
            187.67726377952755,
            177.23651574802915
        ],
        [
            37.02127079356422,
            42.51240796291246,
            60.84455958549209
        ],
        [
            148.49381129523167,
            147.19912073047007,
            142.3622590463309
        ],
        [
            90.7127825729552,
            94.62178380600082,
            100.1285655569246
        ]
    ],
    "hex_colors": [
        "#000000",
        "#eaeae6",
        "#707273",
        "#ada99f",
        "#414855",
        "#808280",
        "#c2bbb1",
        "#252a3c",
        "#94938e",
        "#5a5e64"
    ],
    "hsl_color_values": [
        [
            0.70919324574341,
            0.07534101355692396,
            0.16681403931764294
        ],
        [
            0.1580268648930599,
            0.014749607239769034,
            234.1793918918919
        ],
        [
            0.5380937467376853,
            0.031925306979881135,
            115.83819782256282
        ],
        [
            0.11077241762075217,
            0.08139994422773837,
            173.84226438698914
        ],
        [
            0.6075306740525978,
            0.2277048124685914,
            85.13774934136205
        ],
        [
            0.35415274728724483,
            0.013604492585993014,
            130.36747217402345
        ],
        [
            0.10225725974682849,
            0.08760260982755216,
            194.25364173228348
        ],
        [
            0.6282509157509155,
            0.39154345029737625,
            60.84455958549209
        ],
        [
            0.1314746382806599,
            0.04129163495379725,
            148.49381129523167
        ],
        [
            0.5974743109574497,
            0.09403693073597842,
            100.1285655569246
        ]
    ]
}