{
    "rgb_colors": [
        [
            47.01083423618623,
            44.50270855904659,
            41.1755146262189
        ],
        [
            174.00422028504508,
            136.30413726304135,
            4.125639961256642
        ],
        [
            112.24238267855381,
            92.58528460860194,
            53.85725482512312
        ],
        [
            210.5025044195583,
            175.4588243959929,
            12.32616381850346
        ],
        [
            186.7108473458594,
            151.79406528189912,
            1.943850972634805
        ],
        [
            0.14290995776501347,
            0.1387539679504357,
            0.14007980520393204
        ],
        [
            137.1183431952664,
            120.96844181459565,
            76.50927021696279
        ],
        [
            199.5430763864676,
            169.3058946634112,
            53.66271363794882
        ],
        [
            199.07482710402974,
            164.02562261441366,
            2.1789803862288526
        ],
        [
            159.5199031330414,
            117.24837293779325,
            5.688814893294923
        ]
    ],
    "hex_colors": [
        "#2f2c29",
        "#ae8804",
        "#705c35",
        "#d2af0c",
        "#ba9701",
        "#000000",
        "#89784c",
        "#c7a935",
        "#c7a402",
        "#9f7505"
    ],
    "hsl_color_values": [
        [
            0.09503032553533998,
            0.12412712313613095,
            47.01083423618623
        ],
        [
            0.12967938340612906,
            0.9762900005844788,
            174.00422028504508
        ],
        [
            0.11055335267541988,
            0.5201700682053175,
            112.24238267855381
        ],
        [
            0.13719486736132713,
            0.9414440989550611,
            210.5025044195583
        ],
        [
            0.13517043740734838,
            0.9895889767505899,
            186.7108473458594
        ],
        [
            0.9468302653659963,
            0.029081177264158528,
            0.14290995776501347
        ],
        [
            0.12225664523183417,
            0.44202016714854786,
            137.1183431952664
        ],
        [
            0.1321210280884048,
            0.731072034120508,
            199.5430763864676
        ],
        [
            0.13699852394563203,
            0.9890544655096438,
            199.07482710402974
        ],
        [
            0.12086802405704478,
            0.9643378990234818,
            159.5199031330414
        ]
    ]
}