{
    "rgb_colors": [
        [
            0.04629367343223478,
            0.04531729337809409,
            0.045154563371283984
        ],
        [
            148.7435651171701,
            149.11179408374954,
            156.67441413753363
        ],
        [
            220.64742014741947,
            221.96683046683046,
            224.4379606879607
        ],
        [
            122.63585335905415,
            116.06875986669006,
            117.30152604806175
        ],
        [
            92.80361930294862,
            105.71246648793566,
            134.35522788203752
        ],
        [
            187.85692939858137,
            185.76372805379157,
            190.22581247665298
        ],
        [
            44.12445730824894,
            40.92619392185239,
            42.253256150506516
        ],
        [
            87.77602799650043,
            80.94575678040245,
            89.05161854768154
        ],
        [
            135.29284559417957,
            133.0816491511722,
            138.9597817299919
        ],
        [
            167.30291648254376,
            166.67962881131243,
            171.96266018559436
        ]
    ],
    "hex_colors": [
        "#000000",
        "#94959c",
        "#dcdde0",
        "#7a7475",
        "#5c6986",
        "#bbb9be",
        "#2c282a",
        "#575059",
        "#87858a",
        "#a7a6ab"
    ],
    "hsl_color_values": [
        [
            0.023809523531946136,
            0.02460617135121587,
            0.04629367343223478
        ],
        [
            0.6589283407607862,
            0.05061993730132337,
            156.67441413753363
        ],
        [
            0.6086533787068357,
            0.016889034853650592,
            224.4379606879607
        ],
        [
            0.9687135518220481,
            0.053549539653276676,
            122.63585335905415
        ],
        [
            0.6148882974433411,
            0.30926677907591943,
            134.35522788203752
        ],
        [
            0.7448514022603923,
            0.023456776789475164,
            190.22581247665298
        ],
        [
            0.9308446455505284,
            0.07248278123975133,
            44.12445730824894
        ],
        [
            0.8071055945313904,
            0.09102430589668525,
            89.05161854768154
        ],
        [
            0.7293622141997621,
            0.042300962952297266,
            138.9597817299919
        ],
        [
            0.6863298621275636,
            0.030721968179487972,
            171.96266018559436
        ]
    ]
}