{
    "rgb_colors": [
        [
            0.20927952400202798,
            0.21227728131928814,
            0.21791216345665987
        ],
        [
            168.03142059159381,
            170.04722610130588,
            172.0307858321696
        ],
        [
            209.5130471380466,
            211.53897306397272,
            214.77053872053872
        ],
        [
            81.65438267749315,
            82.6712471372059,
            85.50655840099938
        ],
        [
            147.49897739787679,
            149.4745922701831,
            154.3474225182233
        ],
        [
            129.04287324431925,
            128.95825385815635,
            128.78311947286284
        ],
        [
            31.542294678559124,
            31.772377729927918,
            32.18394340203014
        ],
        [
            163.2463898916991,
            160.5453519855618,
            130.2048736462094
        ],
        [
            109.07782859078547,
            110.40481029810225,
            116.3412093495935
        ],
        [
            189.71969587255532,
            191.49297610427146,
            189.22671976828383
        ]
    ],
    "hex_colors": [
        "#000000",
        "#a8aaac",
        "#d1d3d6",
        "#515255",
        "#93959a",
        "#818080",
        "#1f1f20",
        "#a3a082",
        "#6d6e74",
        "#bdbfbd"
    ],
    "hsl_color_values": [
        [
            0.6087902521390934,
            0.03961522531691451,
            0.21791216345665987
        ],
        [
            0.5826614396512814,
            0.023247962399459785,
            172.0307858321696
        ],
        [
            0.6024432027409986,
            0.024479575335671227,
            214.77053872053872
        ],
        [
            0.622671422909233,
            0.045051231104878756,
            85.50655840099938
        ],
        [
            0.6185872647589054,
            0.04437032383574757,
            154.3474225182233
        ],
        [
            0.112372051623835,
            0.00201292613009802,
            129.04287324431925
        ],
        [
            0.6069031639502701,
            0.019936920577313093,
            32.18394340203014
        ],
        [
            0.15304220158426704,
            0.2024027377720886,
            163.2463898916991
        ],
        [
            0.6362175376411874,
            0.06243171099401507,
            116.3412093495935
        ],
        [
            0.29707852722842637,
            0.011834670817135434,
            191.49297610427146
        ]
    ]
}