{
    "rgb_colors": [
        [
            0.10237875525479367,
            0.10733876755869787,
            0.11260637752486247
        ],
        [
            5.04466391509434,
            42.10893278301887,
            73.56869103773585
        ],
        [
            39.47183652082788,
            62.31045323552529,
            80.20592088027247
        ],
        [
            177.79259896729778,
            187.12306368330465,
            195.55249569707402
        ],
        [
            58.48569886670264,
            86.10955207771183,
            103.58796546141393
        ],
        [
            79.9250645994832,
            114.18184754521964,
            125.24127906976744
        ],
        [
            23.03311499272198,
            28.71797671033479,
            33.06259097525473
        ],
        [
            45.39912105473432,
            110.42868557730723,
            58.10147822612865
        ],
        [
            144.91860715825788,
            153.95720137990514,
            162.97164726175075
        ],
        [
            125.97308516336368,
            137.78963577932512,
            146.24290305302623
        ]
    ],
    "hex_colors": [
        "#000000",
        "#052a49",
        "#273e50",
        "#b1bbc3",
        "#3a5667",
        "#4f727d",
        "#171c21",
        "#2d6e3a",
        "#9099a2",
        "#7d8992"
    ],
    "hsl_color_values": [
        [
            0.5858395989975157,
            0.0908263145913794,
            0.11260637752486247
        ],
        [
            0.5765175845994661,
            0.931429201146086,
            73.56869103773585
        ],
        [
            0.573220694356903,
            0.5078687946274,
            80.20592088027247
        ],
        [
            0.5791054901390708,
            0.09081907477820023,
            195.55249569707402
        ],
        [
            0.5645880820904302,
            0.43540064131785355,
            103.58796546141393
        ],
        [
            0.5406750345096306,
            0.3618312972118417,
            125.24127906976744
        ],
        [
            0.5721974287338388,
            0.30334815532270837,
            33.06259097525473
        ],
        [
            0.36588867249496726,
            0.5888828992449431,
            110.42868557730723
        ],
        [
            0.583221863927704,
            0.11077411566257077,
            162.97164726175075
        ],
        [
            0.5695061932287365,
            0.138603771304464,
            146.24290305302623
        ]
    ]
}