{
    "rgb_colors": [
        [
            57.050508489000464,
            47.830815709969066,
            36.63473894727976
        ],
        [
            144.74620648616485,
            123.44748586730128,
            98.78220767628801
        ],
        [
            40.71010192850648,
            34.23051155668123,
            26.12910944154677
        ],
        [
            89.37351090132614,
            75.91183412002745,
            58.465610249495235
        ],
        [
            123.32931402102787,
            104.45805455480817,
            83.99433865157133
        ],
        [
            71.97355584082156,
            60.806675224647044,
            46.62906290115545
        ],
        [
            181.95987936884052,
            155.30884808013954,
            126.88308471107672
        ],
        [
            166.43571161748224,
            141.8823309674984,
            114.34389241688771
        ],
        [
            106.13088897992625,
            89.78697255223351,
            71.37996722654742
        ],
        [
            0.9466520473363857,
            0.7737910696147523,
            0.6414987334334228
        ]
    ],
    "hex_colors": [
        "#392f24",
        "#907b62",
        "#28221a",
        "#594b3a",
        "#7b6853",
        "#473c2e",
        "#b59b7e",
        "#a68d72",
        "#6a5947",
        "#000000"
    ],
    "hsl_color_values": [
        [
            0.09140056121657603,
            0.35785429582379513,
            57.050508489000464
        ],
        [
            0.08943694641334943,
            0.31754890111244594,
            144.74620648616485
        ],
        [
            0.09260231682193815,
            0.3581664450893857,
            40.71010192850648
        ],
        [
            0.0940763984968287,
            0.345828426567634,
            89.37351090132614
        ],
        [
            0.08670704087575136,
            0.31894262675254853,
            123.32931402102787
        ],
        [
            0.09323269527915552,
            0.35213617895604044,
            71.97355584082156
        ],
        [
            0.08601857202503897,
            0.30268647599024157,
            181.95987936884052
        ],
        [
            0.08810864793876756,
            0.3129846274837741,
            166.43571161748224
        ],
        [
            0.08828065749506042,
            0.32743456770584173,
            106.13088897992625
        ],
        [
            0.07225457398735517,
            0.32235002793431766,
            0.9466520473363857
        ]
    ]
}