{
    "rgb_colors": [
        [
            0.15132658564759538,
            0.15384869547355606,
            0.16602971463814242
        ],
        [
            172.16255004940157,
            174.97254432946625,
            187.37054755342936
        ],
        [
            118.63510691198489,
            121.11377424167026,
            131.8001989060169
        ],
        [
            185.54934565050553,
            188.6408775981471,
            200.6997690531178
        ],
        [
            146.54748712600218,
            149.41646568020317,
            161.50550811550747
        ],
        [
            59.06340057636898,
            60.19692603266081,
            65.21325648414985
        ],
        [
            159.93892716535288,
            162.72244094488354,
            175.08021653543307
        ],
        [
            199.8893429739059,
            203.3068217541674,
            215.00303887666354
        ],
        [
            131.70583781328006,
            134.32762928749983,
            146.04013023396683
        ],
        [
            218.04653441097582,
            221.50649032573716,
            233.02718589272592
        ]
    ],
    "hex_colors": [
        "#000000",
        "#acaebb",
        "#767983",
        "#b9bcc8",
        "#9295a1",
        "#3b3c41",
        "#9fa2af",
        "#c7cbd7",
        "#838692",
        "#dadde9"
    ],
    "hsl_color_values": [
        [
            0.6380774025766648,
            0.08855721412635167,
            0.16602971463814242
        ],
        [
            0.6358715287869595,
            0.08116535764347475,
            187.37054755342936
        ],
        [
            0.635287378029603,
            0.09988673843671264,
            131.8001989060169
        ],
        [
            0.632657364687813,
            0.07548799619496575,
            200.6997690531178
        ],
        [
            0.6346996643003565,
            0.09261616624745347,
            161.50550811550747
        ],
        [
            0.6359470998646303,
            0.09430376949931343,
            65.21325648414985
        ],
        [
            0.6360273365596921,
            0.08648201190118968,
            175.08021653543307
        ],
        [
            0.6289803323395136,
            0.07029526643773439,
            215.00303887666354
        ],
        [
            0.6361827590638972,
            0.09815310625731577,
            146.04013023396683
        ],
        [
            0.6281730591069824,
            0.06428714067999965,
            233.02718589272592
        ]
    ]
}