{
    "rgb_colors": [
        [
            0.025926105460015947,
            0.02617452103209672,
            0.028240611708252317
        ],
        [
            166.55668016193812,
            167.994601889344,
            173.9059829059829
        ],
        [
            145.0687426557003,
            147.44242068155003,
            151.97512730121426
        ],
        [
            72.03380281690137,
            72.93239436619724,
            77.52112676056339
        ],
        [
            135.51722764389916,
            138.20035849432062,
            142.51921927902808
        ],
        [
            192.36550435865436,
            194.4041095890418,
            206.1755915317559
        ],
        [
            30.806666666666665,
            31.233333333333334,
            33.15555555555555
        ],
        [
            156.41732009060485,
            158.15403380380184,
            163.74472904687227
        ],
        [
            111.51755348327227,
            115.1223258365301,
            118.33653318705431
        ],
        [
            124.09339495474752,
            126.12998266897688,
            129.23396880415945
        ]
    ],
    "hex_colors": [
        "#000000",
        "#a6a7ad",
        "#919397",
        "#48484d",
        "#878a8e",
        "#c0c2ce",
        "#1e1f21",
        "#9c9ea3",
        "#6f7376",
        "#7c7e81"
    ],
    "hsl_color_values": [
        [
            0.6487783609520704,
            0.08195666128436012,
            0.028240611708252317
        ],
        [
            0.6340576383573473,
            0.04226020647040058,
            173.9059829059829
        ],
        [
            0.6093844525106308,
            0.045444177400328925,
            151.97512730121426
        ],
        [
            0.6393737166324408,
            0.07078488372093084,
            77.52112676056339
        ],
        [
            0.6028007698800004,
            0.04913015711530263,
            142.51921927902808
        ],
        [
            0.6420638141184448,
            0.06698216345834744,
            206.1755915317559
        ],
        [
            0.6363923052664773,
            0.07084450402144767,
            33.15555555555555
        ],
        [
            0.6271639874439856,
            0.04474897603677938,
            163.74472904687227
        ],
        [
            0.5785603196311394,
            0.057623622393967726,
            118.33653318705431
        ],
        [
            0.6006368233751976,
            0.039777265195669445,
            129.23396880415945
        ]
    ]
}