{
    "rgb_colors": [
        [
            0.15228343582499804,
            0.15069045262990244,
            0.13457829128562082
        ],
        [
            194.98974627046314,
            192.1827978607967,
            182.99167638425348
        ],
        [
            80.13417260228596,
            79.18817293357621,
            69.19711777372868
        ],
        [
            180.75151743030426,
            178.04071547510188,
            170.45474566256647
        ],
        [
            111.6374927787405,
            108.69887348353532,
            98.97443674176776
        ],
        [
            207.58195764548748,
            202.58954477238223,
            192.80623645155913
        ],
        [
            47.24536647009232,
            47.33150800336906,
            40.303074978938504
        ],
        [
            242.89226869454973,
            241.89691592733396,
            235.85720321081538
        ],
        [
            138.64294562973237,
            134.69855471438487,
            125.6470750172058
        ],
        [
            162.83663883089963,
            159.62682672234047,
            151.8786012526096
        ]
    ],
    "hex_colors": [
        "#000000",
        "#c2c0b6",
        "#504f45",
        "#b4b2aa",
        "#6f6c62",
        "#cfcac0",
        "#2f2f28",
        "#f2f1eb",
        "#8a867d",
        "#a29f97"
    ],
    "hsl_color_values": [
        [
            0.15167118337128213,
            0.11626441473072434,
            0.15228343582499804
        ],
        [
            0.12767500055859426,
            0.061531799059667366,
            194.98974627046314
        ],
        [
            0.15225084687577126,
            0.13648427971970203,
            80.13417260228596
        ],
        [
            0.12278880513314598,
            0.056966447165280994,
            180.75151743030426
        ],
        [
            0.12798959842151333,
            0.11343013643337753,
            111.6374927787405
        ],
        [
            0.11035342135948512,
            0.07118018040451576,
            207.58195764548748
        ],
        [
            0.16870935842496979,
            0.14849374805320528,
            47.33150800336906
        ],
        [
            0.14308591560573478,
            0.028963727505799376,
            242.89226869454973
        ],
        [
            0.11608148422743936,
            0.09373625577196026,
            138.64294562973237
        ],
        [
            0.11784691395658875,
            0.06729466818379606,
            162.83663883089963
        ]
    ]
}