{
    "rgb_colors": [
        [
            33.976369962307814,
            43.301971585966896,
            62.616410553783666
        ],
        [
            129.2300584425795,
            131.3141683778186,
            129.6549518243609
        ],
        [
            110.33453366942643,
            113.99690313287607,
            115.00547353259024
        ],
        [
            243.51045556385304,
            244.21919342793075,
            239.55675877520568
        ],
        [
            91.71352169525778,
            96.27285570131265,
            100.43622603430731
        ],
        [
            60.275019952114924,
            72.69736632083014,
            87.42394253790896
        ],
        [
            173.51624431449542,
            169.96848602989382,
            161.35737491877623
        ],
        [
            0.10960580592116997,
            0.10572034984939904,
            0.10525820311808332
        ],
        [
            197.64195083267006,
            195.1512688342566,
            186.16534496431535
        ],
        [
            151.598816927044,
            150.87592901562235,
            145.67738510541614
        ]
    ],
    "hex_colors": [
        "#212b3e",
        "#818381",
        "#6e7173",
        "#f3f4ef",
        "#5b6064",
        "#3c4857",
        "#ada9a1",
        "#000000",
        "#c5c3ba",
        "#979691"
    ],
    "hsl_color_values": [
        [
            0.6123976466102108,
            0.45738873145524384,
            62.616410553783666
        ],
        [
            0.3673121376338413,
            0.01587117339267362,
            131.3141683778186
        ],
        [
            0.5359874182805623,
            0.04061493526949531,
            115.00547353259024
        ],
        [
            0.1920017085802824,
            0.019091188482288374,
            244.21919342793075
        ],
        [
            0.5795504500126988,
            0.0868481889798408,
            100.43622603430731
        ],
        [
            0.5904061427026001,
            0.3105433339845278,
            87.42394253790896
        ],
        [
            0.11803607214430277,
            0.0700733781079392,
            173.51624431449542
        ],
        [
            0.017716534538206413,
            0.0396658075413771,
            0.10960580592116997
        ],
        [
            0.13049624562372855,
            0.05806766134418076,
            197.64195083267006
        ],
        [
            0.14632001366118572,
            0.039059881479665604,
            151.598816927044
        ]
    ]
}