{
    "rgb_colors": [
        [
            0.048296242847079895,
            0.04864309894739449,
            0.051327765143174275
        ],
        [
            154.65391436533653,
            76.47035723334086,
            36.0815809475557
        ],
        [
            152.7889218941137,
            153.9054691595296,
            157.97466363795402
        ],
        [
            113.01502875065512,
            113.41662310506976,
            112.08860428646156
        ],
        [
            97.27401513681288,
            94.53347564525484,
            92.7900252280234
        ],
        [
            173.0605128205136,
            103.26461538461582,
            71.03282051282042
        ],
        [
            172.03445401499545,
            86.27021394831792,
            37.78507918866478
        ],
        [
            134.7808641975322,
            63.32073045267484,
            30.8449074074075
        ],
        [
            131.51835678473307,
            132.1669092673459,
            133.28141678796692
        ],
        [
            43.29054054054054,
            43.0135135135135,
            44.82263513513517
        ]
    ],
    "hex_colors": [
        "#000000",
        "#9a4c24",
        "#98999d",
        "#717170",
        "#615e5c",
        "#ad6747",
        "#ac5625",
        "#863f1e",
        "#838485",
        "#2b2b2c"
    ],
    "hsl_color_values": [
        [
            0.6475972538746477,
            0.05906203567675732,
            0.051327765143174275
        ],
        [
            0.0567709390569191,
            0.7666946802114512,
            154.65391436533653
        ],
        [
            0.6307814992026897,
            0.032826414213642394,
            157.97466363795402
        ],
        [
            0.21706685035727666,
            0.011709207894312956,
            113.41662310506976
        ],
        [
            0.0648027929253344,
            0.04609648221555253,
            97.27401513681288
        ],
        [
            0.05265203681923166,
            0.5895492313345289,
            173.0605128205136
        ],
        [
            0.0601928746687214,
            0.7803633033568309,
            172.03445401499545
        ],
        [
            0.0520766570239097,
            0.7711477249307305,
            134.7808641975322
        ],
        [
            0.60535730666916,
            0.01322810070393115,
            133.28141678796692
        ],
        [
            0.6921879863056337,
            0.04036178631995584,
            44.82263513513517
        ]
    ]
}