{
    "rgb_colors": [
        [
            0.0493624094782259,
            0.051094423843675685,
            0.054355028072581746
        ],
        [
            172.72876151483533,
            176.47833503923576,
            184.17946093483454
        ],
        [
            139.85012172854508,
            143.58749239196592,
            149.1911138161899
        ],
        [
            30.22309711286123,
            128.7729658792651,
            173.8490813648294
        ],
        [
            38.163190184049036,
            42.94233128834356,
            47.21104294478528
        ],
        [
            8.56303391146771,
            84.00621278798862,
            123.81568728967125
        ],
        [
            121.22573189522362,
            128.82781201849,
            136.0808936825886
        ],
        [
            77.34236186348822,
            91.95232936078006,
            100.6955579631636
        ],
        [
            153.76165331391545,
            157.46412964311727,
            163.91788055353243
        ],
        [
            212.6616666666653,
            217.58333333333334,
            223.93333333333334
        ]
    ],
    "hex_colors": [
        "#000000",
        "#acb0b8",
        "#8b8f95",
        "#1e80ad",
        "#262a2f",
        "#08547b",
        "#798088",
        "#4d5b64",
        "#999da3",
        "#d4d9df"
    ],
    "hsl_color_values": [
        [
            0.6088474971361446,
            0.09185201022597334,
            0.054355028072581746
        ],
        [
            0.6120910553601698,
            0.06217142433732413,
            184.17946093483454
        ],
        [
            0.5999826244658352,
            0.06261091460952117,
            149.1911138161899
        ],
        [
            0.5523072893347832,
            0.826153253870598,
            173.8490813648294
        ],
        [
            0.5786321309104056,
            0.19164695792291592,
            47.21104294478528
        ],
        [
            0.5575684135893559,
            0.9308404766882714,
            123.81568728967125
        ],
        [
            0.5813755488711415,
            0.1091641992153207,
            136.0808936825886
        ],
        [
            0.5623985154256542,
            0.2319188310989689,
            100.6955579631636
        ],
        [
            0.6059079445899069,
            0.06195923962242882,
            163.91788055353243
        ],
        [
            0.5938932426437856,
            0.05033492110747859,
            223.93333333333334
        ]
    ]
}