{
    "rgb_colors": [
        [
            0.14356287521380295,
            0.14870671818106018,
            0.16080875471086387
        ],
        [
            58.32408616188036,
            67.72584856396784,
            80.57016971279366
        ],
        [
            22.562822719449215,
            52.62248995983871,
            85.89472174412047
        ],
        [
            170.02040816326536,
            172.85400313971738,
            177.10465724751433
        ],
        [
            146.9943167778571,
            149.543241907589,
            154.96009389671693
        ],
        [
            34.38974358974359,
            38.07948717948726,
            45.12222222222232
        ],
        [
            214.77802197802262,
            217.3626373626367,
            220.15604395604328
        ],
        [
            82.00435729847386,
            92.94843863471408,
            106.02614379084935
        ],
        [
            129.33798409179548,
            131.49198070152804,
            135.39822662668072
        ],
        [
            113.48359647324753,
            116.17808078736306,
            121.44802132457733
        ]
    ],
    "hex_colors": [
        "#000000",
        "#3a4350",
        "#163455",
        "#aaacb1",
        "#92959a",
        "#22262d",
        "#d6d9dc",
        "#525c6a",
        "#818387",
        "#717479"
    ],
    "hsl_color_values": [
        [
            0.6169558263841725,
            0.10724465547954287,
            0.16080875471086387
        ],
        [
            0.5962290816975324,
            0.2761081878096238,
            80.57016971279366
        ],
        [
            0.5875604876759931,
            0.7373200324617892,
            85.89472174412047
        ],
        [
            0.6000024622051522,
            0.04000035456068389,
            177.10465724751433
        ],
        [
            0.6133359183145058,
            0.051405345199191224,
            154.96009389671693
        ],
        [
            0.6093679488200466,
            0.23785350330536412,
            45.12222222222232
        ],
        [
            0.5865685873859358,
            0.024428227730574775,
            220.15604395604328
        ],
        [
            0.5907350303323341,
            0.22656474746230182,
            106.02614379084935
        ],
        [
            0.6074282066728829,
            0.044758655160192874,
            135.39822662668072
        ],
        [
            0.6102808349961886,
            0.06557887699169984,
            121.44802132457733
        ]
    ]
}