{
    "rgb_colors": [
        [
            0.11952230657044538,
            0.11441688351523283,
            0.1059375278275354
        ],
        [
            209.22984978194842,
            205.61110213751144,
            195.7797878641038
        ],
        [
            80.14316781442561,
            77.36426241391808,
            73.84813338166002
        ],
        [
            192.43014856209481,
            191.0995865703512,
            184.53473263368318
        ],
        [
            180.93122291314194,
            179.58030274480245,
            173.247974373469
        ],
        [
            168.26696307751328,
            165.32331335781944,
            156.93881693408082
        ],
        [
            223.79359752849172,
            219.83828699264942,
            208.47230211995313
        ],
        [
            42.07531943510408,
            40.208473436449225,
            37.558843308675186
        ],
        [
            108.71255201109543,
            105.85679611650485,
            102.06553398058253
        ],
        [
            137.12895114942523,
            134.288433908046,
            130.29454022988506
        ]
    ],
    "hex_colors": [
        "#000000",
        "#d1cdc3",
        "#504d49",
        "#c0bfb8",
        "#b4b3ad",
        "#a8a59c",
        "#dfdbd0",
        "#2a2825",
        "#6c6966",
        "#898682"
    ],
    "hsl_color_values": [
        [
            0.10403010418459308,
            0.11365894060037428,
            0.11952230657044538
        ],
        [
            0.12182489485251767,
            0.0642836666558895,
            209.22984978194842
        ],
        [
            0.09309266083218037,
            0.07854736223232364,
            80.14316781442561
        ],
        [
            0.13857944061448793,
            0.041030036028184454,
            192.43014856209481
        ],
        [
            0.13736221813460106,
            0.042465022984791156,
            180.93122291314194
        ],
        [
            0.1233578780613862,
            0.06732246149955222,
            168.26696307751328
        ],
        [
            0.1236403816781924,
            0.06846172356020148,
            223.79359752849172
        ],
        [
            0.09777645423863746,
            0.10734264616564566,
            42.07531943510408
        ],
        [
            0.09506172839506559,
            0.06114305944942299,
            108.71255201109543
        ],
        [
            0.09739668190816662,
            0.04983929988710354,
            137.12895114942523
        ]
    ]
}