{
    "rgb_colors": [
        [
            150.49910408861376,
            163.0998533963172,
            176.83661834174947
        ],
        [
            0.05767907458513477,
            0.0694568185702309,
            0.07075338447162949
        ],
        [
            110.18775877587758,
            124.63429342933958,
            136.48766876687668
        ],
        [
            25.61381880733945,
            84.84260321100857,
            41.0579128440367
        ],
        [
            39.34597156398104,
            82.6244987240231,
            103.95734597156398
        ],
        [
            9.807724183656555,
            56.80805569368506,
            84.15796452842699
        ],
        [
            8.00157277666571,
            33.67615098655993,
            56.50814984272233
        ],
        [
            182.92423159399573,
            197.0064331665465,
            210.40671908506076
        ],
        [
            128.71449460793275,
            141.35468835678785,
            154.05053920672637
        ],
        [
            82.13204022988506,
            105.2678160919553,
            121.94166666666666
        ]
    ],
    "hex_colors": [
        "#96a3b0",
        "#000000",
        "#6e7c88",
        "#195429",
        "#275267",
        "#093854",
        "#082138",
        "#b6c5d2",
        "#808d9a",
        "#526979"
    ],
    "hsl_color_values": [
        [
            0.5869277488465386,
            0.14893699336772304,
            176.83661834174947
        ],
        [
            0.5165281623868334,
            0.18478705978704413,
            0.07075338447162949
        ],
        [
            0.5751167040850064,
            0.1926907406992188,
            136.48766876687668
        ],
        [
            0.37679219710537826,
            0.6981019224075861,
            84.84260321100857
        ],
        [
            0.5550286164604407,
            0.6215181217232734,
            103.95734597156398
        ],
        [
            0.5613087209669562,
            0.8834605347382933,
            84.15796452842699
        ],
        [
            0.5784498386169695,
            0.8583996680313144,
            56.50814984272233
        ],
        [
            0.5812656054931399,
            0.13061601649686258,
            210.40671908506076
        ],
        [
            0.5835163963106211,
            0.1644657962851672,
            154.05053920672637
        ],
        [
            0.5698066107251293,
            0.3264645098348795,
            121.94166666666666
        ]
    ]
}