{
    "rgb_colors": [
        [
            0.42605483849832737,
            0.4323036100304307,
            0.4403213653999174
        ],
        [
            131.18851791530943,
            132.79071661238223,
            138.83360477741255
        ],
        [
            113.61400587659158,
            115.21312438785834,
            120.612438785501
        ],
        [
            6.249458483754513,
            67.42671480144408,
            116.02960288808711
        ],
        [
            28.043439716312058,
            28.587765957446898,
            30.06405141843966
        ],
        [
            96.9605365172895,
            98.41487052256659,
            102.56218018296879
        ],
        [
            8.405576244609957,
            8.481428851431094,
            8.768865150919751
        ],
        [
            74.71817842478538,
            75.85927584919824,
            79.701132263281
        ],
        [
            153.8839205058717,
            156.13459801264688,
            163.49548328816618
        ],
        [
            50.726301954986035,
            51.73583045835534,
            54.625595531458885
        ]
    ],
    "hex_colors": [
        "#000000",
        "#83848a",
        "#717378",
        "#064374",
        "#1c1c1e",
        "#606266",
        "#080808",
        "#4a4b4f",
        "#999ca3",
        "#323336"
    ],
    "hsl_color_values": [
        [
            0.5936662840787257,
            0.03240026040669773,
            0.4403213653999174
        ],
        [
            0.6317379443388029,
            0.05506654440299404,
            138.83360477741255
        ],
        [
            0.6285838908014442,
            0.05802413896427003,
            120.612438785501
        ],
        [
            0.5737882190966962,
            0.9461391030547417,
            116.02960288808711
        ],
        [
            0.621768856714554,
            0.06721022639311577,
            30.06405141843966
        ],
        [
            0.6233956170701691,
            0.054617049439530975,
            102.56218018296879
        ],
        [
            0.631867637802087,
            0.0414294096279596,
            8.768865150919751
        ],
        [
            0.6284999667065828,
            0.06252048994781105,
            79.701132263281
        ],
        [
            0.6276394110275673,
            0.05878794073689347,
            163.49548328816618
        ],
        [
            0.6235166069797664,
            0.07138217054727114,
            54.625595531458885
        ]
    ]
}