{
    "rgb_colors": [
        [
            8.404432624113046,
            40.90070921985816,
            68.3186170212766
        ],
        [
            55.886814469077954,
            77.70400622325943,
            88.45429793854532
        ],
        [
            24.540125992878643,
            94.19364557655436,
            118.89181046288688
        ],
        [
            123.65524640088648,
            136.43099390919159,
            147.7548449612403
        ],
        [
            0.06847441847880376,
            0.07183485838146453,
            0.07755924411922877
        ],
        [
            7.628489512598886,
            66.2459634827222,
            95.2112569790252
        ],
        [
            165.26020015396458,
            178.00076982294073,
            190.2757505773672
        ],
        [
            199.77119084763382,
            214.14612584503382,
            225.1019240769631
        ],
        [
            142.287313163399,
            154.39006426456785,
            166.08506029316197
        ],
        [
            76.27256501784737,
            114.56093829678736,
            130.01096379398268
        ]
    ],
    "hex_colors": [
        "#082844",
        "#374d58",
        "#185e76",
        "#7b8893",
        "#000000",
        "#07425f",
        "#a5b2be",
        "#c7d6e1",
        "#8e9aa6",
        "#4c7282"
    ],
    "hsl_color_values": [
        [
            0.5762699408531503,
            0.8769818097826009,
            68.3186170212766
        ],
        [
            0.5550154661953156,
            0.36818429661941376,
            88.45429793854532
        ],
        [
            0.5436278465775269,
            0.7935927975414332,
            118.89181046288688
        ],
        [
            0.5783128608531926,
            0.1631053016682853,
            147.7548449612403
        ],
        [
            0.6050173473205743,
            0.11713401469538906,
            0.07755924411922877
        ],
        [
            0.5551198489805781,
            0.9198782816796608,
            95.2112569790252
        ],
        [
            0.5817823350320457,
            0.13146998683487607,
            190.2757505773672
        ],
        [
            0.5720850184421038,
            0.1125300609188423,
            225.1019240769631
        ],
        [
            0.5819054843358654,
            0.14328650083130184,
            166.08506029316197
        ],
        [
            0.547917398139449,
            0.41333743868932454,
            130.01096379398268
        ]
    ]
}