{
    "rgb_colors": [
        [
            0.07786375710910676,
            0.06465660731149114,
            0.051198086861212744
        ],
        [
            119.78264001440553,
            114.08031694579508,
            102.71366828741145
        ],
        [
            211.6953080836637,
            205.41944601469757,
            191.24081401922084
        ],
        [
            74.6119894598155,
            60.707180500658765,
            52.982213438735315
        ],
        [
            140.4916657344236,
            135.50799865756795,
            123.12115449155507
        ],
        [
            247.71026965002935,
            244.47762478485367,
            227.3158347676413
        ],
        [
            50.74479638008985,
            23.039819004524887,
            23.702624434389154
        ],
        [
            174.43150259067286,
            168.2976165803109,
            156.77740932642354
        ],
        [
            157.72536632447319,
            152.39282267263314,
            140.69737650259262
        ],
        [
            98.43500511770696,
            90.51954964176049,
            79.99713408393134
        ]
    ],
    "hex_colors": [
        "#000000",
        "#777266",
        "#d3cdbf",
        "#4a3c34",
        "#8c877b",
        "#f7f4e3",
        "#321717",
        "#aea89c",
        "#9d988c",
        "#625a4f"
    ],
    "hsl_color_values": [
        [
            0.0841188959760057,
            0.3424657534895046,
            0.07786375710910676
        ],
        [
            0.1109874381048938,
            0.14249954521741462,
            119.78264001440553
        ],
        [
            0.11552988429507864,
            0.09662233069595985,
            211.6953080836637
        ],
        [
            0.05952417209802794,
            0.2898967870670376,
            74.6119894598155
        ],
        [
            0.11884935329789925,
            0.12364086618279996,
            140.4916657344236
        ],
        [
            0.1402489626555978,
            0.0823318101070326,
            247.71026965002935
        ],
        [
            0.9960127174930857,
            0.5459668646228966,
            50.74479638008985
        ],
        [
            0.10875860422708605,
            0.10120931713623453,
            174.43150259067286
        ],
        [
            0.11447276212459083,
            0.10795974178846113,
            157.72536632447319
        ],
        [
            0.09511596664779015,
            0.18731010387745617,
            98.43500511770696
        ]
    ]
}