{
    "rgb_colors": [
        [
            111.46979038224414,
            112.94229346485935,
            106.79136868064046
        ],
        [
            0.06911678403756127,
            0.06796508214387131,
            0.06568368546623304
        ],
        [
            193.6352234125947,
            193.92265482101035,
            184.7292918735281
        ],
        [
            90.70630445925167,
            90.89953869810344,
            86.03075345976444
        ],
        [
            149.67240192704747,
            150.431291580643,
            144.87382427161762
        ],
        [
            44.405875952121875,
            44.034820457018505,
            41.989118607181716
        ],
        [
            162.20350525788683,
            162.7353530295294,
            156.47110666000398
        ],
        [
            175.719406082861,
            175.85782709348643,
            167.5967111040085
        ],
        [
            221.2583682008368,
            220.37343096234196,
            208.51673640167462
        ],
        [
            131.14623217922608,
            131.99565512558908,
            126.76510522743155
        ]
    ],
    "hex_colors": [
        "#6f706a",
        "#000000",
        "#c1c1b8",
        "#5a5a56",
        "#959690",
        "#2c2c29",
        "#a2a29c",
        "#afafa7",
        "#dddcd0",
        "#83837e"
    ],
    "hsl_color_values": [
        [
            0.20656589955365004,
            0.05446077457363369,
            112.94229346485935
        ],
        [
            0.11075498466077256,
            0.04967098251363265,
            0.06911678403756127
        ],
        [
            0.1718775166036922,
            0.04740736947917552,
            193.92265482101035
        ],
        [
            0.1732813980418962,
            0.05356226564041502,
            90.89953869810344
        ],
        [
            0.18942552459592177,
            0.036943559086881496,
            150.431291580643
        ],
        [
            0.14107759267597209,
            0.054424269156313695,
            44.405875952121875
        ],
        [
            0.18081701932600427,
            0.038493457339836425,
            162.7353530295294
        ],
        [
            0.1694592879622585,
            0.04697610635827031,
            175.85782709348643
        ],
        [
            0.15509126234845064,
            0.05758711818572469,
            221.2583682008368
        ],
        [
            0.1937327484012792,
            0.039626682356937094,
            131.99565512558908
        ]
    ]
}