{
    "rgb_colors": [
        [
            41.39237765266349,
            30.654828930273275,
            25.36379385015158
        ],
        [
            182.85885935313965,
            184.6966504814448,
            189.38540037856967
        ],
        [
            212.43869596031183,
            214.60288211670354,
            219.27037562012757
        ],
        [
            134.3874036491365,
            135.12396331349666,
            136.94345789833153
        ],
        [
            0.08541751619773663,
            0.0824724751745407,
            0.08544017035930551
        ],
        [
            119.02244772447725,
            118.19126691266952,
            118.03259532595325
        ],
        [
            164.4815441650548,
            165.89023210831598,
            170.13424134966687
        ],
        [
            149.6282469357922,
            150.76481502305342,
            154.54256156527606
        ],
        [
            84.67409638554217,
            74.78433734939757,
            75.53072289156626
        ],
        [
            171.79026651216685,
            143.39397450753134,
            108.68771726535341
        ]
    ],
    "hex_colors": [
        "#291e19",
        "#b6b8bd",
        "#d4d6db",
        "#868788",
        "#000000",
        "#777676",
        "#a4a5aa",
        "#95969a",
        "#544a4b",
        "#ab8f6c"
    ],
    "hsl_color_values": [
        [
            0.055016662163383745,
            0.38723515563693434,
            41.39237765266349
        ],
        [
            0.619735448401014,
            0.03446169035408152,
            189.38540037856967
        ],
        [
            0.613868861340168,
            0.03115641882992529,
            219.27037562012757
        ],
        [
            0.6186395388783238,
            0.018665033645438353,
            136.94345789833153
        ],
        [
            0.832061068710539,
            0.03473419086460878,
            0.08544017035930551
        ],
        [
            0.026716371544024804,
            0.008316518584925959,
            119.02244772447725
        ],
        [
            0.6251322776468563,
            0.033224923682437395,
            170.13424134966687
        ],
        [
            0.6281204951604616,
            0.031799101682471784,
            154.54256156527606
        ],
        [
            0.9874215751964426,
            0.1167979282721137,
            84.67409638554217
        ],
        [
            0.09166628410534072,
            0.3673231931469428,
            171.79026651216685
        ]
    ]
}