{
    "rgb_colors": [
        [
            0.0417526601008511,
            0.04398303723168695,
            0.04483950206657639
        ],
        [
            129.5394912985273,
            154.1820615796505,
            179.79852744310855
        ],
        [
            188.55818116720332,
            186.12030075187985,
            164.80021482277297
        ],
        [
            34.36424831712793,
            41.19521316379932,
            43.63649962602855
        ],
        [
            9.073688592839225,
            63.53413821815282,
            85.40049958367959
        ],
        [
            100.16685766674433,
            104.00504240201539,
            99.4806325922542
        ],
        [
            229.0013245033114,
            226.2132450331126,
            199.72582781456862
        ],
        [
            118.81309883186404,
            123.84236776480064,
            123.06391914949418
        ],
        [
            156.02578397212406,
            153.58257839721367,
            136.25249709639994
        ],
        [
            65.19419306184092,
            75.79826546003005,
            75.73303167420822
        ]
    ],
    "hex_colors": [
        "#000000",
        "#819ab3",
        "#bcbaa4",
        "#22292b",
        "#093f55",
        "#646863",
        "#e5e2c7",
        "#767b7b",
        "#9c9988",
        "#414b4b"
    ],
    "hsl_color_values": [
        [
            0.5462427752159642,
            0.06884202150911559,
            0.04483950206657639
        ],
        [
            0.5849481268395419,
            0.27952974287002486,
            179.79852744310855
        ],
        [
            0.14956447043221652,
            0.1259980670017338,
            188.55818116720332
        ],
        [
            0.5438815842542611,
            0.21248843029035847,
            43.63649962602855
        ],
        [
            0.5477472268736405,
            0.8937513406001989,
            85.40049958367959
        ],
        [
            0.30805471124618133,
            0.043501831308070525,
            104.00504240201539
        ],
        [
            0.15079400986291444,
            0.12783985748658605,
            229.0013245033114
        ],
        [
            0.4742027245680311,
            0.04061024529576265,
            123.84236776480064
        ],
        [
            0.14607317951852553,
            0.126730892627701,
            156.02578397212406
        ],
        [
            0.4989747054500657,
            0.13989861553996735,
            75.79826546003005
        ]
    ]
}