{
    "rgb_colors": [
        [
            45.78844270323211,
            48.71106758080313,
            56.60528893241918
        ],
        [
            174.88330320831417,
            177.16967916854946,
            183.80953456845975
        ],
        [
            143.57123675966042,
            145.03282112486946,
            148.7643592421314
        ],
        [
            197.1940186354055,
            199.914788097385,
            205.09077246768763
        ],
        [
            83.23907527488046,
            89.20608965322808,
            104.44149985903537
        ],
        [
            158.49707255614425,
            160.36700511376267,
            166.8196101682401
        ],
        [
            113.07446703998158,
            114.89429217015424,
            118.54877689360157
        ],
        [
            220.21233436937766,
            222.87011287420253,
            227.72632095534223
        ],
        [
            0.101642447818314,
            0.10280222404147565,
            0.10821735571781232
        ],
        [
            128.0633745879756,
            129.14528266683251,
            131.76758504882525
        ]
    ],
    "hex_colors": [
        "#2d3038",
        "#aeb1b7",
        "#8f9194",
        "#c5c7cd",
        "#535968",
        "#9ea0a6",
        "#717276",
        "#dcdee3",
        "#000000",
        "#808183"
    ],
    "hsl_color_values": [
        [
            0.6216346734275019,
            0.19109250095165595,
            56.60528893241918
        ],
        [
            0.6239764601657901,
            0.04856239574895942,
            183.80953456845975
        ],
        [
            0.6197589738433699,
            0.034908377980632906,
            148.7643592421314
        ],
        [
            0.6092428711897427,
            0.03850370125026596,
            205.09077246768763
        ],
        [
            0.6197615406777038,
            0.20300766087016953,
            104.44149985903537
        ],
        [
            0.6292195032177706,
            0.04988944407496488,
            166.8196101682401
        ],
        [
            0.6112616573646182,
            0.04617769999038641,
            118.54877689360157
        ],
        [
            0.6077148600498047,
            0.03299568778190593,
            227.72632095534223
        ],
        [
            0.6372676180186456,
            0.0607565011719845,
            0.10821735571781232
        ],
        [
            0.6179874636222861,
            0.028111697269682,
            131.76758504882525
        ]
    ]
}