{
    "rgb_colors": [
        [
            0.06086352602493861,
            0.06513442291154448,
            0.060052185427025506
        ],
        [
            154.27247243506025,
            139.19977574285795,
            109.7316389459914
        ],
        [
            189.0294830371561,
            193.37681744749503,
            186.74515347334412
        ],
        [
            50.82272727272726,
            65.38333333333341,
            32.18484848484849
        ],
        [
            205.97235421166687,
            182.25140388769083,
            63.498920086393085
        ],
        [
            157.03088803089213,
            158.30115830116293,
            151.53982553982553
        ],
        [
            209.43329302700243,
            166.15235792019277,
            10.759774284562676
        ],
        [
            113.22243540547939,
            115.06433870555684,
            109.10373497058072
        ],
        [
            142.09202059202022,
            25.404761904762033,
            12.0997425997426
        ],
        [
            128.43256498283188,
            131.4915808402773,
            128.9512833088115
        ]
    ],
    "hex_colors": [
        "#000000",
        "#9a8b6d",
        "#bdc1ba",
        "#324120",
        "#cdb63f",
        "#9d9e97",
        "#d1a60a",
        "#71736d",
        "#8e190c",
        "#808380"
    ],
    "hsl_color_values": [
        [
            0.30672626638744155,
            0.07802690585623029,
            0.06513442291154448
        ],
        [
            0.1102663724067137,
            0.2887153669480338,
            154.27247243506025
        ],
        [
            0.27592367032075443,
            0.034293996879701034,
            193.37681744749503
        ],
        [
            0.23976541463192028,
            0.5077514888883745,
            65.38333333333341
        ],
        [
            0.13891769195474632,
            0.6917114419096332,
            205.97235421166687
        ],
        [
            0.19797879390323878,
            0.04271183378503257,
            158.30115830116293
        ],
        [
            0.13035840963206993,
            0.9486243369950956,
            209.43329302700243
        ],
        [
            0.21816881258938525,
            0.05180235511741798,
            115.06433870555684
        ],
        [
            0.0170587303473132,
            0.9148457277943579,
            142.09202059202022
        ],
        [
            0.36159505486691623,
            0.02326396745629821,
            131.4915808402773
        ]
    ]
}