{
    "rgb_colors": [
        [
            31.92748735244519,
            32.51264755480607,
            34.85160202360877
        ],
        [
            160.26290663574477,
            162.62313305599127,
            163.2832298983837
        ],
        [
            152.87487663893626,
            155.70322853517553,
            157.40349640490626
        ],
        [
            131.91892617449597,
            135.1758389261745,
            137.96805369127514
        ],
        [
            97.7844311377245,
            103.13473053892216,
            117.7619760479042
        ],
        [
            144.69119949890433,
            147.31548178306713,
            148.76312767512266
        ],
        [
            67.59392789373814,
            70.00759013282732,
            77.53130929791271
        ],
        [
            14.009633911367786,
            37.42485549132948,
            107.4393063583815
        ],
        [
            0.04562254042117786,
            0.04633328844398221,
            0.04933339318579755
        ],
        [
            166.9003172482932,
            169.2217955139979,
            169.36116213057272
        ]
    ],
    "hex_colors": [
        "#1f2022",
        "#a0a2a3",
        "#989b9d",
        "#838789",
        "#616775",
        "#909394",
        "#43464d",
        "#0e256b",
        "#000000",
        "#a6a9a9"
    ],
    "hsl_color_values": [
        [
            0.6333141099577083,
            0.08390187255044286,
            34.85160202360877
        ],
        [
            0.5364252865776403,
            0.018497449275829293,
            163.2832298983837
        ],
        [
            0.562574910885184,
            0.02877076983296827,
            157.40349640490626
        ],
        [
            0.5769316114143611,
            0.04384440712858818,
            137.96805369127514
        ],
        [
            0.622030723117272,
            0.1696434246488278,
            117.7619760479042
        ],
        [
            0.559253087211048,
            0.02737189140786851,
            148.76312767512266
        ],
        [
            0.626185475144803,
            0.12817249565579186,
            77.53130929791271
        ],
        [
            0.6248968859558669,
            0.8696042036548863,
            107.4393063583815
        ],
        [
            0.6347446230517496,
            0.07521989721331382,
            0.04933339318579755
        ],
        [
            0.5094389409086282,
            0.014530160582992979,
            169.36116213057272
        ]
    ]
}