{
    "rgb_colors": [
        [
            0.04574222405648953,
            0.04640727315247517,
            0.04816124881654105
        ],
        [
            148.97240401396067,
            150.1693935427574,
            149.97567626527177
        ],
        [
            192.47512864493936,
            194.88024325588648,
            196.70123187276
        ],
        [
            210.71041445271055,
            212.57120085015939,
            213.8522848034001
        ],
        [
            119.36966824644543,
            120.94628751974723,
            121.22116903633497
        ],
        [
            177.64270102381283,
            179.2743586793972,
            180.03082940296767
        ],
        [
            36.21551724137934,
            36.64655172413793,
            37.51379310344825
        ],
        [
            158.32721995800165,
            159.93466716067678,
            160.60343337039197
        ],
        [
            78.86715867158668,
            79.83579335793358,
            81.30073800738012
        ],
        [
            166.886414396011,
            168.56697083785338,
            169.1437687448216
        ]
    ],
    "hex_colors": [
        "#000000",
        "#949695",
        "#c0c2c4",
        "#d2d4d5",
        "#777879",
        "#b1b3b4",
        "#242425",
        "#9e9fa0",
        "#4e4f51",
        "#a6a8a9"
    ],
    "hsl_color_values": [
        [
            0.6208459219483506,
            0.050227617005244606,
            0.04816124881654105
        ],
        [
            0.4730271550940571,
            0.007970928699634913,
            150.1693935427574
        ],
        [
            0.5718151181954831,
            0.021484884398458505,
            196.70123187276
        ],
        [
            0.5679576075314263,
            0.014691778269182143,
            213.8522848034001
        ],
        [
            0.5247440273037581,
            0.015273741415037592,
            121.22116903633497
        ],
        [
            0.5527938342967262,
            0.01326510790998705,
            180.03082940296767
        ],
        [
            0.611332447985836,
            0.034607960290466484,
            37.51379310344825
        ],
        [
            0.5489677436859853,
            0.014172881392521654,
            160.60343337039197
        ],
        [
            0.600328531715946,
            0.029933053443777224,
            81.30073800738012
        ],
        [
            0.5425865724383758,
            0.013345773040070872,
            169.1437687448216
        ]
    ]
}