{
    "rgb_colors": [
        [
            0.07716348818652463,
            0.09008066305861462,
            0.07596463023239153
        ],
        [
            48.28473496186115,
            145.59109780824826,
            78.43139905378102
        ],
        [
            38.41252021691633,
            120.63875939492402,
            64.86880410998162
        ],
        [
            12.270125740713766,
            107.9114033819894,
            45.61107096401213
        ],
        [
            114.36159292035163,
            176.3614159292072,
            121.26088495575365
        ],
        [
            26.056847545219842,
            73.69487510766683,
            41.39534883720985
        ],
        [
            141.60375976562415,
            199.75415039062648,
            146.82373046875097
        ],
        [
            201.87878787878876,
            236.10071301247814,
            201.24866310160326
        ],
        [
            87.73914807302296,
            121.91115618661362,
            90.25030425963422
        ],
        [
            72.44434250764361,
            166.40122324158864,
            100.22645259938477
        ]
    ],
    "hex_colors": [
        "#000000",
        "#30914e",
        "#267840",
        "#0c6b2d",
        "#72b079",
        "#1a4929",
        "#8dc792",
        "#c9ecc9",
        "#57795a",
        "#48a664"
    ],
    "hsl_color_values": [
        [
            0.31917853067156843,
            0.15670436192324566,
            0.09008066305861462
        ],
        [
            0.3849686413270339,
            0.6683537957419974,
            145.59109780824826
        ],
        [
            0.386958315977846,
            0.6815905567200936,
            120.63875939492402
        ],
        [
            0.3914340231288544,
            0.8862944475174745,
            107.9114033819894
        ],
        [
            0.3518798702441903,
            0.3515498142390894,
            176.3614159292072
        ],
        [
            0.3869966987748857,
            0.6464225292850925,
            73.69487510766683
        ],
        [
            0.34829445582687235,
            0.29110979927719716,
            199.75415039062648
        ],
        [
            0.3303200013638754,
            0.14761518280138747,
            236.10071301247814
        ],
        [
            0.3455809609737887,
            0.2803025513209176,
            121.91115618661362
        ],
        [
            0.38261500004881843,
            0.5646405651569898,
            166.40122324158864
        ]
    ]
}