{
    "rgb_colors": [
        [
            48.08564814814814,
            49.64814814814817,
            52.46180555555556
        ],
        [
            135.6398281749024,
            140.29783015751346,
            145.6218746557991
        ],
        [
            164.72031273049552,
            168.52677386044667,
            174.50346658799234
        ],
        [
            0.0704928664035478,
            0.07165369650311959,
            0.07589494163423893
        ],
        [
            212.11445783132427,
            214.77510040160732,
            221.16465863453814
        ],
        [
            119.05707228288982,
            121.99765990639813,
            125.04758190327614
        ],
        [
            68.10262257696714,
            125.63625997719534,
            149.77594070695554
        ],
        [
            90.37387563550946,
            95.65154477903889,
            99.94720375439968
        ],
        [
            182.7514506769787,
            185.85267569310528,
            191.99451966473242
        ],
        [
            149.20813771518513,
            153.70203442878955,
            159.86562336984872
        ]
    ],
    "hex_colors": [
        "#303134",
        "#878c91",
        "#a4a8ae",
        "#000000",
        "#d4d6dd",
        "#77797d",
        "#447d95",
        "#5a5f63",
        "#b6b9bf",
        "#95999f"
    ],
    "hsl_color_values": [
        [
            0.6071586000176311,
            0.08341606547973636,
            52.46180555555556
        ],
        [
            0.5888936703923825,
            0.06854771307189182,
            145.6218746557991
        ],
        [
            0.6018194611983562,
            0.05606280521976746,
            174.50346658799234
        ],
        [
            0.6308523406900894,
            0.07117833039157473,
            0.07589494163423893
        ],
        [
            0.6176688114784111,
            0.040920646449977366,
            221.16465863453814
        ],
        [
            0.5848542720110382,
            0.04790584135421313,
            125.04758190327614
        ],
        [
            0.5492606424441259,
            0.5453033227131353,
            149.77594070695554
        ],
        [
            0.5747851900268021,
            0.0957838514663678,
            99.94720375439968
        ],
        [
            0.610746837797499,
            0.04814235845843049,
            191.99451966473242
        ],
        [
            0.5963890411675425,
            0.06666527443493916,
            159.86562336984872
        ]
    ]
}