{
    "rgb_colors": [
        [
            34.72563822389987,
            33.09913579020448,
            30.67428230853283
        ],
        [
            78.16231505657093,
            74.5900783289815,
            69.57832898172325
        ],
        [
            18.3624123246493,
            17.507452404808106,
            16.130886773547093
        ],
        [
            11.230604410320508,
            10.709847335059477,
            9.902865815552182
        ],
        [
            151.40122199592668,
            144.7922606924652,
            135.65173116089613
        ],
        [
            61.35446350683338,
            58.39808083745247,
            54.300087234661234
        ],
        [
            46.537365853658535,
            44.33756097560919,
            41.18243902439025
        ],
        [
            106.38649851632047,
            102.14836795252067,
            95.39169139465875
        ],
        [
            0.152740334709911,
            0.1435175158839641,
            0.1352580522302791
        ],
        [
            25.40191162644939,
            24.199153870259252,
            22.46968035098715
        ]
    ],
    "hex_colors": [
        "#22211e",
        "#4e4a45",
        "#121110",
        "#0b0a09",
        "#979087",
        "#3d3a36",
        "#2e2c29",
        "#6a665f",
        "#000000",
        "#191816"
    ],
    "hsl_color_values": [
        [
            0.09975481181802327,
            0.11666757250781642,
            34.72563822389987
        ],
        [
            0.09730812126127523,
            0.10982256690625043,
            78.16231505657093
        ],
        [
            0.10281200011214249,
            0.12152681857092679,
            18.3624123246493
        ],
        [
            0.10129774072083107,
            0.11822503458034574,
            11.230604410320508
        ],
        [
            0.09672830725463188,
            0.10402485942586559,
            151.40122199592668
        ],
        [
            0.09681918109370048,
            0.11497739315064608,
            61.35446350683338
        ],
        [
            0.09819997084971281,
            0.11506725254083777,
            46.537365853658535
        ],
        [
            0.1024222387153124,
            0.10334776757386219,
            106.38649851632047
        ],
        [
            0.07874127861839432,
            0.11445753679167181,
            0.152740334709911
        ],
        [
            0.0983024732590068,
            0.11543348857292669,
            25.40191162644939
        ]
    ]
}