{
    "rgb_colors": [
        [
            0.1337647969909881,
            0.13495961942692247,
            0.14354463989310773
        ],
        [
            147.5950733820378,
            149.5879614663477,
            154.05734790198667
        ],
        [
            45.07404393816111,
            48.47030105777054,
            48.38079739625711
        ],
        [
            70.08244829513671,
            94.4762437115707,
            79.87786472889881
        ],
        [
            195.5513258072977,
            197.25150958256762,
            204.68049356786628
        ],
        [
            135.39707993070834,
            137.6369710467706,
            139.85983667409278
        ],
        [
            161.67016324250216,
            163.56961082490227,
            169.7006393147566
        ],
        [
            175.15523381399873,
            176.86957790880962,
            184.37567867359508
        ],
        [
            107.66757197175403,
            113.57998370450841,
            107.79114611624135
        ],
        [
            124.15985182406075,
            126.77178092469286,
            125.47449123136407
        ]
    ],
    "hex_colors": [
        "#000000",
        "#93959a",
        "#2d3030",
        "#465e4f",
        "#c3c5cc",
        "#87898b",
        "#a1a3a9",
        "#afb0b8",
        "#6b716b",
        "#7c7e7d"
    ],
    "hsl_color_values": [
        [
            0.6463046757176535,
            0.06813102118896476,
            0.14354463989310773
        ],
        [
            0.6152686622912231,
            0.04194720088301305,
            154.05734790198667
        ],
        [
            0.4956077303945053,
            0.07006882659056556,
            48.47030105777054
        ],
        [
            0.40025893378856886,
            0.25820031002615346,
            94.4762437115707
        ],
        [
            0.6356272586968718,
            0.044602040973394486,
            204.68049356786628
        ],
        [
            0.5830154153266114,
            0.0319087798864211,
            139.85983667409278
        ],
        [
            0.6272450191555731,
            0.047321424979193505,
            169.7006393147566
        ],
        [
            0.6356785722577031,
            0.050009008378591666,
            184.37567867359508
        ],
        [
            0.3368168002633829,
            0.05205505001775848,
            113.57998370450841
        ],
        [
            0.41722020753327255,
            0.020603395184482683,
            126.77178092469286
        ]
    ]
}