{
    "rgb_colors": [
        [
            0.045891410744776095,
            0.043996679927875704,
            0.04170697501359655
        ],
        [
            137.161538461538,
            138.55769230769232,
            132.26666666666665
        ],
        [
            191.31504196255315,
            187.67398321497743,
            184.081557994405
        ],
        [
            53.02835606604472,
            53.39411342426418,
            49.70997846374731
        ],
        [
            84.57061790668456,
            100.22383354350568,
            104.25788146279949
        ],
        [
            172.85139263252265,
            168.88823000898472,
            164.040790655885
        ],
        [
            219.90006618133492,
            216.67571144937128,
            213.9649238914626
        ],
        [
            26.976176295413858,
            27.416914830256104,
            26.671828469326982
        ],
        [
            32.04816326530637,
            65.59673469387755,
            86.78448979591838
        ],
        [
            71.11293345829475,
            71.87488284910965,
            69.26288659793815
        ]
    ],
    "hex_colors": [
        "#000000",
        "#898a84",
        "#bfbbb8",
        "#353531",
        "#546468",
        "#aca8a4",
        "#dbd8d5",
        "#1a1b1a",
        "#204156",
        "#474745"
    ],
    "hsl_color_values": [
        [
            0.09119927039854876,
            0.091181239871905,
            0.045891410744776095
        ],
        [
            0.20365464302698108,
            0.04540365486930392,
            138.55769230769232
        ],
        [
            0.08277305091136533,
            0.03780927988696259,
            191.31504196255315
        ],
        [
            0.18321317225252343,
            0.06899889752346114,
            53.39411342426418
        ],
        [
            0.5341510803655326,
            0.18883237679387901,
            104.25788146279949
        ],
        [
            0.0916970895963992,
            0.05097212028466994,
            172.85139263252265
        ],
        [
            0.07612250966401546,
            0.026990179643593445,
            219.90006618133492
        ],
        [
            0.26525446309620765,
            0.027176156235743827,
            27.416914830256104
        ],
        [
            0.5645146055797494,
            0.6307155421358063,
            86.78448979591838
        ],
        [
            0.21528525296014264,
            0.03634087664052256,
            71.87488284910965
        ]
    ]
}