{
    "rgb_colors": [
        [
            0.08115900716538249,
            0.08998421327139283,
            0.05803806349763363
        ],
        [
            241.86988244831184,
            238.4171057965088,
            231.87292257803
        ],
        [
            153.17993702204546,
            152.06713900135352,
            146.80381241565453
        ],
        [
            109.82404550713375,
            123.05514847666566,
            75.57038179714617
        ],
        [
            191.8995640701975,
            191.1013536767141,
            184.93483996787887
        ],
        [
            40.49659020458589,
            37.76606736928855,
            26.398636081835086
        ],
        [
            130.09247277892365,
            142.5370837935906,
            102.21918889064226
        ],
        [
            208.4601552393147,
            206.93564036221323,
            200.2673997412678
        ],
        [
            72.26797202797185,
            74.34853146853135,
            57.008671328671326
        ],
        [
            171.6290938864597,
            171.70169213973497,
            168.11850436681223
        ]
    ],
    "hex_colors": [
        "#000000",
        "#f1eee7",
        "#999892",
        "#6d7b4b",
        "#bfbfb8",
        "#28251a",
        "#828e66",
        "#d0cec8",
        "#484a39",
        "#ababa8"
    ],
    "hsl_color_values": [
        [
            0.21270876234178426,
            0.3550194930016164,
            0.08998421327139283
        ],
        [
            0.10910288900149893,
            0.04133197473405237,
            241.86988244831184
        ],
        [
            0.13757903927053752,
            0.041625063506020944,
            153.17993702204546
        ],
        [
            0.21310648268468305,
            0.3858819989845756,
            123.05514847666566
        ],
        [
            0.14756539809864425,
            0.03629359001446667,
            191.8995640701975
        ],
        [
            0.13438629922797432,
            0.34812694233092084,
            40.49659020458589
        ],
        [
            0.2181103702819105,
            0.28285898539451737,
            142.5370837935906
        ],
        [
            0.13565319227324468,
            0.03930130191374708,
            208.4601552393147
        ],
        [
            0.18666451578211607,
            0.23322397628256136,
            74.34853146853135
        ],
        [
            0.17004346678042137,
            0.020868680606867036,
            171.70169213973497
        ]
    ]
}