{
    "rgb_colors": [
        [
            0.026619687442049234,
            0.03290793533547287,
            0.026619687437820616
        ],
        [
            86.16482412060303,
            130.37286432160857,
            31.604020100502694
        ],
        [
            153.462728995578,
            169.03727100442123,
            164.9301958307022
        ],
        [
            32.104740061162076,
            57.5489296636085,
            32.71253822629981
        ],
        [
            176.42521994134898,
            191.11964809383957,
            193.15483870967964
        ],
        [
            69.57564798071127,
            92.81856540084418,
            83.40385774562976
        ],
        [
            15.481203007518797,
            86.69072681704287,
            106.34235588972356
        ],
        [
            114.64106245513281,
            130.73653984206908,
            124.11557788944575
        ],
        [
            75.22649140546007,
            141.36400404449026,
            172.84732052578224
        ],
        [
            9.026436570589315,
            104.58472553699173,
            140.69175693041868
        ]
    ],
    "hex_colors": [
        "#000000",
        "#56821f",
        "#99a9a4",
        "#203920",
        "#b0bfc1",
        "#455c53",
        "#0f566a",
        "#72827c",
        "#4b8dac",
        "#09688c"
    ],
    "hsl_color_values": [
        [
            0.3333333332212561,
            0.19108606582418688,
            0.03290793533547287
        ],
        [
            0.24126515729670203,
            0.7575874376546584,
            130.37286432160857
        ],
        [
            0.45604926754414304,
            0.09213673361087252,
            169.03727100442123
        ],
        [
            0.33731458389671864,
            0.4421314132369737,
            57.5489296636085
        ],
        [
            0.5202753237040554,
            0.08661247567023686,
            193.15483870967964
        ],
        [
            0.4324904910096797,
            0.2504123751509902,
            92.81856540084418
        ],
        [
            0.5360469948731512,
            0.8544211017520363,
            106.34235588972356
        ],
        [
            0.4314407623804812,
            0.12311383953085915,
            130.73653984206908
        ],
        [
            0.5537510228178991,
            0.5647806909784341,
            172.84732052578224
        ],
        [
            0.5457055703743777,
            0.9358424632151443,
            140.69175693041868
        ]
    ]
}