{
    "rgb_colors": [
        [
            0.06523704457664437,
            0.06823368758717052,
            0.07288670287083576
        ],
        [
            133.23840064134683,
            146.0440925944451,
            155.03828038881653
        ],
        [
            17.162260711030083,
            93.22402005469725,
            111.76048313582497
        ],
        [
            10.652798124816876,
            54.89334895985917,
            81.6888368004688
        ],
        [
            47.882611080636316,
            119.33927591881555,
            137.6453647833242
        ],
        [
            112.56661092530658,
            129.7622630992208,
            139.84503901895206
        ],
        [
            150.42944099378883,
            162.02683229813604,
            171.7488198757764
        ],
        [
            207.9078822412156,
            220.03893637227023,
            228.95346628679962
        ],
        [
            64.3502358490566,
            82.37794811320795,
            96.76945754716981
        ],
        [
            173.72001527883882,
            185.58097784568346,
            194.9637127578304
        ]
    ],
    "hex_colors": [
        "#000000",
        "#85929b",
        "#115d6f",
        "#0a3651",
        "#2f7789",
        "#70818b",
        "#96a2ab",
        "#cfdce4",
        "#405260",
        "#adb9c2"
    ],
    "hsl_color_values": [
        [
            0.6013774102650312,
            0.10495272790357298,
            0.07288670287083576
        ],
        [
            0.5687632829367281,
            0.14060965906483447,
            155.03828038881653
        ],
        [
            0.5326582300843693,
            0.8464371284958351,
            111.76048313582497
        ],
        [
            0.5628682950705178,
            0.869592975710535,
            81.6888368004688
        ],
        [
            0.5339897639599718,
            0.6521305954907295,
            137.6453647833242
        ],
        [
            0.5616040868454589,
            0.19506182189236376,
            139.84503901895206
        ],
        [
            0.5760027424771298,
            0.12413115209413138,
            171.7488198757764
        ],
        [
            0.5705969947204507,
            0.09192079240775149,
            228.95346628679962
        ],
        [
            0.5739865049197004,
            0.33501501940641354,
            96.76945754716981
        ],
        [
            0.5736119102416591,
            0.1089623149789876,
            194.9637127578304
        ]
    ]
}