{
    "rgb_colors": [
        [
            0.052360981275668905,
            0.05338419948965267,
            0.056775978373462266
        ],
        [
            75.82101513802283,
            119.57702582368655,
            142.02760463045414
        ],
        [
            113.1405656395166,
            115.52961868580273,
            118.16941044041086
        ],
        [
            83.45688269951785,
            88.88805570433851,
            93.57096946973755
        ],
        [
            144.36077861058965,
            148.5141514710818,
            154.060409441772
        ],
        [
            42.27875000000006,
            44.582499999999996,
            48.26375
        ],
        [
            20.603072983354565,
            68.3303457106274,
            109.32394366197182
        ],
        [
            128.57106198184232,
            132.3531385708646,
            136.56247532570075
        ],
        [
            197.4942446043151,
            200.39208633093526,
            208.1
        ],
        [
            163.3282343368643,
            166.56436126932465,
            173.7461350691619
        ]
    ],
    "hex_colors": [
        "#000000",
        "#4b778e",
        "#717376",
        "#53585d",
        "#90949a",
        "#2a2c30",
        "#14446d",
        "#808488",
        "#c5c8d0",
        "#a3a6ad"
    ],
    "hsl_color_values": [
        [
            0.6280400571310615,
            0.0777617088119961,
            0.056775978373462266
        ],
        [
            0.5565164761264287,
            0.46615296839439213,
            142.02760463045414
        ],
        [
            0.5874883417273984,
            0.04255623161825075,
            118.16941044041086
        ],
        [
            0.57716817596074,
            0.1080900072697309,
            93.57096946973755
        ],
        [
            0.5953001557004299,
            0.06295991855615826,
            154.060409441772
        ],
        [
            0.6025132275132287,
            0.12400611224780383,
            48.26375
        ],
        [
            0.5770085581099997,
            0.8115410742311036,
            109.32394366197182
        ],
        [
            0.5877887421935429,
            0.05851836915520863,
            136.56247532570075
        ],
        [
            0.6211278433500489,
            0.05096470637042237,
            208.1
        ],
        [
            0.6148947691795575,
            0.05996047467847625,
            173.7461350691619
        ]
    ]
}