{
    "rgb_colors": [
        [
            0.061107655585026066,
            0.06409703093726904,
            0.06817172088952361
        ],
        [
            160.26592920354312,
            173.13163716813798,
            184.73362831858003
        ],
        [
            31.145853818420452,
            102.32776138971039,
            122.29826286463768
        ],
        [
            9.301181577043918,
            63.09934892693519,
            88.2618760549784
        ],
        [
            17.626381461675354,
            63.251693404633784,
            52.666666666667425
        ],
        [
            126.17207991175309,
            139.20259835764486,
            150.1595783797084
        ],
        [
            71.27582053598442,
            125.02981029810591,
            143.1565793435719
        ],
        [
            64.09973166368476,
            88.42397137745958,
            101.7687835420389
        ],
        [
            197.45418060200444,
            210.4508361204038,
            220.83076923077192
        ],
        [
            142.16809789609195,
            154.76212966938778,
            166.03789179905812
        ]
    ],
    "hex_colors": [
        "#000000",
        "#a0adb8",
        "#1f667a",
        "#093f58",
        "#113f34",
        "#7e8b96",
        "#477d8f",
        "#405865",
        "#c5d2dc",
        "#8e9aa6"
    ],
    "hsl_color_values": [
        [
            0.5961365676517811,
            0.10362163683597324,
            0.06817172088952361
        ],
        [
            0.5790293023732659,
            0.13244853867559753,
            184.73362831858003
        ],
        [
            0.5365148540484571,
            0.7453287308512849,
            122.29826286463768
        ],
        [
            0.5531119254848053,
            0.8946183562736622,
            88.2618760549784
        ],
        [
            0.46133350002735346,
            0.7213294931265184,
            63.251693404633784
        ],
        [
            0.576129794836679,
            0.15974670897981705,
            150.1595783797084
        ],
        [
            0.5420297201137146,
            0.5021128552888625,
            143.1565793435719
        ],
        [
            0.5590441025153936,
            0.37014348179561085,
            101.7687835420389
        ],
        [
            0.5740051886612351,
            0.10585747950883849,
            220.83076923077192
        ],
        [
            0.5787310395690036,
            0.14376112370695357,
            166.03789179905812
        ]
    ]
}