{
    "rgb_colors": [
        [
            0.0721449502767868,
            0.07198673765597619,
            0.07453189703569052
        ],
        [
            158.0414867655368,
            160.07077154120518,
            163.64464051061037
        ],
        [
            132.53027473992876,
            132.89650573486261,
            128.0826887169892
        ],
        [
            111.40019665683158,
            111.97230416256966,
            105.75155686659897
        ],
        [
            135.08452104739698,
            57.2346702021876,
            27.349022207491032
        ],
        [
            141.72684824902677,
            96.50817120622568,
            82.91828793774346
        ],
        [
            154.322544503927,
            73.19407444292295,
            40.43147018548541
        ],
        [
            163.7954916693798,
            70.62005880431232,
            27.852880322334606
        ],
        [
            52.672112018669736,
            49.9369894982497,
            50.41306884480748
        ],
        [
            169.3146699802568,
            81.21708939405013,
            44.56786784591701
        ]
    ],
    "hex_colors": [
        "#000000",
        "#9ea0a3",
        "#848480",
        "#6f6f69",
        "#87391b",
        "#8d6052",
        "#9a4928",
        "#a3461b",
        "#343132",
        "#a9512c"
    ],
    "hsl_color_values": [
        [
            0.6770270277290306,
            0.034148592494506795,
            0.07453189703569052
        ],
        [
            0.6063052800858633,
            0.03423976323080543,
            163.64464051061037
        ],
        [
            0.17934652112083693,
            0.03622229938443457,
            132.89650573486261
        ],
        [
            0.1819946082176933,
            0.05555612472651221,
            111.97230416256966
        ],
        [
            0.04623305582731896,
            0.7975414059624558,
            135.08452104739698
        ],
        [
            0.038514470219269535,
            0.41494297684480647,
            141.72684824902677
        ],
        [
            0.04794435451226653,
            0.7380067162872851,
            154.322544503927
        ],
        [
            0.05243288332995927,
            0.8299533153296095,
            163.7954916693798
        ],
        [
            0.9709897610921484,
            0.051927337173238185,
            52.672112018669736
        ],
        [
            0.04896481101597777,
            0.7367749182565579,
            169.3146699802568
        ]
    ]
}