{
    "rgb_colors": [
        [
            26.599389712292812,
            29.03465562336539,
            20.66564952048823
        ],
        [
            149.2348028587505,
            154.88910302738222,
            150.63438528868545
        ],
        [
            88.91660658495643,
            97.1946647440507,
            78.64023071377073
        ],
        [
            0.03414930060151633,
            0.03615472451728863,
            0.031515843562658574
        ],
        [
            134.48680030671505,
            140.44703691532416,
            131.46215357651442
        ],
        [
            56.787030390045004,
            66.52524527398896,
            41.024647044747546
        ],
        [
            114.18653918260226,
            122.05868016497965,
            105.52005999250095
        ],
        [
            81.00939675173808,
            98.80197215777318,
            40.59709976798144
        ],
        [
            109.93981674302319,
            126.9775093710972,
            64.43731778425656
        ],
        [
            176.0639354438237,
            183.23711980136585,
            172.31936685288642
        ]
    ],
    "hex_colors": [
        "#1a1d14",
        "#959a96",
        "#58614e",
        "#000000",
        "#868c83",
        "#384229",
        "#727a69",
        "#516228",
        "#6d7e40",
        "#b0b7ac"
    ],
    "hsl_color_values": [
        [
            0.2151643791615702,
            0.28824196200013724,
            29.03465562336539
        ],
        [
            0.37458755248790987,
            0.036505474291707404,
            154.88910302738222
        ],
        [
            0.24102497679337156,
            0.19089971737790973,
            97.1946647440507
        ],
        [
            0.23871794855217865,
            0.12830635598984616,
            0.03615472451728863
        ],
        [
            0.27722711922264986,
            0.06397346313704536,
            140.44703691532416
        ],
        [
            0.23031363680439196,
            0.38332212266509325,
            66.52524527398896
        ],
        [
            0.24599755904946577,
            0.1354972882725293,
            122.05868016497965
        ],
        [
            0.21761479373204398,
            0.5891063823791549,
            98.80197215777318
        ],
        [
            0.21207131551666847,
            0.4925296762914466,
            126.9775093710972
        ],
        [
            0.27617003534506585,
            0.059582648757602066,
            183.23711980136585
        ]
    ]
}