{
    "rgb_colors": [
        [
            0.11983738178088288,
            0.12231237667759842,
            0.12998401034035112
        ],
        [
            158.05723817048755,
            160.69432007725612,
            162.6174172592374
        ],
        [
            175.86181277860285,
            178.5102297405416,
            181.17201965938958
        ],
        [
            128.36855587576284,
            129.83355747678755,
            130.97214217098707
        ],
        [
            210.44919070220033,
            213.91724473651908,
            217.0248265790463
        ],
        [
            63.573792190602234,
            65.00330906684313,
            68.70152217074784
        ],
        [
            193.26854911384908,
            196.4185441073402,
            199.7052167818158
        ],
        [
            142.75106350653584,
            145.08530841689748,
            147.02089030689464
        ],
        [
            110.51416048550315,
            111.99629130141678,
            114.29568442346539
        ],
        [
            231.47559337214523,
            235.51634572324184,
            237.91849529780626
        ]
    ],
    "hex_colors": [
        "#000000",
        "#9ea0a2",
        "#afb2b5",
        "#808182",
        "#d2d5d9",
        "#3f4144",
        "#c1c4c7",
        "#8e9193",
        "#6e6f72",
        "#e7ebed"
    ],
    "hsl_color_values": [
        [
            0.6260128527387221,
            0.07806059016720773,
            0.12998401034035112
        ],
        [
            0.5702858792953127,
            0.02804237802818027,
            162.6174172592374
        ],
        [
            0.583543195792704,
            0.02931030349371894,
            181.17201965938958
        ],
        [
            0.5728856639198038,
            0.01987893190160387,
            130.97214217098707
        ],
        [
            0.5787650528082917,
            0.03029900302420449,
            217.0248265790463
        ],
        [
            0.6202030631560834,
            0.07463779284833545,
            68.70152217074784
        ],
        [
            0.5851028524907987,
            0.03223084389928076,
            199.7052167818158
        ],
        [
            0.5755527089855462,
            0.029042313588537448,
            147.02089030689464
        ],
        [
            0.6013433190679777,
            0.03308544812551008,
            114.29568442346539
        ],
        [
            0.5621394314311757,
            0.027080290322096873,
            237.91849529780626
        ]
    ]
}