{
    "rgb_colors": [
        [
            0.09366966419626976,
            0.0938174081771308,
            0.09834822264028276
        ],
        [
            178.47516908211793,
            179.67001610305957,
            177.05623188405798
        ],
        [
            153.12844249016575,
            155.0788590604027,
            151.2847141865309
        ],
        [
            144.57102461743244,
            146.09514304723885,
            142.28470836105566
        ],
        [
            160.78355344846977,
            162.53064679986454,
            158.8634157354103
        ],
        [
            42.86489898989891,
            42.76136363636363,
            44.44444444444444
        ],
        [
            169.61728671746724,
            171.07507844016135,
            167.51875093381142
        ],
        [
            137.43737024221525,
            12.491349480968857,
            33.20899653979239
        ],
        [
            97.97671711292195,
            84.058207217695,
            88.85681024447031
        ],
        [
            133.05579912315642,
            133.30131526504584,
            129.97708250298925
        ]
    ],
    "hex_colors": [
        "#000000",
        "#b2b3b1",
        "#999b97",
        "#90928e",
        "#a0a29e",
        "#2a2a2c",
        "#a9aba7",
        "#890c21",
        "#615458",
        "#858581"
    ],
    "hsl_color_values": [
        [
            0.6614035077033148,
            0.0475713573505566,
            0.09834822264028276
        ],
        [
            0.24285549997173858,
            0.014547692907771036,
            179.67001610305957
        ],
        [
            0.25234326552597713,
            0.024465906551414555,
            155.0788590604027
        ],
        [
            0.2333309082090175,
            0.026081871078705937,
            146.09514304723885
        ],
        [
            0.24606777887223097,
            0.022563320436237162,
            162.53064679986454
        ],
        [
            0.6769192298074445,
            0.03786931818181822,
            44.44444444444444
        ],
        [
            0.2349858208170826,
            0.02078810975143795,
            171.07507844016135
        ],
        [
            0.9723645366580449,
            0.9091124236519187,
            137.43737024221525
        ],
        [
            0.9425393108062896,
            0.14205936170718322,
            97.97671711292195
        ],
        [
            0.17897608057072048,
            0.02493773415098683,
            133.30131526504584
        ]
    ]
}