{
    "rgb_colors": [
        [
            0.0572329598905128,
            0.05505023033562395,
            0.0528468439933647
        ],
        [
            168.05536169641056,
            160.37746611193455,
            153.9696013957858
        ],
        [
            50.11599511599515,
            47.69719169719167,
            45.1001221001221
        ],
        [
            174.98069125313597,
            169.83838578876362,
            164.0405483684109
        ],
        [
            77.452685421995,
            73.70843989769813,
            69.57033248081842
        ],
        [
            106.56413449564116,
            101.31133250311345,
            95.66500622665006
        ],
        [
            155.07185112152084,
            146.45242790239027,
            138.26066058664037
        ],
        [
            21.988105352591305,
            20.90909090909094,
            19.79269328802039
        ],
        [
            161.5771993303554,
            153.4958146567888,
            146.75265971809688
        ],
        [
            132.78782287822904,
            126.23892988929876,
            118.9640221402214
        ]
    ],
    "hex_colors": [
        "#000000",
        "#a8a099",
        "#322f2d",
        "#aea9a4",
        "#4d4945",
        "#6a655f",
        "#9b928a",
        "#151413",
        "#a19992",
        "#847e76"
    ],
    "hsl_color_values": [
        [
            0.08372579878292452,
            0.07663618840505163,
            0.0572329598905128
        ],
        [
            0.075819652606476,
            0.08381619103632337,
            168.05536169641056
        ],
        [
            0.08629503407984278,
            0.10008527226215187,
            50.11599511599515
        ],
        [
            0.08832665595936927,
            0.06252200060690416,
            174.98069125313597
        ],
        [
            0.0874972961280523,
            0.101769911504426,
            77.452685421995
        ],
        [
            0.08634216940890038,
            0.1022776407895182,
            106.56413449564116
        ],
        [
            0.08121343635908597,
            0.10840904015330616,
            155.07185112152084
        ],
        [
            0.0847523219814275,
            0.0998454404945892,
            21.988105352591305
        ],
        [
            0.0758107290913323,
            0.09174895761096066,
            161.5771993303554
        ],
        [
            0.08770993215437338,
            0.10410443095135712,
            132.78782287822904
        ]
    ]
}