{
    "rgb_colors": [
        [
            20.76071428571427,
            24.964285714285722,
            25.9035714285714
        ],
        [
            6.431793770139413,
            82.35369034832333,
            52.311953352769784
        ],
        [
            18.021669341894146,
            76.42495987158861,
            53.445024077045865
        ],
        [
            66.7490347490348,
            97.90733590733568,
            91.50579150579169
        ],
        [
            35.49551569506735,
            57.47309417040366,
            54.17713004484298
        ],
        [
            0.010121626355789726,
            0.011895691636326866,
            0.012607542277933703
        ],
        [
            6.625,
            59.95945945945976,
            39.38597972973002
        ],
        [
            2.502972972972989,
            75.29621621621504,
            46.11189189189179
        ],
        [
            26.16411564625837,
            87.2874149659868,
            62.608843537415005
        ],
        [
            50.8609958506223,
            78.90041493775941,
            73.0912863070538
        ]
    ],
    "hex_colors": [
        "#141819",
        "#065234",
        "#124c35",
        "#42615b",
        "#233936",
        "#000000",
        "#063b27",
        "#024b2e",
        "#1a573e",
        "#324e49"
    ],
    "hsl_color_values": [
        [
            0.5304398148148137,
            0.19853853577829841,
            25.9035714285714
        ],
        [
            0.43405122380248423,
            0.9219003575561037,
            82.35369034832333
        ],
        [
            0.43442168644345225,
            0.7641913143013138,
            76.42495987158861
        ],
        [
            0.46575795125981195,
            0.3182427636248894,
            97.90733590733568
        ],
        [
            0.47500510099979487,
            0.3823976904771187,
            57.47309417040366
        ],
        [
            0.5477255777415099,
            0.19717688565636945,
            0.012607542277933703
        ],
        [
            0.4357092333354451,
            0.8895086770340326,
            59.95945945945976
        ],
        [
            0.43317986893645594,
            0.9667583167023209,
            75.29621621621504
        ],
        [
            0.4327082260959081,
            0.7002532878714106,
            87.2874149659868
        ],
        [
            0.46547046491552496,
            0.35537733368393565,
            78.90041493775941
        ]
    ]
}