{
    "rgb_colors": [
        [
            37.81147000659196,
            40.733025708635466,
            42.60646011865518
        ],
        [
            31.027894002789548,
            97.48326359832636,
            125.21129707112837
        ],
        [
            123.528086419755,
            125.54513888888889,
            130.04938271604846
        ],
        [
            79.05180180180346,
            24.4009009009009,
            30.28281853281886
        ],
        [
            0.07725901612807462,
            0.07752496798079989,
            0.08175920157293604
        ],
        [
            160.81901224653691,
            163.35274041357158,
            173.02328849628884
        ],
        [
            75.35381818181787,
            72.91963636363636,
            76.13963636363681
        ],
        [
            104.10286193270238,
            105.32678721111243,
            107.55921446533404
        ],
        [
            141.50440359127845,
            144.22223172295853,
            151.6613082513921
        ],
        [
            197.13090349075966,
            200.09907597535934,
            209.12987679671525
        ]
    ],
    "hex_colors": [
        "#25282a",
        "#1f617d",
        "#7b7d82",
        "#4f181e",
        "#000000",
        "#a0a3ad",
        "#4b484c",
        "#68696b",
        "#8d9097",
        "#c5c8d1"
    ],
    "hsl_color_values": [
        [
            0.5651177710567303,
            0.11254138688615763,
            42.60646011865518
        ],
        [
            0.5490674445982852,
            0.7521957305085368,
            125.21129707112837
        ],
        [
            0.6151162698976397,
            0.050144769318376095,
            130.04938271604846
        ],
        [
            0.9820621510504053,
            0.6913302373287054,
            79.05180180180346
        ],
        [
            0.6568170039515095,
            0.05504194461643408,
            0.08175920157293604
        ],
        [
            0.6320650221940832,
            0.07053545424906021,
            173.02328849628884
        ],
        [
            0.7926595143986114,
            0.042290719443707235,
            76.13963636363681
        ],
        [
            0.6076485125646719,
            0.03213441591046228,
            107.55921446533404
        ],
        [
            0.6220692848423752,
            0.066970968253008,
            151.6613082513921
        ],
        [
            0.6254385214340735,
            0.05737570111811041,
            209.12987679671525
        ]
    ]
}