{
    "rgb_colors": [
        [
            0.08895583866946666,
            0.10484056134539088,
            0.07134557447311707
        ],
        [
            78.1422654421045,
            108.38861876462752,
            45.02773275706825
        ],
        [
            161.64695945946158,
            211.63809121621455,
            204.94594594594597
        ],
        [
            211.8998771498769,
            204.40786240786503,
            129.9127764127764
        ],
        [
            12.12958775439287,
            100.41772482170532,
            54.063141415898414
        ],
        [
            95.17213391950914,
            151.7514372675047,
            104.46922556645248
        ],
        [
            91.75705218617942,
            188.2447108603623,
            163.97179125528913
        ],
        [
            23.790184049079727,
            69.43838737949174,
            28.095705521472393
        ],
        [
            57.31895994831862,
            131.4286175710577,
            92.40083979328166
        ],
        [
            131.47204851240923,
            158.50540079590792,
            86.09001326511276
        ]
    ],
    "hex_colors": [
        "#000000",
        "#4e6c2d",
        "#a1d3cc",
        "#d3cc81",
        "#0c6436",
        "#5f9768",
        "#5bbca3",
        "#17451c",
        "#39835c",
        "#839e56"
    ],
    "hsl_color_values": [
        [
            0.24570696572443973,
            0.3194850012480056,
            0.10484056134539088
        ],
        [
            0.24622772088686404,
            0.5845713943929047,
            108.38861876462752
        ],
        [
            0.4776888918924285,
            0.23621046414409788,
            211.63809121621455
        ],
        [
            0.15143659861397846,
            0.38691433822357046,
            211.8998771498769
        ],
        [
            0.41249374879121575,
            0.8792086977082052,
            100.41772482170532
        ],
        [
            0.36071994261977397,
            0.3728419602923338,
            151.7514372675047
        ],
        [
            0.4580724969759477,
            0.512565044899223,
            188.2447108603623
        ],
        [
            0.3490532710244488,
            0.6573914667824496,
            69.43838737949174
        ],
        [
            0.4122296629308199,
            0.5638776317697417,
            131.4286175710577
        ],
        [
            0.22888491706269512,
            0.4568638492264213,
            158.50540079590792
        ]
    ]
}