{
    "rgb_colors": [
        [
            0.04822399542920763,
            0.04583077581236239,
            0.04374755871740277
        ],
        [
            166.06097726963802,
            152.93058391180074,
            143.91656458418612
        ],
        [
            83.27616279069782,
            70.0125968992248,
            66.968992248062
        ],
        [
            156.67168674699127,
            143.63481927710842,
            134.59819277108582
        ],
        [
            144.13101131541572,
            131.78005657708627,
            123.73355728429726
        ],
        [
            62.176304654442546,
            35.786318758815234,
            39.02891396332846
        ],
        [
            185.27178939878888,
            173.78584133760228,
            165.75311277125496
        ],
        [
            174.7092497740319,
            162.67475143115396,
            153.96098222356315
        ],
        [
            115.86707746478872,
            104.12147887323944,
            96.56514084507064
        ],
        [
            203.27013251783927,
            192.02140672782875,
            185.45361875637104
        ]
    ],
    "hex_colors": [
        "#000000",
        "#a6988f",
        "#534642",
        "#9c8f86",
        "#90837b",
        "#3e2327",
        "#b9ada5",
        "#aea299",
        "#736860",
        "#cbc0b9"
    ],
    "hsl_color_values": [
        [
            0.0775623272511201,
            0.09282591937816997,
            0.04822399542920763
        ],
        [
            0.06784269133447911,
            0.1333510921683628,
            166.06097726963802
        ],
        [
            0.031107017648107287,
            0.19582038840600116,
            83.27616279069782
        ],
        [
            0.06823135563923126,
            0.14089012784774496,
            156.67168674699127
        ],
        [
            0.06574757876247062,
            0.14152023110752168,
            144.13101131541572
        ],
        [
            0.9795213026553726,
            0.42443799196969045,
            62.176304654442546
        ],
        [
            0.06859010577093454,
            0.10535158477646524,
            185.27178939878888
        ],
        [
            0.06999595818779543,
            0.11875883834029652,
            174.7092497740319
        ],
        [
            0.06524680378832683,
            0.1665868945868926,
            115.86707746478872
        ],
        [
            0.06143914254109819,
            0.08764944234935562,
            203.27013251783927
        ]
    ]
}