{
    "rgb_colors": [
        [
            44.26058631921824,
            44.77633007600434,
            47.45819761129207
        ],
        [
            124.17736544102354,
            124.99699843099543,
            127.31516474520772
        ],
        [
            165.83690188047035,
            166.7695028858697,
            171.36082666170174
        ],
        [
            147.9015648128539,
            148.69581306829897,
            153.4303235356312
        ],
        [
            111.85189404727532,
            112.45649387638377,
            114.32462261463971
        ],
        [
            187.48361581920838,
            188.44519774011235,
            191.66892655367232
        ],
        [
            135.12477355072284,
            136.11194142511886,
            139.9766757246377
        ],
        [
            94.88369120654386,
            95.57924335378311,
            97.90107361963192
        ],
        [
            221.53363228699536,
            222.43408071748865,
            222.71121076233183
        ],
        [
            0.08714802818611389,
            0.08814631357338953,
            0.09309963802628829
        ]
    ],
    "hex_colors": [
        "#2c2c2f",
        "#7c7c7f",
        "#a5a6ab",
        "#939499",
        "#6f7072",
        "#bbbcbf",
        "#87888b",
        "#5e5f61",
        "#dddede",
        "#000000"
    ],
    "hsl_color_values": [
        [
            0.6397849462365591,
            0.06737742798965883,
            47.45819761129207
        ],
        [
            0.6231312187027104,
            0.02464591952155719,
            127.31516474520772
        ],
        [
            0.6385284303481691,
            0.03223563336407477,
            171.36082666170174
        ],
        [
            0.642723731936039,
            0.036034328777866075,
            153.4303235356312
        ],
        [
            0.6259154740308545,
            0.02162901141339733,
            114.32462261463971
        ],
        [
            0.6283747300216039,
            0.02183614636821135,
            191.66892655367232
        ],
        [
            0.6327566715413422,
            0.03466221889323561,
            139.9766757246377
        ],
        [
            0.628247486727665,
            0.030820728532674514,
            97.90107361963192
        ],
        [
            0.539223153084552,
            0.005287468337609361,
            222.71121076233183
        ],
        [
            0.6387110542614022,
            0.06392731450248881,
            0.09309963802628829
        ]
    ]
}