{
    "rgb_colors": [
        [
            0.1661365563998629,
            0.14909351144504512,
            0.12900233248515747
        ],
        [
            125.09648387684429,
            113.76236108580872,
            96.4855164875205
        ],
        [
            148.8239282435216,
            135.50921675259775,
            116.21534006638888
        ],
        [
            44.06592292089248,
            39.99898580121709,
            34.75456389452333
        ],
        [
            92.11721611721609,
            81.97527472527473,
            64.62747252747253
        ],
        [
            196.45537389439983,
            181.16054677030414,
            162.14044492093274
        ],
        [
            136.1052803011096,
            124.69512504071459,
            105.88559950779921
        ],
        [
            111.8654835582725,
            100.8199985086867,
            83.99880694951905
        ],
        [
            167.45889792231281,
            151.97944896115663,
            132.65778380006023
        ],
        [
            181.67357926220828,
            165.1465603190384,
            145.8276503821868
        ]
    ],
    "hex_colors": [
        "#000000",
        "#7d7160",
        "#948774",
        "#2c2722",
        "#5c5140",
        "#c4b5a2",
        "#887c69",
        "#6f6453",
        "#a79784",
        "#b5a591"
    ],
    "hsl_color_values": [
        [
            0.09017368544820721,
            0.22351627311528943,
            0.1661365563998629
        ],
        [
            0.10064231874903966,
            0.2287112035658083,
            125.09648387684429
        ],
        [
            0.09861347252755844,
            0.21910850333002282,
            148.8239282435216
        ],
        [
            0.09387140108194558,
            0.21130520840525646,
            44.06592292089248
        ],
        [
            0.10517742214878689,
            0.2984213456338473,
            92.11721611721609
        ],
        [
            0.09238011179758952,
            0.17467035028480468,
            196.45537389439983
        ],
        [
            0.10373772455090025,
            0.222031656130126,
            136.1052803011096
        ],
        [
            0.1006051767811917,
            0.24910880212873937,
            111.8654835582725
        ],
        [
            0.09253374807303327,
            0.2078188412442404,
            167.45889792231281
        ],
        [
            0.08982382165588539,
            0.19730953188457467,
            181.67357926220828
        ]
    ]
}