{
    "rgb_colors": [
        [
            0.03568418894911929,
            0.034875643418939006,
            0.03392474832410386
        ],
        [
            84.49580472921434,
            115.44012204424294,
            132.67734553775776
        ],
        [
            108.2230522945571,
            41.391675560299014,
            51.962646744931014
        ],
        [
            220.16262482168332,
            220.01426533523565,
            220.3537803138377
        ],
        [
            160.54149986655992,
            157.63424072591624,
            158.22578062450197
        ],
        [
            38.102310231023104,
            37.706270627062764,
            39.80363036303637
        ],
        [
            138.13313609467454,
            135.14604626142804,
            135.71328671328385
        ],
        [
            177.07834101382488,
            174.37874423962865,
            174.67885944700188
        ],
        [
            70.88162878787878,
            78.21496212121153,
            87.66193181818109
        ],
        [
            121.65304914150384,
            95.62226169331083,
            100.87981053878171
        ]
    ],
    "hex_colors": [
        "#000000",
        "#547384",
        "#6c2933",
        "#dcdcdc",
        "#a09d9e",
        "#262527",
        "#8a8787",
        "#b1aeae",
        "#464e57",
        "#795f64"
    ],
    "hsl_color_values": [
        [
            0.09007551238307232,
            0.049305888036972,
            0.03568418894911929
        ],
        [
            0.5596259591130192,
            0.3631482120271373,
            132.67734553775776
        ],
        [
            0.9736377040715836,
            0.6175336521867741,
            108.2230522945571
        ],
        [
            0.7394957983191923,
            0.0015407721987727523,
            220.3537803138377
        ],
        [
            0.9660883401416386,
            0.01810908172067753,
            160.54149986655992
        ],
        [
            0.698137949121422,
            0.05269267443306672,
            39.80363036303637
        ],
        [
            0.9683504412029847,
            0.021624715963874087,
            138.13313609467454
        ],
        [
            0.9814716028308467,
            0.015245211575510944,
            177.07834101382488
        ],
        [
            0.5938299473288214,
            0.19142063929307648,
            87.66193181818109
        ],
        [
            0.9663376245280417,
            0.21397562684939064,
            121.65304914150384
        ]
    ]
}