{
    "rgb_colors": [
        [
            0.1481100627154035,
            0.14399683599158664,
            0.13881010226805301
        ],
        [
            167.28911033737543,
            162.67907311802196,
            149.26954016088393
        ],
        [
            134.54727849837377,
            128.2338649633561,
            113.35146361534308
        ],
        [
            205.43914735538652,
            201.30550150362234,
            190.381744206612
        ],
        [
            99.19480994152048,
            91.95486111111136,
            74.28764619883049
        ],
        [
            150.02620830496937,
            142.970132743364,
            127.00774336283249
        ],
        [
            47.7277566539924,
            50.28212927756668,
            40.73688212927765
        ],
        [
            222.84296495399565,
            219.66442675487878,
            203.17533340224992
        ],
        [
            187.0693641618497,
            182.7737957610812,
            169.57662170841627
        ],
        [
            122.14824454855689,
            116.8984903696005,
            102.11996066863375
        ]
    ],
    "hex_colors": [
        "#000000",
        "#a7a295",
        "#868071",
        "#cdc9be",
        "#635b4a",
        "#968e7f",
        "#2f3228",
        "#dedbcb",
        "#bbb6a9",
        "#7a7466"
    ],
    "hsl_color_values": [
        [
            0.0929526125925854,
            0.06279087508875443,
            0.1481100627154035
        ],
        [
            0.1240274955303154,
            0.10771514141088476,
            167.28911033737543
        ],
        [
            0.11702311226800899,
            0.1575343263690531,
            134.54727849837377
        ],
        [
            0.1209123643818067,
            0.07329373852358774,
            205.43914735538652
        ],
        [
            0.11822043847034454,
            0.251093416655305,
            99.19480994152048
        ],
        [
            0.11557670056522934,
            0.1534296254114851,
            150.02620830496937
        ],
        [
            0.2112677926492479,
            0.18983378956761146,
            50.28212927756668
        ],
        [
            0.13973122377280908,
            0.08825780771587728,
            222.84296495399565
        ],
        [
            0.125739518239221,
            0.09350939172647729,
            187.0693641618497
        ],
        [
            0.12298049589578264,
            0.16396702182618275,
            122.14824454855689
        ]
    ]
}