{
    "rgb_colors": [
        [
            0.056242990657292324,
            0.06852336449578189,
            0.07206230528820257
        ],
        [
            7.586133229752958,
            56.44591182753895,
            97.80928335598949
        ],
        [
            193.88728813559194,
            208.62542372881214,
            207.440677966103
        ],
        [
            165.53051017005617,
            172.80593531177033,
            169.01867289096327
        ],
        [
            30.50973845297723,
            43.863661658319415,
            50.21368948247105
        ],
        [
            52.99712726228181,
            120.92301062913056,
            151.84831944843165
        ],
        [
            30.567769477054355,
            88.8463180362842,
            123.16862326574001
        ],
        [
            122.69641465315507,
            122.91166536762505,
            115.03065731359189
        ],
        [
            149.93518658407405,
            147.46638465024577,
            136.90481945913598
        ],
        [
            86.87663660168644,
            93.66744253709525,
            89.30899039860493
        ]
    ],
    "hex_colors": [
        "#000000",
        "#073861",
        "#c1d0cf",
        "#a5aca9",
        "#1e2b32",
        "#347897",
        "#1e587b",
        "#7a7a73",
        "#959388",
        "#565d59"
    ],
    "hsl_color_values": [
        [
            0.5372850201898732,
            0.21952273893602522,
            0.07206230528820257
        ],
        [
            0.5764093832358558,
            0.9224395377467163,
            97.80928335598949
        ],
        [
            0.4866022655396778,
            0.0706440055569545,
            208.62542372881214
        ],
        [
            0.41324075347174505,
            0.04210170865131506,
            172.80593531177033
        ],
        [
            0.5537119671637312,
            0.39240197708181174,
            50.21368948247105
        ],
        [
            0.5521411833541078,
            0.6509864089718829,
            151.84831944843165
        ],
        [
            0.5617746378231367,
            0.7518217816634722,
            123.16862326574001
        ],
        [
            0.171218764422736,
            0.06411928461355808,
            122.91166536762505
        ],
        [
            0.1350891228395326,
            0.08690666561869033,
            149.93518658407405
        ],
        [
            0.3930305626964355,
            0.0724991069625867,
            93.66744253709525
        ]
    ]
}