{
    "rgb_colors": [
        [
            0.10917806093419102,
            0.11550597444695399,
            0.10623825369274442
        ],
        [
            147.89367039752992,
            148.20841373986877,
            144.24035121574272
        ],
        [
            72.53012600229096,
            73.22016036655212,
            71.34891179839619
        ],
        [
            169.21524107783648,
            168.50492594767405,
            164.17452860965113
        ],
        [
            32.7667093938839,
            35.14722578282366,
            30.55557590184868
        ],
        [
            133.003799701452,
            134.22458949653958,
            131.16175871895155
        ],
        [
            103.43210412147505,
            104.4885032537961,
            101.87028199566231
        ],
        [
            51.78680919725696,
            52.57301331181928,
            50.43505445744235
        ],
        [
            16.22042139384117,
            17.74953247724723,
            15.295100361554091
        ],
        [
            160.99264836927463,
            160.1886027446088,
            155.54183746213633
        ]
    ],
    "hex_colors": [
        "#000000",
        "#939490",
        "#484947",
        "#a9a8a4",
        "#20231e",
        "#858683",
        "#676865",
        "#333432",
        "#10110f",
        "#a0a09b"
    ],
    "hsl_color_values": [
        [
            0.2804651161557839,
            0.08023585618478771,
            0.11550597444695399
        ],
        [
            0.17988652482268108,
            0.02677353075980346,
            148.20841373986877
        ],
        [
            0.2281260202415881,
            0.025556466399256125,
            73.22016036655212
        ],
        [
            0.14318072975313148,
            0.029788761556452797,
            169.21524107783648
        ],
        [
            0.25307411100031746,
            0.13064046389740683,
            35.14722578282366
        ],
        [
            0.23309703145755334,
            0.022818701022490333,
            134.22458949653958
        ],
        [
            0.23391328362332695,
            0.02505750562599494,
            104.4885032537961
        ],
        [
            0.2279559748427625,
            0.04066646972842024,
            52.57301331181928
        ],
        [
            0.2704999915343101,
            0.1382815079123591,
            17.74953247724723
        ],
        [
            0.14208177344729675,
            0.03385751437938696,
            160.99264836927463
        ]
    ]
}