{
    "rgb_colors": [
        [
            0.07687089197525765,
            0.07454767710444443,
            0.06915244257506004
        ],
        [
            125.58813654168864,
            123.60996082820496,
            120.81253497481696
        ],
        [
            173.62120309708084,
            171.56551518761265,
            168.46337105419772
        ],
        [
            83.21020358106497,
            81.14422369389216,
            78.2205052734858
        ],
        [
            196.08066011496712,
            193.8455405154794,
            190.69274986093495
        ],
        [
            103.3332557056347,
            101.2515137401034,
            98.34583139264008
        ],
        [
            31.07252494244052,
            29.862624712202617,
            27.37029930928626
        ],
        [
            212.5895937927935,
            209.91401186672334,
            206.34997717937347
        ],
        [
            149.27859146151312,
            147.2256154565298,
            144.21315051417758
        ],
        [
            60.37988247493955,
            58.45385413066012,
            55.535430349118684
        ]
    ],
    "hex_colors": [
        "#000000",
        "#7d7b78",
        "#adaba8",
        "#53514e",
        "#c4c1be",
        "#676562",
        "#1f1d1b",
        "#d4d1ce",
        "#959390",
        "#3c3a37"
    ],
    "hsl_color_values": [
        [
            0.11650082915285771,
            0.10040795939615144,
            0.07687089197525765
        ],
        [
            0.09762909147731702,
            0.03802589717768794,
            125.58813654168864
        ],
        [
            0.10024056966903787,
            0.029707385681454455,
            173.62120309708084
        ],
        [
            0.09765849022592991,
            0.05996498137056131,
            83.21020358106497
        ],
        [
            0.09752670039325496,
            0.027478029964164208,
            196.08066011496712
        ],
        [
            0.09710029884205085,
            0.04826543283608801,
            103.3332557056347
        ],
        [
            0.112199419568823,
            0.1191478851497376,
            31.07252494244052
        ],
        [
            0.09519908321729333,
            0.02935052700416581,
            212.5895937927935
        ],
        [
            0.09911822003494729,
            0.03393280240483445,
            149.27859146151312
        ],
        [
            0.10040432869543958,
            0.08023288431923559,
            60.37988247493955
        ]
    ]
}