{
    "rgb_colors": [
        [
            41.78376580172981,
            39.5435795076513,
            34.10046573519625
        ],
        [
            173.73266830137766,
            170.12773071778446,
            163.2600869371337
        ],
        [
            149.94239385534524,
            146.5914230851299,
            137.23362491999222
        ],
        [
            207.65985896143687,
            201.75556369630308,
            191.06951186005523
        ],
        [
            125.76813186813197,
            121.68901098901107,
            110.25714285714287
        ],
        [
            164.28671060699048,
            160.8882587369718,
            153.94129368485588
        ],
        [
            195.53637755101295,
            190.8292857142772,
            181.31061224489017
        ],
        [
            85.92317541613316,
            82.26248399487837,
            73.41997439180537
        ],
        [
            184.10872982602666,
            180.390746174801,
            172.61208342066234
        ],
        [
            0.13963604248246497,
            0.13334147554085973,
            0.11791508909553272
        ]
    ],
    "hex_colors": [
        "#292722",
        "#adaaa3",
        "#959289",
        "#cfc9bf",
        "#7d796e",
        "#a4a099",
        "#c3beb5",
        "#555249",
        "#b8b4ac",
        "#000000"
    ],
    "hsl_color_values": [
        [
            0.1180723934880497,
            0.18388242225442192,
            41.78376580172981
        ],
        [
            0.10929562225060434,
            0.06027986254189653,
            173.73266830137766
        ],
        [
            0.1227210153443254,
            0.08475767665556695,
            149.94239385534524
        ],
        [
            0.10735210230931942,
            0.07989193089292486,
            207.65985896143687
        ],
        [
            0.12283622623686381,
            0.12333004220220425,
            125.76813186813197
        ],
        [
            0.11191695002728703,
            0.06297172110824648,
            164.28671060699048
        ],
        [
            0.11151917271883893,
            0.07275252556221391,
            195.53637755101295
        ],
        [
            0.1178699436763954,
            0.1455160492355379,
            85.92317541613316
        ],
        [
            0.11276712761658246,
            0.06244487383204512,
            184.10872982602666
        ],
        [
            0.11836793541029854,
            0.15555406040428205,
            0.13963604248246497
        ]
    ]
}