{
    "rgb_colors": [
        [
            0.030111595690097026,
            0.02693154609201276,
            0.023094108089618537
        ],
        [
            131.40421455938696,
            135.7183908045977,
            126.02681992337165
        ],
        [
            72.07388316151203,
            65.40378006872852,
            50.90549828178694
        ],
        [
            205.3368283093054,
            121.86762778505899,
            19.926605504587155
        ],
        [
            181.4895238095238,
            104.2552380952381,
            32.375238095238096
        ],
        [
            105.33210671573137,
            96.12235510579576,
            79.39466421343147
        ],
        [
            172.34455667789,
            180.1223344556678,
            171.49607182940517
        ],
        [
            35.02363636363636,
            30.22,
            24.18
        ],
        [
            198.16311475409836,
            144.54262295081966,
            32.06598360655738
        ],
        [
            187.66355140186914,
            123.3341121495327,
            65.30257009345794
        ]
    ],
    "hex_colors": [
        "#000000",
        "#83877e",
        "#484132",
        "#cd7913",
        "#b56820",
        "#69604f",
        "#acb4ab",
        "#231e18",
        "#c69020",
        "#bb7b41"
    ],
    "hsl_color_values": [
        [
            0.09113988321909221,
            0.23304934327297608,
            0.030111595690097026
        ],
        [
            0.24085787705080083,
            0.07140941491989557,
            135.7183908045977
        ],
        [
            0.1141504329004329,
            0.2937039597587432,
            72.07388316151203
        ],
        [
            0.09163556422653886,
            0.9029564950980393,
            205.3368283093054
        ],
        [
            0.08034106150603565,
            0.8216137360676727,
            181.4895238095238
        ],
        [
            0.10748740866851098,
            0.2462444102850754,
            105.33210671573137
        ],
        [
            0.31693989071038264,
            0.04789113272560745,
            180.1223344556678
        ],
        [
            0.09283478649675832,
            0.3096090951565177,
            35.02363636363636
        ],
        [
            0.11286231392356338,
            0.8381838938777874,
            198.16311475409836
        ],
        [
            0.07904418199813508,
            0.6520231573705179,
            187.66355140186914
        ]
    ]
}