{
    "rgb_colors": [
        [
            0.04591738600337614,
            0.050685147083177284,
            0.053273027184218336
        ],
        [
            153.6658954187818,
            158.3442850532103,
            164.55113373437612
        ],
        [
            193.72665534804636,
            200.4380305602704,
            207.46859083191714
        ],
        [
            2.1756066411235553,
            89.7383993188575,
            134.54895700297365
        ],
        [
            4.858217208582152,
            73.74231364742677,
            109.61358106613181
        ],
        [
            47.26816786079837,
            125.95905834186182,
            163.5414534288623
        ],
        [
            132.856476442235,
            137.59726325610512,
            142.74731767999023
        ],
        [
            35.32102272727286,
            44.261363636363605,
            49.802083333333144
        ],
        [
            96.0461346633416,
            101.5985037406484,
            101.27556109725685
        ],
        [
            39.07486305538673,
            93.76141205112431,
            124.80401704199697
        ]
    ],
    "hex_colors": [
        "#000000",
        "#999ea4",
        "#c1c8cf",
        "#025986",
        "#04496d",
        "#2f7da3",
        "#84898e",
        "#232c31",
        "#606565",
        "#275d7c"
    ],
    "hsl_color_values": [
        [
            0.5586370840514715,
            0.13807439842692557,
            0.053273027184218336
        ],
        [
            0.5950346469412892,
            0.0661510988624706,
            164.55113373437612
        ],
        [
            0.5852689234824148,
            0.06623622124567255,
            207.46859083191714
        ],
        [
            0.556419409649077,
            0.9838303715644896,
            134.54895700297365
        ],
        [
            0.5570714887489104,
            0.9556786927191887,
            109.61358106613181
        ],
        [
            0.5538707793789265,
            0.7109713355864286,
            163.5414534288623
        ],
        [
            0.5867815369136039,
            0.0692891565215148,
            142.74731767999023
        ],
        [
            0.5637697270904173,
            0.29077218535490323,
            49.802083333333144
        ],
        [
            0.490306160640766,
            0.05465010677204839,
            101.5985037406484
        ],
        [
            0.5603501522864306,
            0.6869102134570083,
            124.80401704199697
        ]
    ]
}