{
    "rgb_colors": [
        [
            0.09480067243035961,
            0.0947873305524567,
            0.09193216992208164
        ],
        [
            213.95659432387313,
            231.13522537562557,
            229.01001669449082
        ],
        [
            148.56524227394124,
            157.1522319725308,
            160.46871423120947
        ],
        [
            55.0418410041841,
            55.1956066945606,
            53.10564853556485
        ],
        [
            135.33294674784963,
            139.4515318449815,
            139.0884314293998
        ],
        [
            188.222,
            199.12950000000046,
            200.0645
        ],
        [
            156.96075422056566,
            150.14360885770495,
            133.68625301468978
        ],
        [
            110.90519323671498,
            114.02355072463945,
            112.2987117552335
        ],
        [
            179.09048040082521,
            176.9858532272346,
            165.94488653109343
        ],
        [
            126.8932972433934,
            128.469691573477,
            125.12928271244391
        ]
    ],
    "hex_colors": [
        "#000000",
        "#d5e7e5",
        "#949da0",
        "#373735",
        "#878b8b",
        "#bcc7c8",
        "#9c9685",
        "#6e7270",
        "#b3b0a5",
        "#7e807d"
    ],
    "hsl_color_values": [
        [
            0.16589147253288578,
            0.030258250650966285,
            0.09480067243035961
        ],
        [
            0.47938127632005584,
            0.07432286023835123,
            231.13522537562557
        ],
        [
            0.5464357831981621,
            0.07417939387310887,
            160.46871423120947
        ],
        [
            0.17892892892892406,
            0.03786457444993914,
            55.1956066945606
        ],
        [
            0.48530642574984645,
            0.02953416891619529,
            139.4515318449815
        ],
        [
            0.5131588206318985,
            0.059193410125234616,
            200.0645
        ],
        [
            0.11784968520872348,
            0.1482822971987628,
            156.96075422056566
        ],
        [
            0.407812634477968,
            0.027348363282030486,
            114.02355072463945
        ],
        [
            0.13998311025419455,
            0.07340196888360802,
            179.09048040082521
        ],
        [
            0.24531943022867297,
            0.02600153250249365,
            128.469691573477
        ]
    ]
}