{
    "rgb_colors": [
        [
            0.0362599235494212,
            0.03717730078711057,
            0.03966480447856213
        ],
        [
            206.30123796423678,
            210.75515818431936,
            216.49656121045365
        ],
        [
            149.0963045912666,
            152.35178371460668,
            157.74020156774893
        ],
        [
            5.673728813559402,
            78.2081567796626,
            116.45444915254379
        ],
        [
            34.533996683250464,
            35.76782752902159,
            38.046434494195644
        ],
        [
            168.43604135894162,
            172.02658788774525,
            178.62481536188508
        ],
        [
            114.76333841463469,
            123.41920731707367,
            129.96951219512158
        ],
        [
            134.91737430921162,
            139.14624612481975,
            144.4295727186909
        ],
        [
            42.0086281276961,
            101.08369283865352,
            131.65487489214908
        ],
        [
            75.52280130293151,
            80.7442996742671,
            86.58957654723119
        ]
    ],
    "hex_colors": [
        "#000000",
        "#ced2d8",
        "#95989d",
        "#054e74",
        "#222326",
        "#a8acb2",
        "#727b81",
        "#868b90",
        "#2a6583",
        "#4b5056"
    ],
    "hsl_color_values": [
        [
            0.6217616583966308,
            0.0858413642497894,
            0.03966480447856213
        ],
        [
            0.5938568087785532,
            0.04709231033146122,
            216.49656121045365
        ],
        [
            0.6038963843083479,
            0.054798313242739184,
            157.74020156774893
        ],
        [
            0.5575405363193299,
            0.951279415644074,
            116.45444915254379
        ],
        [
            0.6081208687440975,
            0.0923197628803045,
            38.046434494195644
        ],
        [
            0.6079329641334286,
            0.05704008137000174,
            178.62481536188508
        ],
        [
            0.5717943577019738,
            0.11699800609898464,
            129.96951219512158
        ],
        [
            0.5925710749929639,
            0.06586046216453488,
            144.4295727186909
        ],
        [
            0.5568367019570116,
            0.6809185519175851,
            131.65487489214908
        ],
        [
            0.5880304145204795,
            0.12780724523191528,
            86.58957654723119
        ]
    ]
}