{
    "rgb_colors": [
        [
            0.05898717286244093,
            0.060535491745508097,
            0.06438111303081584
        ],
        [
            13.713130749930963,
            48.277669361582724,
            102.42180094786504
        ],
        [
            213.13881215469243,
            216.86395027623934,
            223.7962707182287
        ],
        [
            43.47701863354041,
            44.84968944099384,
            48.8906832298137
        ],
        [
            19.420095693779636,
            77.60765550239299,
            131.4293460925025
        ],
        [
            130.4694608012896,
            135.55594042257994,
            144.6278720701946
        ],
        [
            150.7265359215438,
            154.62997798678276,
            162.42965779466732
        ],
        [
            93.87978927203233,
            98.68917624521247,
            105.44779693486728
        ],
        [
            72.91224489795871,
            109.39387755102062,
            148.14489795918473
        ],
        [
            172.79398148147743,
            176.48280423279994,
            185.18998015872512
        ]
    ],
    "hex_colors": [
        "#000000",
        "#0d3066",
        "#d5d8df",
        "#2b2c30",
        "#134d83",
        "#828790",
        "#969aa2",
        "#5d6269",
        "#486d94",
        "#acb0b9"
    ],
    "hsl_color_values": [
        [
            0.6188253597328511,
            0.08378140598148896,
            0.06438111303081584
        ],
        [
            0.6017264931478729,
            0.8661112124272131,
            102.42180094786504
        ],
        [
            0.6084110938310033,
            0.0476212518168123,
            223.7962707182287
        ],
        [
            0.6244072204375092,
            0.11072998450085111,
            48.8906832298137
        ],
        [
            0.5800851870098804,
            0.8522392732585659,
            131.4293460925025
        ],
        [
            0.6067908382670334,
            0.09789545449464439,
            144.6278720701946
        ],
        [
            0.6110769116771128,
            0.07205040035187299,
            162.42965779466732
        ],
        [
            0.5973751759542907,
            0.10970364482797355,
            105.44779693486728
        ],
        [
            0.5858470775462964,
            0.5078315493656306,
            148.14489795918473
        ],
        [
            0.6170697113995183,
            0.06693665967577274,
            185.18998015872512
        ]
    ]
}