{
    "rgb_colors": [
        [
            0.04915421598937364,
            0.05102916455834183,
            0.054620366996203984
        ],
        [
            21.052706552706553,
            114.51424501424427,
            163.78347578347578
        ],
        [
            48.47378104875805,
            58.967801287948376,
            80.885004599816
        ],
        [
            5.2480124103160755,
            33.535970525500886,
            87.22997866976925
        ],
        [
            13.42171052631579,
            13.85157894736826,
            14.515789473684212
        ],
        [
            85.77939835916135,
            110.95168641750227,
            143.36554238833182
        ],
        [
            27.47069351230425,
            28.373601789708808,
            29.668456375838925
        ],
        [
            12.59085009733939,
            60.289097988319796,
            114.69630110317975
        ],
        [
            111.82103825136612,
            155.6448087431699,
            182.91120218579235
        ],
        [
            50.59300039323633,
            86.71883602044913,
            123.9441604404247
        ]
    ],
    "hex_colors": [
        "#000000",
        "#1572a3",
        "#303a50",
        "#052157",
        "#0d0d0e",
        "#556e8f",
        "#1b1c1d",
        "#0c3c72",
        "#6f9bb6",
        "#32567b"
    ],
    "hsl_color_values": [
        [
            0.609498207952137,
            0.10007532551383684,
            0.054620366996203984
        ],
        [
            0.5575316626246304,
            0.8714601308099081,
            163.78347578347578
        ],
        [
            0.6127037741383067,
            0.40070744523554963,
            80.885004599816
        ],
        [
            0.609158169359547,
            0.9398370549856061,
            87.22997866976925
        ],
        [
            0.601182601723817,
            0.07537164612037711,
            14.515789473684212
        ],
        [
            0.59381265961713,
            0.4016735337504451,
            143.36554238833182
        ],
        [
            0.5981948968512762,
            0.07407742538720229,
            29.668456375838925
        ],
        [
            0.5888088451349313,
            0.8902244451108081,
            114.69630110317975
        ],
        [
            0.5639244398324289,
            0.38865943192596963,
            182.91120218579235
        ],
        [
            0.5845824487666084,
            0.5918081157397125,
            123.9441604404247
        ]
    ]
}