{
    "rgb_colors": [
        [
            0.05572830926418959,
            0.05664288762880432,
            0.056444728995145965
        ],
        [
            121.5952638700955,
            122.54032476319351,
            118.52611637347829
        ],
        [
            72.699474079639,
            64.71055597295268,
            52.296393688955874
        ],
        [
            200.66553595658223,
            201.4654002713704,
            202.14111261872614
        ],
        [
            158.3906727828668,
            160.05455935501806,
            161.10501807060535
        ],
        [
            28.46559633027548,
            29.569954128440365,
            25.793004587156208
        ],
        [
            176.09175759169347,
            177.20441698435653,
            180.15945839358614
        ],
        [
            96.01735579377169,
            98.15173557937723,
            86.52679938744163
        ],
        [
            142.95658484255512,
            144.93172209250963,
            142.33646747018176
        ],
        [
            168.62903225806295,
            74.58455522971653,
            38.00830889540567
        ]
    ],
    "hex_colors": [
        "#000000",
        "#797a76",
        "#484034",
        "#c8c9ca",
        "#9ea0a1",
        "#1c1d19",
        "#b0b1b4",
        "#606256",
        "#8e908e",
        "#a84a26"
    ],
    "hsl_color_values": [
        [
            0.4638888910771782,
            0.016146393711567075,
            0.05664288762880432
        ],
        [
            0.2059048261138008,
            0.032758264656737215,
            122.54032476319351
        ],
        [
            0.1014075819785331,
            0.2806496284736871,
            72.699474079639
        ],
        [
            0.576321839080635,
            0.007299735531421094,
            202.14111261872614
        ],
        [
            0.5645004352941947,
            0.016848297590264835,
            161.10501807060535
        ],
        [
            0.21539901826829824,
            0.12772929998060056,
            29.569954128440365
        ],
        [
            0.6210774650163818,
            0.022578336092719316,
            180.15945839358614
        ],
        [
            0.19726726166299588,
            0.1184384170418901,
            98.15173557937723
        ],
        [
            0.2935095355038722,
            0.017906739703757373,
            144.93172209250963
        ],
        [
            0.04666978484565073,
            0.7746040027245171,
            168.62903225806295
        ]
    ]
}