{
    "rgb_colors": [
        [
            0.039267877080327196,
            0.03587754862477155,
            0.03023091838533354
        ],
        [
            191.31611893583707,
            188.72378716744905,
            182.3528951486698
        ],
        [
            76.56214496705397,
            72.64712565326182,
            64.60577141558737
        ],
        [
            137.25458115183167,
            130.9159031413605,
            121.34162303664922
        ],
        [
            161.93138936534922,
            158.2156946826735,
            149.6573756432247
        ],
        [
            38.13718855736697,
            35.63457397723799,
            30.63057520762842
        ],
        [
            116.15508528111206,
            109.16708780795979,
            100.35123183828173
        ],
        [
            58.92460589444919,
            55.08407585104015,
            48.0603152844414
        ],
        [
            237.16499442586485,
            235.43366778149465,
            225.48717948717947
        ],
        [
            95.35928961748702,
            90.38060109289698,
            81.48579234972678
        ]
    ],
    "hex_colors": [
        "#000000",
        "#bfbcb6",
        "#4c4840",
        "#898279",
        "#a19e95",
        "#26231e",
        "#746d64",
        "#3a3730",
        "#edebe1",
        "#5f5a51"
    ],
    "hsl_color_values": [
        [
            0.10413957523427582,
            0.2301361664270127,
            0.039267877080327196
        ],
        [
            0.11846355303361038,
            0.04685033251261657,
            191.31611893583707
        ],
        [
            0.11209299379197468,
            0.1561656032052346,
            76.56214496705397
        ],
        [
            0.10027760641578976,
            0.11593753725115709,
            137.25458115183167
        ],
        [
            0.11621190417961387,
            0.07579761879540181,
            161.93138936534922
        ],
        [
            0.11110200513577488,
            0.19683184927087377,
            38.13718855736697
        ],
        [
            0.09297158655607828,
            0.13605821393512582,
            116.15508528111206
        ],
        [
            0.10774994917951218,
            0.18437612683348006,
            58.92460589444919
        ],
        [
            0.1419570405727931,
            0.049239201455321555,
            237.16499442586485
        ],
        [
            0.10685612252266886,
            0.14548658367119502,
            95.35928961748702
        ]
    ]
}