{
    "rgb_colors": [
        [
            0.11574026243059876,
            0.1160416020938797,
            0.12158625202476969
        ],
        [
            170.7905308464838,
            80.68388330942133,
            81.23529411764696
        ],
        [
            124.39770276099925,
            125.25339732528042,
            122.79939603106098
        ],
        [
            165.1456704903025,
            165.8098670185768,
            163.25662369302316
        ],
        [
            73.75641025641016,
            68.17879417879418,
            64.61677061677089
        ],
        [
            216.84756791932261,
            202.61493411420207,
            162.95575077273477
        ],
        [
            141.33359035468618,
            143.28031683723538,
            142.4854899761628
        ],
        [
            189.60554284945118,
            192.25642405489037,
            194.0665949145657
        ],
        [
            105.5335977423498,
            105.21302722904431,
            98.98123712912498
        ],
        [
            220.29848311857668,
            223.06051215136193,
            225.5358016636765
        ]
    ],
    "hex_colors": [
        "#000000",
        "#aa5051",
        "#7c7d7a",
        "#a5a5a3",
        "#494440",
        "#d8caa2",
        "#8d8f8e",
        "#bdc0c2",
        "#696962",
        "#dcdfe1"
    ],
    "hsl_color_values": [
        [
            0.6580756015605008,
            0.04808100831153163,
            0.12158625202476969
        ],
        [
            0.9989800774539621,
            0.5275857337667943,
            170.7905308464838
        ],
        [
            0.22478226792957892,
            0.019592293276057403,
            125.25339732528042
        ],
        [
            0.21002305979658678,
            0.015398621152428646,
            165.8098670185768
        ],
        [
            0.06495557998761303,
            0.12391654647868312,
            73.75641025641016
        ],
        [
            0.12265060337946043,
            0.24852396392399523,
            216.84756791932261
        ],
        [
            0.43195184598371084,
            0.013586838203049564,
            143.28031683723538
        ],
        [
            0.5676286980908567,
            0.022987222850374772,
            194.0665949145657
        ],
        [
            0.15851259486902916,
            0.0620879108966017,
            105.5335977423498
        ],
        [
            0.5787708917263433,
            0.023221672596840322,
            225.5358016636765
        ]
    ]
}