{
    "rgb_colors": [
        [
            0.08457247403275403,
            0.08233933023716844,
            0.08115549496892882
        ],
        [
            210.76052802825745,
            183.26773263921186,
            77.91958724551694
        ],
        [
            165.37700868945274,
            132.8094869658334,
            1.428550172599043
        ],
        [
            201.1854581673289,
            168.5902390438263,
            52.676892430279466
        ],
        [
            198.94689137515803,
            159.5378841523871,
            11.185101260444604
        ],
        [
            114.64725738396615,
            103.0168776371309,
            58.83966244725727
        ],
        [
            183.55090280445864,
            151.50749135612728,
            38.619285439877906
        ],
        [
            149.4105108416021,
            117.46710768100003,
            7.660786475560419
        ],
        [
            178.44106100795682,
            144.24726790451788,
            3.3554907161803404
        ],
        [
            53.90313390313388,
            50.94159544159544,
            43.78917378917386
        ]
    ],
    "hex_colors": [
        "#000000",
        "#d2b74d",
        "#a58401",
        "#c9a834",
        "#c69f0b",
        "#72673a",
        "#b79726",
        "#957507",
        "#b29003",
        "#35322b"
    ],
    "hsl_color_values": [
        [
            0.05774278225136629,
            0.04040296920368972,
            0.08457247403275403
        ],
        [
            0.13217329031867056,
            0.630293262336722,
            210.76052802825745
        ],
        [
            0.1335591868137109,
            0.9913618574678564,
            165.37700868945274
        ],
        [
            0.13008603918823108,
            0.738167495254715,
            201.1854581673289
        ],
        [
            0.13168527952475143,
            0.9437784567372172,
            198.94689137515803
        ],
        [
            0.13193310348999032,
            0.48677653709415103,
            114.64725738396615
        ],
        [
            0.12981778115890683,
            0.789599043917425,
            183.55090280445864
        ],
        [
            0.12910821249275198,
            0.9487265893650412,
            149.4105108416021
        ],
        [
            0.13411706530464343,
            0.9811955236242924,
            178.44106100795682
        ],
        [
            0.11786384976525814,
            0.18763213530655223,
            53.90313390313388
        ]
    ]
}