{
    "rgb_colors": [
        [
            0.04355281915663056,
            0.043848956288783825,
            0.04612163660625157
        ],
        [
            174.47000521648408,
            177.99843505477307,
            179.7404799165342
        ],
        [
            127.13745158406991,
            128.23885192173998,
            128.5037243023134
        ],
        [
            102.9655477031802,
            102.61285335689045,
            101.35799469964621
        ],
        [
            199.46178756476684,
            202.7694300518135,
            203.33613989637183
        ],
        [
            36.65384615384615,
            37.044871794871796,
            38.92628205128206
        ],
        [
            156.89866335094808,
            159.6380167858253,
            161.5470935654302
        ],
        [
            140.5885694412242,
            142.21782981683282,
            143.46997449571077
        ],
        [
            79.24725877192982,
            78.25548245614036,
            78.72697368421024
        ],
        [
            114.96380668511816,
            115.54087715563125,
            114.56844794549633
        ]
    ],
    "hex_colors": [
        "#000000",
        "#aeb1b3",
        "#7f8080",
        "#666665",
        "#c7cacb",
        "#242526",
        "#9c9fa1",
        "#8c8e8f",
        "#4f4e4e",
        "#727372"
    ],
    "hsl_color_values": [
        [
            0.6474530831169706,
            0.055696580577819677,
            0.04612163660625157
        ],
        [
            0.5550881707658634,
            0.029322691819325127,
            179.7404799165342
        ],
        [
            0.5323108235806621,
            0.010632164364584857,
            128.5037243023134
        ],
        [
            0.13010028850117747,
            0.015612532923809647,
            102.9655477031802
        ],
        [
            0.5243786916304013,
            0.019053928797800133,
            203.33613989637183
        ],
        [
            0.6379877762106253,
            0.05837793330588738,
            38.92628205128206
        ],
        [
            0.5684487985376655,
            0.028774458963567798,
            161.5470935654302
        ],
        [
            0.5724267417689312,
            0.020083679979832444,
            143.46997449571077
        ],
        [
            0.9207665376820096,
            0.012514960531868425,
            79.24725877192982
        ],
        [
            0.2655719759167228,
            0.008416321860055438,
            115.54087715563125
        ]
    ]
}