{
    "rgb_colors": [
        [
            33.49849370902,
            37.40510366826171,
            48.59826333510546
        ],
        [
            182.98150943395996,
            184.7086792452855,
            192.22566037735575
        ],
        [
            65.49244241842338,
            66.88087811900344,
            70.87344049903903
        ],
        [
            95.47802653399559,
            30.439676616914895,
            35.82276119402933
        ],
        [
            153.2742224880424,
            103.51824162679787,
            105.4718899521493
        ],
        [
            0.09291764673126224,
            0.09439965194112432,
            0.10030047994420599
        ],
        [
            120.15688775510131,
            126.42187500000064,
            135.40656887755048
        ],
        [
            88.9508393285365,
            93.81277834875044,
            101.22644741349629
        ],
        [
            120.3987357774966,
            65.79140328697741,
            69.48520859671352
        ],
        [
            150.12557816835832,
            151.60545790934842,
            159.83001850138118
        ]
    ],
    "hex_colors": [
        "#212530",
        "#b6b8c0",
        "#414246",
        "#5f1e23",
        "#996769",
        "#000000",
        "#787e87",
        "#585d65",
        "#784145",
        "#96979f"
    ],
    "hsl_color_values": [
        [
            0.6235466935811956,
            0.3107059509918327,
            48.59826333510546
        ],
        [
            0.635526799199814,
            0.04809009850843389,
            192.22566037735575
        ],
        [
            0.6236623863027159,
            0.07592404210557006,
            70.87344049903903
        ],
        [
            0.9862053578543083,
            0.681186575362692,
            95.47802653399559
        ],
        [
            0.9934559012084745,
            0.3246206704139452,
            153.2742224880424
        ],
        [
            0.6332105582613868,
            0.07360715738399846,
            0.10030047994420599
        ],
        [
            0.5981954289776744,
            0.11262142781447786,
            135.40656887755048
        ],
        [
            0.600655829205305,
            0.12126878299715087,
            101.22644741349629
        ],
        [
            0.9887261620333453,
            0.45355403557921486,
            120.3987357774966
        ],
        [
            0.6412508142285774,
            0.06071725714615367,
            159.83001850138118
        ]
    ]
}