{
    "rgb_colors": [
        [
            0.06015562227028681,
            0.06102958795900548,
            0.06501881845476731
        ],
        [
            171.30839612486713,
            174.09651955507877,
            182.69339791890923
        ],
        [
            99.48128342245968,
            101.465240641711,
            106.92981283422459
        ],
        [
            156.72104801792173,
            159.2435959871433,
            167.7791954806662
        ],
        [
            199.1571313456887,
            202.11845286059597,
            209.47542304593068
        ],
        [
            145.48418691588438,
            147.7161869158843,
            155.0411214953271
        ],
        [
            28.974567650050865,
            29.419125127161756,
            31.178026449643948
        ],
        [
            66.45783132530117,
            67.4927710843373,
            71.59518072289157
        ],
        [
            123.51507776954475,
            124.95630092053406,
            128.79187387578034
        ],
        [
            135.07090103396905,
            137.46346337648347,
            143.32426796420194
        ]
    ],
    "hex_colors": [
        "#000000",
        "#abaeb6",
        "#63656a",
        "#9c9fa7",
        "#c7cad1",
        "#91939b",
        "#1c1d1f",
        "#424347",
        "#7b7c80",
        "#87898f"
    ],
    "hsl_color_values": [
        [
            0.6367149759278448,
            0.07479674808092304,
            0.06501881845476731
        ],
        [
            0.6258509297195031,
            0.0623175326734876,
            182.69339791890923
        ],
        [
            0.6222740734093168,
            0.0696581169866304,
            106.92981283422459
        ],
        [
            0.628647218747984,
            0.065908931265669,
            167.7791954806662
        ],
        [
            0.6188337888845524,
            0.04925776757104122,
            209.47542304593068
        ],
        [
            0.6277420515709257,
            0.061641289015900005,
            155.0411214953271
        ],
        [
            0.6330409356725143,
            0.07067345340642131,
            31.178026449643948
        ],
        [
            0.6330909943714828,
            0.07175551965535862,
            71.59518072289157
        ],
        [
            0.6211458897288633,
            0.040971498802207504,
            128.79187387578034
        ],
        [
            0.6183517918053089,
            0.05758527182775723,
            143.32426796420194
        ]
    ]
}