{
    "rgb_colors": [
        [
            0.33407808698805397,
            0.3583875364469211,
            0.2131433205086175
        ],
        [
            54.18979357798183,
            54.85005733944954,
            48.56479357798165
        ],
        [
            24.302104428987086,
            25.220304657920224,
            20.301664171876375
        ],
        [
            36.280376144518094,
            66.84508784954218,
            21.583024003959416
        ],
        [
            7.202873781491542,
            7.102671224205595,
            5.89574629699962
        ],
        [
            94.22035928143683,
            98.02335329341317,
            86.96766467065868
        ],
        [
            14.481451705524263,
            13.799529114505571,
            12.3130814287355
        ],
        [
            135.70820021299122,
            138.50479233226838,
            124.99467518636848
        ],
        [
            38.33023318506412,
            37.06038549669766,
            33.38913600215662
        ],
        [
            71.99058653149909,
            76.0890658942795,
            64.93193338160754
        ]
    ],
    "hex_colors": [
        "#000000",
        "#363630",
        "#181914",
        "#244215",
        "#070705",
        "#5e6256",
        "#0e0d0c",
        "#878a7c",
        "#262521",
        "#474c40"
    ],
    "hsl_color_values": [
        [
            0.1945615806474906,
            0.4052713924660016,
            0.3583875364469211
        ],
        [
            0.18417491523361593,
            0.1145899214392866,
            54.85005733944954
        ],
        [
            0.19777960771675426,
            0.195027005135689,
            25.220304657920224
        ],
        [
            0.27921386811296484,
            0.6771187726981611,
            66.84508784954218
        ],
        [
            0.15389023405970034,
            0.1814730514715818,
            7.202873781491542
        ],
        [
            0.2239975446388316,
            0.11278627236574443,
            98.02335329341317
        ],
        [
            0.11425229519774162,
            0.1497343167578697,
            14.481451705524263
        ],
        [
            0.2011666403909987,
            0.09754259703512336,
            138.50479233226838
        ],
        [
            0.12383381526545773,
            0.12890861266225906,
            38.33023318506412
        ],
        [
            0.22789027345101842,
            0.1466325336175638,
            76.0890658942795
        ]
    ]
}