{
    "rgb_colors": [
        [
            0.06973340476266898,
            0.06257007306388296,
            0.05046365589497448
        ],
        [
            219.65759075907624,
            155.4509075907602,
            28.68440594059406
        ],
        [
            221.91273996509648,
            175.3961605584647,
            90.69458987783595
        ],
        [
            136.73743016759553,
            111.59043296089574,
            60.66724860335196
        ],
        [
            164.76656575848992,
            123.29902455432335,
            47.220316178943825
        ],
        [
            100.04333333333169,
            82.607999999999,
            56.626666666666665
        ],
        [
            233.22727272727133,
            228.5616883116869,
            197.79707792207793
        ],
        [
            199.0881793994665,
            113.85252755606378,
            16.546560243253516
        ],
        [
            48.14056224899572,
            41.63755020080305,
            31.173694779116463
        ],
        [
            148.9453608247414,
            129.73195876288614,
            98.31546391752578
        ]
    ],
    "hex_colors": [
        "#000000",
        "#db9b1c",
        "#ddaf5a",
        "#886f3c",
        "#a47b2f",
        "#645238",
        "#e9e4c5",
        "#c77110",
        "#30291f",
        "#948162"
    ],
    "hsl_color_values": [
        [
            0.10471004104266195,
            0.27633454774332705,
            0.06973340476266898
        ],
        [
            0.1106320256171534,
            0.8694130904310267,
            219.65759075907624
        ],
        [
            0.10758365696653742,
            0.5913051684544978,
            221.91273996509648
        ],
        [
            0.11157062095029006,
            0.5563230307239672,
            136.73743016759553
        ],
        [
            0.10787060220623405,
            0.7134108126756857,
            164.76656575848992
        ],
        [
            0.09973640435060772,
            0.4339786092693073,
            100.04333333333169
        ],
        [
            0.14471935853379062,
            0.15191274326919887,
            233.22727272727133
        ],
        [
            0.08884363628287521,
            0.9168882839093467,
            199.0881793994665
        ],
        [
            0.10278714716847148,
            0.35244431467422693,
            48.14056224899572
        ],
        [
            0.1034187860153532,
            0.3399226174408345,
            148.9453608247414
        ]
    ]
}