{
    "rgb_colors": [
        [
            0.10896795512179835,
            0.1889229651452382,
            0.08290311087514013
        ],
        [
            38.542532802594614,
            85.3151997641157,
            46.455992923485184
        ],
        [
            110.97327441077617,
            138.67276936026522,
            76.76409932659932
        ],
        [
            9.655368629391306,
            109.9688273132139,
            64.48787728847105
        ],
        [
            58.36611740473808,
            110.92739443872456,
            66.67524888431171
        ],
        [
            14.820469324286135,
            71.04325699745719,
            31.254382244840258
        ],
        [
            100.77379059731976,
            161.75085169203132,
            117.28866681807858
        ],
        [
            66.48768207156911,
            139.94164718575902,
            91.24635856860277
        ],
        [
            143.63391877057856,
            229.87705817782356,
            224.47969264544457
        ],
        [
            206.26102292769056,
            204.41622574955844,
            140.3862433862434
        ]
    ],
    "hex_colors": [
        "#000000",
        "#26552e",
        "#6e8a4c",
        "#096d40",
        "#3a6e42",
        "#0e471f",
        "#64a175",
        "#428b5b",
        "#8fe5e0",
        "#cecc8c"
    ],
    "hsl_color_values": [
        [
            0.292358548584911,
            0.561180342414133,
            0.1889229651452382
        ],
        [
            0.36153164028969026,
            0.5482336921303684,
            85.3151997641157
        ],
        [
            0.24123752223618564,
            0.4464371074383763,
            138.67276936026522
        ],
        [
            0.42443528079966825,
            0.9121990398070644,
            109.9688273132139
        ],
        [
            0.3596807762560033,
            0.47383495573783563,
            110.92739443872456
        ],
        [
            0.3820499765329027,
            0.791388092964029,
            71.04325699745719
        ],
        [
            0.37847292059306087,
            0.3769813911756707,
            161.75085169203132
        ],
        [
            0.38951064216103326,
            0.5248899565737344,
            139.94164718575902
        ],
        [
            0.48956947847392956,
            0.37517071120916645,
            229.87705817782356
        ],
        [
            0.16199923250604223,
            0.3193758016246291,
            206.26102292769056
        ]
    ]
}