{
    "rgb_colors": [
        [
            0.1472407231217403,
            0.14296789652873798,
            0.13526799873589113
        ],
        [
            160.02025403364337,
            144.25677995193823,
            33.732921386886275
        ],
        [
            124.42946727927259,
            115.83397491618314,
            79.17043337886834
        ],
        [
            160.6102535832395,
            154.46350606394924,
            133.62965821389346
        ],
        [
            140.12826586776558,
            133.18281892287067,
            108.15585591862242
        ],
        [
            241.63736263736234,
            237.09157509157538,
            171.03663003662984
        ],
        [
            68.48979591836732,
            63.78004535147391,
            46.14134542705965
        ],
        [
            219.97634703197213,
            199.0601369862825,
            34.41643835616296
        ],
        [
            125.45250586003098,
            108.7205045205947,
            40.55597722960168
        ],
        [
            200.05473607216913,
            179.99902474704072,
            19.614775082287032
        ]
    ],
    "hex_colors": [
        "#000000",
        "#a09021",
        "#7c734f",
        "#a09a85",
        "#8c856c",
        "#f1edab",
        "#443f2e",
        "#dbc722",
        "#7d6c28",
        "#c8b313"
    ],
    "hsl_color_values": [
        [
            0.10718665672489618,
            0.08131394720161753,
            0.1472407231217403
        ],
        [
            0.14586295163664895,
            0.7891959265369363,
            160.02025403364337
        ],
        [
            0.1350137139397612,
            0.363732441277947,
            124.42946727927259
        ],
        [
            0.1286964919593417,
            0.16798800056288318,
            160.6102535832395
        ],
        [
            0.13046124791164906,
            0.22816531519282815,
            140.12826586776558
        ],
        [
            0.1559354570924575,
            0.29217639122591593,
            241.63736263736234
        ],
        [
            0.13154304912007772,
            0.32630335937844945,
            68.48979591836732
        ],
        [
            0.14788009238727653,
            0.8435448227933308,
            219.97634703197213
        ],
        [
            0.13381883490141697,
            0.6767224620060558,
            125.45250586003098
        ],
        [
            0.14814184247666642,
            0.9019529581383614,
            200.05473607216913
        ]
    ]
}