{
    "rgb_colors": [
        [
            0.03448441852477302,
            0.03353370520452259,
            0.03298614245973397
        ],
        [
            240.31005110732627,
            233.8568994889259,
            230.79216354344035
        ],
        [
            178.0062211162473,
            167.32225382154013,
            163.779239246353
        ],
        [
            122.97790262172244,
            33.35842696629209,
            36.06441947565529
        ],
        [
            44.80784313725488,
            41.864705882352936,
            41.188235294117646
        ],
        [
            163.03202772235196,
            151.58699989499485,
            145.23732017221772
        ],
        [
            149.42381852552253,
            136.928733459355,
            130.02778827977124
        ],
        [
            167.09243697479576,
            47.45408163265276,
            54.43667466986689
        ],
        [
            104.08734402852049,
            89.8306595365419,
            87.82352941176474
        ],
        [
            198.0729076790353,
            186.98274374460638,
            183.86324417601298
        ]
    ],
    "hex_colors": [
        "#000000",
        "#f0e9e6",
        "#b2a7a3",
        "#7a2124",
        "#2c2929",
        "#a39791",
        "#958882",
        "#a72f36",
        "#685957",
        "#c6bab7"
    ],
    "hsl_color_values": [
        [
            0.06091030858347966,
            0.043447914424386024,
            0.03448441852477302
        ],
        [
            0.053666249030478064,
            0.039606697764110924,
            240.31005110732627
        ],
        [
            0.041505811604878505,
            0.07992407108402882,
            178.0062211162473
        ],
        [
            0.9949676256387112,
            0.7287445447097765,
            122.97790262172244
        ],
        [
            0.03114842903575299,
            0.08078067565202122,
            44.80784313725488
        ],
        [
            0.05947161260249003,
            0.1091485384726927,
            163.03202772235196
        ],
        [
            0.059298604681365996,
            0.12980547838454767,
            149.42381852552253
        ],
        [
            0.9902726387129428,
            0.7160010202029028,
            167.09243697479576
        ],
        [
            0.020568464123922103,
            0.15625160550065895,
            104.08734402852049
        ],
        [
            0.03658894488634323,
            0.07173956130359928,
            198.0729076790353
        ]
    ]
}