{
    "rgb_colors": [
        [
            0.013271225673706866,
            0.014237133145160286,
            0.013179778806845732
        ],
        [
            45.13641900121802,
            58.46285018270417,
            50.46772228989031
        ],
        [
            117.14957627118643,
            116.27330508474692,
            106.92838983050699
        ],
        [
            147.50579940868775,
            147.15260404821353,
            138.94337047987474
        ],
        [
            132.57897033158815,
            131.88350785340035,
            122.89201570680984
        ],
        [
            230.0,
            228.4933333333331,
            218.04000000000022
        ],
        [
            9.104956268221574,
            31.60447035957234,
            20.788143828960127
        ],
        [
            84.13902053712481,
            87.87677725118506,
            81.76935229067917
        ],
        [
            11.913216108905274,
            50.06069200226998,
            34.9332577046706
        ],
        [
            161.6122199592668,
            161.32057026476377,
            154.2195519348288
        ]
    ],
    "hex_colors": [
        "#000000",
        "#2d3a32",
        "#75746a",
        "#93938a",
        "#84837a",
        "#e6e4da",
        "#091f14",
        "#545751",
        "#0b3222",
        "#a1a19a"
    ],
    "hsl_color_values": [
        [
            0.3189189181041394,
            0.0742673632067553,
            0.014237133145160286
        ],
        [
            0.4000091399323629,
            0.22794699779157673,
            58.46285018270417
        ],
        [
            0.15237818865215055,
            0.08724902612552941,
            117.14957627118643
        ],
        [
            0.15979176073731258,
            0.0580480832830814,
            147.50579940868775
        ],
        [
            0.15470104717931887,
            0.07306554426053122,
            132.57897033158815
        ],
        [
            0.14567075436640306,
            0.05199999999999905,
            230.0
        ],
        [
            0.4198773324118867,
            0.7119092278835208,
            31.60447035957234
        ],
        [
            0.26866701155371614,
            0.06949987415956965,
            87.87677725118506
        ],
        [
            0.43390810294637516,
            0.7620245419626825,
            50.06069200226998
        ],
        [
            0.16009146509444838,
            0.045743249033404106,
            161.6122199592668
        ]
    ]
}