{
    "rgb_colors": [
        [
            0.024576275739358167,
            0.021451124462780413,
            0.016475625432195162
        ],
        [
            178.13310961968543,
            182.2841163310962,
            171.03131991051316
        ],
        [
            222.35685025033473,
            149.7164314974966,
            30.6841147018671
        ],
        [
            75.83204633204649,
            70.60810810810811,
            53.196911196911365
        ],
        [
            192.21907870873832,
            115.37613347841857,
            24.64998186434536
        ],
        [
            37.80296610169482,
            32.31991525423729,
            24.639830508474553
        ],
        [
            223.56896551723983,
            165.67398119122257,
            74.6128526645771
        ],
        [
            148.3246153846157,
            145.90307692307692,
            128.31846153846163
        ],
        [
            163.86925985953823,
            95.02701242571582,
            18.869259859535212
        ],
        [
            111.5916666666672,
            103.27083333333334,
            83.29027777777793
        ]
    ],
    "hex_colors": [
        "#000000",
        "#b2b6ab",
        "#de951e",
        "#4b4635",
        "#c07318",
        "#252018",
        "#dfa54a",
        "#949180",
        "#a35f12",
        "#6f6753"
    ],
    "hsl_color_values": [
        [
            0.10236830464062996,
            0.32961260660784564,
            0.024576275739358167
        ],
        [
            0.22814777998675892,
            0.06173218296290684,
            182.2841163310962
        ],
        [
            0.1035030851371227,
            0.8620050847665716,
            222.35685025033473
        ],
        [
            0.1282018479033393,
            0.2984903642982605,
            75.83204633204649
        ],
        [
            0.09023755306775806,
            0.8717610029663264,
            192.21907870873832
        ],
        [
            0.09724234132732523,
            0.3482037773916932,
            37.80296610169482
        ],
        [
            0.10188809619013639,
            0.6662647139241534,
            223.56896551723983
        ],
        [
            0.14649338665025907,
            0.13488087458900036,
            148.3246153846157
        ],
        [
            0.087537646627792,
            0.8848517417134296,
            163.86925985953823
        ],
        [
            0.11766534164335367,
            0.2536156124760433,
            111.5916666666672
        ]
    ]
}