{
    "rgb_colors": [
        [
            0.0713385617801876,
            0.07118933528332505,
            0.07233340518313369
        ],
        [
            173.16770186335705,
            165.8233540372641,
            153.77788819875778
        ],
        [
            62.17889334000998,
            61.016024036054006,
            58.368177265898844
        ],
        [
            124.76946107784472,
            40.32035928143726,
            40.12125748502994
        ],
        [
            38.471516815373455,
            36.86310600861111,
            37.067947838023336
        ],
        [
            94.89157554289288,
            92.54982288618473,
            86.99815185584475
        ],
        [
            209.54052407068605,
            65.66240097501588,
            65.01584399756246
        ],
        [
            131.26328468187657,
            125.00141703273363,
            116.2311180388267
        ],
        [
            220.36627749117451,
            218.52294325278444,
            201.13114308987238
        ],
        [
            17.16988751081613,
            16.299790885492015,
            17.56803432362273
        ]
    ],
    "hex_colors": [
        "#000000",
        "#ada599",
        "#3e3d3a",
        "#7c2828",
        "#262425",
        "#5e5c56",
        "#d14141",
        "#837d74",
        "#dcdac9",
        "#111011"
    ],
    "hsl_color_values": [
        [
            0.6884057953812545,
            0.015816618848678368,
            0.07233340518313369
        ],
        [
            0.10353774793701935,
            0.11197130559542427,
            173.16770186335705
        ],
        [
            0.11580705212439561,
            0.061286328357006474,
            62.17889334000998
        ],
        [
            0.00039201815663066536,
            0.6784368775946067,
            124.76946107784472
        ],
        [
            0.9787738898803098,
            0.04180783446832053,
            38.471516815373455
        ],
        [
            0.11722144176485798,
            0.08318360868062669,
            94.89157554289288
        ],
        [
            0.0007456131104231859,
            0.6897218603136159,
            209.54052407068605
        ],
        [
            0.09723924259849219,
            0.11451920222384437,
            131.26328468187657
        ],
        [
            0.15069472871939585,
            0.08728710499759876,
            220.36627749117451
        ],
        [
            0.7810107270108131,
            0.07219040074536852,
            17.56803432362273
        ]
    ]
}