{
    "rgb_colors": [
        [
            36.53979238754325,
            37.73745674740488,
            32.52292387543256
        ],
        [
            146.6284036305429,
            148.1063356469084,
            147.12101797473247
        ],
        [
            220.81501831501888,
            221.65293040292988,
            217.1071428571436
        ],
        [
            73.96206070287528,
            61.80351437699684,
            65.65135782747623
        ],
        [
            129.3428083567716,
            130.77239855363402,
            128.98382884692822
        ],
        [
            0.06561837032691642,
            0.06650643849138049,
            0.06734516954533376
        ],
        [
            161.57578431372397,
            163.03480392157033,
            162.17470588235128
        ],
        [
            92.18931545805404,
            92.94657729027028,
            90.2250660166566
        ],
        [
            111.84828222273265,
            112.65206363846156,
            109.34793636153847
        ],
        [
            180.77899686520306,
            182.0608672936266,
            179.81400208986352
        ]
    ],
    "hex_colors": [
        "#242520",
        "#929493",
        "#dcddd9",
        "#493d41",
        "#818280",
        "#000000",
        "#a1a3a2",
        "#5c5c5a",
        "#6f706d",
        "#b4b6b3"
    ],
    "hsl_color_values": [
        [
            0.20494636142446473,
            0.13817923414594993,
            37.73745674740488
        ],
        [
            0.38888554398248515,
            0.00997885748715683,
            148.1063356469084
        ],
        [
            0.19738785925325927,
            0.020508583114704423,
            221.65293040292988
        ],
        [
            0.9472546121421113,
            0.16438896118271318,
            73.96206070287528
        ],
        [
            0.2998820688492529,
            0.013676966443130961,
            130.77239855363402
        ],
        [
            0.5809523814357128,
            0.02564102563072377,
            0.06734516954533376
        ],
        [
            0.4017493168479261,
            0.008949129711887991,
            163.03480392157033
        ],
        [
            0.21304174752451263,
            0.029280381838208643,
            92.94657729027028
        ],
        [
            0.20721097929765664,
            0.029330375052223998,
            112.65206363846156
        ],
        [
            0.2617525093981789,
            0.012341285841176046,
            182.0608672936266
        ]
    ]
}