{
    "rgb_colors": [
        [
            69.67822349570167,
            41.71575931232192,
            52.72922636103115
        ],
        [
            157.80929105231593,
            153.70030296910022,
            142.76097758028303
        ],
        [
            128.14416868133864,
            124.7419591761823,
            115.84282522875317
        ],
        [
            109.81948286229743,
            102.26722790138273,
            94.07300060132278
        ],
        [
            230.70141770401335,
            223.53025587828824,
            212.78457814660695
        ],
        [
            0.20404789419953318,
            0.2000995120743312,
            0.19151258345502242
        ],
        [
            201.12795726278424,
            194.69676926990826,
            183.60964131263827
        ],
        [
            168.88469223646194,
            164.31468395145745,
            155.74204395926034
        ],
        [
            140.488422391855,
            137.31552162849607,
            127.72500000000217
        ],
        [
            183.10137004347646,
            178.20662626795345,
            169.66321960215433
        ]
    ],
    "hex_colors": [
        "#452934",
        "#9d998e",
        "#807c73",
        "#6d665e",
        "#e6dfd4",
        "#000000",
        "#c9c2b7",
        "#a8a49b",
        "#8c897f",
        "#b7b2a9"
    ],
    "hsl_color_values": [
        [
            0.9343556480067817,
            0.4013085119069476,
            69.67822349570167
        ],
        [
            0.12115782286996028,
            0.09535758871791764,
            157.80929105231593
        ],
        [
            0.12057130157815858,
            0.09599612357840275,
            128.14416868133864
        ],
        [
            0.08673077118911121,
            0.14338514305989913,
            109.81948286229743
        ],
        [
            0.09995882827857405,
            0.07766245970969045,
            230.70141770401335
        ],
        [
            0.11416986774831256,
            0.061433178684278875,
            0.20404789419953318
        ],
        [
            0.10548129539412728,
            0.08710035237546494,
            201.12795726278424
        ],
        [
            0.10871274205148806,
            0.07782024589179506,
            168.88469223646194
        ],
        [
            0.12523445689895488,
            0.09085035033173536,
            140.488422391855
        ],
        [
            0.1059596048715189,
            0.0733918617765193,
            183.10137004347646
        ]
    ]
}