{
    "rgb_colors": [
        [
            0.046684000155117644,
            0.05024124594111967,
            0.0534104285510999
        ],
        [
            168.96678589677904,
            170.21512519161806,
            172.10143076136947
        ],
        [
            105.47718710757754,
            106.48827961490292,
            106.12159899539556
        ],
        [
            124.750692187308,
            125.4734561213395,
            125.05417118093175
        ],
        [
            194.6984478935698,
            196.04951958610496,
            196.45824094604583
        ],
        [
            40.305673758865176,
            42.71914893617022,
            44.39503546099291
        ],
        [
            137.13946830265294,
            138.01339468302123,
            138.8058282208589
        ],
        [
            226.161958568737,
            227.67984934086502,
            227.83992467043313
        ],
        [
            73.1256127450983,
            75.56617647058859,
            76.63725490196077
        ],
        [
            149.6832342693161,
            150.82250461159938,
            152.99559335929496
        ]
    ],
    "hex_colors": [
        "#000000",
        "#a8aaac",
        "#696a6a",
        "#7c7d7d",
        "#c2c4c4",
        "#282a2c",
        "#898a8a",
        "#e2e3e3",
        "#494b4c",
        "#959698"
    ],
    "hsl_color_values": [
        [
            0.5785256410339352,
            0.12593848389639506,
            0.0534104285510999
        ],
        [
            0.600293422446856,
            0.01821393843574043,
            172.10143076136947
        ],
        [
            0.4395570275303274,
            0.009494871275804567,
            106.48827961490292
        ],
        [
            0.4033144570295523,
            0.005760293502496175,
            125.4734561213395
        ],
        [
            0.5387092258154825,
            0.00895759345091218,
            196.45824094604583
        ],
        [
            0.5683026939530565,
            0.0921130405610509,
            44.39503546099291
        ],
        [
            0.579257941134632,
            0.012004970825537318,
            138.8058282208589
        ],
        [
            0.5158997381220739,
            0.00736467106949449,
            227.83992467043313
        ],
        [
            0.5508346420054541,
            0.04582160675450593,
            76.63725490196077
        ],
        [
            0.6093424499309265,
            0.021650029371761765,
            152.99559335929496
        ]
    ]
}