{
    "rgb_colors": [
        [
            15.221935007385706,
            14.422451994091723,
            13.091211225997046
        ],
        [
            136.33140239795668,
            129.44240872963024,
            116.11666442139297
        ],
        [
            107.7585878770623,
            103.4829194024216,
            93.82748120658484
        ],
        [
            150.2969065232019,
            143.75521183591212,
            128.58708809683927
        ],
        [
            0.3615563816002876,
            0.34834554126074835,
            0.3309282641875946
        ],
        [
            126.32031607878307,
            119.30142006412618,
            107.05176362803482
        ],
        [
            45.48860589812336,
            42.77345844504023,
            38.64745308310992
        ],
        [
            187.79644588045062,
            181.7318255250389,
            164.33279483037157
        ],
        [
            118.23311454584086,
            112.14016514927155,
            100.6555155621427
        ],
        [
            79.79858657243847,
            74.92991755005917,
            67.64664310954063
        ]
    ],
    "hex_colors": [
        "#0f0e0d",
        "#888174",
        "#6b675d",
        "#968f80",
        "#000000",
        "#7e776b",
        "#2d2a26",
        "#bbb5a4",
        "#767064",
        "#4f4a43"
    ],
    "hsl_color_values": [
        [
            0.10413056036973073,
            0.13997719608938217,
            15.221935007385706
        ],
        [
            0.10986822521672635,
            0.1482764617762539,
            136.33140239795668
        ],
        [
            0.11551413232061442,
            0.12928070926811824,
            107.7585878770623
        ],
        [
            0.11644595885283808,
            0.1444462093636718,
            150.2969065232019
        ],
        [
            0.09477825466965444,
            0.0847118705999038,
            0.3615563816002876
        ],
        [
            0.10595551540437305,
            0.15253724063460145,
            126.32031607878307
        ],
        [
            0.10051925149407244,
            0.15039266822849962,
            45.48860589812336
        ],
        [
            0.12358854310107248,
            0.12494193348587534,
            187.79644588045062
        ],
        [
            0.10889475100078572,
            0.14866900065364558,
            118.23311454584086
        ],
        [
            0.09989176440179774,
            0.15228269051942053,
            79.79858657243847
        ]
    ]
}