{
    "rgb_colors": [
        [
            0.04231384822636741,
            0.04303311884791228,
            0.04594908082588134
        ],
        [
            161.8045977011492,
            164.65445402298823,
            173.32614942528699
        ],
        [
            122.55599577390286,
            125.83069202324306,
            128.8140517696776
        ],
        [
            151.12546005628914,
            153.95983979216237,
            160.31608573284177
        ],
        [
            33.139880952380935,
            33.78869047619046,
            35.937499999999986
        ],
        [
            111.31978731485096,
            115.08013672616899,
            118.02848461830726
        ],
        [
            142.91101564897292,
            145.7732433261742,
            151.60990078756262
        ],
        [
            71.32026143790857,
            72.77777777777786,
            77.54248366013078
        ],
        [
            184.78522727272724,
            187.65681818181818,
            196.78409090909108
        ],
        [
            133.71958887545574,
            136.94449818621692,
            142.01209189842882
        ]
    ],
    "hex_colors": [
        "#000000",
        "#a1a4ad",
        "#7a7d80",
        "#9799a0",
        "#212123",
        "#6f7376",
        "#8e9197",
        "#47484d",
        "#b8bbc4",
        "#85888e"
    ],
    "hsl_color_values": [
        [
            0.6336898395607001,
            0.07911437038945816,
            0.04594908082588134
        ],
        [
            0.6254416593922767,
            0.06647324574128505,
            173.32614942528699
        ],
        [
            0.5794538471278413,
            0.048582091082456466,
            128.8140517696776
        ],
        [
            0.6152668339163535,
            0.057328156650907236,
            160.31608573284177
        ],
        [
            0.6280141843971631,
            0.07784679089026927,
            35.937499999999986
        ],
        [
            0.5732469051932355,
            0.05683964616805498,
            118.02848461830726
        ],
        [
            0.6118276914876528,
            0.05737676163233344,
            151.60990078756262
        ],
        [
            0.6276260504201678,
            0.08024275118004029,
            77.54248366013078
        ],
        [
            0.6267796824194213,
            0.060974764682105255,
            196.78409090909108
        ],
        [
            0.6018509067401588,
            0.05839293620788375,
            142.01209189842882
        ]
    ]
}