{
    "rgb_colors": [
        [
            0.049553369507705725,
            0.05000565355920372,
            0.05348965399205241
        ],
        [
            197.3555408970984,
            198.53825857519706,
            201.16424802110905
        ],
        [
            68.43624999999997,
            69.49250000000002,
            74.30125
        ],
        [
            137.50560368809528,
            138.24083936094684,
            141.96184722994516
        ],
        [
            158.82474226803868,
            159.70953342544635,
            164.7778722499704
        ],
        [
            102.83875739644947,
            104.68786982248551,
            109.68934911242556
        ],
        [
            29.69304556354917,
            29.972422062350113,
            31.833333333333336
        ],
        [
            174.3108021390335,
            175.3120855615013,
            179.4198930481241
        ],
        [
            147.99109179019163,
            148.70381984036698,
            153.01788768528954
        ],
        [
            124.62422541797872,
            125.6590669940405,
            128.49912311469313
        ]
    ],
    "hex_colors": [
        "#000000",
        "#c5c6c9",
        "#44454a",
        "#898a8d",
        "#9e9fa4",
        "#66686d",
        "#1d1d1f",
        "#aeafb3",
        "#939499",
        "#7c7d80"
    ],
    "hsl_color_values": [
        [
            0.6475164564749414,
            0.073589641932093,
            0.05348965399205241
        ],
        [
            0.6149116730170437,
            0.018933320217074497,
            201.16424802110905
        ],
        [
            0.6366510372264836,
            0.07893541494927775,
            74.30125
        ],
        [
            0.6391683314303199,
            0.031390430800972945,
            141.96184722994516
        ],
        [
            0.6418956313711415,
            0.036128212487783105,
            164.7778722499704
        ],
        [
            0.6216799827250986,
            0.06245448415374052,
            109.68934911242556
        ],
        [
            0.6449112978524756,
            0.06723417077856018,
            31.833333333333336
        ],
        [
            0.6340032098245953,
            0.028475610046876015,
            179.4198930481241
        ],
        [
            0.6430357075345486,
            0.03285103441916849,
            153.01788768528954
        ],
        [
            0.6221561764525535,
            0.030155051667207375,
            128.49912311469313
        ]
    ]
}