{
    "rgb_colors": [
        [
            0.061652154223025946,
            0.06247555528109672,
            0.04444307210383869
        ],
        [
            170.35922487315125,
            146.86348915038326,
            120.94267515924096
        ],
        [
            104.69501133786848,
            92.1609977324263,
            70.2936507936509
        ],
        [
            146.72151655119325,
            125.40851937387734,
            99.75192455735267
        ],
        [
            10.483757682177355,
            29.558091893473808,
            15.977172958734336
        ],
        [
            130.88849308259464,
            112.53052771104299,
            87.04539806147166
        ],
        [
            180.73062762973353,
            155.6453366058906,
            129.20963359046348
        ],
        [
            194.21076555023924,
            167.80741626794259,
            141.01662679425533
        ],
        [
            54.87241003271538,
            52.13413304252999,
            41.092693565976
        ],
        [
            160.11362641485835,
            137.04896504283658,
            111.70771058720257
        ]
    ],
    "hex_colors": [
        "#000000",
        "#aa9278",
        "#685c46",
        "#927d63",
        "#0a1d0f",
        "#827057",
        "#b49b81",
        "#c2a78d",
        "#363429",
        "#a0896f"
    ],
    "hsl_color_values": [
        [
            0.17427701674044557,
            0.2886326195281394,
            0.06247555528109672
        ],
        [
            0.08742285105296022,
            0.2900726376907716,
            170.35922487315125
        ],
        [
            0.10594225825588272,
            0.3285864350613477,
            104.69501133786848
        ],
        [
            0.09103973346517887,
            0.32012749798324375,
            146.72151655119325
        ],
        [
            0.38133339470466376,
            0.6453168316831681,
            29.558091893473808
        ],
        [
            0.09688005844969416,
            0.33496523635165276,
            130.88849308259464
        ],
        [
            0.08551757559671515,
            0.28507063088843,
            180.73062762973353
        ],
        [
            0.08394029273470631,
            0.2738990220509863,
            194.21076555023924
        ],
        [
            0.13354700854700854,
            0.2511228586191822,
            54.87241003271538
        ],
        [
            0.0872526082206526,
            0.3023222751962088,
            160.11362641485835
        ]
    ]
}