{
    "rgb_colors": [
        [
            0.35161543444523247,
            0.3453380330809068,
            0.3331444300518136
        ],
        [
            87.89675711449306,
            83.89113170086036,
            81.66644606221045
        ],
        [
            46.88755205923168,
            42.482184173993524,
            45.63951874132346
        ],
        [
            17.52592592592595,
            43.81388888888889,
            111.33240740740742
        ],
        [
            202.58861555036162,
            197.47495061950082,
            191.766924043814
        ],
        [
            120.76623376623483,
            109.57010336602173,
            116.63954412934004
        ],
        [
            101.81846537741754,
            70.70586400499064,
            115.08140985651903
        ],
        [
            146.8651794374409,
            137.21629485935983,
            141.7439379243453
        ],
        [
            70.66666666666588,
            37.24648580893545,
            87.20915032679738
        ],
        [
            175.76444744846475,
            169.28894896924635,
            167.57147685028724
        ]
    ],
    "hex_colors": [
        "#000000",
        "#575351",
        "#2e2a2d",
        "#112b6f",
        "#cac5bf",
        "#786d74",
        "#654673",
        "#92898d",
        "#462557",
        "#afa9a7"
    ],
    "hsl_color_values": [
        [
            0.11002472460239493,
            0.05253183615947299,
            0.35161543444523247
        ],
        [
            0.05951242829828544,
            0.07088214920337832,
            87.89675711449306
        ],
        [
            0.8805497198879512,
            0.09395602226520557,
            46.88755205923168
        ],
        [
            0.6199606492220325,
            0.8425801944460615,
            111.33240740740742
        ],
        [
            0.08791026449412896,
            0.05341707616269023,
            202.58861555036162
        ],
        [
            0.8947636294770832,
            0.09270911289562336,
            120.76623376623483
        ],
        [
            0.7835200701024365,
            0.3856013400153408,
            115.08140985651903
        ],
        [
            0.9217933252915282,
            0.06569892615145806,
            146.8651794374409
        ],
        [
            0.7781505155907719,
            0.5729062183341734,
            87.20915032679738
        ],
        [
            0.034937920224384224,
            0.04661335507329911,
            175.76444744846475
        ]
    ]
}