{
    "rgb_colors": [
        [
            0.07027713191813234,
            0.07207113851802305,
            0.07451927747517573
        ],
        [
            138.5878590393375,
            147.0391020999321,
            160.0719285541878
        ],
        [
            164.66468200271214,
            178.72557510148033,
            193.0598105548038
        ],
        [
            96.19147432877911,
            82.77955723033591,
            71.24493641073951
        ],
        [
            193.96401515151447,
            208.05018939393935,
            219.19128787878788
        ],
        [
            110.46255380200857,
            104.42582496413233,
            101.39999999999999
        ],
        [
            53.673929376408424,
            43.83621337340346,
            42.95717505634861
        ],
        [
            122.45366938473113,
            127.632073140596,
            137.2164566345441
        ],
        [
            147.46393762183203,
            124.6487329434715,
            124.04054580896685
        ],
        [
            149.27410960302032,
            161.94121849168195,
            178.5562812531891
        ]
    ],
    "hex_colors": [
        "#000000",
        "#8a93a0",
        "#a4b2c1",
        "#605247",
        "#c1d0db",
        "#6e6865",
        "#352b2a",
        "#7a7f89",
        "#937c7c",
        "#95a1b2"
    ],
    "hsl_color_values": [
        [
            0.5961832058892913,
            0.05692682082775901,
            0.07451927747517573
        ],
        [
            0.6011045761546487,
            0.13421509760580833,
            160.0719285541878
        ],
        [
            0.5841355318338431,
            0.14707943859724829,
            193.0598105548038
        ],
        [
            0.07706226850323362,
            0.25934250506207235,
            96.19147432877911
        ],
        [
            0.5736048548548531,
            0.11509249738622827,
            219.19128787878788
        ],
        [
            0.05564702529842658,
            0.08204186387227808,
            110.46255380200857
        ],
        [
            0.013670779584969575,
            0.19966405375139543,
            53.673929376408424
        ],
        [
            0.6082043127737675,
            0.10758758542447638,
            137.2164566345441
        ],
        [
            0.004327491220198394,
            0.15884149162579628,
            147.46393762183203
        ],
        [
            0.5945687075398963,
            0.16399407203517677,
            178.5562812531891
        ]
    ]
}