{
    "rgb_colors": [
        [
            0.031631667314591994,
            0.03397198519028777,
            0.03637555488859867
        ],
        [
            3.9410569105687756,
            73.55879790941137,
            110.76829268292735
        ],
        [
            23.906327543424126,
            108.58250620347435,
            144.65322580644954
        ],
        [
            134.44191136239132,
            138.44172898048686,
            144.24840415830818
        ],
        [
            155.29534267323035,
            160.24536160545185,
            166.15562287012472
        ],
        [
            114.86237373737463,
            121.95580808080716,
            128.16456228956113
        ],
        [
            67.58275862069047,
            155.34913793103408,
            192.71120689654953
        ],
        [
            170.51326053042152,
            209.52886115444682,
            225.43525741029725
        ],
        [
            59.21516587677704,
            83.47488151658722,
            99.30616113744016
        ],
        [
            34.539099526066394,
            40.52962085308051,
            44.86966824644543
        ]
    ],
    "hex_colors": [
        "#000000",
        "#03496e",
        "#176c90",
        "#868a90",
        "#9ba0a6",
        "#727980",
        "#439bc0",
        "#aad1e1",
        "#3b5363",
        "#22282c"
    ],
    "hsl_color_values": [
        [
            0.5844444442388297,
            0.13041416381234566,
            0.03637555488859867
        ],
        [
            0.5580524471818012,
            0.9644207126867073,
            110.76829268292735
        ],
        [
            0.5497883315180508,
            0.8347335331780881,
            144.65322580644954
        ],
        [
            0.5986875957025645,
            0.06798337113771137,
            144.24840415830818
        ],
        [
            0.5907014852520868,
            0.06536209855132791,
            166.15562287012472
        ],
        [
            0.5777911367040103,
            0.103789911302728,
            128.16456228956113
        ],
        [
            0.5497649541735262,
            0.6493055089579197,
            192.71120689654953
        ],
        [
            0.5482696586659094,
            0.24362647400764142,
            225.43525741029725
        ],
        [
            0.565813946157241,
            0.40371105681123853,
            99.30616113744016
        ],
        [
            0.5700194976488135,
            0.23023501452336725,
            44.86966824644543
        ]
    ]
}