{
    "rgb_colors": [
        [
            0.05344650376314064,
            0.057338947647625815,
            0.06241172374921433
        ],
        [
            31.48309783580755,
            118.8434984796995,
            138.2543373278483
        ],
        [
            81.4830917874396,
            154.02415458937196,
            172.2391304347826
        ],
        [
            10.824135839902972,
            87.038811400849,
            107.8465736810188
        ],
        [
            51.65369649805447,
            79.62749675745785,
            92.87392996108949
        ],
        [
            92.15182795698925,
            114.93978494623656,
            127.2879569892473
        ],
        [
            11.075752170293732,
            52.6472826733262,
            59.64847187537163
        ],
        [
            174.53469685902118,
            193.72242512783055,
            204.36523009495983
        ],
        [
            123.62164855975281,
            139.05272600418618,
            149.66251370477426
        ],
        [
            144.69501947120312,
            162.65197786431645,
            173.88665710186513
        ]
    ],
    "hex_colors": [
        "#000000",
        "#1f768a",
        "#519aac",
        "#0a576b",
        "#334f5c",
        "#5c727f",
        "#0b343b",
        "#aec1cc",
        "#7b8b95",
        "#90a2ad"
    ],
    "hsl_color_values": [
        [
            0.5943047337278285,
            0.14364640883975824,
            0.06241172374921433
        ],
        [
            0.5302997307459933,
            0.7722813009392222,
            138.2543373278483
        ],
        [
            0.53345043870155,
            0.5269188158245334,
            172.2391304347826
        ],
        [
            0.535743900660458,
            0.8996339385624075,
            107.8465736810188
        ],
        [
            0.5535595915353504,
            0.4438299690807169,
            92.87392996108949
        ],
        [
            0.558573005351434,
            0.2760365541512006,
            127.2879569892473
        ],
        [
            0.5240230498537554,
            0.8143162461322531,
            59.64847187537163
        ],
        [
            0.5594625920302985,
            0.145966773418735,
            204.36523009495983
        ],
        [
            0.5679047312848621,
            0.17399724553865178,
            149.66251370477426
        ],
        [
            0.5641432509981792,
            0.16787738701285831,
            173.88665710186513
        ]
    ]
}