{
    "rgb_colors": [
        [
            0.06413662586341218,
            0.06443688244655732,
            0.06816734300220162
        ],
        [
            187.3807758833687,
            189.3422288114634,
            193.68766987892266
        ],
        [
            136.80279542566367,
            138.04421855145802,
            140.6283989834816
        ],
        [
            121.85262698931915,
            122.11434488772764,
            122.42565947242207
        ],
        [
            162.35126964933517,
            136.1970979443779,
            103.14631197097944
        ],
        [
            47.301188299817,
            36.476691042047804,
            29.501371115173676
        ],
        [
            165.46609474547859,
            166.75947770138603,
            170.33690784078723
        ],
        [
            151.16317425983112,
            152.30133838042036,
            155.4871569555225
        ],
        [
            89.64028776978417,
            78.94364508393275,
            78.49700239808153
        ],
        [
            217.8503734960292,
            220.5937161430037,
            225.7694018361179
        ]
    ],
    "hex_colors": [
        "#000000",
        "#bbbdc1",
        "#888a8c",
        "#797a7a",
        "#a28867",
        "#2f241d",
        "#a5a6aa",
        "#97989b",
        "#594e4e",
        "#d9dce1"
    ],
    "hsl_color_values": [
        [
            0.6542513167092263,
            0.059129738101414045,
            0.06816734300220162
        ],
        [
            0.6148330982604796,
            0.03256218632552349,
            193.68766987892266
        ],
        [
            0.6125826898060134,
            0.02720363443992045,
            140.6283989834816
        ],
        [
            0.5905459387481514,
            0.004680656698704601,
            122.42565947242207
        ],
        [
            0.09304059229001932,
            0.36467197211474456,
            162.35126964933517
        ],
        [
            0.06531265512932759,
            0.3763080342045485,
            47.301188299817
        ],
        [
            0.6224104363891806,
            0.028595171516565068,
            170.33690784078723
        ],
        [
            0.6227964587013973,
            0.027809259493555838,
            155.4871569555225
        ],
        [
            0.00668029626441267,
            0.12431112894596034,
            89.64028776978417
        ],
        [
            0.6089293086399081,
            0.03507573779123976,
            225.7694018361179
        ]
    ]
}