{
    "rgb_colors": [
        [
            26.83175675675636,
            28.161036036036037,
            19.286036036036037
        ],
        [
            196.5487650982557,
            200.33693888588428,
            197.0501171804579
        ],
        [
            139.97167235494643,
            48.46621160409556,
            19.367918088737202
        ],
        [
            67.70955817637704,
            53.9911987326175,
            41.55289561696885
        ],
        [
            88.73650082527742,
            100.63487385050695,
            53.038788021692994
        ],
        [
            149.33223907629628,
            151.7279827937514,
            145.2776205569391
        ],
        [
            0.06833818579493567,
            0.07034693645191226,
            0.061823978139585734
        ],
        [
            117.58839451869292,
            133.58822534258164,
            70.63035019455253
        ],
        [
            169.76146940119892,
            173.6805864426324,
            168.97430195206326
        ],
        [
            125.828139406236,
            127.12520744975106,
            119.99741840309791
        ]
    ],
    "hex_colors": [
        "#1a1c13",
        "#c4c8c5",
        "#8b3013",
        "#433529",
        "#586435",
        "#959791",
        "#000000",
        "#758546",
        "#a9ada8",
        "#7d7f77"
    ],
    "hsl_color_values": [
        [
            0.19162965782684846,
            0.31515175750789776,
            28.161036036036037
        ],
        [
            0.3553911070922669,
            0.018909013029226703,
            200.33693888588428
        ],
        [
            0.04021197860216077,
            0.8616297300526412,
            139.97167235494643
        ],
        [
            0.07925516164634418,
            0.3863067972068662,
            67.70955817637704
        ],
        [
            0.20833106272654334,
            0.4729581705395479,
            100.63487385050695
        ],
        [
            0.2285687126164427,
            0.042512673786617786,
            151.7279827937514
        ],
        [
            0.20594783687708107,
            0.12115606936419535,
            0.07034693645191226
        ],
        [
            0.2090225826561789,
            0.47128311635682085,
            133.58822534258164
        ],
        [
            0.30545686833874086,
            0.02709735490283859,
            173.6805864426324
        ],
        [
            0.19699556751341873,
            0.056069045546852374,
            127.12520744975106
        ]
    ]
}