{
    "rgb_colors": [
        [
            0.06421892742955038,
            0.0666108287897913,
            0.06351021589664896
        ],
        [
            171.22000781555295,
            64.52559593591246,
            31.389996092223377
        ],
        [
            72.76245360421957,
            53.82457511232663,
            50.03770267630418
        ],
        [
            149.2727426255348,
            150.1710200405314,
            148.70789236659124
        ],
        [
            191.50893371757925,
            193.15763688760808,
            189.67002881844073
        ],
        [
            26.430888223552895,
            27.0062375249501,
            24.739021956087946
        ],
        [
            165.50502542988616,
            167.41838217486074,
            164.73201743763383
        ],
        [
            88.66724511930586,
            89.49775849602314,
            81.01879971077356
        ],
        [
            132.35465309284052,
            133.1727343144849,
            130.07115193094774
        ],
        [
            110.92057864132747,
            111.7854205077294,
            105.94894341228357
        ]
    ],
    "hex_colors": [
        "#000000",
        "#ab401f",
        "#483532",
        "#959694",
        "#bfc1bd",
        "#1a1b18",
        "#a5a7a4",
        "#585951",
        "#848582",
        "#6e6f69"
    ],
    "hsl_color_values": [
        [
            0.29523809446035204,
            0.046548180670851175,
            0.0666108287897913
        ],
        [
            0.039495097696732706,
            0.8166686446712564,
            171.22000781555295
        ],
        [
            0.02777347958645539,
            0.31231424728367824,
            72.76245360421957
        ],
        [
            0.2689905480107073,
            0.00974307608448863,
            150.1710200405314
        ],
        [
            0.2454552966451132,
            0.018055760700762105,
            193.15763688760808
        ],
        [
            0.20896152012032068,
            0.08395155255401854,
            27.0062375249501
        ],
        [
            0.2853745943020942,
            0.016045817086089903,
            167.41838217486074
        ],
        [
            0.18299165415927562,
            0.09473934238952297,
            89.49775849602314
        ],
        [
            0.2106270886105673,
            0.02328992041428567,
            133.1727343144849
        ],
        [
            0.19136312460007665,
            0.0522114339145172,
            111.7854205077294
        ]
    ]
}