{
    "rgb_colors": [
        [
            0.09953515437253913,
            0.12380234472176,
            0.12311466413612493
        ],
        [
            167.6324503311239,
            200.42313150425383,
            219.38032166509385
        ],
        [
            12.037143604499041,
            118.35469526550138,
            185.40099398378769
        ],
        [
            68.37607573149742,
            125.64414802065347,
            148.42792598967557
        ],
        [
            119.47287462785424,
            116.94707244459487,
            107.07360238173726
        ],
        [
            39.416527545909844,
            58.919309961046665,
            67.48219254312758
        ],
        [
            35.122781065088894,
            167.5860946745542,
            229.83254437870423
        ],
        [
            221.92032139269764,
            212.05088717776334,
            182.09474389019516
        ],
        [
            153.72884788479362,
            150.1476147614789,
            138.21388388839034
        ],
        [
            7.339416527439109,
            77.61675877136766,
            132.03405731911377
        ]
    ],
    "hex_colors": [
        "#000000",
        "#a7c8db",
        "#0c76b9",
        "#447d94",
        "#77746b",
        "#273a43",
        "#23a7e5",
        "#ddd4b6",
        "#99968a",
        "#074d84"
    ],
    "hsl_color_values": [
        [
            0.4952770209781267,
            0.19601559569619015,
            0.12380234472176
        ],
        [
            0.5610562639974576,
            0.2358820104793551,
            219.38032166509385
        ],
        [
            0.564456246762326,
            0.9350750859213213,
            185.40099398378769
        ],
        [
            0.5474354598416346,
            0.539331461545494,
            148.42792598967557
        ],
        [
            0.1327157200153371,
            0.10378315818330681,
            119.47287462785424
        ],
        [
            0.5508502861825995,
            0.4158973492048453,
            67.48219254312758
        ],
        [
            0.5532813974372468,
            0.8471809936228366,
            229.83254437870423
        ],
        [
            0.12536392090269902,
            0.17945890332426742,
            221.92032139269764
        ],
        [
            0.12819592401089977,
            0.10092421955852031,
            153.72884788479362
        ],
        [
            0.5727340782280294,
            0.944412701719069,
            132.03405731911377
        ]
    ]
}