{
    "rgb_colors": [
        [
            0.40643392478076024,
            0.3824707112839043,
            0.33681559094593183
        ],
        [
            130.7029646522235,
            121.52280501710214,
            104.9834663625995
        ],
        [
            56.454183266932276,
            52.94980079681326,
            46.30836653386456
        ],
        [
            101.91696851490667,
            95.60880468097629,
            82.85358038451321
        ],
        [
            22.12243074173369,
            20.71179624664863,
            18.0835567470955
        ],
        [
            94.23557139572316,
            88.11278454817412,
            75.80926649805214
        ],
        [
            9.879029872818693,
            9.26353149955625,
            8.171546879621426
        ],
        [
            113.03447550977508,
            105.17595122976405,
            91.13979398780586
        ],
        [
            38.625109361329834,
            35.99256342957092,
            31.62029746281698
        ],
        [
            76.91910112359551,
            71.73573033707898,
            62.04584269662925
        ]
    ],
    "hex_colors": [
        "#000000",
        "#827968",
        "#38342e",
        "#655f52",
        "#161412",
        "#5e584b",
        "#090908",
        "#71695b",
        "#26231f",
        "#4c473e"
    ],
    "hsl_color_values": [
        [
            0.10929860431662208,
            0.17129065658675546,
            0.40643392478076024
        ],
        [
            0.10717769107996881,
            0.19677823190972632,
            130.7029646522235
        ],
        [
            0.10909971465222423,
            0.17971771347918117,
            56.454183266932276
        ],
        [
            0.1115158911698297,
            0.18704822570939397,
            101.91696851490667
        ],
        [
            0.10845595014197229,
            0.18256917794385522,
            22.12243074173369
        ],
        [
            0.11128581411600214,
            0.19553449535837683,
            94.23557139572316
        ],
        [
            0.10658814019284206,
            0.17283913655279665,
            9.879029872818693
        ],
        [
            0.10684601819757196,
            0.19369914730197332,
            113.03447550977508
        ],
        [
            0.104030058910461,
            0.18135383988131407,
            38.625109361329834
        ],
        [
            0.10858288258342996,
            0.1933623535598465,
            76.91910112359551
        ]
    ]
}