{
    "rgb_colors": [
        [
            0.1610069757197614,
            0.09406373480154073,
            0.02966488932285216
        ],
        [
            138.65167243367935,
            131.87958477508468,
            91.81591695501616
        ],
        [
            79.41515778582514,
            71.06389032591798,
            42.909725814795635
        ],
        [
            164.85299915516754,
            155.04393128695958,
            119.47366938890468
        ],
        [
            197.83616928446773,
            180.39092495637365,
            153.45680628271984
        ],
        [
            246.47536945812809,
            236.99876847290662,
            220.45320197044316
        ],
        [
            93.17376333249348,
            99.3329134122787,
            40.977660199882024
        ],
        [
            48.07241857241857,
            40.407484407484304,
            19.050935550935577
        ],
        [
            112.58507521000195,
            106.68196913459609,
            66.93025981636983
        ],
        [
            218.9175728285676,
            197.77607732580614,
            169.00939723453462
        ]
    ],
    "hex_colors": [
        "#000000",
        "#8a835b",
        "#4f472a",
        "#a49b77",
        "#c5b499",
        "#f6ecdc",
        "#5d6328",
        "#302813",
        "#706a42",
        "#dac5a9"
    ],
    "hsl_color_values": [
        [
            0.08171897681509142,
            0.8157540119597986,
            0.1610069757197614
        ],
        [
            0.1425679569331035,
            0.33779437821830766,
            138.65167243367935
        ],
        [
            0.12853869954415423,
            0.4596783912396304,
            79.41515778582514
        ],
        [
            0.13064047030982343,
            0.2752714842849153,
            164.85299915516754
        ],
        [
            0.10115106381237382,
            0.22432380874669589,
            197.83616928446773
        ],
        [
            0.10597097333964527,
            0.10557715176528275,
            246.47536945812809
        ],
        [
            0.18425762817892802,
            0.5874714755440092,
            99.3329134122787
        ],
        [
            0.12264792970055816,
            0.6037034100492292,
            48.07241857241857
        ],
        [
            0.1451168913782341,
            0.405513921880617,
            112.58507521000195
        ],
        [
            0.0960653565235074,
            0.2279770186978805,
            218.9175728285676
        ]
    ]
}