{
    "rgb_colors": [
        [
            139.37197067701362,
            129.36946959896383,
            109.16438119879449
        ],
        [
            109.12829169480032,
            97.04523970290518,
            79.23864184431432
        ],
        [
            194.46765117363734,
            55.3905798227849,
            53.83715218404882
        ],
        [
            141.33884297520729,
            25.276117821571887,
            25.309811400719518
        ],
        [
            229.80685637463205,
            220.4451415341028,
            184.66487415042542
        ],
        [
            86.56497665834395,
            21.65421778308106,
            18.27868852458866
        ],
        [
            170.85352693025092,
            160.53880113803694,
            134.32257431570162
        ],
        [
            79.80758601630461,
            65.07496200082906,
            48.96607710377253
        ],
        [
            0.18711065064226773,
            0.1837532295474631,
            0.1773531456196551
        ],
        [
            201.84318405165862,
            192.17268005055143,
            158.95254808367753
        ]
    ],
    "hex_colors": [
        "#8b816d",
        "#6d614f",
        "#c23735",
        "#8d1919",
        "#e5dcb8",
        "#561512",
        "#aaa086",
        "#4f4130",
        "#000000",
        "#c9c09e"
    ],
    "hsl_color_values": [
        [
            0.11147909487414309,
            0.21674077887743623,
            139.37197067701362
        ],
        [
            0.09929076869787712,
            0.2738946004403565,
            109.12829169480032
        ],
        [
            0.001841027432286794,
            0.7231562583332772,
            194.46765117363734
        ],
        [
            0.9999516158480928,
            0.8211665152373884,
            141.33884297520729
        ],
        [
            0.13210270359111081,
            0.19643444471741953,
            229.80685637463205
        ],
        [
            0.008238670238551645,
            0.7888442967329469,
            86.56497665834395
        ],
        [
            0.11960736921258615,
            0.21381444838105487,
            170.85352693025092
        ],
        [
            0.08705197132616556,
            0.38644833720733257,
            79.80758601630461
        ],
        [
            0.10931899621498282,
            0.052148314321603044,
            0.18711065064226773
        ],
        [
            0.12908851865192494,
            0.2124948442995425,
            201.84318405165862
        ]
    ]
}