{
    "rgb_colors": [
        [
            0.03405745206268662,
            0.039567915970398104,
            0.03511843187615327
        ],
        [
            242.05208333333366,
            241.79375,
            237.9854166666669
        ],
        [
            119.73187571921927,
            119.22580232706815,
            112.40787623066181
        ],
        [
            61.85825655563442,
            64.92416725726434,
            60.55634301913547
        ],
        [
            131.3604772275395,
            131.78164946501278,
            125.1850203579256
        ],
        [
            181.83244680851038,
            181.33510638297872,
            176.4002659574467
        ],
        [
            19.725407925407772,
            32.960839160839164,
            25.121678321678356
        ],
        [
            158.87306979616847,
            158.67881408276713,
            152.95655754580864
        ],
        [
            103.71406411582274,
            102.97776628748709,
            97.10289555325785
        ],
        [
            145.74301348445658,
            145.85919484072699,
            139.1988469806466
        ]
    ],
    "hex_colors": [
        "#000000",
        "#f2f1ed",
        "#777770",
        "#3d403c",
        "#83837d",
        "#b5b5b0",
        "#132019",
        "#9e9e98",
        "#676661",
        "#91918b"
    ],
    "hsl_color_values": [
        [
            0.3654231849089234,
            0.13926596265100288,
            0.039567915970398104
        ],
        [
            0.15607923497266415,
            0.01680079184059936,
            242.05208333333366
        ],
        [
            0.155150340717942,
            0.06117000543558526,
            119.73187571921927
        ],
        [
            0.28365514630320554,
            0.06727578377434115,
            64.92416725726434
        ],
        [
            0.17730776407758508,
            0.050057266196524175,
            131.78164946501278
        ],
        [
            0.1514075887392975,
            0.029874650792024907,
            181.83244680851038
        ],
        [
            0.4012856639661868,
            0.40155019023776656,
            32.960839160839164
        ],
        [
            0.16119453192519184,
            0.03724049807780902,
            158.87306979616847
        ],
        [
            0.14810469784658878,
            0.06374418569869038,
            103.71406411582274
        ],
        [
            0.16957395616342982,
            0.04566285908374333,
            145.85919484072699
        ]
    ]
}