{
    "rgb_colors": [
        [
            38.448291571753984,
            41.96742596810984,
            55.58109339407713
        ],
        [
            168.06860158311346,
            121.32363362231533,
            44.40527704485446
        ],
        [
            168.8790119004688,
            127.46628200504935,
            4.859628561122491
        ],
        [
            172.0382337102854,
            172.93367438521213,
            168.4927302100092
        ],
        [
            0.10614165109234364,
            0.12093648440352212,
            0.1452784503612321
        ],
        [
            159.6328780648346,
            101.52745323898601,
            5.532609291863682
        ],
        [
            139.1847795028098,
            137.1375369082753,
            130.48804648061957
        ],
        [
            94.0085977482088,
            93.10399181166835,
            92.85772773797379
        ],
        [
            159.0332051022474,
            127.52298036039954,
            81.04494837011482
        ],
        [
            196.97829390058607,
            161.82222704579888,
            93.72346429346663
        ]
    ],
    "hex_colors": [
        "#262937",
        "#a8792c",
        "#a87f04",
        "#acaca8",
        "#000000",
        "#9f6505",
        "#8b8982",
        "#5e5d5c",
        "#9f7f51",
        "#c4a15d"
    ],
    "hsl_color_values": [
        [
            0.6324327797942676,
            0.30824873668550146,
            55.58109339407713
        ],
        [
            0.10366635495293762,
            0.7357907626613106,
            168.06860158311346
        ],
        [
            0.12458553266461707,
            0.9712242006485294,
            168.8790119004688
        ],
        [
            0.20027215833690795,
            0.025680042889221596,
            172.93367438521213
        ],
        [
            0.6036618834977157,
            0.26939163497115753,
            0.1452784503612321
        ],
        [
            0.10382292506851203,
            0.9653416679638099,
            159.6328780648346
        ],
        [
            0.12743272695407912,
            0.06248336242839434,
            139.1847795028098
        ],
        [
            0.03566346495904055,
            0.01224217824541414,
            94.0085977482088
        ],
        [
            0.09932698831381652,
            0.49038976911766,
            159.0332051022474
        ],
        [
            0.10992022199097994,
            0.5241939482897117,
            196.97829390058607
        ]
    ]
}