{
    "rgb_colors": [
        [
            0.06538093100272846,
            0.06751117035186738,
            0.0739152861385648
        ],
        [
            145.534751195688,
            148.7270784573145,
            157.38200875140276
        ],
        [
            128.41958762886242,
            81.07250859106672,
            83.76872852233802
        ],
        [
            203.09149357072218,
            206.24134520276957,
            215.0464886251236
        ],
        [
            24.873454545454514,
            33.693818181818266,
            53.20181818181769
        ],
        [
            130.32669044122915,
            131.92091462135588,
            138.12859240612582
        ],
        [
            166.95486764067667,
            169.8554896571678,
            179.29842326052443
        ],
        [
            103.53003194888228,
            110.43610223642266,
            119.56134185303637
        ],
        [
            94.54169096209749,
            37.75830903790114,
            43.18571428571468
        ],
        [
            58.8142717497558,
            81.7668621700876,
            94.79130009775143
        ]
    ],
    "hex_colors": [
        "#000000",
        "#91949d",
        "#805153",
        "#cbced7",
        "#182135",
        "#82838a",
        "#a6a9b3",
        "#676e77",
        "#5e252b",
        "#3a515e"
    ],
    "hsl_color_values": [
        [
            0.6250654108163779,
            0.11546130146662037,
            0.0739152861385648
        ],
        [
            0.6217571556593898,
            0.07527707677456608,
            157.38200875140276
        ],
        [
            0.9905090240479988,
            0.368690477146139,
            128.41958762886242
        ],
        [
            0.622754036873096,
            0.05559260758375729,
            215.0464886251236
        ],
        [
            0.6147730724961368,
            0.5324698404018964,
            53.20181818181769
        ],
        [
            0.6326103517813205,
            0.05648288908901288,
            138.12859240612582
        ],
        [
            0.627501533245047,
            0.06884363730244472,
            179.29842326052443
        ],
        [
            0.5948689332642446,
            0.1340843926280086,
            119.56134185303637
        ],
        [
            0.9840698544072309,
            0.600617371514555,
            94.54169096209749
        ],
        [
            0.5603368247542205,
            0.3795393491902223,
            94.79130009775143
        ]
    ]
}