{
    "rgb_colors": [
        [
            0.07440942062347133,
            0.07529950993307466,
            0.05257665510548293
        ],
        [
            34.328708727329094,
            34.141257169431476,
            17.219462098899502
        ],
        [
            224.38491295938104,
            231.68858800773634,
            219.64990328820173
        ],
        [
            19.459965542256075,
            19.698313384113018,
            9.397941603192521
        ],
        [
            80.44404627828402,
            76.40165864646737,
            16.572744957510082
        ],
        [
            94.05220377790498,
            90.99267315397692,
            56.91825987406931
        ],
        [
            51.371038908945046,
            49.46295341240992,
            20.076557217351244
        ],
        [
            164.9479733817302,
            158.50816696914768,
            134.79915305505028
        ],
        [
            67.90137639536144,
            65.63270835591138,
            48.169069036523595
        ],
        [
            126.57948016415868,
            121.11545827633473,
            96.30916552667502
        ]
    ],
    "hex_colors": [
        "#000000",
        "#222211",
        "#e0e7db",
        "#131309",
        "#504c10",
        "#5e5a38",
        "#333114",
        "#a49e86",
        "#434130",
        "#7e7960"
    ],
    "hsl_color_values": [
        [
            0.17319525734740657,
            0.3017663042931826,
            0.07529950993307466
        ],
        [
            0.16484064083427516,
            0.49839470410400016,
            34.328708727329094
        ],
        [
            0.26778063410454306,
            0.05196062880374855,
            231.68858800773634
        ],
        [
            0.17052328865608582,
            0.5229062803533169,
            19.698313384113018
        ],
        [
            0.15611840386259704,
            0.7939841949250144,
            80.44404627828402
        ],
        [
            0.15293470832754705,
            0.39482268795661424,
            94.05220377790498
        ],
        [
            0.15650467540710397,
            0.6091852988814017,
            51.371038908945046
        ],
        [
            0.1310665649998712,
            0.18277775536476665,
            164.9479733817302
        ],
        [
            0.14750462276413276,
            0.2906024650213986,
            67.90137639536144
        ],
        [
            0.13658206643890283,
            0.2391407722501833,
            126.57948016415868
        ]
    ]
}