{
    "rgb_colors": [
        [
            13.391615541921755,
            23.449130879345603,
            56.658997955010136
        ],
        [
            26.83483551149176,
            123.02073005858495,
            187.6575033798998
        ],
        [
            143.3659767274285,
            58.82679435691484,
            56.959839357429615
        ],
        [
            69.19696132596695,
            82.4756906077348,
            99.01160220994555
        ],
        [
            163.9571276971999,
            184.86246904846126,
            208.70385567740263
        ],
        [
            0.0746062339222533,
            0.07873742081233104,
            0.0859571241271766
        ],
        [
            146.27988293283923,
            155.94993838570548,
            171.39348428834722
        ],
        [
            98.9688195991078,
            41.85723830734967,
            37.3111358574607
        ],
        [
            214.85749385749864,
            234.42076167076166,
            245.9330466830529
        ],
        [
            128.37730243612242,
            126.22088532382651,
            132.64928698751945
        ]
    ],
    "hex_colors": [
        "#0d1738",
        "#1a7bbb",
        "#8f3a38",
        "#455263",
        "#a3b8d0",
        "#000000",
        "#929bab",
        "#622925",
        "#d6eaf5",
        "#807e84"
    ],
    "hsl_color_values": [
        [
            0.6279249526375268,
            0.7636453868712024,
            56.658997955010136
        ],
        [
            0.5669855543148136,
            0.8570009990105939,
            187.6575033798998
        ],
        [
            0.003601123439281373,
            0.6026962557111908,
            143.3659767274285
        ],
        [
            0.5924373121836292,
            0.30112269894147586,
            99.01160220994555
        ],
        [
            0.588801228995222,
            0.2144029770555297,
            208.70385567740263
        ],
        [
            0.6060078869660535,
            0.1320529312745417,
            0.0859571241271766
        ],
        [
            0.6024912469012508,
            0.1465259981135434,
            171.39348428834722
        ],
        [
            0.012288553440037505,
            0.6230011026846979,
            98.9688195991078
        ],
        [
            0.5617435248694078,
            0.12635777600723583,
            245.9330466830529
        ],
        [
            0.7225752534121396,
            0.04846163752314602,
            132.64928698751945
        ]
    ]
}