{
    "rgb_colors": [
        [
            57.010175763182225,
            58.11655874190563,
            62.90286771507863
        ],
        [
            131.98995370826307,
            135.29006205062495,
            146.44459765586564
        ],
        [
            185.86414052963994,
            188.9876877354992,
            201.30849652390614
        ],
        [
            162.4546810891406,
            165.32166169339257,
            177.5945076464065
        ],
        [
            237.49999999999835,
            241.56719817767487,
            247.44760820045718
        ],
        [
            117.40425531914855,
            120.30646894476655,
            130.6610788738445
        ],
        [
            148.02643678161036,
            151.24753694581415,
            162.87602627257684
        ],
        [
            0.18451637583284253,
            0.18735162746165201,
            0.2019779255354024
        ],
        [
            173.8990402362542,
            176.84293097084287,
            189.24909560722818
        ],
        [
            201.40411973918424,
            204.62092471843715,
            216.7983106105499
        ]
    ],
    "hex_colors": [
        "#393a3e",
        "#838792",
        "#b9bcc9",
        "#a2a5b1",
        "#edf1f7",
        "#757882",
        "#9497a2",
        "#000000",
        "#adb0bd",
        "#c9ccd8"
    ],
    "hsl_color_values": [
        [
            0.635374149659864,
            0.09367922585958427,
            62.90286771507863
        ],
        [
            0.6286153622516908,
            0.09870383871428255,
            146.44459765586564
        ],
        [
            0.6329591296758191,
            0.0767198417401728,
            201.30849652390614
        ],
        [
            0.6351055322704907,
            0.08524940752902979,
            177.5945076464065
        ],
        [
            0.5985230135104417,
            0.04020086624721092,
            247.44760820045718
        ],
        [
            0.6301796251864328,
            0.10145962109723312,
            130.6610788738445
        ],
        [
            0.6305141502827031,
            0.09117111849300243,
            162.87602627257684
        ],
        [
            0.6396048109789301,
            0.08645276287630367,
            0.2019779255354024
        ],
        [
            0.6347027131885206,
            0.08111032352213635,
            189.24909560722818
        ],
        [
            0.6318396226415034,
            0.07100696877209216,
            216.7983106105499
        ]
    ]
}