{
    "rgb_colors": [
        [
            46.323676323676516,
            47.30103230103242,
            48.4382284382284
        ],
        [
            132.7605259748698,
            138.71421168544893,
            142.74051042881496
        ],
        [
            67.8894811656006,
            129.45984363894854,
            129.51563610518775
        ],
        [
            151.8582864929328,
            156.93949071708363,
            158.9379577584738
        ],
        [
            17.803857773646943,
            94.5280037183371,
            91.00720427608594
        ],
        [
            0.25855890927010705,
            0.26138738153314733,
            0.2719067557471817
        ],
        [
            81.06740513787625,
            83.91256186660189,
            87.61760546783154
        ],
        [
            180.37631327602358,
            188.7111747851033,
            203.0861509073506
        ],
        [
            23.048836322014463,
            39.673025562762376,
            92.32964517359741
        ],
        [
            106.46409252005313,
            111.16862525648102,
            117.93527326991364
        ]
    ],
    "hex_colors": [
        "#2e2f30",
        "#848a8e",
        "#438181",
        "#979c9e",
        "#115e5b",
        "#000000",
        "#515357",
        "#b4bccb",
        "#17275c",
        "#6a6f75"
    ],
    "hsl_color_values": [
        [
            0.5896325459317557,
            0.04365461295200958,
            48.4382284382284
        ],
        [
            0.5672395627125185,
            0.06991697328224276,
            142.74051042881496
        ],
        [
            0.5001508895757381,
            0.47582019277994125,
            129.51563610518775
        ],
        [
            0.5470470771507273,
            0.04454361541690034,
            158.9379577584738
        ],
        [
            0.49235182223514257,
            0.8116552019156494,
            94.5280037183371
        ],
        [
            0.6313492059324792,
            0.04908979344921261,
            0.2719067557471817
        ],
        [
            0.594273035291399,
            0.07475895163969265,
            87.61760546783154
        ],
        [
            0.6054974233018277,
            0.1118236646362332,
            203.0861509073506
        ],
        [
            0.6266743765545973,
            0.7503636423742532,
            92.32964517359741
        ],
        [
            0.5983137388816012,
            0.09726675007236288,
            117.93527326991364
        ]
    ]
}