{
    "rgb_colors": [
        [
            0.05114870521945036,
            0.05259048926870591,
            0.05558738533076024
        ],
        [
            39.134406937131686,
            85.12511613502757,
            100.81728089191455
        ],
        [
            78.6135194709747,
            96.66838109233665,
            106.90595150624478
        ],
        [
            132.57439484787258,
            142.7681545636321,
            152.60337552741703
        ],
        [
            34.35215204024598,
            50.81777529346026,
            64.37730575740552
        ],
        [
            117.91800797909161,
            130.10372816067863,
            139.53652496905138
        ],
        [
            61.95527908540842,
            74.44182918628029,
            84.79018157363743
        ],
        [
            151.17213642213423,
            161.67535392535655,
            171.86872586872374
        ],
        [
            100.87834691501502,
            116.87951105937262,
            126.54462553356545
        ],
        [
            180.61545064377765,
            191.13390557939812,
            201.02746781115997
        ]
    ],
    "hex_colors": [
        "#000000",
        "#275564",
        "#4e606a",
        "#848e98",
        "#223240",
        "#75828b",
        "#3d4a54",
        "#97a1ab",
        "#64747e",
        "#b4bfc9"
    ],
    "hsl_color_values": [
        [
            0.6125295503355513,
            0.07985049278534168,
            0.05558738533076024
        ],
        [
            0.5424001124644696,
            0.611828383081593,
            100.81728089191455
        ],
        [
            0.5603080616584776,
            0.2646478669956688,
            106.90595150624478
        ],
        [
            0.5818415834630203,
            0.13124860842901867,
            152.60337552741703
        ],
        [
            0.5752676161221223,
            0.4663934497399443,
            64.37730575740552
        ],
        [
            0.5727215840996679,
            0.15493088275456673,
            139.53652496905138
        ],
        [
            0.5755302282889941,
            0.26931069216307385,
            84.79018157363743
        ],
        [
            0.582085762404418,
            0.12042091626604552,
            171.86872586872374
        ],
        [
            0.5627614324735499,
            0.20282393274570606,
            126.54462553356545
        ],
        [
            0.5807821698906809,
            0.10153844840027951,
            201.02746781115997
        ]
    ]
}