{
    "rgb_colors": [
        [
            0.022093130474871714,
            0.02227140003831707,
            0.023463961887198792
        ],
        [
            151.33839366809394,
            152.60360711041255,
            153.74192292720903
        ],
        [
            114.65811716700671,
            115.7318566015738,
            114.20810259399593
        ],
        [
            160.5705683101242,
            161.90327436958984,
            166.13774934136245
        ],
        [
            62.08781869688386,
            62.688385269121795,
            65.17280453257791
        ],
        [
            135.68461401319308,
            136.60385095382438,
            136.67962203601354
        ],
        [
            101.5942196531792,
            102.67861271676378,
            101.27745664739885
        ],
        [
            26.95813953488372,
            27.188372093023258,
            28.311627906976746
        ],
        [
            144.01775891874902,
            145.112839855411,
            145.3015873015873
        ],
        [
            126.36440827879002,
            127.22094463117098,
            126.81514240226429
        ]
    ],
    "hex_colors": [
        "#000000",
        "#979899",
        "#727372",
        "#a0a1a6",
        "#3e3e41",
        "#878888",
        "#656665",
        "#1a1b1c",
        "#909191",
        "#7e7f7e"
    ],
    "hsl_color_values": [
        [
            0.6449925252365971,
            0.05842284516644059,
            0.023463961887198792
        ],
        [
            0.5789336356443034,
            0.01563353191733571,
            153.74192292720903
        ],
        [
            0.2841111961234355,
            0.013166245252797085,
            115.7318566015738
        ],
        [
            0.6267689742202971,
            0.03350942849116963,
            166.13774934136245
        ],
        [
            0.6342209978573629,
            0.04733547770146925,
            65.17280453257791
        ],
        [
            0.5126918712297385,
            0.007279856411647696,
            136.67962203601354
        ],
        [
            0.29565456545656654,
            0.01364603623180985,
            102.67861271676378
        ],
        [
            0.638316151202749,
            0.047806801379990216,
            28.311627906976746
        ],
        [
            0.5245032031668438,
            0.008835611548919679,
            145.3015873015873
        ],
        [
            0.42103813851008476,
            0.006732667760518206,
            127.22094463117098
        ]
    ]
}