{
    "rgb_colors": [
        [
            45.29376498800961,
            47.830935251798564,
            45.25419664268581
        ],
        [
            11.443967572722967,
            51.74678111588013,
            100.17691940867815
        ],
        [
            205.74473462510574,
            219.11036225779395,
            215.83572030328702
        ],
        [
            117.57734003172835,
            121.48611845584355,
            120.05222104706519
        ],
        [
            172.45372119380553,
            180.46014355874587,
            178.79977332829586
        ],
        [
            50.75797101449245,
            92.78840579710179,
            130.5253623188394
        ],
        [
            84.90684410646436,
            95.23764258555208,
            92.80544993662934
        ],
        [
            134.23675557179664,
            137.7257337717735,
            135.3319936670365
        ],
        [
            152.55990016638526,
            155.5730449251209,
            150.83677204658534
        ],
        [
            0.04698970321916818,
            0.047813446406873794,
            0.04615990309987339
        ]
    ],
    "hex_colors": [
        "#2d2f2d",
        "#0b3364",
        "#cddbd7",
        "#757978",
        "#acb4b2",
        "#325c82",
        "#545f5c",
        "#868987",
        "#989b96",
        "#000000"
    ],
    "hsl_color_values": [
        [
            0.33077400341243607,
            0.053871800656790626,
            47.830935251798564
        ],
        [
            0.5909660903695491,
            0.8857624327013235,
            100.17691940867815
        ],
        [
            0.4591658787687834,
            0.06099952323095933,
            219.11036225779395
        ],
        [
            0.43885995174639314,
            0.032174691839676466,
            121.48611845584355
        ],
        [
            0.465436700797419,
            0.04436670727979319,
            180.46014355874587
        ],
        [
            0.5788479183132091,
            0.611125607217209,
            130.5253623188394
        ],
        [
            0.46076146076146096,
            0.10847389959077947,
            95.23764258555208
        ],
        [
            0.3856522852090396,
            0.02533279805035181,
            137.7257337717735
        ],
        [
            0.27269746472277073,
            0.030444045630238805,
            155.5730449251209
        ],
        [
            0.24969474987624407,
            0.03458322775834638,
            0.047813446406873794
        ]
    ]
}