{
    "rgb_colors": [
        [
            0.05312380515409387,
            0.05413321098111368,
            0.058193775326678576
        ],
        [
            142.90222806531966,
            144.50380570163298,
            149.38319955715139
        ],
        [
            212.18867924528303,
            215.08744557329462,
            222.28265602322236
        ],
        [
            65.71805976613253,
            71.27197921177999,
            85.7700303161547
        ],
        [
            128.62074016209354,
            130.71174689971681,
            134.75949614295703
        ],
        [
            170.81039285371241,
            173.83267697627508,
            182.57227931994805
        ],
        [
            95.0128254955305,
            104.60551884959192,
            117.08278274387891
        ],
        [
            188.5023462583354,
            191.89478883674983,
            201.76772042479573
        ],
        [
            31.67062818336163,
            38.55121675155631,
            53.13525749858505
        ],
        [
            156.62005895246014,
            158.30640163252968,
            163.99229083213098
        ]
    ],
    "hex_colors": [
        "#000000",
        "#8e9095",
        "#d4d7de",
        "#414755",
        "#808286",
        "#aaadb6",
        "#5f6875",
        "#bcbfc9",
        "#1f2635",
        "#9c9ea3"
    ],
    "hsl_color_values": [
        [
            0.6334841628695025,
            0.08712220755783148,
            0.058193775326678576
        ],
        [
            0.625480000996459,
            0.043384875347727565,
            149.38319955715139
        ],
        [
            0.6188036953161525,
            0.04541054600717382,
            222.28265602322236
        ],
        [
            0.6205039596832265,
            0.2337876117812845,
            85.7700303161547
        ],
        [
            0.6098960238811243,
            0.04555342040127036,
            134.75949614295703
        ],
        [
            0.6238407116744039,
            0.06442317809717195,
            182.57227931994805
        ],
        [
            0.5942251024313511,
            0.1884987419254196,
            117.08278274387891
        ],
        [
            0.6240438888009688,
            0.06574577012879866,
            201.76772042479573
        ],
        [
            0.613240877452014,
            0.4039620832889538,
            53.13525749858505
        ],
        [
            0.6285429182642394,
            0.044954746605847126,
            163.99229083213098
        ]
    ]
}