{
    "rgb_colors": [
        [
            0.048484291187739004,
            0.050807662840650636,
            0.04968582376215025
        ],
        [
            127.7101096224117,
            61.89646772228987,
            64.21680876979303
        ],
        [
            93.00955974842766,
            119.40402515723255,
            96.00226415094212
        ],
        [
            131.52095009340806,
            152.48251934881426,
            140.94929276754917
        ],
        [
            55.54698153999667,
            102.00931315483372,
            56.94461999002088
        ],
        [
            185.94140625,
            193.47981770833255,
            189.34895833333255
        ],
        [
            32.757604205782954,
            75.74108148704539,
            113.05107022155514
        ],
        [
            49.95280824194084,
            117.28281821203278,
            158.991026919242
        ],
        [
            24.683169834457388,
            95.08537706928543,
            142.92519926425123
        ],
        [
            47.60860979462875,
            55.9743285939973,
            53.92496050552974
        ]
    ],
    "hex_colors": [
        "#000000",
        "#7f3d40",
        "#5d7760",
        "#83988c",
        "#376638",
        "#b9c1bd",
        "#204b71",
        "#31759e",
        "#185f8e",
        "#2f3735"
    ],
    "hsl_color_values": [
        [
            0.4195250662907284,
            0.04572876458022645,
            0.050807662840650636
        ],
        [
            0.9941239612829194,
            0.5153361945636625,
            127.7101096224117
        ],
        [
            0.3522306309053976,
            0.22105172228531128,
            119.40402515723255
        ],
        [
            0.4082986389621048,
            0.1374686708018981,
            152.48251934881426
        ],
        [
            0.33834685145811716,
            0.45547146802483324,
            102.00931315483372
        ],
        [
            0.4086708696778556,
            0.03896226256371903,
            193.47981770833255
        ],
        [
            0.5774450495701623,
            0.7102406537011522,
            113.05107022155514
        ],
        [
            0.5637516661790009,
            0.6858136637653526,
            158.991026919242
        ],
        [
            0.5674320606438433,
            0.8273000845090919,
            142.92519926425123
        ],
        [
            0.45917130897303077,
            0.14945634917835696,
            55.9743285939973
        ]
    ]
}