{
    "rgb_colors": [
        [
            0.040552145067358936,
            0.05540612469394546,
            0.04597423796174738
        ],
        [
            127.51263357079158,
            170.1446460373998,
            61.67425422974176
        ],
        [
            113.15933259992048,
            154.35506050605062,
            50.96901356802347
        ],
        [
            36.98276137270555,
            41.14525139664804,
            37.89656823623304
        ],
        [
            90.78050052137671,
            121.43378519290928,
            48.79457768508863
        ],
        [
            50.760351607679596,
            53.58292852185982,
            52.55250983113579
        ],
        [
            80.07487091222025,
            83.96901893287435,
            80.75559380378658
        ],
        [
            21.878689191939685,
            26.46122532057806,
            23.10665581111337
        ],
        [
            128.6621359223303,
            158.4454368932039,
            85.94174757281554
        ],
        [
            61.38575667655756,
            82.99035608308606,
            32.97477744807122
        ]
    ],
    "hex_colors": [
        "#000000",
        "#7faa3d",
        "#719a32",
        "#242925",
        "#5a7930",
        "#323534",
        "#505350",
        "#151a17",
        "#809e55",
        "#3d5220"
    ],
    "hsl_color_values": [
        [
            0.39417104630873534,
            0.2680927371953466,
            0.05540612469394546
        ],
        [
            0.2321715043711409,
            0.6375186897377598,
            170.1446460373998
        ],
        [
            0.23307751082184902,
            0.66979369901497,
            154.35506050605062
        ],
        [
            0.36992228442876335,
            0.10116574532053028,
            41.14525139664804
        ],
        [
            0.2369989424977145,
            0.5981795543342923,
            121.43378519290928
        ],
        [
            0.4391561492651534,
            0.052676794494886915,
            53.58292852185982
        ],
        [
            0.3624677716390448,
            0.04637600951092593,
            83.96901893287435
        ],
        [
            0.3779944330934843,
            0.1731792867911782,
            26.46122532057806
        ],
        [
            0.23513054128704045,
            0.457594050936649,
            158.4454368932039
        ],
        [
            0.2386595669994028,
            0.6026673579390548,
            82.99035608308606
        ]
    ]
}