{
    "rgb_colors": [
        [
            0.11024744266326536,
            0.09681397324744978,
            0.08082319168721597
        ],
        [
            186.8986985944853,
            170.85059864653633,
            148.21915668922435
        ],
        [
            208.68517689207079,
            191.8264666368145,
            169.12987012987014
        ],
        [
            104.6331160010852,
            93.99368378158378,
            72.22351263243684
        ],
        [
            134.81535659085736,
            123.1098476484874,
            99.92669463457716
        ],
        [
            41.21594427244568,
            36.86455108359142,
            31.126160990712073
        ],
        [
            150.56112900752265,
            137.0474766068366,
            114.7331645957969
        ],
        [
            120.43254781421331,
            109.51878415300106,
            86.95133196721312
        ],
        [
            85.25959867277642,
            75.76125770263921,
            57.467372412703426
        ],
        [
            168.22587334503294,
            153.048014037323,
            129.37230818312332
        ]
    ],
    "hex_colors": [
        "#000000",
        "#baaa94",
        "#d0bfa9",
        "#685d48",
        "#867b63",
        "#29241f",
        "#968972",
        "#786d56",
        "#554b39",
        "#a89981"
    ],
    "hsl_color_values": [
        [
            0.09057597633354604,
            0.26689282096022354,
            0.11024744266326536
        ],
        [
            0.09751684759152483,
            0.20695458125786137,
            186.8986985944853
        ],
        [
            0.09563232835563716,
            0.1895453589531092,
            208.68517689207079
        ],
        [
            0.11195329411840556,
            0.3097451801809307,
            104.6331160010852
        ],
        [
            0.11074826660000887,
            0.2587884855147593,
            134.81535659085736
        ],
        [
            0.09478879001739056,
            0.24480291449925573,
            41.21594427244568
        ],
        [
            0.10380305057528698,
            0.2379629101342329,
            150.56112900752265
        ],
        [
            0.11233887228446193,
            0.2780080339963444,
            120.43254781421331
        ],
        [
            0.10970624854318371,
            0.32597181657796276,
            85.25959867277642
        ],
        [
            0.10155955983077679,
            0.23096069819308096,
            168.22587334503294
        ]
    ]
}