{
    "rgb_colors": [
        [
            0.07386769114214431,
            0.0701567629299511,
            0.04784361767746503
        ],
        [
            145.8691774033709,
            57.231912784935375,
            51.032705649157165
        ],
        [
            201.85735366453338,
            195.55041810132946,
            171.8991637973441
        ],
        [
            33.64550155118983,
            61.50527404343422,
            89.07735263702273
        ],
        [
            152.7903780068714,
            158.74570446735575,
            129.70360824742352
        ],
        [
            80.39171758316375,
            102.34283774609798,
            77.8991853360481
        ],
        [
            44.33645224171592,
            100.27543859649332,
            45.49005847953184
        ],
        [
            115.82488949336857,
            131.01122067324206,
            103.08976538592378
        ],
        [
            20.000600841177533,
            87.90446625275463,
            122.53354696574726
        ],
        [
            35.453815261044554,
            54.29451137884893,
            38.40249888442624
        ]
    ],
    "hex_colors": [
        "#000000",
        "#913933",
        "#c9c3ab",
        "#213d59",
        "#989e81",
        "#50664d",
        "#2c642d",
        "#738367",
        "#14577a",
        "#233626"
    ],
    "hsl_color_values": [
        [
            0.14290067030161002,
            0.35230657764300366,
            0.07386769114214431
        ],
        [
            0.010894555334935904,
            0.6501474365071874,
            145.8691774033709
        ],
        [
            0.13157923542129968,
            0.14841267520516876,
            201.85735366453338
        ],
        [
            0.5829008294373778,
            0.6222889370288051,
            89.07735263702273
        ],
        [
            0.20084307055171102,
            0.1829472886676087,
            158.74570446735575
        ],
        [
            0.3163382446200303,
            0.23884087004399915,
            102.34283774609798
        ],
        [
            0.33677043004944557,
            0.5578533201921454,
            100.27543859649332
        ],
        [
            0.2573157811415547,
            0.21312262525175452,
            131.01122067324206
        ],
        [
            0.5562893554736396,
            0.8367744888118807,
            122.53354696574726
        ],
        [
            0.35941768114568395,
            0.3470092213619956,
            54.29451137884893
        ]
    ]
}