{
    "rgb_colors": [
        [
            44.99857954545455,
            44.53551136363637,
            43.078125
        ],
        [
            138.58810810810772,
            53.57351351351359,
            55.84756756756735
        ],
        [
            133.75009376172088,
            131.9633704213041,
            124.19671208901062
        ],
        [
            170.45597956731376,
            167.60306490385292,
            158.51757812499514
        ],
        [
            0.06103093705171858,
            0.060605608358059726,
            0.05847896489430582
        ],
        [
            145.52992663148862,
            143.8574462607851,
            136.3434804994163
        ],
        [
            119.68943033630745,
            115.57446808510625,
            108.89945092656131
        ],
        [
            156.53804100228083,
            154.20920273348844,
            147.0564009111593
        ],
        [
            89.92874299439558,
            88.1024819855885,
            83.6845476381104
        ],
        [
            181.1330849478331,
            62.098062593145,
            70.23099850968828
        ]
    ],
    "hex_colors": [
        "#2c2c2b",
        "#8a3537",
        "#85837c",
        "#aaa79e",
        "#000000",
        "#918f88",
        "#77736c",
        "#9c9a93",
        "#595853",
        "#b53e46"
    ],
    "hsl_color_values": [
        [
            0.1264792899408286,
            0.0426781148394836,
            44.99857954545455
        ],
        [
            0.9955418359539756,
            0.6134335460317939,
            138.58810810810772
        ],
        [
            0.13549579612001592,
            0.07142710262117533,
            133.75009376172088
        ],
        [
            0.12683840493993367,
            0.07003803253264047,
            170.45597956731376
        ],
        [
            0.13888888883946776,
            0.04181440234565269,
            0.06103093705171858
        ],
        [
            0.13632340612357086,
            0.06312410336970944,
            145.52992663148862
        ],
        [
            0.10310518838920224,
            0.09014981004945954,
            119.68943033630745
        ],
        [
            0.12573074126396683,
            0.06057083652262763,
            156.53804100228083
        ],
        [
            0.1179211009958544,
            0.06943492312212479,
            89.92874299439558
        ],
        [
            0.9886126847997312,
            0.6571688567495583,
            181.1330849478331
        ]
    ]
}