{
    "rgb_colors": [
        [
            0.07028865613060731,
            0.07309018279433843,
            0.07695299367843944
        ],
        [
            54.23529411764663,
            117.84637350085667,
            70.58652198743576
        ],
        [
            167.1884526558922,
            177.98290993071177,
            189.0518860662048
        ],
        [
            122.2747399306453,
            135.3970392104602,
            144.60162710056014
        ],
        [
            7.631100389682787,
            56.26702542215736,
            88.14715160512154
        ],
        [
            15.686683347233508,
            56.76508201278877,
            51.48151237142063
        ],
        [
            143.9919127988808,
            155.4298523206682,
            165.75474683544303
        ],
        [
            47.072880968700645,
            74.13593785698053,
            91.4000456933973
        ],
        [
            70.76576576576485,
            108.46738738738661,
            121.3618018018018
        ],
        [
            203.19914996964445,
            215.19064966605757,
            224.5780206435944
        ]
    ],
    "hex_colors": [
        "#000000",
        "#367546",
        "#a7b1bd",
        "#7a8790",
        "#073858",
        "#0f3833",
        "#8f9ba5",
        "#2f4a5b",
        "#466c79",
        "#cbd7e0"
    ],
    "hsl_color_values": [
        [
            0.5966040224397485,
            0.08660270678591334,
            0.07695299367843944
        ],
        [
            0.3761749997755501,
            0.5397796936258512,
            117.84637350085667
        ],
        [
            0.5843796727299625,
            0.11564779312836976,
            189.0518860662048
        ],
        [
            0.5687107866855033,
            0.15440273818210967,
            144.60162710056014
        ],
        [
            0.5659912437783404,
            0.9134277143308236,
            88.14715160512154
        ],
        [
            0.4785630655323862,
            0.7236561140931776,
            56.76508201278877
        ],
        [
            0.5790713079726403,
            0.1312953894356208,
            165.75474683544303
        ],
        [
            0.5649116929526142,
            0.4849796779466909,
            91.4000456933973
        ],
        [
            0.5424750481942603,
            0.4169024790738215,
            121.3618018018018
        ],
        [
            0.5731826228546245,
            0.09519573915863412,
            224.5780206435944
        ]
    ]
}