{
    "rgb_colors": [
        [
            0.009035455584822882,
            0.010718370456733517,
            0.011671477587373857
        ],
        [
            14.833333333333279,
            70.06273620559392,
            47.61035525321262
        ],
        [
            5.822222222222195,
            65.24400871459777,
            41.33943355119889
        ],
        [
            60.95469255663433,
            91.00970873786396,
            85.31715210356002
        ],
        [
            4.995245641838346,
            52.82725832012696,
            35.37400950871649
        ],
        [
            31.382470119521933,
            42.155378486055795,
            42.43426294820715
        ],
        [
            46.622327790973884,
            66.51306413301648,
            65.39192399049898
        ],
        [
            2.064644275911864,
            72.8351390393653,
            43.80155290718845
        ],
        [
            26.631147540983534,
            80.78688524590183,
            59.49508196721321
        ],
        [
            15.696969696969678,
            18.653198653198675,
            19.71043771043771
        ]
    ],
    "hex_colors": [
        "#000000",
        "#0e462f",
        "#054129",
        "#3c5b55",
        "#043423",
        "#1f2a2a",
        "#2e4241",
        "#02482b",
        "#1a503b",
        "#0f1213"
    ],
    "hsl_color_values": [
        [
            0.5602617080913325,
            0.22585160985980127,
            0.011671477587373857
        ],
        [
            0.43224508509138654,
            0.7882849837636092,
            70.06273620559392
        ],
        [
            0.4329522706107518,
            0.910762346812704,
            65.24400871459777
        ],
        [
            0.46843257600229843,
            0.3302396700092443,
            91.00970873786396
        ],
        [
            0.4391856073156188,
            0.9054418911621772,
            52.82725832012696
        ],
        [
            0.5042057197788986,
            0.26044502863580793,
            42.43426294820715
        ],
        [
            0.4906058434838016,
            0.2990500678522946,
            66.51306413301648
        ],
        [
            0.43162502200665204,
            0.9716531841204288,
            72.8351390393653
        ],
        [
            0.434473538166591,
            0.670353084415586,
            80.78688524590183
        ],
        [
            0.5439038031319899,
            0.2036214554151017,
            19.71043771043771
        ]
    ]
}