{
    "rgb_colors": [
        [
            0.02838653106340061,
            0.02888053203905372,
            0.0303440099294221
        ],
        [
            229.19266770670828,
            231.41653666146647,
            234.91965678627145
        ],
        [
            145.45286148742053,
            146.67943046723803,
            149.3856787392867
        ],
        [
            131.73483226266953,
            132.85212943135855,
            134.32512491077802
        ],
        [
            77.19630484988453,
            78.44572748267899,
            82.45958429561202
        ],
        [
            204.1217598908595,
            206.2336289222374,
            209.35743519781718
        ],
        [
            34.052104208416836,
            34.66132264529058,
            36.44889779559118
        ],
        [
            180.79579579579578,
            182.85105105105103,
            185.72282282282282
        ],
        [
            119.25696594427245,
            120.61048761609908,
            121.00406346749226
        ],
        [
            160.5958000371678,
            162.0687604534473,
            164.87344359784427
        ]
    ],
    "hex_colors": [
        "#000000",
        "#e5e7ea",
        "#919295",
        "#838486",
        "#4d4e52",
        "#ccced1",
        "#222224",
        "#b4b6b9",
        "#777879",
        "#a0a2a4"
    ],
    "hsl_color_values": [
        [
            0.6246056782333534,
            0.06450956450958324,
            0.0303440099294221
        ],
        [
            0.6019476981748841,
            0.02437850096458105,
            234.91965678627145
        ],
        [
            0.6146865846514361,
            0.026326601619756765,
            149.3856787392867
        ],
        [
            0.5947766449282024,
            0.019283753875747538,
            134.32512491077802
        ],
        [
            0.6271025303495684,
            0.06382859543481315,
            82.45958429561202
        ],
        [
            0.5994397759103641,
            0.02500830840810891,
            209.35743519781718
        ],
        [
            0.6243032329988852,
            0.06575764240158333,
            36.44889779559118
        ],
        [
            0.597143495662421,
            0.02652892602072583,
            185.72282282282282
        ],
        [
            0.5375456861224935,
            0.014438337632266084,
            121.00406346749226
        ],
        [
            0.6092767978683349,
            0.025945012534040364,
            164.87344359784427
        ]
    ]
}