{
    "rgb_colors": [
        [
            52.30465949820787,
            52.75507765830348,
            55.36798088410991
        ],
        [
            155.24730753889347,
            156.4260071798942,
            156.6440965297146
        ],
        [
            191.66867191115426,
            193.22597562856535,
            192.91840197439262
        ],
        [
            0.08702373998685431,
            0.08802865290839179,
            0.09315628543668453
        ],
        [
            172.34224531170824,
            173.7937151545871,
            173.40902179422187
        ],
        [
            215.4561252950036,
            216.81935207036858,
            217.45440892512087
        ],
        [
            123.46735339001806,
            123.8260300850201,
            124.26166339655254
        ],
        [
            109.2529532432664,
            109.43708000282547,
            109.23965480653214
        ],
        [
            239.99597945052676,
            241.35023453205102,
            241.9734197006908
        ],
        [
            137.64211158669522,
            138.2897048884868,
            139.21694075241996
        ]
    ],
    "hex_colors": [
        "#343437",
        "#9b9c9c",
        "#bfc1c0",
        "#000000",
        "#acadad",
        "#d7d8d9",
        "#7b7b7c",
        "#6d6d6d",
        "#eff1f1",
        "#898a8b"
    ],
    "hsl_color_values": [
        [
            0.6421606864274555,
            0.05532658653949917,
            55.36798088410991
        ],
        [
            0.5260227029343184,
            0.008916959028559192,
            156.6440965297146
        ],
        [
            0.4670826730057032,
            0.008059494653061883,
            193.22597562856535
        ],
        [
            0.6393557419791781,
            0.06583072114869072,
            0.09315628543668453
        ],
        [
            0.4558271497162471,
            0.008351682001778882,
            173.7937151545871
        ],
        [
            0.5529668599242695,
            0.009189437179015157,
            217.45440892512087
        ],
        [
            0.5914070719552523,
            0.00639223703291027,
            124.26166339655254
        ],
        [
            0.3221067717596846,
            0.0018040064326298418,
            109.43708000282547
        ],
        [
            0.552524567943169,
            0.008172138297710744,
            241.9734197006908
        ],
        [
            0.5981308411216832,
            0.011312051228918861,
            139.21694075241996
        ]
    ]
}