{
    "rgb_colors": [
        [
            51.17936665017318,
            61.424294903513115,
            27.80108857001537
        ],
        [
            167.25990303890268,
            167.4743407827835,
            162.58815182689054
        ],
        [
            151.78683806600154,
            89.93399846508058,
            35.683998465080954
        ],
        [
            128.38781230956732,
            131.1848872638635,
            62.94966483851262
        ],
        [
            0.11157318695663321,
            0.10450258976311488,
            0.09359964520219677
        ],
        [
            153.08946102021173,
            153.46179018286813,
            147.86857555342607
        ],
        [
            107.32342277012327,
            79.48187092095722,
            35.079405366207
        ],
        [
            159.10947471772215,
            160.18065783014237,
            101.02847324496852
        ],
        [
            87.603426124197,
            98.58372591006423,
            69.65995717344754
        ],
        [
            143.15172786177106,
            140.20687095032397,
            133.11433585313569
        ]
    ],
    "hex_colors": [
        "#333d1b",
        "#a7a7a2",
        "#975923",
        "#80833e",
        "#000000",
        "#999993",
        "#6b4f23",
        "#9fa065",
        "#576245",
        "#8f8c85"
    ],
    "hsl_color_values": [
        [
            0.21744968912107807,
            0.5473926300059929,
            61.424294903513115
        ],
        [
            0.1739810837517921,
            0.029175746762487048,
            167.4743407827835
        ],
        [
            0.07787636114452891,
            0.7649071624407614,
            151.78683806600154
        ],
        [
            0.17349860979632173,
            0.5201454515725084,
            131.1848872638635
        ],
        [
            0.10110180017086247,
            0.1610919455175416,
            0.11157318695663321
        ],
        [
            0.1777613348591017,
            0.036446952839381534,
            153.46179018286813
        ],
        [
            0.1024363150296032,
            0.6731430617774481,
            107.32342277012327
        ],
        [
            0.1696848226314668,
            0.369284190653653,
            160.18065783014237
        ],
        [
            0.229938157355721,
            0.29339293549325995,
            98.58372591006423
        ],
        [
            0.11776855799272745,
            0.0701171558217418,
            143.15172786177106
        ]
    ]
}