{
    "rgb_colors": [
        [
            0.013553345788944071,
            0.013113988254137787,
            0.012969389573088463
        ],
        [
            64.22768974145141,
            61.502919099249375,
            65.10341951626339
        ],
        [
            129.21748400852806,
            128.00213219616205,
            133.13219616204765
        ],
        [
            33.791214470284594,
            31.56175710594315,
            33.79844961240271
        ],
        [
            80.52355460385445,
            77.49678800856532,
            81.26445396145607
        ],
        [
            23.427007299269928,
            21.693430656934307,
            24.19197080291988
        ],
        [
            95.85537918871279,
            92.69135802469135,
            96.5820105820103
        ],
        [
            50.070353134410404,
            48.151108677799066,
            47.775253216534104
        ],
        [
            112.27980922098536,
            109.6804451510334,
            113.51669316375231
        ],
        [
            43.512409000663446,
            41.78259430840503,
            41.4319986763718
        ]
    ],
    "hex_colors": [
        "#000000",
        "#403d41",
        "#818085",
        "#211f21",
        "#504d51",
        "#171518",
        "#5f5c60",
        "#32302f",
        "#706d71",
        "#2b2929"
    ],
    "hsl_color_values": [
        [
            0.04126984099240474,
            0.043085760885106385,
            0.013553345788944071
        ],
        [
            0.792795923094757,
            0.055304321090454786,
            65.10341951626339
        ],
        [
            0.7061512884455236,
            0.03853360880219625,
            133.13219616204765
        ],
        [
            0.8327942082563707,
            0.06617737003057036,
            33.79844961240271
        ],
        [
            0.8005588708913555,
            0.0463630255200849,
            81.26445396145607
        ],
        [
            0.7823059694225162,
            0.10327972724256132,
            24.19197080291988
        ],
        [
            0.8022061045633335,
            0.04028340820276556,
            96.5820105820103
        ],
        [
            0.02729405216286096,
            0.04583750211857429,
            50.070353134410404
        ],
        [
            0.7795966293686732,
            0.033794571580630636,
            113.51669316375231
        ],
        [
            0.02808705795034337,
            0.04781188566829126,
            43.512409000663446
        ]
    ]
}