{
    "rgb_colors": [
        [
            0.1193918206012512,
            0.11454937716933955,
            0.10399836221931125
        ],
        [
            81.01016578041914,
            72.7289646543634,
            57.31154207069088
        ],
        [
            106.84808824369892,
            97.18208835800354,
            79.50671543692991
        ],
        [
            184.76488095238093,
            174.4861111111115,
            155.2058531746033
        ],
        [
            50.553084648493545,
            45.947274031563815,
            36.728120516499345
        ],
        [
            134.5451224462184,
            125.2539575158973,
            107.41888783655894
        ],
        [
            96.01207152540185,
            86.3850622942352,
            69.11303337421612
        ],
        [
            119.53655047805465,
            109.59670255213226,
            91.23210118195969
        ],
        [
            156.53546966731898,
            146.51149706458025,
            128.69129158512828
        ],
        [
            226.8434650455927,
            216.917933130699,
            196.57902735562308
        ]
    ],
    "hex_colors": [
        "#000000",
        "#514839",
        "#6a614f",
        "#b8ae9b",
        "#322d24",
        "#867d6b",
        "#605645",
        "#776d5b",
        "#9c9280",
        "#e2d8c4"
    ],
    "hsl_color_values": [
        [
            0.11423699912259548,
            0.12893226943369546,
            0.1193918206012512
        ],
        [
            0.10842698977313521,
            0.29253888671162837,
            81.01016578041914
        ],
        [
            0.10774497343879813,
            0.25589014512275465,
            106.84808824369892
        ],
        [
            0.10871048760159739,
            0.1599818516669075,
            184.76488095238093
        ],
        [
            0.11114137954891316,
            0.2734741950589592,
            50.553084648493545
        ],
        [
            0.10958069396644425,
            0.20161440352847124,
            134.5451224462184
        ],
        [
            0.1070176364853757,
            0.28016308495196957,
            96.01207152540185
        ],
        [
            0.10813730601185169,
            0.23678489284573495,
            119.53655047805465
        ],
        [
            0.10666625668778425,
            0.1778777560214771,
            156.53546966731898
        ],
        [
            0.1120066285025606,
            0.13341551489652495,
            226.8434650455927
        ]
    ]
}