{
    "rgb_colors": [
        [
            58.79980178394446,
            59.57879088206141,
            59.95242814667989
        ],
        [
            194.31244527830103,
            197.20525328330433,
            206.13233270793972
        ],
        [
            124.050846440149,
            126.12054268219495,
            130.9250210109254
        ],
        [
            149.0424637013166,
            151.82081124683424,
            159.34575939156105
        ],
        [
            218.59093242087334,
            221.7611633875116,
            230.32386655260785
        ],
        [
            0.1261889416164763,
            0.12843499149811066,
            0.13646217847959008
        ],
        [
            161.20426829268578,
            164.07495538370333,
            172.59287626412453
        ],
        [
            108.59628732849089,
            110.89313962873305,
            113.34172719935415
        ],
        [
            136.6673617073472,
            139.25738991782202,
            145.47675702195463
        ],
        [
            176.75015967639,
            179.5299127102416,
            188.0826059186699
        ]
    ],
    "hex_colors": [
        "#3a3b3b",
        "#c2c5ce",
        "#7c7e82",
        "#95979f",
        "#dadde6",
        "#000000",
        "#a1a4ac",
        "#6c6e71",
        "#888b91",
        "#b0b3bc"
    ],
    "hsl_color_values": [
        [
            0.5540269418171438,
            0.01922568273490794,
            59.95242814667989
        ],
        [
            0.6258765432098574,
            0.057341258764998314,
            206.13233270793972
        ],
        [
            0.6164861875236465,
            0.05250466654653253,
            130.9250210109254
        ],
        [
            0.6217239669544394,
            0.06465999302137762,
            159.34575939156105
        ],
        [
            0.6216334446404783,
            0.05094102624859596,
            230.32386655260785
        ],
        [
            0.6302281369289617,
            0.07528266789797936,
            0.13646217847959008
        ],
        [
            0.6246555754338475,
            0.06598538837727222,
            172.59287626412453
        ],
        [
            0.5859979136902669,
            0.041868427349061134,
            113.34172719935415
        ],
        [
            0.6176654182272091,
            0.06055534571256602,
            145.47675702195463
        ],
        [
            0.6257847456406384,
            0.06025249483825336,
            188.0826059186699
        ]
    ]
}