{
    "rgb_colors": [
        [
            0.03961158623415706,
            0.03865880862668192,
            0.036941526840372774
        ],
        [
            217.2470694319192,
            215.50405770964977,
            213.57799819657347
        ],
        [
            66.4843444227008,
            67.84540117416806,
            64.52837573385519
        ],
        [
            187.27249842668354,
            184.95122718690988,
            182.62051604782883
        ],
        [
            131.32771428571232,
            128.80228571428728,
            121.9797142857143
        ],
        [
            22.142951251647084,
            31.113965744400417,
            45.36297760210804
        ],
        [
            168.09459757441934,
            165.20705622932894,
            163.42094818081588
        ],
        [
            20.907766990291282,
            51.65048543689325,
            116.14239482200648
        ],
        [
            100.2091798344616,
            101.24680210684762,
            96.93905191873588
        ],
        [
            150.09133126934344,
            146.7452454666138,
            141.45024325519682
        ]
    ],
    "hex_colors": [
        "#000000",
        "#d9d7d5",
        "#424340",
        "#bbb8b6",
        "#838079",
        "#161f2d",
        "#a8a5a3",
        "#143374",
        "#646560",
        "#96928d"
    ],
    "hsl_color_values": [
        [
            0.10719373198881255,
            0.06740602050119099,
            0.03961158623415706
        ],
        [
            0.08749078397650756,
            0.016888933162320627,
            217.2470694319192
        ],
        [
            0.2350540806292841,
            0.04889094003287909,
            67.84540117416806
        ],
        [
            0.0835024350649286,
            0.024840712960723085,
            187.27249842668354
        ],
        [
            0.12164048332217992,
            0.07118071041471732,
            131.32771428571232
        ],
        [
            0.6022753064003648,
            0.5118717416244278,
            45.36297760210804
        ],
        [
            0.0636942675160014,
            0.027803685906885395,
            168.09459757441934
        ],
        [
            0.6128649505847704,
            0.8199816094516271,
            116.14239482200648
        ],
        [
            0.20681222707426242,
            0.04254702468099379,
            101.24680210684762
        ],
        [
            0.10212838558347327,
            0.057572199147463914,
            150.09133126934344
        ]
    ]
}