{
    "rgb_colors": [
        [
            0.011995975964545158,
            0.011756708991891074,
            0.01038092389678913
        ],
        [
            127.62365591397851,
            125.93010752688163,
            123.03763440860216
        ],
        [
            29.255002858776443,
            28.857061177816092,
            27.537449971412236
        ],
        [
            11.115608337372759,
            11.159718856035314,
            10.306107610276298
        ],
        [
            61.1844512195122,
            59.59908536585363,
            56.42378048780488
        ],
        [
            198.0,
            197.1,
            194.10000000000002
        ],
        [
            43.58571428571429,
            43.035164835164906,
            41.79120879120879
        ],
        [
            19.050921435499514,
            18.869301648884292,
            17.44835111542192
        ],
        [
            101.9331797235023,
            99.99078341013833,
            96.31797235023042
        ],
        [
            80.98069498069498,
            79.42084942084945,
            76.28185328185329
        ]
    ],
    "hex_colors": [
        "#000000",
        "#7f7d7b",
        "#1d1c1b",
        "#0b0b0a",
        "#3d3b38",
        "#c6c5c2",
        "#2b2b29",
        "#131211",
        "#656360",
        "#504f4c"
    ],
    "hsl_color_values": [
        [
            0.14197530867776456,
            0.1346328195829513,
            0.011995975964545158
        ],
        [
            0.10511918718248932,
            0.03593394557249984,
            127.62365591397851
        ],
        [
            0.12805148690636628,
            0.058709715246154696,
            29.255002858776443
        ],
        [
            0.17527919742578138,
            0.07649038983606403,
            11.159718856035314
        ],
        [
            0.11116447859963606,
            0.07780850586740409,
            61.1844512195122
        ],
        [
            0.12820512820512772,
            0.01969696969696958,
            198.0
        ],
        [
            0.11553378240457883,
            0.04117187303028025,
            43.58571428571429
        ],
        [
            0.14777828214048577,
            0.08412035740651164,
            19.050921435499514
        ],
        [
            0.10901381479961947,
            0.05508714030606475,
            101.9331797235023
        ],
        [
            0.11133935907970523,
            0.05802422046343081,
            80.98069498069498
        ]
    ]
}