{
    "rgb_colors": [
        [
            31.810434782608695,
            32.58608695652174,
            33.89043478260869
        ],
        [
            186.89588652482269,
            189.6070921985803,
            181.55007092198684
        ],
        [
            136.83675764080547,
            139.76990698150377,
            133.56925278543952
        ],
        [
            0.03607074912459751,
            0.036739364204713354,
            0.03907607046612327
        ],
        [
            172.9098578347133,
            175.5638181534146,
            168.3608811123252
        ],
        [
            107.85534591194968,
            110.62042175360733,
            106.91971883092805
        ],
        [
            148.48421950526017,
            151.3232868922393,
            144.73945597573444
        ],
        [
            70.8828967642527,
            73.12172573189515,
            74.99383667180288
        ],
        [
            125.82454238921002,
            128.57044797688076,
            122.73675337186765
        ],
        [
            159.63543855768165,
            162.46112155735196,
            155.48777790067172
        ]
    ],
    "hex_colors": [
        "#1f2021",
        "#babdb5",
        "#888b85",
        "#000000",
        "#acafa8",
        "#6b6e6a",
        "#949790",
        "#46494a",
        "#7d807a",
        "#9fa29b"
    ],
    "hsl_color_values": [
        [
            0.604515050167224,
            0.0613742494996664,
            33.89043478260869
        ],
        [
            0.222750372639451,
            0.04249324844956287,
            189.6070921985803
        ],
        [
            0.24550644840453706,
            0.044363299153406484,
            139.76990698150377
        ],
        [
            0.6295871553524458,
            0.07690950767762587,
            0.03907607046612327
        ],
        [
            0.2280758831099424,
            0.041027457233786,
            175.5638181534146
        ],
        [
            0.2911959745409552,
            0.03345406629276935,
            110.62042175360733
        ],
        [
            0.23853635831437545,
            0.04350837899254302,
            151.3232868922393
        ],
        [
            0.5758995502248929,
            0.05481703683918679,
            74.99383667180288
        ],
        [
            0.24511625346628754,
            0.04537352631813268,
            128.57044797688076
        ],
        [
            0.23420201122989712,
            0.04292315348948589,
            162.46112155735196
        ]
    ]
}