{
    "rgb_colors": [
        [
            0.012552442439086153,
            0.013868424308546956,
            0.014284589514886648
        ],
        [
            42.33021390374373,
            105.3235294117647,
            79.32219251336898
        ],
        [
            5.86001164144364,
            72.49883585564609,
            45.86146682188591
        ],
        [
            4.758444216990799,
            56.90788126919141,
            36.01944728761515
        ],
        [
            17.305953278070074,
            82.39939713639788,
            55.32454157246923
        ],
        [
            5.620928402832449,
            83.77608182533439,
            52.4558615263572
        ],
        [
            26.96444017299331,
            89.47188851513695,
            63.38491110043249
        ],
        [
            64.15290519877678,
            87.95107033639144,
            83.44954128440367
        ],
        [
            37.56472795497194,
            59.38273921200751,
            55.11819887429643
        ],
        [
            21.949438202247162,
            26.323033707865168,
            26.539325842696627
        ]
    ],
    "hex_colors": [
        "#000000",
        "#2a694f",
        "#05482d",
        "#043824",
        "#115237",
        "#055334",
        "#1a593f",
        "#405753",
        "#253b37",
        "#151a1a"
    ],
    "hsl_color_values": [
        [
            0.5400432900256046,
            0.12125984257337893,
            0.014284589514886648
        ],
        [
            0.4312060952057552,
            0.5980934731283756,
            105.3235294117647
        ],
        [
            0.43337875393244846,
            0.9191709553362812,
            72.49883585564609
        ],
        [
            0.43324174026823686,
            0.916383388190435,
            56.90788126919141
        ],
        [
            0.43067695208840706,
            0.7899747585601496,
            82.39939713639788
        ],
        [
            0.43320930881835773,
            0.9329053319233576,
            83.77608182533439
        ],
        [
            0.43044301624153763,
            0.6986266790553836,
            89.47188851513695
        ],
        [
            0.46847425683200544,
            0.27058414464534053,
            87.95107033639144
        ],
        [
            0.46742339553415296,
            0.3674133518688179,
            59.38273921200751
        ],
        [
            0.5078539371685026,
            0.17294665537680035,
            26.539325842696627
        ]
    ]
}