{
    "rgb_colors": [
        [
            0.06417230963260678,
            0.0796266338424445,
            0.058460150897520435
        ],
        [
            84.31141917964695,
            131.98728026297124,
            71.68600828926708
        ],
        [
            6.125643666323182,
            115.6614486783348,
            52.38867147270838
        ],
        [
            42.41970770196487,
            123.39576795481199,
            56.887832870079194
        ],
        [
            14.498156342182927,
            145.9981563421866,
            80.80641592920593
        ],
        [
            54.211693548387395,
            145.81747311828113,
            85.91693548387269
        ],
        [
            83.56137479541812,
            170.0343698854322,
            127.53191489361713
        ],
        [
            119.4958158995826,
            152.68959205020968,
            100.01673640167297
        ],
        [
            12.318875502008048,
            52.90923694779139,
            25.14672021419013
        ],
        [
            149.8656330749354,
            183.43720930232556,
            146.47906976744096
        ]
    ],
    "hex_colors": [
        "#000000",
        "#548347",
        "#067334",
        "#2a7b38",
        "#0e9150",
        "#369155",
        "#53aa7f",
        "#779864",
        "#0c3419",
        "#95b792"
    ],
    "hsl_color_values": [
        [
            0.28835531509927287,
            0.26582164689776705,
            0.0796266338424445
        ],
        [
            0.2984379641392267,
            0.45687184290455873,
            131.98728026297124
        ],
        [
            0.40372588336345366,
            0.947038155441411,
            115.6614486783348
        ],
        [
            0.3631119393454842,
            0.6562304493497773,
            123.39576795481199
        ],
        [
            0.4173742200088988,
            0.9006963053135921,
            145.9981563421866
        ],
        [
            0.3910175429329666,
            0.6282222398380674,
            145.81747311828113
        ],
        [
            0.4180814485347475,
            0.5085618581012703,
            170.0343698854322
        ],
        [
            0.2716979196144686,
            0.3449669027291397,
            152.68959205020968
        ],
        [
            0.3860052988577771,
            0.7671696623755169,
            52.90923694779139
        ],
        [
            0.31806126539325263,
            0.20147569664545725,
            183.43720930232556
        ]
    ]
}