{
    "rgb_colors": [
        [
            40.59701492537312,
            43.12055109070027,
            31.973593570608493
        ],
        [
            147.993306515428,
            147.59064231073285,
            141.90286204167768
        ],
        [
            109.41965471447546,
            109.81673306772912,
            108.63346613545816
        ],
        [
            170.48252782866336,
            169.0073974919013,
            160.88833309849232
        ],
        [
            154.97148704591388,
            154.58653890879106,
            146.83315503046654
        ],
        [
            71.4761904761905,
            73.84173669467785,
            69.32352941176471
        ],
        [
            162.87557281059435,
            161.71728615071638,
            154.07796588594704
        ],
        [
            141.09112301200634,
            140.4483933787704,
            135.5295358649789
        ],
        [
            177.5489195048655,
            176.5261207077467,
            168.7779565004546
        ],
        [
            0.08886793767085521,
            0.08960122910077928,
            0.09326768629094317
        ]
    ],
    "hex_colors": [
        "#282b1f",
        "#93938d",
        "#6d6d6c",
        "#aaa9a0",
        "#9a9a92",
        "#474945",
        "#a2a19a",
        "#8d8c87",
        "#b1b0a8",
        "#000000"
    ],
    "hsl_color_values": [
        [
            0.2043979812545055,
            0.25850684274987895,
            43.12055109070027
        ],
        [
            0.15564765137611247,
            0.04115351306861576,
            147.993306515428
        ],
        [
            0.22259633370744436,
            0.01077492381367034,
            109.81673306772912
        ],
        [
            0.14104126890880503,
            0.05627670384975345,
            170.48252782866336
        ],
        [
            0.158783230265691,
            0.05251502821958574,
            154.97148704591388
        ],
        [
            0.25392643108080076,
            0.061187716935682375,
            73.84173669467785
        ],
        [
            0.14472345207435663,
            0.05401428079628565,
            162.87557281059435
        ],
        [
            0.14740568905228577,
            0.03941840583800703,
            141.09112301200634
        ],
        [
            0.1472313474091648,
            0.04940026122868377,
            177.5489195048655
        ],
        [
            0.6388888891448604,
            0.04717334368479132,
            0.09326768629094317
        ]
    ]
}