{
    "rgb_colors": [
        [
            0.008704287235931196,
            0.010279824249955993,
            0.011095331083789794
        ],
        [
            21.857244825124912,
            77.82369735902927,
            56.55174875089206
        ],
        [
            2.028252387999462,
            75.42028790528724,
            45.95371989775168
        ],
        [
            13.81042654028436,
            69.62386902197329,
            49.03920723825875
        ],
        [
            4.591233435270133,
            54.52497451580021,
            36.52395514780856
        ],
        [
            28.17563739376771,
            47.39660056657224,
            45.00283286118986
        ],
        [
            3.050869707909419,
            66.34394486380046,
            42.4463406629469
        ],
        [
            42.32775919732441,
            65.75919732441471,
            62.51505016722414
        ],
        [
            44.666666666666664,
            93.1111111111111,
            76.80423280423288
        ],
        [
            17.182926829268293,
            22.28658536585366,
            22.753048780487774
        ]
    ],
    "hex_colors": [
        "#000000",
        "#154d38",
        "#024b2d",
        "#0d4531",
        "#043624",
        "#1c2f2d",
        "#03422a",
        "#2a413e",
        "#2c5d4c",
        "#111616"
    ],
    "hsl_color_values": [
        [
            0.556844547522913,
            0.2154999999370814,
            0.011095331083789794
        ],
        [
            0.43665268017702,
            0.7191440966330677,
            77.82369735902927
        ],
        [
            0.43308409239084583,
            0.9731073369734873,
            75.42028790528724
        ],
        [
            0.43853134995072235,
            0.8016423572219782,
            69.62386902197329
        ],
        [
            0.4399169813888612,
            0.9157957710931219,
            54.52497451580021
        ],
        [
            0.4792434291328917,
            0.40553463630386705,
            47.39660056657224
        ],
        [
            0.4370715670922038,
            0.9540143457828345,
            66.34394486380046
        ],
        [
            0.47692454086973113,
            0.3563218390804598,
            65.75919732441471
        ],
        [
            0.4438983544488135,
            0.5202863961813842,
            93.1111111111111
        ],
        [
            0.5139573070607545,
            0.24480771807583976,
            22.753048780487774
        ]
    ]
}