{
    "rgb_colors": [
        [
            38.00080032012805,
            35.489795918367115,
            31.683873549419424
        ],
        [
            230.58939393939394,
            222.09015151515436,
            201.7155303030325
        ],
        [
            0.2510237845629675,
            0.2329724151478132,
            0.20578888741952994
        ],
        [
            159.50509564126685,
            151.206020696155,
            134.08286296645642
        ],
        [
            104.05572057769129,
            94.87258014954637,
            84.79053569599637
        ],
        [
            177.1978389894993,
            168.30626997412799,
            150.18779485619302
        ],
        [
            84.18717463322291,
            75.61642214860427,
            66.74775201135837
        ],
        [
            195.4370245139476,
            186.31477176670623,
            167.24904902790473
        ],
        [
            120.8749887821951,
            111.4003410212683,
            100.78111819079238
        ],
        [
            137.93670458384952,
            129.2134249352351,
            117.33089311858873
        ]
    ],
    "hex_colors": [
        "#26231f",
        "#e6dec9",
        "#000000",
        "#9f9786",
        "#685e54",
        "#b1a896",
        "#544b42",
        "#c3baa7",
        "#786f64",
        "#898175"
    ],
    "hsl_color_values": [
        [
            0.1004159804045754,
            0.16623141400952843,
            38.00080032012805
        ],
        [
            0.11760705961580936,
            0.125217656992283,
            230.58939393939394
        ],
        [
            0.10015691956472485,
            0.18020163795311872,
            0.2510237845629675
        ],
        [
            0.11225841798089485,
            0.1593819468437925,
            159.50509564126685
        ],
        [
            0.08722162556845907,
            0.1851429673903505,
            104.05572057769129
        ],
        [
            0.11180084853195371,
            0.15242874454528132,
            177.1978389894993
        ],
        [
            0.08475691664744751,
            0.20715058674724063,
            84.18717463322291
        ],
        [
            0.11272964452662802,
            0.14423047811000209,
            195.4370245139476
        ],
        [
            0.08808011695383548,
            0.1662367938466568,
            120.8749887821951
        ],
        [
            0.09610987525435939,
            0.1493859921289829,
            137.93670458384952
        ]
    ]
}