{
    "rgb_colors": [
        [
            0.08878969172732809,
            0.08696215896785375,
            0.08483826953234441
        ],
        [
            92.76566579634465,
            89.07114882506559,
            85.77545691906052
        ],
        [
            41.30304182509506,
            39.67908745247158,
            37.70722433460073
        ],
        [
            165.88828590337525,
            160.31833223030756,
            155.5204500330875
        ],
        [
            65.2153110047847,
            62.5390749601283,
            59.40404040404104
        ],
        [
            154.3987027027027,
            149.53935135135941,
            144.63221621622364
        ],
        [
            20.623748609566185,
            20.041713014460512,
            19.225250278086794
        ],
        [
            118.43365350409107,
            115.04909284951995,
            108.96015652792603
        ],
        [
            139.91391412056151,
            134.0813377374073,
            128.1046655656489
        ],
        [
            66.14206642066421,
            115.49446494465003,
            81.64391143911395
        ]
    ],
    "hex_colors": [
        "#000000",
        "#5c5955",
        "#292725",
        "#a5a09b",
        "#413e3b",
        "#9a9590",
        "#141413",
        "#76736c",
        "#8b8680",
        "#427351"
    ],
    "hsl_color_values": [
        [
            0.08958333357398988,
            0.04450316380327618,
            0.08878969172732809
        ],
        [
            0.07857876552432703,
            0.0753534059964627,
            92.76566579634465
        ],
        [
            0.09139614394981288,
            0.0870593867086459,
            41.30304182509506
        ],
        [
            0.07712767089240348,
            0.0624989028841173,
            165.88828590337525
        ],
        [
            0.08991248132224532,
            0.08910899160347936,
            65.2153110047847
        ],
        [
            0.08374105232093647,
            0.06325497763594945,
            154.3987027027027
        ],
        [
            0.09730231324981627,
            0.06781009398217294,
            20.623748609566185
        ],
        [
            0.10712229315308901,
            0.07998990739433529,
            118.43365350409107
        ],
        [
            0.08435016199333185,
            0.08440367513939163,
            139.91391412056151
        ],
        [
            0.38568420003239784,
            0.4273139716923892,
            115.49446494465003
        ]
    ]
}