{
    "rgb_colors": [
        [
            56.1146496815288,
            56.13277804997551,
            57.84860362567369
        ],
        [
            134.1739442517047,
            133.02907046297403,
            129.69147027156288
        ],
        [
            188.3849629130134,
            189.24450438300744,
            190.89332434254925
        ],
        [
            201.56635794485584,
            202.3472344388679,
            202.39230092615443
        ],
        [
            218.7571320612101,
            219.50802947288872,
            218.6129794067682
        ],
        [
            157.3137314032974,
            157.42661841576196,
            156.69350623240865
        ],
        [
            0.21067609723061764,
            0.20947345859826783,
            0.21932080686838162
        ],
        [
            10.75471039776356,
            34.523028611304966,
            102.66120027913404
        ],
        [
            96.13670494699647,
            97.01634275618375,
            100.1124116607775
        ],
        [
            175.27505827504996,
            175.8766939275414,
            177.00533364940952
        ]
    ],
    "hex_colors": [
        "#383839",
        "#868581",
        "#bcbdbe",
        "#c9caca",
        "#dadbda",
        "#9d9d9c",
        "#000000",
        "#0a2266",
        "#606164",
        "#afafb1"
    ],
    "hsl_color_values": [
        [
            0.6649241782047789,
            0.02997399825525509,
            57.84860362567369
        ],
        [
            0.1240981433540691,
            0.03340793180927065,
            134.1739442517047
        ],
        [
            0.6095549163507714,
            0.013140121259739363,
            190.89332434254925
        ],
        [
            0.5090939464157839,
            0.004080901188034579,
            202.39230092615443
        ],
        [
            0.3064907651727436,
            0.004077527679829431,
            219.50802947288872
        ],
        [
            0.19233054527166962,
            0.004656850224764226,
            157.42661841576196
        ],
        [
            0.6870213618150679,
            0.04489928890341612,
            0.21932080686838162
        ],
        [
            0.6235643093245815,
            0.8952407494893719,
            102.66120027913404
        ],
        [
            0.6297911343184103,
            0.039712425740500296,
            100.1124116607775
        ],
        [
            0.6087148456822828,
            0.00977527252250309,
            177.00533364940952
        ]
    ]
}