{
    "rgb_colors": [
        [
            98.28925138362948,
            95.69807748325081,
            95.57122050684349
        ],
        [
            169.79124579124579,
            172.64411557434812,
            183.03701746144284
        ],
        [
            227.86107486420053,
            227.49182168543075,
            236.8053894941365
        ],
        [
            61.38068700895303,
            50.31125525306048,
            46.07683171935686
        ],
        [
            154.448704739476,
            157.09545186929643,
            166.32749484839758
        ],
        [
            121.29101408005062,
            9.849707324790387,
            20.25407372249242
        ],
        [
            125.31498388829216,
            127.31605800214822,
            129.12620837808748
        ],
        [
            149.86906672781473,
            60.869066727814726,
            65.53817931666688
        ],
        [
            214.6555620953502,
            214.3150480674907,
            219.02778104765875
        ],
        [
            85.93953646512155,
            20.302147673825587,
            21.08420694734494
        ]
    ],
    "hex_colors": [
        "#625f5f",
        "#a9acb7",
        "#e3e3ec",
        "#3d322e",
        "#9a9da6",
        "#790914",
        "#7d7f81",
        "#953c41",
        "#d6d6db",
        "#551415"
    ],
    "hsl_color_values": [
        [
            0.007778730396993043,
            0.027653388732989056,
            98.28925138362948
        ],
        [
            0.6307700568637401,
            0.0723666275483718,
            183.03701746144284
        ],
        [
            0.673274466999006,
            0.039330049998445527,
            236.8053894941365
        ],
        [
            0.046114997970285475,
            0.24932688171710982,
            61.38068700895303
        ],
        [
            0.6295311909497053,
            0.07141807865108972,
            166.32749484839758
        ],
        [
            0.9844396919170025,
            0.9187927696087222,
            121.29101408005062
        ],
        [
            0.5791587402240407,
            0.029515499120332574,
            129.12620837808748
        ],
        [
            0.991256343466569,
            0.5938516996415123,
            149.86906672781473
        ],
        [
            0.6787090077488812,
            0.021516599207762607,
            219.02778104765875
        ],
        [
            0.9980141926019076,
            0.763762425201523,
            85.93953646512155
        ]
    ]
}