{
    "rgb_colors": [
        [
            46.33793677204659,
            46.68153078203541,
            36.251081530787104
        ],
        [
            201.8343823488726,
            192.22952690550719,
            178.20296721537
        ],
        [
            58.515184980673666,
            80.2935762930248,
            93.55438983986541
        ],
        [
            127.54418560784683,
            115.8656040743127,
            99.98858813542438
        ],
        [
            89.16182950919313,
            119.899179456012,
            148.03829205287985
        ],
        [
            161.8049011964885,
            159.09534623597622,
            154.89363793512342
        ],
        [
            207.78339051224418,
            181.52241807641997,
            133.06601206672403
        ],
        [
            139.32613757317722,
            135.02591138903983,
            129.1708022884595
        ],
        [
            107.46601863753213,
            95.58571658098107,
            75.60242609254409
        ],
        [
            220.99311810301114,
            210.25293989811723,
            195.2246637529572
        ]
    ],
    "hex_colors": [
        "#2e2e24",
        "#c9c0b2",
        "#3a505d",
        "#7f7363",
        "#597794",
        "#a19f9a",
        "#cfb585",
        "#8b8781",
        "#6b5f4b",
        "#dcd2c3"
    ],
    "hsl_color_values": [
        [
            0.17215690653573237,
            0.2234384579192567,
            46.68153078203541
        ],
        [
            0.09892593969296076,
            0.11708319890045037,
            201.8343823488726
        ],
        [
            0.5630760772118469,
            0.37453298470726415,
            93.55438983986541
        ],
        [
            0.09603019226116694,
            0.21604746105123243,
            127.54418560784683
        ],
        [
            0.5796558063589176,
            0.3977110362949596,
            148.03829205287985
        ],
        [
            0.10132513989497265,
            0.04271355941790875,
            161.8049011964885
        ],
        [
            0.10808820968165105,
            0.3595926424211334,
            207.78339051224418
        ],
        [
            0.09609249615144677,
            0.07288894576140756,
            139.32613757317722
        ],
        [
            0.10452520098093498,
            0.29649923714452925,
            107.46601863753213
        ],
        [
            0.09720073454288351,
            0.11660297194432329,
            220.99311810301114
        ]
    ]
}