{
    "rgb_colors": [
        [
            183.4308676013315,
            200.3994837801302,
            208.70616530767876
        ],
        [
            88.07771281904533,
            89.26564950805977,
            87.03365178953372
        ],
        [
            174.41306825376546,
            139.43611498037387,
            125.92921362542737
        ],
        [
            253.1261045878516,
            205.79003752574002,
            194.3578259290643
        ],
        [
            40.37403014358068,
            48.79015428520002,
            49.12423080353162
        ],
        [
            119.07244988206939,
            126.38310731132248,
            126.69553360849056
        ],
        [
            159.01779543883677,
            172.23244644091702,
            179.64357290946788
        ],
        [
            13.717041800625736,
            14.399428367289545,
            13.033583422650963
        ],
        [
            206.88230175133052,
            179.89916240617939,
            170.55161535951268
        ],
        [
            148.66053857197943,
            159.85782820324226,
            166.1114262702665
        ]
    ],
    "hex_colors": [
        "#b7c8d0",
        "#585957",
        "#ae8b7d",
        "#fdcdc2",
        "#283031",
        "#777e7e",
        "#9facb3",
        "#0d0e0d",
        "#ceb3aa",
        "#949fa6"
    ],
    "hsl_color_values": [
        [
            0.5547747028479283,
            0.12110470080788421,
            208.70616530767876
        ],
        [
            0.25537170723445896,
            0.025003993482672404,
            89.26564950805977
        ],
        [
            0.046430925162222025,
            0.27798292360636434,
            174.41306825376546
        ],
        [
            0.032421718704892764,
            0.23216996427324546,
            253.1261045878516
        ],
        [
            0.506363216329058,
            0.17812392208127703,
            49.12423080353162
        ],
        [
            0.5068307067581509,
            0.06016852772393475,
            126.69553360849056
        ],
        [
            0.5598856332333292,
            0.11481500360174618,
            179.64357290946788
        ],
        [
            0.24993460633317297,
            0.09485410877429709,
            14.399428367289545
        ],
        [
            0.04288178018372507,
            0.17561041270454728,
            206.88230175133052
        ],
        [
            0.5597256920406601,
            0.10505531190788846,
            166.1114262702665
        ]
    ]
}