{
    "rgb_colors": [
        [
            232.3248659467748,
            232.8023178235236,
            231.73325261311126
        ],
        [
            161.70679357969516,
            65.23254945875621,
            66.842851810377
        ],
        [
            209.30406545828453,
            208.27566595729198,
            205.65924267997357
        ],
        [
            108.86614393727427,
            102.85298235788105,
            95.79445533464015
        ],
        [
            142.30972818311844,
            137.9341917024318,
            129.9862303290415
        ],
        [
            109.48787234042932,
            41.07595744681274,
            44.238723404255325
        ],
        [
            220.75683068145028,
            220.72724331637414,
            219.2000529396194
        ],
        [
            180.2429357102218,
            173.2211264934578,
            168.58486630001897
        ],
        [
            240.51914773655218,
            241.32020713089113,
            239.20253126993782
        ],
        [
            220.13164049448707,
            112.53057133310719,
            109.96358169061143
        ]
    ],
    "hex_colors": [
        "#e8e8e7",
        "#a14142",
        "#d1d0cd",
        "#6c665f",
        "#8e8981",
        "#6d292c",
        "#dcdcdb",
        "#b4ada8",
        "#f0f1ef",
        "#dc706d"
    ],
    "hsl_color_values": [
        [
            0.2411011464499674,
            0.0045921587912313684,
            232.8023178235236
        ],
        [
            0.9972180790042399,
            0.5965998211039466,
            161.70679357969516
        ],
        [
            0.11964108346080228,
            0.01741400851593772,
            209.30406545828453
        ],
        [
            0.08999764347990087,
            0.12007120055768375,
            108.86614393727427
        ],
        [
            0.10749060409501772,
            0.08659631362811379,
            142.30972818311844
        ],
        [
            0.992294797472144,
            0.6248355496479486,
            109.48787234042932
        ],
        [
            0.16349908058151977,
            0.007052002590476053,
            220.75683068145028
        ],
        [
            0.06628113155369884,
            0.06467975770737333,
            180.2429357102218
        ],
        [
            0.22971215040580203,
            0.008775377272093477,
            241.32020713089113
        ],
        [
            0.003883445090416493,
            0.5004644428052344,
            220.13164049448707
        ]
    ]
}