{
    "rgb_colors": [
        [
            22.168567308952362,
            19.785292961070127,
            19.582514090968203
        ],
        [
            166.22616890177576,
            165.19691917361396,
            164.08702428416325
        ],
        [
            188.7395883453644,
            187.4608393477659,
            185.32868217054482
        ],
        [
            53.36898857019243,
            53.1413629501868,
            47.304075911145205
        ],
        [
            149.92918673268642,
            148.96428813674305,
            147.20379162992631
        ],
        [
            127.1248830346192,
            125.91787230979854,
            120.92794932699775
        ],
        [
            208.5257368047676,
            207.6084569123143,
            205.7238429644172
        ],
        [
            250.5388902350354,
            250.24303368064193,
            239.74993942330823
        ],
        [
            100.45767366720565,
            99.36219709208355,
            91.98206785137498
        ],
        [
            76.32889600639895,
            76.27429686718713,
            68.64593133819658
        ]
    ],
    "hex_colors": [
        "#161313",
        "#a6a5a4",
        "#bcbbb9",
        "#35352f",
        "#959493",
        "#7f7d78",
        "#d0cfcd",
        "#fafaef",
        "#64635b",
        "#4c4c44"
    ],
    "hsl_color_values": [
        [
            0.0130687482049055,
            0.11665405264776985,
            22.168567308952362
        ],
        [
            0.08647497698476166,
            0.012868879982889768,
            166.22616890177576
        ],
        [
            0.10418332001044905,
            0.018072022964139105,
            188.7395883453644
        ],
        [
            0.16041140703359047,
            0.11364113919960234,
            53.36898857019243
        ],
        [
            0.10766001750436228,
            0.018177882253302007,
            149.92918673268642
        ],
        [
            0.13420408700579908,
            0.04874681934561842,
            127.1248830346192
        ],
        [
            0.11210357798931965,
            0.013436681165997643,
            208.5257368047676
        ],
        [
            0.16209630328354238,
            0.04306297837276221,
            250.5388902350354
        ],
        [
            0.14512491105009503,
            0.08436991925483471,
            100.45767366720565
        ],
        [
            0.1654822467287533,
            0.10065604338831628,
            76.32889600639895
        ]
    ]
}