{
    "rgb_colors": [
        [
            80.86503559611535,
            103.03920585581454,
            99.43868444800962
        ],
        [
            184.18334760629588,
            187.54855106493153,
            198.7531699770712
        ],
        [
            154.33224400871492,
            228.81889978213155,
            127.16367102396514
        ],
        [
            42.961631641239634,
            71.84782241254052,
            57.537100681728546
        ],
        [
            122.02083333333846,
            133.5306174089129,
            131.59176788124157
        ],
        [
            79.66626547455594,
            145.48022696010946,
            73.6160591471802
        ],
        [
            208.2423186694183,
            212.76053538038957,
            225.5467375258341
        ],
        [
            155.8712318430492,
            161.2897943784211,
            168.05002829654782
        ],
        [
            246.44568923526933,
            252.39844130540962,
            231.9064783244033
        ],
        [
            12.68668031653985,
            33.551214653333034,
            22.117038348735548
        ]
    ],
    "hex_colors": [
        "#506763",
        "#b8bbc6",
        "#9ae47f",
        "#2a4739",
        "#7a8583",
        "#4f9149",
        "#d0d4e1",
        "#9ba1a8",
        "#f6fce7",
        "#0c2116"
    ],
    "hsl_color_values": [
        [
            0.4729375713150603,
            0.21520129231904303,
            103.03920585581454
        ],
        [
            0.6281715341363655,
            0.073306113167685,
            198.7531699770712
        ],
        [
            0.28878967775580816,
            0.44426063080871725,
            228.81889978213155
        ],
        [
            0.4174304321621272,
            0.40204685126628154,
            71.84782241254052
        ],
        [
            0.471924617714508,
            0.0861958425634163,
            133.5306174089129
        ],
        [
            0.31930175470496613,
            0.49397893661957476,
            145.48022696010946
        ],
        [
            0.6231496826671713,
            0.0767220978065965,
            225.5467375258341
        ],
        [
            0.5925137108024701,
            0.07247125500037065,
            168.05002829654782
        ],
        [
            0.21508200618016118,
            0.0811889442542572,
            252.39844130540962
        ],
        [
            0.40866337968512995,
            0.6218712065233819,
            33.551214653333034
        ]
    ]
}