{
    "rgb_colors": [
        [
            180.4435242653107,
            162.78460330516722,
            146.1343565392956
        ],
        [
            102.76276178010471,
            90.84129581151967,
            69.1217277486911
        ],
        [
            197.94296197464976,
            175.3424783188857,
            157.48965977318213
        ],
        [
            37.97481279782167,
            32.28931245745491,
            20.010211027910145
        ],
        [
            154.48787135459253,
            143.78822567457058,
            122.9869174161897
        ],
        [
            177.65092402464066,
            155.8480492813159,
            141.09782650807796
        ],
        [
            189.75398351648352,
            169.04300976801343,
            152.30521978021977
        ],
        [
            245.92260061919507,
            241.5278637770897,
            222.77089783281735
        ],
        [
            130.3991947080817,
            118.48259994247981,
            97.15559390278978
        ],
        [
            75.56156930126002,
            64.25601374570383,
            42.82187857961054
        ]
    ],
    "hex_colors": [
        "#b4a292",
        "#665a45",
        "#c5af9d",
        "#252014",
        "#9a8f7a",
        "#b19b8d",
        "#bda998",
        "#f5f1de",
        "#827661",
        "#4b402a"
    ],
    "hsl_color_values": [
        [
            0.08088337058497286,
            0.19013798287141342,
            180.4435242653107
        ],
        [
            0.1076045405468566,
            0.32736599765000335,
            102.76276178010471
        ],
        [
            0.0735531982728795,
            0.20436847967672842,
            197.94296197464976
        ],
        [
            0.11391941391942177,
            0.47306623644348866,
            37.97481279782167
        ],
        [
            0.11005649913044908,
            0.20390567662169026,
            154.48787135459253
        ],
        [
            0.06725477809623116,
            0.20575799263218406,
            177.65092402464066
        ],
        [
            0.07449195611044751,
            0.197354295505531,
            189.75398351648352
        ],
        [
            0.13502941963091655,
            0.09414223307693276,
            245.92260061919507
        ],
        [
            0.10692286396512073,
            0.2549371633752244,
            130.3991947080817
        ],
        [
            0.10911391593119991,
            0.4332849492725336,
            75.56156930126002
        ]
    ]
}