{
    "rgb_colors": [
        [
            83.458469587966,
            55.32099411379987,
            51.26566383256538
        ],
        [
            231.54250035644694,
            232.4519747160306,
            244.9560144480044
        ],
        [
            166.33879596397372,
            82.18852847565519,
            31.164556104804575
        ],
        [
            57.13798379837985,
            14.47497749774979,
            16.354365436552172
        ],
        [
            117.90166103189769,
            102.85932676760252,
            89.39511980009088
        ],
        [
            204.6997680872904,
            118.34813519370414,
            49.73067710909912
        ],
        [
            184.53266666666667,
            179.73933333333332,
            183.7353333333324
        ],
        [
            195.33905675103134,
            166.87635187869327,
            130.01271044709512
        ],
        [
            151.01853813559322,
            137.44451800847457,
            125.49735169491454
        ],
        [
            210.2153681047435,
            208.84357158188453,
            220.1241468126154
        ]
    ],
    "hex_colors": [
        "#533733",
        "#e7e8f4",
        "#a6521f",
        "#390e10",
        "#756659",
        "#cc7631",
        "#b8b3b7",
        "#c3a682",
        "#97897d",
        "#d2d0dc"
    ],
    "hsl_color_values": [
        [
            0.020995013151109465,
            0.38573443671249086,
            83.458469587966
        ],
        [
            0.6553661932116146,
            0.054758868124892196,
            244.9560144480044
        ],
        [
            0.06291136095162532,
            0.8126440922924901,
            166.33879596397372
        ],
        [
            0.9926580109960721,
            0.7466662885966195,
            57.13798379837985
        ],
        [
            0.07871998487425906,
            0.24178235473794138,
            117.90166103189769
        ],
        [
            0.07379692906445616,
            0.757055527840694,
            204.6997680872904
        ],
        [
            0.8610570236439827,
            0.025975527368234805,
            184.53266666666667
        ],
        [
            0.09404995972091418,
            0.3344254210626074,
            195.33905675103134
        ],
        [
            0.07802123111406523,
            0.16899373252947444,
            151.01853813559322
        ],
        [
            0.68693449424934,
            0.05124642341184707,
            220.1241468126154
        ]
    ]
}