{
    "rgb_colors": [
        [
            177.13050249904427,
            161.18284791935722,
            145.0225126368103
        ],
        [
            204.9637938693914,
            197.10795202132323,
            182.750999555753
        ],
        [
            34.5756927235864,
            29.523879252088364,
            18.510024780355934
        ],
        [
            116.16021551991082,
            105.28903201833255,
            91.73227224871493
        ],
        [
            156.18786434619804,
            142.24398961746465,
            126.90285519765116
        ],
        [
            243.91034482758621,
            238.77178683385432,
            226.22727272727275
        ],
        [
            137.46433882576883,
            124.54107429659167,
            109.9518172625067
        ],
        [
            53.88778925920536,
            48.018046863628214,
            36.138480570513764
        ],
        [
            74.22592766557068,
            66.64945984028915,
            55.1738374823861
        ],
        [
            94.80982142857144,
            85.885156250004,
            73.39815848214286
        ]
    ],
    "hex_colors": [
        "#b1a191",
        "#ccc5b6",
        "#221d12",
        "#74695b",
        "#9c8e7e",
        "#f3eee2",
        "#897c6d",
        "#353024",
        "#4a4237",
        "#5e5549"
    ],
    "hsl_color_values": [
        [
            0.08388532652820586,
            0.18126742378776473,
            177.13050249904427
        ],
        [
            0.10772284554308437,
            0.10837423475773973,
            204.9637938693914
        ],
        [
            0.11425870486317895,
            0.46465209162016285,
            34.5756927235864
        ],
        [
            0.092494891465839,
            0.21029526470712112,
            116.16021551991082
        ],
        [
            0.08730937127818696,
            0.18749862078679316,
            156.18786434619804
        ],
        [
            0.11823467886328791,
            0.07249824566814976,
            243.91034482758621
        ],
        [
            0.08837949780150421,
            0.2001429737943401,
            137.46433882576883
        ],
        [
            0.11154956794348403,
            0.32937533590988016,
            53.88778925920536
        ],
        [
            0.1003881310621364,
            0.256677023546609,
            74.22592766557068
        ],
        [
            0.09719778888031945,
            0.22583802631207214,
            94.80982142857144
        ]
    ]
}