{
    "rgb_colors": [
        [
            195.39638162245268,
            192.00949559605365,
            188.05837543312634
        ],
        [
            188.41481845980783,
            185.06484833573512,
            178.62293065270254
        ],
        [
            160.05813541297238,
            155.51896490606168,
            146.99905470872915
        ],
        [
            202.23937396439865,
            198.55037461278005,
            195.13502269288352
        ],
        [
            180.59004755207525,
            176.6913803496082,
            171.33333333333317
        ],
        [
            173.11079237585238,
            169.03276598457322,
            160.8619876330694
        ],
        [
            65.75914423740558,
            64.66459627329192,
            57.05521048999357
        ],
        [
            126.24769081186,
            119.87384540593098,
            106.72386971317114
        ],
        [
            99.62306610407644,
            94.8084388185654,
            81.90632911392368
        ],
        [
            146.72682968536708,
            139.82429890560877,
            127.92971956225045
        ]
    ],
    "hex_colors": [
        "#c3c0bc",
        "#bcb9b2",
        "#a09b92",
        "#cac6c3",
        "#b4b0ab",
        "#ada9a0",
        "#414039",
        "#7e776a",
        "#635e51",
        "#928b7f"
    ],
    "hsl_color_values": [
        [
            0.08974100186947472,
            0.037554463027390766,
            195.39638162245268
        ],
        [
            0.1096471863569578,
            0.05196983914083211,
            188.41481845980783
        ],
        [
            0.10873545121957677,
            0.08158960911639371,
            160.05813541297238
        ],
        [
            0.08012347619480202,
            0.035128427923069756,
            202.23937396439865
        ],
        [
            0.09647136283388397,
            0.051258163692950984,
            180.59004755207525
        ],
        [
            0.11117790025346563,
            0.07075702545563305,
            173.11079237585238
        ],
        [
            0.14570779152129332,
            0.13236081229994134,
            65.75914423740558
        ],
        [
            0.11225582350819413,
            0.1546469560998477,
            126.24769081186
        ],
        [
            0.1213740215613906,
            0.1778377004743465,
            99.62306610407644
        ],
        [
            0.105464610122262,
            0.12810956362530365,
            146.72682968536708
        ]
    ]
}