{
    "rgb_colors": [
        [
            177.0799753108197,
            164.9081650648091,
            152.74252711401112
        ],
        [
            68.31243805748042,
            52.76437066402379,
            25.392467789890986
        ],
        [
            145.6078354400544,
            132.3917720028264,
            116.49948967574782
        ],
        [
            191.11261706706756,
            178.6694200453726,
            165.9492757838404
        ],
        [
            91.05276381909363,
            76.52345058626466,
            53.745393634840866
        ],
        [
            161.00817429818022,
            147.77532078421154,
            132.65752621637466
        ],
        [
            247.03394568690032,
            243.2647763578275,
            228.55511182108626
        ],
        [
            117.3171629843091,
            103.30979827089337,
            83.9186679474864
        ],
        [
            132.77634636413097,
            118.14669901585566,
            102.92413887370148
        ],
        [
            205.41991394098108,
            192.40741130803718,
            182.64330635211988
        ]
    ],
    "hex_colors": [
        "#b1a498",
        "#443419",
        "#918474",
        "#bfb2a5",
        "#5b4c35",
        "#a19384",
        "#f7f3e4",
        "#756753",
        "#847666",
        "#cdc0b6"
    ],
    "hsl_color_values": [
        [
            0.08331219890994501,
            0.13743760780455413,
            177.0799753108197
        ],
        [
            0.1062904700052973,
            0.6282892469959146,
            68.31243805748042
        ],
        [
            0.09099499307266322,
            0.19990919909176352,
            145.6078354400544
        ],
        [
            0.08425049836294274,
            0.13166760870841165,
            191.11261706706756
        ],
        [
            0.10175852134546097,
            0.4097335283350231,
            91.05276381909363
        ],
        [
            0.08887389172559425,
            0.1760820418303817,
            161.00817429818022
        ],
        [
            0.13267129159373148,
            0.07480281227922742,
            247.03394568690032
        ],
        [
            0.0967664875419673,
            0.2846854985854856,
            117.3171629843091
        ],
        [
            0.08498846719590432,
            0.2248307647249281,
            132.77634636413097
        ],
        [
            0.07144834100676462,
            0.11087828415411134,
            205.41991394098108
        ]
    ]
}