{
    "rgb_colors": [
        [
            144.89443312966785,
            136.7939579090292,
            131.22335369993095
        ],
        [
            208.0526732185872,
            208.74591677068867,
            210.65060918792548
        ],
        [
            69.71465798045367,
            25.25342019543973,
            28.628013029316378
        ],
        [
            247.94284961812008,
            246.06004740584672,
            230.77087174084863
        ],
        [
            109.82550077041776,
            100.55007704160246,
            94.80585516178635
        ],
        [
            199.0355916194413,
            199.64644513137557,
            200.75549544908068
        ],
        [
            175.23069339467608,
            170.99014130791983,
            167.31350640815046
        ],
        [
            97.6341597796123,
            55.11404958677687,
            55.91873278236804
        ],
        [
            214.4517165248816,
            216.05370876102583,
            217.2558725973444
        ],
        [
            168.21748878923728,
            81.5,
            84.0134529147995
        ]
    ],
    "hex_colors": [
        "#908883",
        "#d0d0d2",
        "#45191c",
        "#f7f6e6",
        "#6d645e",
        "#c7c7c8",
        "#afaaa7",
        "#613737",
        "#d6d8d9",
        "#a85154"
    ],
    "hsl_color_values": [
        [
            0.067912269811717,
            0.09435199913789974,
            144.89443312966785
        ],
        [
            0.6221926713948195,
            0.012332914579993574,
            210.65060918792548
        ],
        [
            0.9873500566561146,
            0.6377602511867707,
            69.71465798045367
        ],
        [
            0.14839268734087405,
            0.06925780640062663,
            247.94284961812008
        ],
        [
            0.06374120523539574,
            0.13675918164059991,
            109.82550077041776
        ],
        [
            0.6074721251456691,
            0.008567156907919423,
            200.75549544908068
        ],
        [
            0.07739775305771877,
            0.0451815080631654,
            175.23069339467608
        ],
        [
            0.9968458720985521,
            0.43550444115886544,
            97.6341597796123
        ],
        [
            0.5714513151938995,
            0.012907158913305615,
            217.2558725973444
        ],
        [
            0.9951692694866732,
            0.5155081639453505,
            168.21748878923728
        ]
    ]
}