{
    "rgb_colors": [
        [
            115.1177049180284,
            47.19131147540418,
            50.18557377049703
        ],
        [
            252.78304852818434,
            253.5781680160485,
            251.7600143352643
        ],
        [
            215.6429065983506,
            216.15464238731704,
            214.0869625424066
        ],
        [
            189.90191146881446,
            186.16163648557966,
            183.978537894031
        ],
        [
            244.26139614144068,
            245.18172965734487,
            243.41056539469122
        ],
        [
            179.41570541260037,
            92.61623779946855,
            88.91659272404539
        ],
        [
            161.67525655644403,
            147.53614595210814,
            143.03101482326218
        ],
        [
            232.1801834728263,
            232.77098790248843,
            230.83129271590988
        ],
        [
            125.91236731671411,
            110.95383855837785,
            106.79190323377244
        ],
        [
            157.01241518695014,
            56.785332755882536,
            58.83037389923487
        ]
    ],
    "hex_colors": [
        "#732f32",
        "#fcfdfb",
        "#d7d8d6",
        "#bdbab7",
        "#f4f5f3",
        "#b35c58",
        "#a1938f",
        "#e8e8e6",
        "#7d6e6a",
        "#9d383a"
    ],
    "hsl_color_values": [
        [
            0.9926531692534164,
            0.59006035162873,
            115.1177049180284
        ],
        [
            0.23955374768990967,
            0.007169992965124422,
            253.5781680160485
        ],
        [
            0.20791545978665127,
            0.009565743405156453,
            216.15464238731704
        ],
        [
            0.061426104679107786,
            0.03119175330552787,
            189.90191146881446
        ],
        [
            0.2532701074381902,
            0.007223883546008737,
            245.18172965734487
        ],
        [
            0.006813409482726425,
            0.5044102046720779,
            179.41570541260037
        ],
        [
            0.040272766191647734,
            0.1153190793092867,
            161.67525655644403
        ],
        [
            0.2174310370816793,
            0.008333062483676518,
            232.77098790248843
        ],
        [
            0.03627819306190797,
            0.15185532994425352,
            125.91236731671411
        ],
        [
            0.9965993204402299,
            0.6383385817722128,
            157.01241518695014
        ]
    ]
}