{
    "rgb_colors": [
        [
            120.21730205278472,
            36.16422287389639,
            33.07067448680351
        ],
        [
            110.98647342995145,
            110.05971014492708,
            107.50937198067632
        ],
        [
            215.68684794217938,
            214.54694816398188,
            212.18368520496182
        ],
        [
            173.9596948235514,
            172.79166540016365,
            169.0413690385726
        ],
        [
            9.931483957220678,
            41.81868315507637,
            80.46691176470588
        ],
        [
            189.09572771125812,
            188.36865066399935,
            184.92045432706166
        ],
        [
            40.79644444444321,
            134.30044444444403,
            195.46133333333333
        ],
        [
            203.1347738224793,
            202.15930877247564,
            199.04259288046012
        ],
        [
            79.88476234142773,
            80.78832339904692,
            78.60767232156503
        ],
        [
            152.41815196997925,
            150.95239212007252,
            147.56468105065665
        ]
    ],
    "hex_colors": [
        "#782421",
        "#6e6e6b",
        "#d7d6d4",
        "#adaca9",
        "#092950",
        "#bdbcb8",
        "#2886c3",
        "#cbcac7",
        "#4f504e",
        "#989693"
    ],
    "hsl_color_values": [
        [
            0.005916366613939757,
            0.7249091942499015,
            120.21730205278472
        ],
        [
            0.12224445185430872,
            0.03132905607159128,
            110.98647342995145
        ],
        [
            0.11243473095101468,
            0.016241893145736364,
            215.68684794217938
        ],
        [
            0.1270858053989614,
            0.028272789222626948,
            173.9596948235514
        ],
        [
            0.5913210798482561,
            0.8765767973516688,
            80.46691176470588
        ],
        [
            0.13764353531073423,
            0.022080210032941302,
            189.09572771125812
        ],
        [
            0.5659068878186339,
            0.7912812536949684,
            195.46133333333333
        ],
        [
            0.12693784953041265,
            0.02014515223078135,
            203.1347738224793
        ],
        [
            0.2357256331186018,
            0.02699215661043919,
            80.78832339904692
        ],
        [
            0.11633293388479093,
            0.03184312928999794,
            152.41815196997925
        ]
    ]
}