{
    "rgb_colors": [
        [
            87.63592314118631,
            87.47664995822778,
            81.76862990810673
        ],
        [
            130.78682842287787,
            128.74939341421089,
            121.73327556325866
        ],
        [
            196.7046084915712,
            198.03573714529688,
            196.11041177725343
        ],
        [
            66.35926359075495,
            66.12683442109179,
            60.02833213868448
        ],
        [
            45.59040825794173,
            44.970308513109174,
            38.67733704476687
        ],
        [
            149.9312506756081,
            146.9777321370624,
            142.41398227219128
        ],
        [
            245.25891733110012,
            244.89341166596216,
            242.13904042523978
        ],
        [
            24.440824892786637,
            24.09517291723172,
            19.065151929925463
        ],
        [
            165.90526786158685,
            162.46184399979185,
            157.2485477384536
        ],
        [
            109.74639535609457,
            108.75120154796808,
            102.63404281880028
        ]
    ],
    "hex_colors": [
        "#575751",
        "#828079",
        "#c4c6c4",
        "#42423c",
        "#2d2c26",
        "#95928e",
        "#f5f4f2",
        "#181813",
        "#a5a29d",
        "#6d6c66"
    ],
    "hsl_color_values": [
        [
            0.16214234353527357,
            0.06695077797750867,
            87.63592314118631
        ],
        [
            0.12915956788348462,
            0.06922373582105708,
            130.78682842287787
        ],
        [
            0.2818964243498568,
            0.009722110745248234,
            198.03573714529688
        ],
        [
            0.16054778902012515,
            0.09540388348963655,
            66.35926359075495
        ],
        [
            0.15171673279716888,
            0.1516343344429389,
            45.59040825794173
        ],
        [
            0.10118369288673938,
            0.05013810242723333,
            149.9312506756081
        ],
        [
            0.1471410210420269,
            0.012720748096789877,
            245.25891733110012
        ],
        [
            0.15595011768935985,
            0.21994646197263693,
            24.440824892786637
        ],
        [
            0.10037089080668526,
            0.052178693508125804,
            165.90526786158685
        ],
        [
            0.14334588302749582,
            0.06480716304364081,
            109.74639535609457
        ]
    ]
}