{
    "rgb_colors": [
        [
            119.80846612212525,
            110.45985370915996,
            99.4670008703831
        ],
        [
            59.100691663628275,
            55.625991991257465,
            43.448416454307576
        ],
        [
            248.55896226414546,
            247.33231132074883,
            242.86485849055975
        ],
        [
            101.3621042683893,
            95.0113403685627,
            82.55520554418051
        ],
        [
            148.66650602409598,
            143.66192771084278,
            128.00072289156623
        ],
        [
            25.81397459165119,
            22.228026963961554,
            10.980295566502278
        ],
        [
            80.45374521151103,
            75.98744803977792,
            62.996495231888325
        ],
        [
            216.74165029469734,
            212.9387688277688,
            201.71054354944533
        ],
        [
            41.26160417060059,
            38.325858928466,
            28.474593304447154
        ],
        [
            182.8984725965854,
            178.08475591494434,
            163.14375561545347
        ]
    ],
    "hex_colors": [
        "#776e63",
        "#3b372b",
        "#f8f7f2",
        "#655f52",
        "#948f80",
        "#19160a",
        "#504b3e",
        "#d8d4c9",
        "#29261c",
        "#b6b2a3"
    ],
    "hsl_color_values": [
        [
            0.09006932967325094,
            0.16978320406011485,
            119.80846612212525
        ],
        [
            0.12966778923081976,
            0.2648408126660456,
            59.100691663628275
        ],
        [
            0.13076253986662112,
            0.022908462932567857,
            248.55896226414546
        ],
        [
            0.1103862205658633,
            0.185541715614066,
            101.3621042683893
        ],
        [
            0.1263054386312645,
            0.13900766006554446,
            148.66650602409598
        ],
        [
            0.12637605926340498,
            0.5746375465150745,
            25.81397459165119
        ],
        [
            0.12402633884731289,
            0.21698492635399388,
            80.45374521151103
        ],
        [
            0.12449987292597083,
            0.06935033817826267,
            216.74165029469734
        ],
        [
            0.128401987078083,
            0.3099009629699357,
            41.26160417060059
        ],
        [
            0.12605428460251855,
            0.10800919603470074,
            182.8984725965854
        ]
    ]
}