{
    "rgb_colors": [
        [
            206.496653968908,
            197.31174714300423,
            183.92566663234658
        ],
        [
            127.36692549149018,
            118.60746737155131,
            52.30133817941463
        ],
        [
            86.04301075268923,
            78.04864311315924,
            23.161802355352336
        ],
        [
            224.12521250164144,
            213.39605073885184,
            202.08832221785832
        ],
        [
            176.9320090108543,
            168.76551300430063,
            94.53368830637068
        ],
        [
            149.32176170785414,
            139.9638426771805,
            61.06981440523653
        ],
        [
            161.63463892288863,
            152.48837209302326,
            135.8249694002452
        ],
        [
            42.245068285284646,
            38.97666919575113,
            22.39624430956239
        ],
        [
            187.52352582942748,
            177.80144041094076,
            166.90232213308485
        ],
        [
            169.06551555229476,
            158.3512613274553,
            67.88697036494229
        ]
    ],
    "hex_colors": [
        "#cec5b7",
        "#7f7634",
        "#564e17",
        "#e0d5ca",
        "#b0a85e",
        "#958b3d",
        "#a19887",
        "#2a2616",
        "#bbb1a6",
        "#a99e43"
    ],
    "hsl_color_values": [
        [
            0.09884429888581144,
            0.10930437323192611,
            206.496653968908
        ],
        [
            0.1472182118029607,
            0.5893648372401903,
            127.36692549149018
        ],
        [
            0.1454775922110816,
            0.7308113447828367,
            86.04301075268923
        ],
        [
            0.08552120539223602,
            0.09832401289355935,
            224.12521250164144
        ],
        [
            0.15014833648563808,
            0.46570612725834537,
            176.9320090108543
        ],
        [
            0.14899393286929383,
            0.5910186585882992,
            149.32176170785414
        ],
        [
            0.10760439143527752,
            0.1596790743285942,
            161.63463892288863
        ],
        [
            0.1392225630635917,
            0.46984949442338236,
            42.245068285284646
        ],
        [
            0.08808989716241256,
            0.10996595549883059,
            187.52352582942748
        ],
        [
            0.14901757876797586,
            0.598457614829538,
            169.06551555229476
        ]
    ]
}