{
    "rgb_colors": [
        [
            173.46351413672232,
            167.23083472276468,
            155.98268828266438
        ],
        [
            225.19132668444436,
            214.5542383714531,
            203.15220511088165
        ],
        [
            18.464943705221685,
            55.70765097235744,
            46.60683213919501
        ],
        [
            76.81832346525505,
            99.62137737612902,
            83.6805858522901
        ],
        [
            153.0009156577509,
            153.6144063485626,
            140.3392003255696
        ],
        [
            115.64291445995497,
            108.1537473920678,
            92.20943668752537
        ],
        [
            209.0491451226588,
            200.52002973486526,
            189.19996696126339
        ],
        [
            136.27312060572916,
            132.46003244996953,
            118.14656571119131
        ],
        [
            194.81175085293597,
            187.1654841339325,
            175.54711512333512
        ],
        [
            42.925888324875245,
            76.59314720812411,
            63.40050761421557
        ]
    ],
    "hex_colors": [
        "#ada79b",
        "#e1d6cb",
        "#12372e",
        "#4c6353",
        "#99998c",
        "#736c5c",
        "#d1c8bd",
        "#888476",
        "#c2bbaf",
        "#2a4c3f"
    ],
    "hsl_color_values": [
        [
            0.10724270632298905,
            0.10077523184662174,
            173.46351413672232
        ],
        [
            0.08622570869800371,
            0.09786842991713285,
            225.19132668444436
        ],
        [
            0.45927247909286967,
            0.6685384613617233,
            55.70765097235744
        ],
        [
            0.38348935201001505,
            0.22889719567697897,
            99.62137737612902
        ],
        [
            0.17436887846598018,
            0.08641901719081316,
            153.6144063485626
        ],
        [
            0.11340122636641907,
            0.20263652020413395,
            115.64291445995497
        ],
        [
            0.09505064207660925,
            0.09494981742091792,
            209.0491451226588
        ],
        [
            0.1316067947646922,
            0.13301636312404058,
            136.27312060572916
        ],
        [
            0.10051551777458308,
            0.09888846871533838,
            194.81175085293597
        ],
        [
            0.4346910518234847,
            0.439559674859239,
            76.59314720812411
        ]
    ]
}