{
    "rgb_colors": [
        [
            82.16921539230343,
            83.63798100949435,
            80.82828585706672
        ],
        [
            213.84156169086413,
            216.4573356995341,
            228.50842230821445
        ],
        [
            153.89753214599557,
            155.80528711764276,
            165.85975561057612
        ],
        [
            168.39792423818844,
            170.80346659211622,
            181.60497623707008
        ],
        [
            139.17821503072884,
            140.98737103230806,
            147.3670293736288
        ],
        [
            188.91018774645187,
            192.26684715437418,
            202.91395444647083
        ],
        [
            49.29872369782389,
            50.43739220420534,
            47.067954467056325
        ],
        [
            202.99392743750232,
            205.8634135815788,
            218.06698313861705
        ],
        [
            119.7050278488679,
            121.91893722716105,
            120.9943549601127
        ],
        [
            100.75870679457867,
            102.47608095675449,
            100.35963990010711
        ]
    ],
    "hex_colors": [
        "#525350",
        "#d5d8e4",
        "#999ba5",
        "#a8aab5",
        "#8b8c93",
        "#bcc0ca",
        "#31322f",
        "#cacdda",
        "#777978",
        "#646664"
    ],
    "hsl_color_values": [
        [
            0.2537915169623699,
            0.03359353153334353,
            83.63798100949435
        ],
        [
            0.6369423550943182,
            0.06418520800763972,
            228.50842230821445
        ],
        [
            0.640086393953767,
            0.07212251953793286,
            165.85975561057612
        ],
        [
            0.6363098750307602,
            0.07272406446418593,
            181.60497623707008
        ],
        [
            0.6298449745831675,
            0.05556747922317388,
            147.3670293736288
        ],
        [
            0.6267171840283305,
            0.06901332507278686,
            202.91395444647083
        ],
        [
            0.22299003549006136,
            0.06680436061220625,
            50.43739220420534
        ],
        [
            0.6349380178669382,
            0.06912121901339528,
            218.06698313861705
        ],
        [
            0.43039595657394886,
            0.018158863820869484,
            121.91893722716105
        ],
        [
            0.3019073936079187,
            0.020653024948724626,
            102.47608095675449
        ]
    ]
}