{
    "rgb_colors": [
        [
            122.89496639129541,
            123.0876391810744,
            104.36307660731741
        ],
        [
            223.74367528495995,
            224.5201556852936,
            188.9360578259684
        ],
        [
            43.59297399689386,
            43.55236783192117,
            32.97106939900965
        ],
        [
            99.71862414281011,
            100.1125503428756,
            83.48971372591699
        ],
        [
            178.0399136138235,
            178.7099664053765,
            155.80355143176783
        ],
        [
            151.7112890418248,
            150.61930915828827,
            126.11494176813054
        ],
        [
            206.06180707115135,
            213.0195547795731,
            241.97415975557567
        ],
        [
            62.64340010134562,
            62.71309311070837,
            49.30939108634215
        ],
        [
            80.74938475347194,
            80.91033324648005,
            65.43154115636742
        ],
        [
            243.58248927039057,
            245.34163090129198,
            245.21459227467244
        ]
    ],
    "hex_colors": [
        "#7a7b68",
        "#dfe0bc",
        "#2b2b20",
        "#636453",
        "#b2b29b",
        "#97967e",
        "#ced5f1",
        "#3e3e31",
        "#505041",
        "#f3f5f5"
    ],
    "hsl_color_values": [
        [
            0.16838164032777833,
            0.15212382574184605,
            123.0876391810744
        ],
        [
            0.17030349906767958,
            0.15848954741151558,
            224.5201556852936
        ],
        [
            0.16602952159538975,
            0.24366093028296384,
            43.59297399689386
        ],
        [
            0.1706163154655124,
            0.16604148590788104,
            100.1125503428756
        ],
        [
            0.17154195882336154,
            0.12817648301521656,
            178.7099664053765
        ],
        [
            0.15955640810867586,
            0.16871748592576852,
            151.7112890418248
        ],
        [
            0.6343762559475373,
            0.1484139989191421,
            241.97415975557567
        ],
        [
            0.16753325572835598,
            0.21373052036684684,
            62.71309311070837
        ],
        [
            0.16839966680508311,
            0.19130797599064428,
            80.91033324648005
        ],
        [
            0.48796395692952815,
            0.007170171749649631,
            245.34163090129198
        ]
    ]
}