{
    "rgb_colors": [
        [
            59.40151972018705,
            56.636835122413956,
            53.41870703171506
        ],
        [
            251.83791169955566,
            253.63340087013592,
            254.28549215474987
        ],
        [
            173.99656728128667,
            170.95105923891714,
            171.5088269909767
        ],
        [
            85.61715924679724,
            82.48734256140936,
            78.87554557924663
        ],
        [
            207.397374604972,
            207.84883720930586,
            217.4141884774327
        ],
        [
            112.59589136490436,
            111.89735376044356,
            109.11497214484194
        ],
        [
            232.04062909567992,
            232.5503045254781,
            244.20276000309454
        ],
        [
            142.88413663337388,
            141.57757996816,
            138.87045882183128
        ],
        [
            191.66988488674278,
            82.31674712216561,
            103.77422948384535
        ],
        [
            26.690542420029658,
            26.968590635140004,
            25.212331942510332
        ]
    ],
    "hex_colors": [
        "#3b3835",
        "#fbfdfe",
        "#adaaab",
        "#55524e",
        "#cfcfd9",
        "#706f6d",
        "#e8e8f4",
        "#8e8d8a",
        "#bf5267",
        "#1a1a19"
    ],
    "hsl_color_values": [
        [
            0.0896492519006364,
            0.10071817550551307,
            59.40151972018705
        ],
        [
            0.5444038031674712,
            0.009625324805021497,
            254.28549215474987
        ],
        [
            0.9694759328438355,
            0.01750326509284576,
            173.99656728128667
        ],
        [
            0.08929110942551192,
            0.07874138463432842,
            85.61715924679724
        ],
        [
            0.659154920082671,
            0.04607249390027941,
            217.4141884774327
        ],
        [
            0.13322063511103874,
            0.03091515310075875,
            112.59589136490436
        ],
        [
            0.6596822076427485,
            0.04980341298051055,
            244.20276000309454
        ],
        [
            0.11241232577859676,
            0.028090436812039495,
            142.88413663337388
        ],
        [
            0.967296347106389,
            0.5705285304949895,
            191.66988488674278
        ],
        [
            0.19305308079775915,
            0.06512237574407286,
            26.968590635140004
        ]
    ]
}