{
    "rgb_colors": [
        [
            215.64490445859795,
            212.83026925303994,
            205.4914591777649
        ],
        [
            50.128214415067475,
            41.5686345526983,
            34.277797899311835
        ],
        [
            155.5673994524078,
            145.82779978202504,
            136.40224354714374
        ],
        [
            106.11675753523383,
            95.07622672564551,
            83.40448513527414
        ],
        [
            166.4180126910875,
            157.82001730602826,
            150.0289154888953
        ],
        [
            202.10031806615922,
            198.9868320610687,
            191.10178117048346
        ],
        [
            142.2760041194678,
            132.21215242018536,
            121.77212857065423
        ],
        [
            190.2846086930423,
            182.77694453610104,
            175.54189039205687
        ],
        [
            124.76771840812093,
            113.73767242746155,
            101.7277628032345
        ],
        [
            181.60661964188492,
            173.1412035242746,
            165.44903495853035
        ]
    ],
    "hex_colors": [
        "#d7d4cd",
        "#322922",
        "#9b9188",
        "#6a5f53",
        "#a69d96",
        "#cac6bf",
        "#8e8479",
        "#beb6af",
        "#7c7165",
        "#b5ada5"
    ],
    "hsl_color_values": [
        [
            0.12046502233628888,
            0.04708409552418809,
            215.64490445859795
        ],
        [
            0.07666293444233492,
            0.3161975087425285,
            50.128214415067475
        ],
        [
            0.08196781945903182,
            0.12319519367634091,
            155.5673994524078
        ],
        [
            0.08564930143517245,
            0.21403096860002113,
            106.11675753523383
        ],
        [
            0.07923053683203914,
            0.09848151012723828,
            166.4180126910875
        ],
        [
            0.11948636085837568,
            0.054421175587043326,
            202.10031806615922
        ],
        [
            0.0848621993817426,
            0.14411337790732914,
            142.2760041194678
        ],
        [
            0.0817924030509418,
            0.07747719798382453,
            190.2846086930423
        ],
        [
            0.0868774071601649,
            0.18466279498292723,
            124.76771840812093
        ],
        [
            0.07934528083343083,
            0.08897024081620018,
            181.60661964188492
        ]
    ]
}