{
    "rgb_colors": [
        [
            180.64102652548408,
            157.21567900381797,
            133.25225069849265
        ],
        [
            102.16806937005691,
            74.1152767151252,
            48.56439683754145
        ],
        [
            224.1648450470487,
            199.40765080242625,
            177.01943829551743
        ],
        [
            125.03288126919307,
            103.80450358239197,
            81.60990276356193
        ],
        [
            169.56598053295104,
            148.744375299187,
            125.7750917504388
        ],
        [
            92.0892428914037,
            54.50171291538119,
            24.36930455635492
        ],
        [
            69.93986270022852,
            43.606041189931815,
            19.6762471395881
        ],
        [
            201.68369613504973,
            176.93469569080565,
            151.63327410039983
        ],
        [
            149.75570158484723,
            125.47313490529606,
            100.2249710088906
        ],
        [
            41.862411860418334,
            25.115169047192822,
            9.849575122039411
        ]
    ],
    "hex_colors": [
        "#b49d85",
        "#664a30",
        "#e0c7b1",
        "#7d6751",
        "#a9947d",
        "#5c3618",
        "#452b13",
        "#c9b097",
        "#957d64",
        "#291909"
    ],
    "hsl_color_values": [
        [
            0.08427955033350736,
            0.26233672792102974,
            180.64102652548408
        ],
        [
            0.07944381006756841,
            0.5246616958020492,
            102.16806937005691
        ],
        [
            0.0791459658162834,
            0.21031579122781796,
            224.1648450470487
        ],
        [
            0.08518761871648144,
            0.3472924727067787,
            125.03288126919307
        ],
        [
            0.08742032946177954,
            0.25825279719950983,
            169.56598053295104
        ],
        [
            0.07415937142456784,
            0.7353729513761728,
            92.0892428914037
        ],
        [
            0.0793476347434447,
            0.7186690625355802,
            69.93986270022852
        ],
        [
            0.08425310770569745,
            0.24816295513116518,
            201.68369613504973
        ],
        [
            0.08495790930469843,
            0.3307435379873931,
            149.75570158484723
        ],
        [
            0.07947641988071664,
            0.7647155363412694,
            41.862411860418334
        ]
    ]
}