{
    "rgb_colors": [
        [
            197.19942967187464,
            189.50248129768346,
            175.39526701726055
        ],
        [
            212.9946213756905,
            205.95911088834538,
            196.53337060455894
        ],
        [
            219.0117310939009,
            213.28271503397002,
            206.35091554479396
        ],
        [
            167.57840939657333,
            158.08275800233366,
            141.60728055231263
        ],
        [
            44.20596510973624,
            34.97355092853033,
            36.03657850309571
        ],
        [
            204.07341816985863,
            197.46623826751392,
            187.677511574369
        ],
        [
            181.84340017222218,
            173.6099151187111,
            160.37224750891988
        ],
        [
            95.07247591118559,
            82.83787180561377,
            73.9664851277759
        ],
        [
            147.33227785474216,
            135.89847615277785,
            118.87888383139017
        ],
        [
            122.3191671420446,
            110.53308613804636,
            94.12378779235925
        ]
    ],
    "hex_colors": [
        "#c5bdaf",
        "#d4cdc4",
        "#dbd5ce",
        "#a79e8d",
        "#2c2224",
        "#ccc5bb",
        "#b5ada0",
        "#5f5249",
        "#938776",
        "#7a6e5e"
    ],
    "hsl_color_values": [
        [
            0.10783272980092795,
            0.11056909591926617,
            197.19942967187464
        ],
        [
            0.09543361776125936,
            0.07728481904759651,
            212.9946213756905
        ],
        [
            0.09125003917651807,
            0.057808846521004965,
            219.0117310939009
        ],
        [
            0.10572943997941203,
            0.15497896738475528,
            167.57840939657333
        ],
        [
            0.9808098663090501,
            0.2088499630827537,
            44.20596510973624
        ],
        [
            0.09950376573298396,
            0.0803431762084891,
            204.07341816985863
        ],
        [
            0.10275544911643658,
            0.11807496253901524,
            181.84340017222218
        ],
        [
            0.07005425433372851,
            0.22199896006838404,
            95.07247591118559
        ],
        [
            0.09969280704801875,
            0.19312396738618784,
            147.33227785474216
        ],
        [
            0.096997562036527,
            0.23050663283983228,
            122.3191671420446
        ]
    ]
}