{
    "rgb_colors": [
        [
            201.32927094238926,
            204.78969719714775,
            216.6910146759692
        ],
        [
            69.76162248567965,
            87.34028240309044,
            71.69188757160174
        ],
        [
            226.47681582360383,
            247.29085603112838,
            212.41180285343836
        ],
        [
            127.0321958358289,
            146.26009445885717,
            130.86962016896246
        ],
        [
            45.88520023215264,
            61.66024376088218,
            53.013464886823726
        ],
        [
            186.56960379023005,
            190.09614937990617,
            202.02789260996894
        ],
        [
            22.30190600901807,
            37.33537028953877,
            36.33151462243863
        ],
        [
            153.64816807293846,
            163.09649470524946,
            162.46735375729037
        ],
        [
            95.36231581874019,
            116.7061440088963,
            102.20892410341622
        ],
        [
            183.5232021709646,
            225.37964721845321,
            160.84721845318867
        ]
    ],
    "hex_colors": [
        "#c9ccd8",
        "#455747",
        "#e2f7d4",
        "#7f9282",
        "#2d3d35",
        "#babeca",
        "#162524",
        "#99a3a2",
        "#5f7466",
        "#b7e1a0"
    ],
    "hsl_color_values": [
        [
            0.629122900859293,
            0.07089238913090724,
            216.6910146759692
        ],
        [
            0.3516345490781719,
            0.20126635080342709,
            87.34028240309044
        ],
        [
            0.26612483382451263,
            0.14104465380353381,
            247.29085603112838
        ],
        [
            0.36659597605514094,
            0.1314637372153281,
            146.26009445885717
        ],
        [
            0.40864495494300934,
            0.2558381635645977,
            61.66024376088218
        ],
        [
            0.6286445023033745,
            0.07651561682911955,
            202.02789260996894
        ],
        [
            0.488870876683639,
            0.4026601092726546,
            37.33537028953877
        ],
        [
            0.4889020745428865,
            0.05793089943095441,
            163.09649470524946
        ],
        [
            0.38679615971166886,
            0.18288521458243975,
            116.7061440088963
        ],
        [
            0.27476850489062027,
            0.2863276678338011,
            225.37964721845321
        ]
    ]
}