{
    "rgb_colors": [
        [
            42.665818921666784,
            29.200406917599196,
            8.476093591047828
        ],
        [
            229.17803030302127,
            229.45722853535352,
            230.17511047979798
        ],
        [
            79.39178127046668,
            63.76342501637197,
            23.765389652914195
        ],
        [
            192.2808720518397,
            192.65758060707822,
            192.73974866857307
        ],
        [
            202.06449692399573,
            202.365860573243,
            202.76472089133333
        ],
        [
            125.23188405797043,
            116.09981628903857,
            100.47172892427025
        ],
        [
            176.38185914056018,
            176.85833297913035,
            176.44094019637012
        ],
        [
            217.8857630748768,
            218.43726664930102,
            219.26277097623802
        ],
        [
            161.2867476688364,
            161.1076575303758,
            159.970161062447
        ],
        [
            105.26891929628434,
            89.3980731639207,
            41.16783021502374
        ]
    ],
    "hex_colors": [
        "#2a1d08",
        "#e5e5e6",
        "#4f3f17",
        "#c0c0c0",
        "#cacaca",
        "#7d7464",
        "#b0b0b0",
        "#d9dadb",
        "#a1a19f",
        "#695929"
    ],
    "hsl_color_values": [
        [
            0.10102603012135296,
            0.8013376092321187,
            42.665818921666784
        ],
        [
            0.6199973618245321,
            0.004331833162579138,
            230.17511047979798
        ],
        [
            0.11984130254351155,
            0.7006568025983466,
            79.39178127046668
        ],
        [
            0.5298439197300974,
            0.002380809458885554,
            192.73974866857307
        ],
        [
            0.5949363671947431,
            0.0034533816546560877,
            202.76472089133333
        ],
        [
            0.10519648255015357,
            0.1977144664072816,
            125.23188405797043
        ],
        [
            0.3539994052934204,
            0.0026940988900217484,
            176.85833297913035
        ],
        [
            0.5999152251439458,
            0.0062801719381283105,
            219.26277097623802
        ],
        [
            0.1439956503694895,
            0.008163017888442313,
            161.2867476688364
        ],
        [
            0.12540151719771808,
            0.608927017677887,
            105.26891929628434
        ]
    ]
}