{
    "rgb_colors": [
        [
            210.6170965904522,
            213.51114818130452,
            227.27032305313293
        ],
        [
            79.68753048284387,
            81.96585920988032,
            64.39424483823349
        ],
        [
            178.08041813289165,
            179.45818671082606,
            190.96832953839825
        ],
        [
            44.99885714285372,
            51.319142857139724,
            34.55114285713853
        ],
        [
            163.01642067599496,
            161.0702830490069,
            149.44910868315117
        ],
        [
            202.42593895062333,
            204.87837951891717,
            217.76955971304145
        ],
        [
            104.50385423965903,
            106.0218406914227,
            90.16725064237151
        ],
        [
            146.64733151075308,
            145.32616189230407,
            132.52234636871918
        ],
        [
            192.1304640781561,
            193.7318285184831,
            206.61557034167345
        ],
        [
            124.19923443775593,
            124.85830823293716,
            112.93448795181936
        ]
    ],
    "hex_colors": [
        "#d2d5e3",
        "#4f5140",
        "#b2b3be",
        "#2c3322",
        "#a3a195",
        "#caccd9",
        "#686a5a",
        "#929184",
        "#c0c1ce",
        "#7c7c70"
    ],
    "hsl_color_values": [
        [
            0.6377027939366807,
            0.07327497157993394,
            227.27032305313293
        ],
        [
            0.1882766022408724,
            0.21437723633998965,
            81.96585920988032
        ],
        [
            0.648849342424021,
            0.06748716625766583,
            190.96832953839825
        ],
        [
            0.22948757270083445,
            0.32673967386164876,
            51.319142857139724
        ],
        [
            0.14275947920493778,
            0.08322665861870232,
            163.01642067599496
        ],
        [
            0.6400275766471332,
            0.07045806026625877,
            217.76955971304145
        ],
        [
            0.18262404816804145,
            0.14954079221465394,
            106.0218406914227
        ],
        [
            0.15107762822209517,
            0.09631941472455749,
            146.64733151075308
        ],
        [
            0.6482412531051494,
            0.07010655702067269,
            206.61557034167345
        ],
        [
            0.1758789518186119,
            0.09549881341394259,
            124.85830823293716
        ]
    ]
}