{
    "rgb_colors": [
        [
            43.88167860798049,
            40.42763561923792,
            27.64462640737601
        ],
        [
            86.33301180209244,
            83.67635043123414,
            66.11342487516565
        ],
        [
            160.80160437133145,
            153.6729058885089,
            138.16886589548176
        ],
        [
            248.56547438617946,
            239.74386177629754,
            225.98742043043146
        ],
        [
            137.8047123190944,
            131.28503353335475,
            111.63386869043626
        ],
        [
            110.37595117908461,
            107.55805017705123,
            86.90265953439605
        ],
        [
            233.97610758308272,
            222.78846469926378,
            209.38998879345485
        ],
        [
            196.24741275571597,
            186.01925391095014,
            171.1463297232255
        ],
        [
            61.39029007295983,
            63.57012415791985,
            46.214408997249706
        ],
        [
            227.18893820630672,
            215.4640350048722,
            202.27947240848255
        ]
    ],
    "hex_colors": [
        "#2b281b",
        "#565342",
        "#a0998a",
        "#f8efe1",
        "#89836f",
        "#6e6b56",
        "#e9ded1",
        "#c4baab",
        "#3d3f2e",
        "#e3d7ca"
    ],
    "hsl_color_values": [
        [
            0.13121233515717853,
            0.37001893992386037,
            43.88167860798049
        ],
        [
            0.1447682521865273,
            0.23420458182644724,
            86.33301180209244
        ],
        [
            0.11417118914981463,
            0.14074945684985202,
            160.80160437133145
        ],
        [
            0.10154729140096323,
            0.090833427335407,
            248.56547438617946
        ],
        [
            0.12514667799627005,
            0.1899125449938033,
            137.8047123190944
        ],
        [
            0.14665881373685255,
            0.21266672127339786,
            110.37595117908461
        ],
        [
            0.09082683349666765,
            0.10507961280148048,
            233.97610758308272
        ],
        [
            0.09875353564408189,
            0.1279052940368477,
            196.24741275571597
        ],
        [
            0.1875995799729393,
            0.2730168517141065,
            63.57012415791985
        ],
        [
            0.08821654856966936,
            0.10964207146038189,
            227.18893820630672
        ]
    ]
}