{
    "rgb_colors": [
        [
            204.11333981121317,
            195.80153387007826,
            187.8208634092221
        ],
        [
            103.36581963733855,
            102.4506034325882,
            97.9315301109823
        ],
        [
            83.76174585052416,
            81.4808114516621,
            72.16123649776779
        ],
        [
            176.93165198603867,
            171.72943327239622,
            166.62601794914346
        ],
        [
            250.19024390243743,
            249.3154471544729,
            242.07642276422902
        ],
        [
            62.80958181080449,
            60.59419407226554,
            53.29557450263523
        ],
        [
            153.30120772946972,
            151.11698872785857,
            145.98317230273852
        ],
        [
            10.491857707523508,
            10.514150197615663,
            10.071462450581151
        ],
        [
            225.38131210497872,
            217.08350268388713,
            209.7388403806273
        ],
        [
            127.80761294912605,
            125.93788687300058,
            120.2310209889719
        ]
    ],
    "hex_colors": [
        "#ccc3bb",
        "#676661",
        "#535148",
        "#b0aba6",
        "#faf9f2",
        "#3e3c35",
        "#999791",
        "#0a0a0a",
        "#e1d9d1",
        "#7f7d78"
    ],
    "hsl_color_values": [
        [
            0.08163962989159067,
            0.07982073301558906,
            204.11333981121317
        ],
        [
            0.1385974897512189,
            0.05257337043737076,
            103.36581963733855
        ],
        [
            0.1338960596541954,
            0.1384941208539027,
            83.76174585052416
        ],
        [
            0.08253439016920289,
            0.0582464127883032,
            176.93165198603867
        ],
        [
            0.14869739478963329,
            0.03243060565292235,
            250.19024390243743
        ],
        [
            0.12785743751677425,
            0.15147382029747344,
            62.80958181080449
        ],
        [
            0.11692155352622201,
            0.04773631946621921,
            153.30120772946972
        ],
        [
            0.17505952379959652,
            0.04210399687222482,
            10.514150197615663
        ],
        [
            0.07825555995546442,
            0.0694044753677955,
            225.38131210497872
        ],
        [
            0.12553722293702982,
            0.059281225784022874,
            127.80761294912605
        ]
    ]
}