{
    "rgb_colors": [
        [
            102.39016406069476,
            98.34136948316898,
            86.26157282600325
        ],
        [
            162.4885001275402,
            155.86238415099007,
            144.71020746533526
        ],
        [
            243.5701100461484,
            227.85463258785592,
            181.9298899538477
        ],
        [
            55.231744395774285,
            50.80025766555046,
            42.015305333675784
        ],
        [
            199.19496855345912,
            189.6251572327016,
            166.02138364779918
        ],
        [
            31.703380479486412,
            24.35162336575931,
            18.140836593417518
        ],
        [
            79.28220467148378,
            76.37499579902611,
            68.07511342631082
        ],
        [
            126.34114301191767,
            117.98733748645603,
            96.46025189599132
        ],
        [
            147.55191637630662,
            139.20325203251937,
            115.71296941541033
        ],
        [
            232.64185049019608,
            232.4322916666648,
            231.6556372548988
        ]
    ],
    "hex_colors": [
        "#666256",
        "#a29b90",
        "#f3e3b5",
        "#37322a",
        "#c7bda6",
        "#1f1812",
        "#4f4c44",
        "#7e7560",
        "#938b73",
        "#e8e8e7"
    ],
    "hsl_color_values": [
        [
            0.12482797868486391,
            0.1575209043041558,
            102.39016406069476
        ],
        [
            0.10454862846460074,
            0.10941262088240353,
            162.4885001275402
        ],
        [
            0.12417417979483754,
            0.2530697222275013,
            243.5701100461484
        ],
        [
            0.11078314779795416,
            0.2392906327092156,
            55.231744395774285
        ],
        [
            0.11858719144578217,
            0.1665382672391996,
            199.19496855345912
        ],
        [
            0.07632278556435806,
            0.42779488120657994,
            31.703380479486412
        ],
        [
            0.12343200376651635,
            0.14135695761250605,
            79.28220467148378
        ],
        [
            0.12007163991499846,
            0.23650958352583293,
            126.34114301191767
        ],
        [
            0.12296408884564741,
            0.2157813178088203,
            147.55191637630662
        ],
        [
            0.1312519415965688,
            0.004239190984851762,
            232.64185049019608
        ]
    ]
}