{
    "rgb_colors": [
        [
            195.15534561732375,
            190.9437070580869,
            184.96759837601644
        ],
        [
            65.37534246575463,
            62.04212328767011,
            55.52842465753528
        ],
        [
            151.59534109817042,
            143.62229617304587,
            121.55562950637183
        ],
        [
            213.0139358347338,
            209.46641614895458,
            208.14708159448264
        ],
        [
            206.56479374928222,
            202.50040216017348,
            198.78614270941563
        ],
        [
            183.23556099668795,
            177.75054011234312,
            167.259397954773
        ],
        [
            245.79695431471913,
            245.23857868020426,
            244.54275673564985
        ],
        [
            107.34682464455375,
            100.47526066350224,
            85.20805687204573
        ],
        [
            167.22016150501622,
            159.71186440677639,
            144.18892537048328
        ],
        [
            130.9999999999958,
            122.76839544783435,
            100.65797932413078
        ]
    ],
    "hex_colors": [
        "#c3beb8",
        "#413e37",
        "#978f79",
        "#d5d1d0",
        "#cecac6",
        "#b7b1a7",
        "#f5f5f4",
        "#6b6455",
        "#a79f90",
        "#827a64"
    ],
    "hsl_color_values": [
        [
            0.09776627649731495,
            0.05220327021574012,
            195.15534561732375
        ],
        [
            0.11024936528358414,
            0.15062128069734285,
            65.37534246575463
        ],
        [
            0.12243052888640611,
            0.19815722154908055,
            151.59534109817042
        ],
        [
            0.04518094883413696,
            0.022847586103601585,
            213.0139358347338
        ],
        [
            0.07958233871403908,
            0.0376571965564854,
            206.56479374928222
        ],
        [
            0.10944578421870998,
            0.08718920582344676,
            183.23556099668795
        ],
        [
            0.09246575342495959,
            0.005102575752274807,
            245.79695431471913
        ],
        [
            0.11493566360105013,
            0.20623588863307127,
            107.34682464455375
        ],
        [
            0.11233250751008016,
            0.13773001967733456,
            167.22016150501622
        ],
        [
            0.12145101980244229,
            0.23161847844172512,
            130.9999999999958
        ]
    ]
}