{
    "rgb_colors": [
        [
            136.7713643704795,
            126.00919879222,
            113.79983849448881
        ],
        [
            228.57626168224772,
            220.5842990654257,
            173.1061682242992
        ],
        [
            108.34455895479759,
            96.4757770023511,
            74.70640266169175
        ],
        [
            156.1733020800047,
            144.47366551834443,
            133.6544731327774
        ],
        [
            69.20301765649378,
            55.25900481540127,
            27.87781701445749
        ],
        [
            88.56741284404151,
            75.26179816514278,
            44.10965137614822
        ],
        [
            194.2580813347229,
            182.94021550225858,
            134.29840111226852
        ],
        [
            41.66063260340944,
            28.706472019467455,
            7.343746958634981
        ],
        [
            252.40985221675203,
            251.4433497536943,
            240.67152709359885
        ],
        [
            126.32006633499186,
            116.21960709274168,
            100.54777395075978
        ]
    ],
    "hex_colors": [
        "#887e71",
        "#e4dcad",
        "#6c604a",
        "#9c9085",
        "#45371b",
        "#584b2c",
        "#c2b686",
        "#291c07",
        "#fcfbf0",
        "#7e7464"
    ],
    "hsl_color_values": [
        [
            0.08858329193891397,
            0.1679556680722037,
            136.7713643704795
        ],
        [
            0.1426538394577111,
            0.24267652751736543,
            228.57626168224772
        ],
        [
            0.10786052080744285,
            0.31047388643798907,
            108.34455895479759
        ],
        [
            0.08007515555776101,
            0.14419128396024636,
            156.1733020800047
        ],
        [
            0.11042974333475442,
            0.5971589396168256,
            69.20301765649378
        ],
        [
            0.1167855576485115,
            0.5019652267158241,
            88.56741284404151
        ],
        [
            0.13520700969252925,
            0.3086599013563757,
            194.2580813347229
        ],
        [
            0.10375225227781049,
            0.8237245452188842,
            41.66063260340944
        ],
        [
            0.15294377671831896,
            0.0465050195943743,
            252.40985221675203
        ],
        [
            0.10134807379138555,
            0.20402374010702143,
            126.32006633499186
        ]
    ]
}