{
    "rgb_colors": [
        [
            223.21156183816436,
            230.05947592012333,
            249.97269320900656
        ],
        [
            123.20002546473135,
            133.01935319582262,
            136.25184619302047
        ],
        [
            11.879702851665456,
            88.1749341001644,
            26.641984184043764
        ],
        [
            175.0593853820598,
            183.52373042240168,
            192.28150213573787
        ],
        [
            88.57571816999645,
            99.66532687078718,
            101.5052606691102
        ],
        [
            51.946990922335544,
            69.77283424857649,
            64.92648212485157
        ],
        [
            204.49258218257364,
            210.61080288404057,
            228.2820481485959
        ],
        [
            155.6300641326451,
            162.92835914281594,
            169.44931956828077
        ],
        [
            11.524793896886905,
            31.946843853826607,
            19.07296665437056
        ],
        [
            49.657205720572065,
            124.17821782178092,
            59.735753575358245
        ]
    ],
    "hex_colors": [
        "#dfe6f9",
        "#7b8588",
        "#0b581a",
        "#afb7c0",
        "#586365",
        "#334540",
        "#ccd2e4",
        "#9ba2a9",
        "#0b1f13",
        "#317c3b"
    ],
    "hsl_color_values": [
        [
            0.6240182824169872,
            0.10705621893054837,
            249.97269320900656
        ],
        [
            0.5412776764316568,
            0.09579188167328993,
            136.25184619302047
        ],
        [
            0.365581485436699,
            0.8652712023785533,
            88.1749341001644
        ],
        [
            0.5847531485104834,
            0.08956720517775245,
            192.28150213573787
        ],
        [
            0.523717438809212,
            0.12737805325442048,
            101.5052606691102
        ],
        [
            0.4546879584224146,
            0.2554840077548466,
            69.77283424857649
        ],
        [
            0.6238030121524839,
            0.10421084863640677,
            228.2820481485959
        ],
        [
            0.5786458244902888,
            0.08155391518150723,
            169.44931956828077
        ],
        [
            0.3949348275793332,
            0.6392509397917735,
            31.946843853826607
        ],
        [
            0.3558740628327714,
            0.6001133967646445,
            124.17821782178092
        ]
    ]
}