{
    "rgb_colors": [
        [
            245.53460745810165,
            246.89588598980623,
            243.93455690788593
        ],
        [
            154.2668256491786,
            65.85267620561393,
            70.67938526762345
        ],
        [
            146.37138830162087,
            134.8210007047198,
            129.72985670660302
        ],
        [
            226.7445754085186,
            225.66052772568955,
            224.03870881328746
        ],
        [
            175.64030184460591,
            169.86975964225869,
            166.4818334264946
        ],
        [
            116.24759751271905,
            102.14104013566909,
            98.89655172413828
        ],
        [
            110.86703221384509,
            46.45305003427015,
            50.53084304317974
        ],
        [
            173.06802426343154,
            93.76126516464477,
            94.63431542460991
        ],
        [
            204.3247641945626,
            201.57665988533358,
            200.19197336785678
        ],
        [
            235.78286795540555,
            236.41045310421242,
            235.76173672907007
        ]
    ],
    "hex_colors": [
        "#f5f6f3",
        "#9a4146",
        "#928681",
        "#e2e1e0",
        "#afa9a6",
        "#746662",
        "#6e2e32",
        "#ad5d5e",
        "#ccc9c8",
        "#ebeceb"
    ],
    "hsl_color_values": [
        [
            0.24328083179585094,
            0.011994242310066535,
            246.89588598980623
        ],
        [
            0.9909013261406941,
            0.573124837900205,
            154.2668256491786
        ],
        [
            0.05098833570944655,
            0.11369388367571813,
            146.37138830162087
        ],
        [
            0.09989522489519616,
            0.011933545004797057,
            226.7445754085186
        ],
        [
            0.061653798813935144,
            0.052143319738849433,
            175.64030184460591
        ],
        [
            0.03116515714253663,
            0.14925939253654114,
            116.24759751271905
        ],
        [
            0.9894489962403364,
            0.5810021328552432,
            110.86703221384509
        ],
        [
            0.9981652462121217,
            0.4582403909463472,
            173.06802426343154
        ],
        [
            0.05584146305078954,
            0.020226578227054648,
            204.3247641945626
        ],
        [
            0.32790434897149856,
            0.0027440257679993323,
            236.41045310421242
        ]
    ]
}