{
    "rgb_colors": [
        [
            125.35492645577571,
            115.70683054604069,
            105.85512794680636
        ],
        [
            185.12938503803827,
            177.572432375317,
            169.88350591715977
        ],
        [
            67.9622876087862,
            61.33360961458766,
            53.19436386241195
        ],
        [
            171.22387136672845,
            163.7691403834261,
            154.78577612863327
        ],
        [
            98.50804749340595,
            89.51701846965699,
            80.15488126649076
        ],
        [
            143.72651220310274,
            133.31662605026733,
            123.56530753282654
        ],
        [
            216.33577176298718,
            213.01170446232626,
            207.76392517504442
        ],
        [
            192.1778269451843,
            185.27491811457452,
            180.01199540140126
        ],
        [
            203.49061047807228,
            199.20975237125214,
            192.24501877904385
        ],
        [
            157.32239082005898,
            147.0693119246774,
            137.64272203774536
        ]
    ],
    "hex_colors": [
        "#7d7369",
        "#b9b1a9",
        "#433d35",
        "#aba39a",
        "#625950",
        "#8f857b",
        "#d8d5cf",
        "#c0b9b4",
        "#cbc7c0",
        "#9d9389"
    ],
    "hsl_color_values": [
        [
            0.08420345638189397,
            0.15555669857018928,
            125.35492645577571
        ],
        [
            0.08405469654231146,
            0.08235256179209989,
            185.12938503803827
        ],
        [
            0.09185725644263319,
            0.21729586018915947,
            67.9622876087862
        ],
        [
            0.09108277778613859,
            0.0960035251328242,
            171.22387136672845
        ],
        [
            0.08501836583594054,
            0.1863113389608472,
            98.50804749340595
        ],
        [
            0.08061124220929472,
            0.1402747785445876,
            143.72651220310274
        ],
        [
            0.10203517669622127,
            0.03962288121880227,
            216.33577176298718
        ],
        [
            0.0720997806333359,
            0.06330507393682391,
            192.1778269451843
        ],
        [
            0.10322168571485672,
            0.0552634427338368,
            203.49061047807228
        ],
        [
            0.07983357503966944,
            0.12509134065234676,
            157.32239082005898
        ]
    ]
}