{
    "rgb_colors": [
        [
            147.94231305155694,
            148.85545750116117,
            147.81254064096703
        ],
        [
            112.66426032874143,
            114.99677920924034,
            114.51599289204675
        ],
        [
            186.08549865942925,
            186.22207143093576,
            185.8395948495578
        ],
        [
            224.0106217415088,
            224.16753560034238,
            224.00128394678458
        ],
        [
            201.95581251290724,
            202.23214386274472,
            201.87708595348585
        ],
        [
            167.8080392615115,
            168.03893433045104,
            167.24851600841512
        ],
        [
            214.02755175301803,
            214.1459255713773,
            213.79397511068152
        ],
        [
            36.99264332826064,
            48.20573313039068,
            60.55961440893019
        ],
        [
            82.63547710158781,
            86.41575114183433,
            88.45981977533252
        ],
        [
            115.87674714104197,
            35.76365946632782,
            34.79542566708932
        ]
    ],
    "hex_colors": [
        "#939493",
        "#707272",
        "#babab9",
        "#e0e0e0",
        "#c9cac9",
        "#a7a8a7",
        "#d6d6d5",
        "#24303c",
        "#525658",
        "#732322"
    ],
    "hsl_color_values": [
        [
            0.31259463792640346,
            0.007006238653937189,
            148.85545750116117
        ],
        [
            0.4656461289400329,
            0.020283340946921795,
            114.99677920924034
        ],
        [
            0.22617914322774949,
            0.0020538735201417455,
            186.22207143093576
        ],
        [
            0.32397222872235326,
            0.0007416401893902949,
            224.16753560034238
        ],
        [
            0.2963785355531973,
            0.0017556947302099174,
            202.23214386274472
        ],
        [
            0.2153529261030632,
            0.004703780854034396,
            168.03893433045104
        ],
        [
            0.22272276526514787,
            0.0016435076210612569,
            214.1459255713773
        ],
        [
            0.5873671973391085,
            0.3891532551963266,
            60.55961440893019
        ],
        [
            0.5584921122719578,
            0.0658416746556481,
            88.45981977533252
        ],
        [
            0.0019902524643104678,
            0.6997203794067736,
            115.87674714104197
        ]
    ]
}