{
    "rgb_colors": [
        [
            177.35135135135005,
            171.11424272237977,
            162.78783494415353
        ],
        [
            118.85780733785276,
            112.45200834637454,
            104.88189010607132
        ],
        [
            224.99776838149157,
            218.07787174066243,
            216.35294808550594
        ],
        [
            51.052335723978075,
            44.09956709956711,
            40.393164049882344
        ],
        [
            198.88737539794155,
            193.7026251239497,
            186.36908303324714
        ],
        [
            99.60092944655995,
            93.11360371778622,
            85.8057456696211
        ],
        [
            157.80274130588774,
            149.91022001419446,
            136.69202448544897
        ],
        [
            77.11777154647332,
            70.51484048463044,
            65.61382995609199
        ],
        [
            244.10606562809537,
            239.57098663131146,
            238.3433322284976
        ],
        [
            142.26251836026154,
            132.53495126185072,
            115.83272132460918
        ]
    ],
    "hex_colors": [
        "#b1aba2",
        "#767068",
        "#e0dad8",
        "#332c28",
        "#c6c1ba",
        "#635d55",
        "#9d9588",
        "#4d4641",
        "#f4efee",
        "#8e8473"
    ],
    "hsl_color_values": [
        [
            0.09528843109749434,
            0.08211674901954817,
            177.35135135135005
        ],
        [
            0.09027574737740836,
            0.11758518472459245,
            118.85780733785276
        ],
        [
            0.03325543689935515,
            0.03842180461687082,
            224.99776838149157
        ],
        [
            0.05795326883751809,
            0.2087891087241552,
            51.052335723978075
        ],
        [
            0.0976376792863737,
            0.06294161376330365,
            198.88737539794155
        ],
        [
            0.08828996851763016,
            0.13850456871831235,
            99.60092944655995
        ],
        [
            0.10435612427860995,
            0.1337791513996412,
            157.80274130588774
        ],
        [
            0.071004801412823,
            0.1491736776061888,
            77.11777154647332
        ],
        [
            0.035505558377891634,
            0.02360749776852131,
            244.10606562809537
        ],
        [
            0.1053244936306242,
            0.1857818724164737,
            142.26251836026154
        ]
    ]
}