{
    "rgb_colors": [
        [
            50.89031629308579,
            46.34216355098786,
            41.047222468318566
        ],
        [
            253.0760683960994,
            194.73060279291713,
            175.9416154008371
        ],
        [
            17.574635425180958,
            16.280026216614786,
            13.033016549238496
        ],
        [
            249.01725111348418,
            180.4382096480773,
            153.41807289378488
        ],
        [
            173.48833034111337,
            176.91476446952208,
            177.43968538941752
        ],
        [
            121.68526210254416,
            123.1642795760527,
            118.82146949298165
        ],
        [
            116.62837281623396,
            104.14662032379036,
            94.30348486233535
        ],
        [
            155.94367650092866,
            155.05518877656283,
            152.62430369300446
        ],
        [
            82.76051851853089,
            78.29400000000001,
            72.69385185185467
        ],
        [
            170.8016995483697,
            123.887449488947,
            102.58444259567354
        ]
    ],
    "hex_colors": [
        "#322e29",
        "#fdc2af",
        "#11100d",
        "#f9b499",
        "#adb0b1",
        "#797b76",
        "#74685e",
        "#9b9b98",
        "#524e48",
        "#aa7b66"
    ],
    "hsl_color_values": [
        [
            0.08965577247921364,
            0.19341781583905296,
            50.89031629308579
        ],
        [
            0.040597914123697044,
            0.30478762169853263,
            253.0760683960994
        ],
        [
            0.11915757193160487,
            0.25841895243159496,
            17.574635425180958
        ],
        [
            0.04710664055465108,
            0.3839058450457798,
            249.01725111348418
        ],
        [
            0.5221409665578193,
            0.02226872212736582,
            177.43968538941752
        ],
        [
            0.22342782074345466,
            0.0352603051633117,
            123.1642795760527
        ],
        [
            0.07348402286707478,
            0.19141901249942778,
            116.62837281623396
        ],
        [
            0.1220554416060778,
            0.021285715986723124,
            155.94367650092866
        ],
        [
            0.09271768457185474,
            0.12163609951793847,
            82.76051851853089
        ],
        [
            0.05204696447030891,
            0.39939448572862457,
            170.8016995483697
        ]
    ]
}