{
    "rgb_colors": [
        [
            229.4588521821044,
            230.45150646187687,
            231.4127090125753
        ],
        [
            154.1003818876169,
            64.83633387888707,
            67.4686306601167
        ],
        [
            191.5430178689591,
            191.94659166115156,
            191.81601588351862
        ],
        [
            211.99953649426044,
            212.71284456198708,
            213.74324508547505
        ],
        [
            84.77574590952909,
            34.884504331087584,
            40.630895091432905
        ],
        [
            104.1496815286637,
            88.73407643312102,
            90.56050955414176
        ],
        [
            168.475207884201,
            166.43763473975977,
            166.7477671696952
        ],
        [
            221.08320882248418,
            222.340234791889,
            223.56186410530108
        ],
        [
            140.03286384976545,
            130.92018779342723,
            131.24517475221708
        ],
        [
            199.81082341964338,
            200.3641240961045,
            201.62714518977643
        ]
    ],
    "hex_colors": [
        "#e5e6e7",
        "#9a4043",
        "#bfbfbf",
        "#d3d4d5",
        "#542228",
        "#68585a",
        "#a8a6a6",
        "#dddedf",
        "#8c8283",
        "#c7c8c9"
    ],
    "hsl_color_values": [
        [
            0.5819918955258331,
            0.008443169948651014,
            231.4127090125753
        ],
        [
            0.9950851867017947,
            0.5792590966700443,
            154.1003818876169
        ],
        [
            0.44607521591711136,
            0.002102531692278684,
            191.94659166115156
        ],
        [
            0.5984874545245568,
            0.008157958818849743,
            213.74324508547505
        ],
        [
            0.9808036087479384,
            0.5885084353216355,
            84.77574590952909
        ],
        [
            0.9802534173466768,
            0.14801394367490273,
            104.1496815286637
        ],
        [
            0.9746322047561403,
            0.01209420169311639,
            168.475207884201
        ],
        [
            0.5821432842961892,
            0.011087111358355007,
            223.56186410530108
        ],
        [
            0.9940561375388771,
            0.06507526737519823,
            140.03286384976545
        ],
        [
            0.6158954977435361,
            0.009008319630888377,
            201.62714518977643
        ]
    ]
}