{
    "rgb_colors": [
        [
            224.04363938406658,
            223.39773816369393,
            220.25883330138402
        ],
        [
            148.27529682113757,
            146.36637303715452,
            131.61225584067543
        ],
        [
            68.02334337349563,
            67.9304216867454,
            59.16009036144379
        ],
        [
            254.06100874743024,
            253.98553880514814,
            252.5200074446463
        ],
        [
            169.37147992809864,
            167.772798082686,
            155.87118034751347
        ],
        [
            94.75802529183835,
            94.07733463034056,
            81.4417153047885
        ],
        [
            207.86631722316127,
            207.19860497750733,
            203.43163151595374
        ],
        [
            241.05632658164384,
            240.29426106526796,
            237.44054763691165
        ],
        [
            122.2184452493715,
            120.60304634531579,
            105.98096034178415
        ],
        [
            192.82701692741261,
            192.32842522100228,
            187.5526367160257
        ]
    ],
    "hex_colors": [
        "#e0dfdc",
        "#949283",
        "#44433b",
        "#fefdfc",
        "#a9a79b",
        "#5e5e51",
        "#cfcfcb",
        "#f1f0ed",
        "#7a7869",
        "#c0c0bb"
    ],
    "hsl_color_values": [
        [
            0.1382239403964895,
            0.016893164622247832,
            224.04363938406658
        ],
        [
            0.14757327522807992,
            0.11237907687726659,
            148.27529682113757
        ],
        [
            0.164919345703286,
            0.13029722698848242,
            68.02334337349563
        ],
        [
            0.15850423118334864,
            0.0060654773842762156,
            254.06100874743024
        ],
        [
            0.14693029173328231,
            0.0797082223424882,
            169.37147992809864
        ],
        [
            0.15814715610455943,
            0.14052962739607452,
            94.75802529183835
        ],
        [
            0.14157235748151079,
            0.021334316047205194,
            207.86631722316127
        ],
        [
            0.1315398181127688,
            0.014999726395928312,
            241.05632658164384
        ],
        [
            0.1500857027915196,
            0.13285625483499466,
            122.2184452493715
        ],
        [
            0.15091152304701375,
            0.0273529108909692,
            192.82701692741261
        ]
    ]
}