{
    "rgb_colors": [
        [
            173.76315916205152,
            172.70243197688558,
            173.6815795810249
        ],
        [
            38.09330628803244,
            37.44421906693579,
            28.470362857785332
        ],
        [
            138.78569423652695,
            129.30290980538496,
            119.44863398203151
        ],
        [
            218.72046996167617,
            207.58032710197458,
            194.62816891275017
        ],
        [
            71.57614275238329,
            74.77230505989041,
            67.62918601809056
        ],
        [
            153.40026045656504,
            149.38850160870751,
            147.39566416423628
        ],
        [
            114.05942733657483,
            105.05663605258941,
            89.2582387898473
        ],
        [
            203.82752912714076,
            192.52263322085668,
            179.04497994525227
        ],
        [
            96.84313074283183,
            125.46064430421849,
            154.09631351710448
        ],
        [
            203.03136617100373,
            176.77811338290027,
            131.15334572490485
        ]
    ],
    "hex_colors": [
        "#adacad",
        "#26251c",
        "#8a8177",
        "#dacfc2",
        "#474a43",
        "#999593",
        "#726959",
        "#cbc0b3",
        "#607d9a",
        "#cbb083"
    ],
    "hsl_color_values": [
        [
            0.8461515179032373,
            0.006104442335654767,
            173.76315916205152
        ],
        [
            0.15542465903144873,
            0.25261507513907483,
            38.09330628803244
        ],
        [
            0.08493428071676118,
            0.13933035649582196,
            138.78569423652695
        ],
        [
            0.08960094874929485,
            0.11015110315530785,
            218.72046996167617
        ],
        [
            0.2412410528417613,
            0.09553161476135344,
            74.77230505989041
        ],
        [
            0.055314222290492376,
            0.03914332527505027,
            153.40026045656504
        ],
        [
            0.10616693653596883,
            0.21744093518497498,
            114.05942733657483
        ],
        [
            0.09063940636000771,
            0.12158587845329753,
            203.82752912714076
        ],
        [
            0.583359759304519,
            0.371541547409683,
            154.09631351710448
        ],
        [
            0.10579211691982464,
            0.3540242170540261,
            203.03136617100373
        ]
    ]
}