{
    "rgb_colors": [
        [
            187.64928450157979,
            190.0382731021101,
            202.81212709192334
        ],
        [
            114.92464978067596,
            115.19576906749681,
            113.7790434413471
        ],
        [
            249.96326026551122,
            250.35566532880517,
            248.21765977153444
        ],
        [
            174.09137055837493,
            175.56340911999317,
            186.96681312118756
        ],
        [
            141.09701108907893,
            141.56620400969376,
            146.1034735991775
        ],
        [
            159.31182601633355,
            159.49794702883185,
            168.95519559626405
        ],
        [
            39.97983949892787,
            39.66118614210217,
            42.86983754159327
        ],
        [
            205.03286290323334,
            206.35580024813896,
            219.34390508684862
        ],
        [
            94.38337699191388,
            93.07149094084261,
            90.15062213490505
        ],
        [
            70.47640195053927,
            70.60127133402995,
            69.18077324973876
        ]
    ],
    "hex_colors": [
        "#bbbeca",
        "#727371",
        "#f9faf8",
        "#aeafba",
        "#8d8d92",
        "#9f9fa8",
        "#27272a",
        "#cdcedb",
        "#5e5d5a",
        "#464645"
    ],
    "hsl_color_values": [
        [
            0.6404074237587026,
            0.07476299769525663,
            202.81212709192334
        ],
        [
            0.1985617259282683,
            0.012298417186829223,
            115.19576906749681
        ],
        [
            0.19725631768975024,
            0.008539872882296377,
            250.35566532880517
        ],
        [
            0.647611806294076,
            0.06886485546751582,
            186.96681312118756
        ],
        [
            0.6510470909792954,
            0.03426655360592848,
            146.1034735991775
        ],
        [
            0.6634499312203479,
            0.057076490284290064,
            168.95519559626405
        ],
        [
            0.6832184468982954,
            0.0748463624658712,
            42.86983754159327
        ],
        [
            0.6512597134444401,
            0.06524476792709999,
            219.34390508684862
        ],
        [
            0.11501055083550861,
            0.04484640189735383,
            94.38337699191388
        ],
        [
            0.1813175585934217,
            0.020120007153560982,
            70.60127133402995
        ]
    ]
}