{
    "rgb_colors": [
        [
            176.7105304334221,
            163.6950398998592,
            148.2004381161008
        ],
        [
            235.59769359164326,
            217.3103872675322,
            199.08139868155882
        ],
        [
            77.2603696824965,
            70.94976563190907,
            58.739453435923394
        ],
        [
            100.92040171099613,
            93.68086293471849,
            80.36470150641334
        ],
        [
            25.753429203536143,
            21.982522123894938,
            13.095464601768981
        ],
        [
            204.12019803796153,
            187.21717704225955,
            170.76320253047845
        ],
        [
            53.253508262054424,
            47.77480694179614,
            36.70339616374936
        ],
        [
            124.42560313978693,
            116.14590788410729,
            102.14567701720175
        ],
        [
            218.4355132973082,
            202.20531892499073,
            184.0270156480262
        ],
        [
            149.5267690541134,
            139.49332567819667,
            124.7156595378208
        ]
    ],
    "hex_colors": [
        "#b0a394",
        "#ebd9c7",
        "#4d463a",
        "#645d50",
        "#19150d",
        "#ccbbaa",
        "#352f24",
        "#7c7466",
        "#dacab8",
        "#958b7c"
    ],
    "hsl_color_values": [
        [
            0.09057963060531533,
            0.16133782320382334,
            176.7105304334221
        ],
        [
            0.0832002472268858,
            0.15499428009417357,
            235.59769359164326
        ],
        [
            0.10987858297997659,
            0.23972078211229503,
            77.2603696824965
        ],
        [
            0.10796811667627178,
            0.20368230661078585,
            100.92040171099613
        ],
        [
            0.11701535754657383,
            0.49150598554188374,
            25.753429203536143
        ],
        [
            0.0822115134644442,
            0.163418396749152,
            204.12019803796153
        ],
        [
            0.11149381458651501,
            0.3107797521407201,
            53.253508262054424
        ],
        [
            0.10472978224041696,
            0.1790622312479741,
            124.42560313978693
        ],
        [
            0.08805142391593614,
            0.15752245195793452,
            218.4355132973082
        ],
        [
            0.09926780400981185,
            0.1659308876480406,
            149.5267690541134
        ]
    ]
}