{
    "rgb_colors": [
        [
            253.18367914042238,
            198.14566506113374,
            183.56606150423863
        ],
        [
            69.26789887401742,
            56.98640322923306,
            50.15933715742267
        ],
        [
            176.2309514783927,
            179.23967020470053,
            187.59154662622888
        ],
        [
            102.80442902881536,
            77.21784951974387,
            65.61499466381899
        ],
        [
            21.577262203832305,
            14.810304911088124,
            10.010590611273955
        ],
        [
            244.57409889257247,
            176.93682255296136,
            154.86273541653514
        ],
        [
            134.34652534681706,
            143.31330221703618,
            148.16267989108616
        ],
        [
            162.8996553552492,
            158.15707847295863,
            158.94127783669188
        ],
        [
            136.83407079646017,
            106.62291052114061,
            91.79129793510289
        ],
        [
            52.733029381965565,
            30.567071935157045,
            20.026849037488603
        ]
    ],
    "hex_colors": [
        "#fdc6b7",
        "#453832",
        "#b0b3bb",
        "#664d41",
        "#150e0a",
        "#f4b09a",
        "#868f94",
        "#a29e9e",
        "#886a5b",
        "#341e14"
    ],
    "hsl_color_values": [
        [
            0.03490400862103369,
            0.27496882055170696,
            253.18367914042238
        ],
        [
            0.05954631029679099,
            0.2758646072309611,
            69.26789887401742
        ],
        [
            0.6225269790423952,
            0.06056027231585145,
            187.59154662622888
        ],
        [
            0.051998885588706224,
            0.36174934014343324,
            102.80442902881536
        ],
        [
            0.06916011895911585,
            0.5360583508367438,
            21.577262203832305
        ],
        [
            0.04100945945070158,
            0.36680647657396637,
            244.57409889257247
        ],
        [
            0.558498883300123,
            0.09324989636003683,
            148.16267989108616
        ],
        [
            0.9724411649616913,
            0.029113486286683796,
            162.8996553552492
        ],
        [
            0.05487973483814956,
            0.32917805192215704,
            136.83407079646017
        ],
        [
            0.05371167766384329,
            0.6202219126758971,
            52.733029381965565
        ]
    ]
}