{
    "rgb_colors": [
        [
            228.7626498679178,
            229.25767120504457,
            209.0268238162915
        ],
        [
            75.59975382090278,
            77.08205969842895,
            65.806851984822
        ],
        [
            186.89158923040074,
            188.1377174172008,
            172.58327376697787
        ],
        [
            41.4201292246496,
            42.68156063618053,
            34.950695825052904
        ],
        [
            19.051916545372364,
            20.014668010307346,
            14.345370059337881
        ],
        [
            147.27506426735184,
            148.87275064267314,
            133.25064267352178
        ],
        [
            57.84071390231282,
            59.175791733767305,
            49.4777241009071
        ],
        [
            254.72306714774737,
            254.7019144052685,
            253.90122571114608
        ],
        [
            28.453870056496086,
            29.52677966101561,
            22.930593220340015
        ],
        [
            97.90994980808986,
            99.38411573664017,
            84.9052258635957
        ]
    ],
    "hex_colors": [
        "#e4e5d1",
        "#4b4d41",
        "#babcac",
        "#292a22",
        "#13140e",
        "#939485",
        "#393b31",
        "#fefefd",
        "#1c1d16",
        "#616354"
    ],
    "hsl_color_values": [
        [
            0.17074477346083214,
            0.08824501829061546,
            229.25767120504457
        ],
        [
            0.18857765809696678,
            0.1462753818167206,
            77.08205969842895
        ],
        [
            0.180018994516102,
            0.08267583908085006,
            188.1377174172008
        ],
        [
            0.19386136916435817,
            0.18112891599784392,
            42.68156063618053
        ],
        [
            0.19496974385133373,
            0.28325715660383854,
            20.014668010307346
        ],
        [
            0.18371180955515332,
            0.10493597990036338,
            148.87275064267314
        ],
        [
            0.18961071906274754,
            0.16388572672575197,
            59.175791733767305
        ],
        [
            0.1623769619586733,
            0.003226411513506924,
            254.72306714774737
        ],
        [
            0.19377600765151692,
            0.22339674412189897,
            29.52677966101561
        ],
        [
            0.18363580750407738,
            0.1456861568443427,
            99.38411573664017
        ]
    ]
}