{
    "rgb_colors": [
        [
            83.39577480008646,
            82.21979684460774,
            78.92419494273105
        ],
        [
            185.90251197517262,
            183.88976094631974,
            188.59300155171263
        ],
        [
            28.355141662062977,
            27.773025017757092,
            25.94822823771007
        ],
        [
            125.2892029948919,
            123.52617031698271,
            123.58253446224768
        ],
        [
            106.41715200284533,
            104.8852976481572,
            101.79633663806261
        ],
        [
            166.75359102398127,
            163.97472412305038,
            162.622588003203
        ],
        [
            245.41771863982711,
            240.76413055839873,
            224.06789491640654
        ],
        [
            60.09659160821951,
            59.690045527254824,
            56.422357573527776
        ],
        [
            145.13880181890426,
            142.89744382146483,
            143.52805615646295
        ],
        [
            218.41186327077747,
            213.76926943699732,
            198.0747319034871
        ]
    ],
    "hex_colors": [
        "#53524e",
        "#b9b7bc",
        "#1c1b19",
        "#7d7b7b",
        "#6a6865",
        "#a6a3a2",
        "#f5f0e0",
        "#3c3b38",
        "#918e8f",
        "#dad5c6"
    ],
    "hsl_color_values": [
        [
            0.12283510552598391,
            0.05361878186364392,
            83.39577480008646
        ],
        [
            0.7379916387346839,
            0.024938574425855634,
            188.59300155171263
        ],
        [
            0.1263580125472395,
            0.08488454944216255,
            28.355141662062977
        ],
        [
            0.994671667559805,
            0.014071704789925593,
            125.2892029948919
        ],
        [
            0.11141471674879921,
            0.043421716122032335,
            106.41715200284533
        ],
        [
            0.05455237356183473,
            0.024773097811034185,
            166.75359102398127
        ],
        [
            0.13033859091208455,
            0.08699381544962279,
            245.41771863982711
        ],
        [
            0.1482253590305661,
            0.06113880898012866,
            60.09659160821951
        ],
        [
            0.9531078676618858,
            0.015442858624643039,
            145.13880181890426
        ],
        [
            0.12861972558195398,
            0.09311367552447132,
            218.41186327077747
        ]
    ]
}