{
    "rgb_colors": [
        [
            167.55037115588573,
            155.12956714547266,
            136.06189144895401
        ],
        [
            235.82316023653152,
            229.72249868273664,
            218.30776886599145
        ],
        [
            64.41583409022495,
            69.95958219800004,
            37.296397214653354
        ],
        [
            138.93095857514325,
            129.3397038222959,
            110.54512707624575
        ],
        [
            35.284075173098984,
            40.5885262116704,
            16.98694362017804
        ],
        [
            218.11658851857408,
            210.49499429729377,
            192.45805347864655
        ],
        [
            99.52033860213122,
            87.24159113043503,
            70.78440332609185
        ],
        [
            92.05542943625188,
            22.809685962926523,
            17.163639803253858
        ],
        [
            120.76046762817477,
            109.78137111634675,
            91.47252049050131
        ],
        [
            197.06938239158725,
            188.46675427069897,
            170.0547700394218
        ]
    ],
    "hex_colors": [
        "#a79b88",
        "#ebe5da",
        "#404525",
        "#8a816e",
        "#232810",
        "#dad2c0",
        "#635746",
        "#5c1611",
        "#786d5b",
        "#c5bcaa"
    ],
    "hsl_color_values": [
        [
            0.1009240833154672,
            0.18793440736478836,
            167.55037115588573
        ],
        [
            0.10861618385857807,
            0.0742734146763705,
            235.82316023653152
        ],
        [
            0.1949541107243602,
            0.4668865072822067,
            69.95958219800004
        ],
        [
            0.11035186542964881,
            0.20431609908992693,
            138.93095857514325
        ],
        [
            0.2041249671712234,
            0.5814840989399169,
            40.5885262116704
        ],
        [
            0.11716011059984356,
            0.11763678872018729,
            218.11658851857408
        ],
        [
            0.09545068248898288,
            0.2887443479359705,
            99.52033860213122
        ],
        [
            0.01256489793994936,
            0.8135510321513449,
            92.05542943625188
        ],
        [
            0.10418876713904002,
            0.2425292623729477,
            120.76046762817477
        ],
        [
            0.11359274745618235,
            0.13708173245545563,
            197.06938239158725
        ]
    ]
}