{
    "rgb_colors": [
        [
            154.68684394681492,
            153.4977256822953,
            146.1263121063681
        ],
        [
            237.83090695974545,
            237.82745850816247,
            234.24852633903546
        ],
        [
            38.36908007675049,
            36.442593153589826,
            35.75512470968394
        ],
        [
            126.50293390982216,
            125.18329215565163,
            118.01266213712168
        ],
        [
            209.02892073090564,
            208.61088471144998,
            206.44853424477455
        ],
        [
            60.93950393225272,
            56.85213032581453,
            52.190216921614365
        ],
        [
            227.60296945574436,
            227.39516718095493,
            226.80998166450516
        ],
        [
            85.24158004158573,
            74.68108108108109,
            66.40069300069301
        ],
        [
            182.3468281797896,
            180.6640102008288,
            174.2755817660185
        ],
        [
            99.71708328533231,
            97.1745190646239,
            90.07959912452482
        ]
    ],
    "hex_colors": [
        "#9a9992",
        "#ededea",
        "#262423",
        "#7e7d76",
        "#d1d0ce",
        "#3c3834",
        "#e3e3e2",
        "#554a42",
        "#b6b4ae",
        "#63615a"
    ],
    "hsl_color_values": [
        [
            0.1435154908853276,
            0.05534104660762324,
            154.68684394681492
        ],
        [
            0.16650623091420236,
            0.015062721100905218,
            237.83090695974545
        ],
        [
            0.04383321744047095,
            0.06812661032888465,
            38.36908007675049
        ],
        [
            0.1407616899768805,
            0.06711521630599324,
            126.50293390982216
        ],
        [
            0.1396658006011573,
            0.012344638613203972,
            209.02892073090564
        ],
        [
            0.08880558683489849,
            0.14357332183676877,
            60.93950393225272
        ],
        [
            0.12299170363756007,
            0.0034840836792921943,
            227.60296945574436
        ],
        [
            0.07324839202471484,
            0.22102930320743772,
            85.24158004158573
        ],
        [
            0.13191742859587785,
            0.04426315771071743,
            182.3468281797896
        ],
        [
            0.1226966122021728,
            0.0966482757345661,
            99.71708328533231
        ]
    ]
}