{
    "rgb_colors": [
        [
            159.31129748396654,
            85.76171682289105,
            97.48199309324124
        ],
        [
            214.67763624007642,
            217.88953311838785,
            230.46834198464452
        ],
        [
            69.49317637253495,
            96.9389519741649,
            86.24929680175018
        ],
        [
            165.82639112625066,
            170.19698992037561,
            179.09757444654116
        ],
        [
            138.72696323195711,
            158.02576032682725,
            143.5609396277803
        ],
        [
            35.08912422655557,
            71.79795335554819,
            52.9934554973822
        ],
        [
            6.97381872099686,
            37.81091732022465,
            24.39580163096491
        ],
        [
            58.24618220115988,
            147.72432859399666,
            84.97814639283834
        ],
        [
            200.27340518036135,
            204.14004901055813,
            216.12260546494164
        ],
        [
            102.69715789473938,
            127.53126315789373,
            117.93494736842105
        ]
    ],
    "hex_colors": [
        "#9f5561",
        "#d6d9e6",
        "#456056",
        "#a5aab3",
        "#8a9e8f",
        "#234734",
        "#062518",
        "#3a9354",
        "#c8ccd8",
        "#667f75"
    ],
    "hsl_color_values": [
        [
            0.9734413254183857,
            0.4616720962207824,
            159.31129748396654
        ],
        [
            0.632765956017975,
            0.0685157258849035,
            230.46834198464452
        ],
        [
            0.4350862143135555,
            0.2831243276587568,
            96.9389519741649
        ],
        [
            0.6117783334431742,
            0.07410029622847751,
            179.09757444654116
        ],
        [
            0.3750801183104837,
            0.12212437424731616,
            158.02576032682725
        ],
        [
            0.4146231832851977,
            0.5112796035732117,
            71.79795335554819
        ],
        [
            0.42749471524754235,
            0.8155607106292911,
            37.81091732022465
        ],
        [
            0.3831256853755793,
            0.6057102932500521,
            147.72432859399666
        ],
        [
            0.6260058997639285,
            0.07333430138177412,
            216.12260546494164
        ],
        [
            0.4355971979677047,
            0.194729548255221,
            127.53126315789373
        ]
    ]
}