{
    "rgb_colors": [
        [
            190.25974145466242,
            212.0538022726153,
            239.69174679117185
        ],
        [
            122.00302152839038,
            117.47085484074063,
            103.4172227118248
        ],
        [
            77.16206129903142,
            72.64951564237569,
            53.73034778466834
        ],
        [
            156.96011586452693,
            167.95588235294179,
            180.72905525846787
        ],
        [
            48.34838709677241,
            49.94340175952625,
            40.65906158356361
        ],
        [
            187.34914516869443,
            204.82187833916385,
            224.71490993740636
        ],
        [
            29.072677092919434,
            31.577107442012164,
            26.225003631423164
        ],
        [
            178.01171285634524,
            194.69979353609764,
            220.76137536727595
        ],
        [
            96.7812128418538,
            92.88287752675501,
            74.65071343638226
        ],
        [
            133.74786324786322,
            137.8555226824457,
            138.17176199868385
        ]
    ],
    "hex_colors": [
        "#bed4ef",
        "#7a7567",
        "#4d4835",
        "#9ca7b4",
        "#303128",
        "#bbcce0",
        "#1d1f1a",
        "#b2c2dc",
        "#605c4a",
        "#85898a"
    ],
    "hsl_color_values": [
        [
            0.593185053996261,
            0.20623157033260886,
            239.69174679117185
        ],
        [
            0.1260248238239993,
            0.15233884033143075,
            122.00302152839038
        ],
        [
            0.13456952864409136,
            0.30366883828513286,
            77.16206129903142
        ],
        [
            0.5895648777439221,
            0.13151697915948282,
            180.72905525846787
        ],
        [
            0.19529937207031986,
            0.18589723264478547,
            49.94340175952625
        ],
        [
            0.588731096149007,
            0.16628075448629576,
            224.71490993740636
        ],
        [
            0.24465563566915435,
            0.16949316274194975,
            31.577107442012164
        ],
        [
            0.6016054096509519,
            0.19364647660764484,
            220.76137536727595
        ],
        [
            0.13730797300990139,
            0.2286652414827047,
            96.7812128418538
        ],
        [
            0.5119140504055574,
            0.032017386814990216,
            138.17176199868385
        ]
    ]
}