{
    "rgb_colors": [
        [
            116.56266013144703,
            107.68285618803165,
            98.61574022501489
        ],
        [
            231.30511962953435,
            227.67429894520268,
            225.52456907640965
        ],
        [
            176.36367086205806,
            167.81917652267265,
            157.81705774460767
        ],
        [
            192.14821863581,
            184.98633526187095,
            176.42010505480624
        ],
        [
            101.58500966425657,
            92.56303242894495,
            83.43288710716133
        ],
        [
            146.7188715585936,
            136.07239699384343,
            125.26356735526136
        ],
        [
            207.83562662699887,
            202.35498157477093,
            196.13428445857528
        ],
        [
            78.3786268313703,
            69.79373743177204,
            62.093651249640374
        ],
        [
            161.28754498376196,
            152.61888879136302,
            141.99543579390814
        ],
        [
            133.5856455610088,
            123.31051071480164,
            113.50813936536798
        ]
    ],
    "hex_colors": [
        "#746b62",
        "#e7e3e1",
        "#b0a79d",
        "#c0b8b0",
        "#655c53",
        "#92887d",
        "#cfcac4",
        "#4e453e",
        "#a1988d",
        "#857b71"
    ],
    "hsl_color_values": [
        [
            0.08420308341012435,
            0.15396800215603784,
            116.56266013144703
        ],
        [
            0.061981693295949304,
            0.024991018626751592,
            231.30511962953435
        ],
        [
            0.08988270719766485,
            0.10516118782737591,
            176.36367086205806
        ],
        [
            0.09077407962231092,
            0.08185406917986676,
            192.14821863581
        ],
        [
            0.08382991477595232,
            0.1786889878446524,
            101.58500966425657
        ],
        [
            0.08396392749120547,
            0.14623411409461298,
            146.7188715585936
        ],
        [
            0.0886037548322502,
            0.05630094492617432,
            207.83562662699887
        ],
        [
            0.07880562611722487,
            0.20777316776379168,
            78.3786268313703
        ],
        [
            0.09177718631755416,
            0.11961313684696546,
            161.28754498376196
        ],
        [
            0.08137108973193369,
            0.1502968834063191,
            133.5856455610088
        ]
    ]
}