{
    "rgb_colors": [
        [
            145.33487935608423,
            136.07431737380585,
            126.62536319503347
        ],
        [
            234.9959359918713,
            229.94005588011305,
            186.6748793497587
        ],
        [
            37.06993006992863,
            28.054378457364933,
            9.432940194134218
        ],
        [
            98.12439230606864,
            89.87486789262087,
            64.00179666032551
        ],
        [
            136.30913558186123,
            127.69013848559399,
            118.05697174447174
        ],
        [
            178.7401558222772,
            168.27795325331772,
            122.48473362813223
        ],
        [
            208.23646134766636,
            201.24886316659618,
            153.08495245969408
        ],
        [
            69.30222153656588,
            59.510953409438,
            34.90928725701944
        ],
        [
            123.07819486326164,
            115.26239991681501,
            101.30965997712384
        ],
        [
            253.23437499999397,
            252.89000000000325,
            243.60916666666668
        ]
    ],
    "hex_colors": [
        "#91887e",
        "#eae5ba",
        "#251c09",
        "#625940",
        "#887f76",
        "#b2a87a",
        "#d0c999",
        "#453b22",
        "#7b7365",
        "#fdfcf3"
    ],
    "hsl_color_values": [
        [
            0.08417244373964712,
            0.1287338335019405,
            145.33487935608423
        ],
        [
            0.14922816792823754,
            0.2056250736343971,
            234.9959359918713
        ],
        [
            0.11229779573751697,
            0.7455366067230248,
            37.06993006992863
        ],
        [
            0.12637311016677732,
            0.34774835128974113,
            98.12439230606864
        ],
        [
            0.08796369594810038,
            0.1339027186950947,
            136.30913558186123
        ],
        [
            0.13567053580230004,
            0.31473298171497727,
            178.7401558222772
        ],
        [
            0.1455502961388784,
            0.2648503942635325,
            208.23646134766636
        ],
        [
            0.11921860632020005,
            0.4962746289655335,
            69.30222153656588
        ],
        [
            0.10682651215521378,
            0.17686751833110953,
            123.07819486326164
        ],
        [
            0.16070359227449446,
            0.03800909072209301,
            253.23437499999397
        ]
    ]
}