{
    "rgb_colors": [
        [
            161.19278814123916,
            158.5278980679547,
            147.15856095936041
        ],
        [
            233.03430415068016,
            232.92436344611093,
            233.04307638646668
        ],
        [
            141.86321008946857,
            139.79971973698395,
            129.61862671122128
        ],
        [
            247.29217973459942,
            247.18550714737074,
            245.26384642973034
        ],
        [
            121.1132216412336,
            119.01397929783374,
            108.98474015579981
        ],
        [
            96.70653067938805,
            94.89208751439381,
            85.65750945879256
        ],
        [
            196.24894209928786,
            195.20559397254618,
            192.16245226545567
        ],
        [
            216.95247946455734,
            216.05676909035594,
            214.71676300578034
        ],
        [
            175.4844266707683,
            172.78797200646005,
            162.25386449280936
        ],
        [
            70.48382443849167,
            68.6410467751906,
            60.630331753554515
        ]
    ],
    "hex_colors": [
        "#a19e93",
        "#e9e8e9",
        "#8d8b81",
        "#f7f7f5",
        "#79776c",
        "#605e55",
        "#c4c3c0",
        "#d8d8d6",
        "#afaca2",
        "#46443c"
    ],
    "hsl_color_values": [
        [
            0.13501915663341726,
            0.08706485782466757,
            161.19278814123916
        ],
        [
            0.8210175799422325,
            0.0005094034210176738,
            233.04307638646668
        ],
        [
            0.13857954862242125,
            0.08631260614027428,
            141.86321008946857
        ],
        [
            0.15790145806143716,
            0.008202173263408252,
            247.29217973459942
        ],
        [
            0.13781938481030476,
            0.10014168000056387,
            121.1132216412336
        ],
        [
            0.13929707544875705,
            0.11425310310455042,
            96.70653067938805
        ],
        [
            0.12411392298496371,
            0.020822990382107227,
            196.24894209928786
        ],
        [
            0.0998938602220772,
            0.010305097523175558,
            216.95247946455734
        ],
        [
            0.13269916742716187,
            0.07539450895424017,
            175.4844266707683
        ],
        [
            0.13549704789588496,
            0.1397979290061919,
            70.48382443849167
        ]
    ]
}