{
    "rgb_colors": [
        [
            77.7901023890785,
            78.49189419795489,
            70.7071245733819
        ],
        [
            181.42505406123146,
            179.3316134906486,
            174.23745210364606
        ],
        [
            217.41839899210157,
            214.02880748170475,
            209.5554828705688
        ],
        [
            101.52816901408451,
            102.08074025548504,
            93.21405175237375
        ],
        [
            168.46774615758574,
            165.8792864889121,
            160.20537751019032
        ],
        [
            192.8982589427034,
            190.6183180331338,
            186.0227498153441
        ],
        [
            127.95555555555555,
            128.24930555555665,
            120.38587962963047
        ],
        [
            12.065333333333342,
            13.575999999998345,
            11.164666666665113
        ],
        [
            202.60081338964494,
            200.66435945565175,
            196.07801501642186
        ],
        [
            154.90397220247968,
            152.59030245597168,
            147.37139698333473
        ]
    ],
    "hex_colors": [
        "#4d4e46",
        "#b5b3ae",
        "#d9d6d1",
        "#65665d",
        "#a8a5a0",
        "#c0beba",
        "#7f8078",
        "#0c0d0b",
        "#cac8c4",
        "#9a9893"
    ],
    "hsl_color_values": [
        [
            0.18169155592096042,
            0.09917928091963182,
            78.49189419795489
        ],
        [
            0.11812380580392894,
            0.039617471769690445,
            181.42505406123146
        ],
        [
            0.09481903282858056,
            0.036164906732748144,
            217.41839899210157
        ],
        [
            0.1770533185568027,
            0.08685956313521995,
            102.08074025548504
        ],
        [
            0.11445283269365285,
            0.049044216687429004,
            168.46774615758574
        ],
        [
            0.11139946469570827,
            0.03564318913527119,
            192.8982589427034
        ],
        [
            0.17289274850360462,
            0.061313594579424854,
            128.24930555555665
        ],
        [
            0.2710810063587503,
            0.1776173639756575,
            13.575999999998345
        ],
        [
            0.1171875468371933,
            0.03219532174670167,
            202.60081338964494
        ],
        [
            0.1154741311526606,
            0.04862738580582613,
            154.90397220247968
        ]
    ]
}