{
    "rgb_colors": [
        [
            213.5537163046323,
            195.2484624443863,
            172.66193404867786
        ],
        [
            145.55234837146318,
            135.97170550922957,
            120.12301332763269
        ],
        [
            21.451258741258755,
            19.978461538461545,
            10.631118881107696
        ],
        [
            119.25469825304393,
            112.25172048703017,
            96.93806246691133
        ],
        [
            237.39944484637306,
            218.5718820593837,
            195.60160344906282
        ],
        [
            252.635687732342,
            251.48977695167287,
            244.76533457249133
        ],
        [
            97.18079444226568,
            91.51840439240294,
            76.99182027004771
        ],
        [
            179.5060952012384,
            164.60526315789474,
            145.46797600619138
        ],
        [
            54.350371120107965,
            46.86369770580298,
            33.17881241565678
        ],
        [
            77.32323471400395,
            70.35802761341223,
            55.295700197243235
        ]
    ],
    "hex_colors": [
        "#d5c3ac",
        "#918778",
        "#15130a",
        "#777060",
        "#eddac3",
        "#fcfbf4",
        "#615b4c",
        "#b3a491",
        "#362e21",
        "#4d4637"
    ],
    "hsl_color_values": [
        [
            0.09205813959690112,
            0.19148241933482774,
            213.5537163046323
        ],
        [
            0.1038740766276413,
            0.1747092048211579,
            145.55234837146318
        ],
        [
            0.14398061975425877,
            0.50440582488243,
            21.451258741258755
        ],
        [
            0.11436653629811173,
            0.1871342271042388,
            119.25469825304393
        ],
        [
            0.09159276269786454,
            0.17606545552100442,
            237.39944484637306
        ],
        [
            0.14240026765857605,
            0.031152974587616546,
            252.635687732342
        ],
        [
            0.11992176190197629,
            0.20774654383188926,
            97.18079444226568
        ],
        [
            0.09370517331878159,
            0.18962096611197518,
            179.5060952012384
        ],
        [
            0.10773010371432122,
            0.389538438618285,
            54.350371120107965
        ],
        [
            0.11396590484444291,
            0.28487600910947564,
            77.32323471400395
        ]
    ]
}