{
    "rgb_colors": [
        [
            141.7029586263801,
            144.3498880201174,
            155.68873521669158
        ],
        [
            61.810987482614735,
            63.633866481227415,
            63.17030598052969
        ],
        [
            170.52470673725733,
            172.9485968372478,
            185.81378248381264
        ],
        [
            39.53568866571018,
            41.571018651360006,
            42.45301291248083
        ],
        [
            127.41941977927166,
            129.5286695186411,
            140.07477441852302
        ],
        [
            214.29468772433597,
            216.5660445082559,
            215.9666188083284
        ],
        [
            156.38598459733768,
            159.6377314224492,
            171.72259907175703
        ],
        [
            85.0159722890407,
            87.92148561531869,
            90.41874338497185
        ],
        [
            246.372,
            247.3614736842125,
            246.3625263157906
        ],
        [
            111.64673796791443,
            112.85985739750693,
            120.25636363636694
        ]
    ],
    "hex_colors": [
        "#8d909b",
        "#3d3f3f",
        "#aaacb9",
        "#27292a",
        "#7f818c",
        "#d6d8d7",
        "#9c9fab",
        "#55575a",
        "#f6f7f6",
        "#6f7078"
    ],
    "hsl_color_values": [
        [
            0.6351235559850746,
            0.08983165397834153,
            155.68873521669158
        ],
        [
            0.45761644985299615,
            0.028646365519065957,
            63.633866481227415
        ],
        [
            0.6402437690351493,
            0.08228170990430829,
            185.81378248381264
        ],
        [
            0.5503883117150447,
            0.06871889759119967,
            42.45301291248083
        ],
        [
            0.6388885732627955,
            0.09034713560515187,
            140.07477441852302
        ],
        [
            0.4560155920775973,
            0.01048805591420105,
            216.5660445082559
        ],
        [
            0.6313291542652686,
            0.08931040269202249,
            171.72259907175703
        ],
        [
            0.5770363246721625,
            0.05975277794923566,
            90.41874338497185
        ],
        [
            0.33175272216386853,
            0.004038411291554598,
            247.3614736842125
        ],
        [
            0.6431828847480632,
            0.07159392990200858,
            120.25636363636694
        ]
    ]
}