{
    "rgb_colors": [
        [
            111.61684379634661,
            34.63544241225303,
            29.533613445369554
        ],
        [
            73.61061655127301,
            80.39746125947926,
            43.68999340587422
        ],
        [
            213.18702526739452,
            214.81068826538927,
            226.9114478375554
        ],
        [
            144.6570695735847,
            67.16498877845994,
            53.7415838409846
        ],
        [
            189.09639098715175,
            189.73703918909976,
            197.28775259861317
        ],
        [
            180.62642487046614,
            110.68020725388288,
            92.97077720206603
        ],
        [
            127.51995798319373,
            119.79166666667034,
            101.09016106442493
        ],
        [
            199.38245544160242,
            157.4511600119485,
            131.00477944837462
        ],
        [
            50.91611058151736,
            28.01726512023228,
            21.30484058893333
        ],
        [
            227.90580978458635,
            230.25229370748448,
            244.37406487312757
        ]
    ],
    "hex_colors": [
        "#6f221d",
        "#49502b",
        "#d5d6e2",
        "#904335",
        "#bdbdc5",
        "#b46e5c",
        "#7f7765",
        "#c79d83",
        "#321c15",
        "#e3e6f4"
    ],
    "hsl_color_values": [
        [
            0.010359056584129556,
            0.7354018225129545,
            111.61684379634661
        ],
        [
            0.19748167110151904,
            0.45657496242491175,
            80.39746125947926
        ],
        [
            0.6469492251289699,
            0.06048360583369996,
            226.9114478375554
        ],
        [
            0.024607844727641066,
            0.6284897516630037,
            144.6570695735847
        ],
        [
            0.6536316298328307,
            0.04151986883913137,
            197.28775259861317
        ],
        [
            0.03367235031413557,
            0.4852869547258171,
            180.62642487046614
        ],
        [
            0.11793195422401422,
            0.20726008176894214,
            127.51995798319373
        ],
        [
            0.06446153704266766,
            0.34294730617988145,
            199.38245544160242
        ],
        [
            0.03778079839747974,
            0.5815697557097571,
            50.91611058151736
        ],
        [
            0.6429191201467884,
            0.06738953700791075,
            244.37406487312757
        ]
    ]
}