{
    "rgb_colors": [
        [
            181.94827310094485,
            183.54059680777237,
            193.64904179789676
        ],
        [
            7.497043342647345,
            94.92540126064073,
            143.9480148157775
        ],
        [
            52.37160842196657,
            58.43281962231387,
            45.67050141089646
        ],
        [
            211.41670237013932,
            213.4995801271615,
            226.15831776661926
        ],
        [
            173.2043883378419,
            139.0234445446348,
            62.97174631800421
        ],
        [
            87.61877315767805,
            105.1039522437217,
            105.2085220255249
        ],
        [
            9.67362428842506,
            72.0966687750369,
            107.82848408180476
        ],
        [
            198.84129213483146,
            201.67954119850188,
            213.69506086142323
        ],
        [
            155.89440516446356,
            158.27559176145098,
            156.92284045496464
        ],
        [
            8.352424809325072,
            118.41991653475321,
            174.42027629874804
        ]
    ],
    "hex_colors": [
        "#b5b7c1",
        "#075e8f",
        "#343a2d",
        "#d3d5e2",
        "#ad8b3e",
        "#576969",
        "#09486b",
        "#c6c9d5",
        "#9b9e9c",
        "#0876ae"
    ],
    "hsl_color_values": [
        [
            0.6439854829474817,
            0.06042254889731654,
            193.64904179789676
        ],
        [
            0.5598781782519717,
            0.9479183971224476,
            143.9480148157775
        ],
        [
            0.24582171122752117,
            0.21841010401188707,
            58.43281962231387
        ],
        [
            0.6431179385591675,
            0.06518272483655603,
            226.15831776661926
        ],
        [
            0.11498665735953872,
            0.6364309996859008,
            173.2043883378419
        ],
        [
            0.5009908212503852,
            0.1671893923534004,
            105.2085220255249
        ],
        [
            0.5606725185453287,
            0.9102869304822453,
            107.82848408180476
        ],
        [
            0.6348201017093923,
            0.0695091812918602,
            213.69506086142323
        ],
        [
            0.40531672260951845,
            0.015044559748519431,
            158.27559176145098
        ],
        [
            0.5562022884639631,
            0.9521132233788061,
            174.42027629874804
        ]
    ]
}