{
    "rgb_colors": [
        [
            164.17813765182186,
            194.6955923917206,
            239.9311740890688
        ],
        [
            153.2464558972138,
            181.88857129110542,
            227.6181030749242
        ],
        [
            73.61411844561344,
            32.92703207195311,
            19.88749363651789
        ],
        [
            106.14476915520629,
            100.47470530451673,
            87.04187131630648
        ],
        [
            109.96021742186402,
            68.54050887961142,
            27.510566515158615
        ],
        [
            52.62045507858316,
            56.92423176166899,
            61.83673469387756
        ],
        [
            135.05932452276065,
            155.7841409691633,
            188.14919236417035
        ],
        [
            133.1956494084722,
            98.46190052156575,
            40.39880422338125
        ],
        [
            121.23433718741597,
            128.37994084431358,
            137.90279645065877
        ],
        [
            150.22377762223778,
            131.76292370762982,
            63.0955904409559
        ]
    ],
    "hex_colors": [
        "#a4c2ef",
        "#99b5e3",
        "#492013",
        "#6a6457",
        "#6d441b",
        "#34383d",
        "#879bbc",
        "#856228",
        "#798089",
        "#96833f"
    ],
    "hsl_color_values": [
        [
            0.5995242431301108,
            0.3157281946577122,
            239.9311740890688
        ],
        [
            0.6024797610361478,
            0.32673871793593573,
            227.6181030749242
        ],
        [
            0.0404502686261794,
            0.7298413122856197,
            73.61411844561344
        ],
        [
            0.11719717519206747,
            0.17997022360063072,
            106.14476915520629
        ],
        [
            0.08293938970277265,
            0.7498134583563625,
            109.96021742186402
        ],
        [
            0.5888374184462365,
            0.14904214559386977,
            61.83673469387756
        ],
        [
            0.6016046084087963,
            0.2821689913962114,
            188.14919236417035
        ],
        [
            0.10428353137503915,
            0.6966957674459029,
            133.1956494084722
        ],
        [
            0.5952183147819481,
            0.12087107507792072,
            137.90279645065877
        ],
        [
            0.13135307774318455,
            0.5799893236633945,
            150.22377762223778
        ]
    ]
}