{
    "rgb_colors": [
        [
            170.35956131311644,
            153.78499926394807,
            126.74451641395667
        ],
        [
            239.07611910066842,
            229.39141178852037,
            214.50913510227304
        ],
        [
            186.01668183196847,
            176.74135577798097,
            162.68676069153804
        ],
        [
            35.506215942832895,
            35.40891441250521,
            28.054002023029426
        ],
        [
            57.90532310815382,
            55.94857336189986,
            44.968816961768184
        ],
        [
            136.2000374251497,
            120.8053892215571,
            90.67346556886068
        ],
        [
            252.8194882870909,
            242.2095447748808,
            225.2097939857106
        ],
        [
            91.67899666613748,
            82.7644070487402,
            60.86616923321469
        ],
        [
            21.02767330900926,
            21.57563850686492,
            15.3969127139963
        ],
        [
            210.14970247416224,
            198.52709051048504,
            181.2230921808063
        ]
    ],
    "hex_colors": [
        "#aa997e",
        "#efe5d6",
        "#bab0a2",
        "#23231c",
        "#39372c",
        "#88785a",
        "#fcf2e1",
        "#5b523c",
        "#15150f",
        "#d2c6b5"
    ],
    "hsl_color_values": [
        [
            0.1033301043730452,
            0.2560175933946933,
            170.35956131311644
        ],
        [
            0.10096393793678123,
            0.10275800063514876,
            239.07611910066842
        ],
        [
            0.1004046477614428,
            0.1254184351138178,
            186.01668183196847
        ],
        [
            0.16449054532933013,
            0.2098847686783062,
            35.506215942832895
        ],
        [
            0.14145700387064886,
            0.22340789157195828,
            57.90532310815382
        ],
        [
            0.11030892664841992,
            0.3342625502677169,
            136.2000374251497
        ],
        [
            0.10261945558931411,
            0.10920714415032723,
            252.8194882870909
        ],
        [
            0.1184476273893631,
            0.3360947278375245,
            91.67899666613748
        ],
        [
            0.1814476321986461,
            0.28637510731850074,
            21.57563850686492
        ],
        [
            0.09970057647146924,
            0.13764763857761084,
            210.14970247416224
        ]
    ]
}