{
    "rgb_colors": [
        [
            135.01389760976718,
            123.40294696303738,
            110.28398007451128
        ],
        [
            203.56943242501532,
            195.74249108217066,
            184.33630242522742
        ],
        [
            247.014175257733,
            242.72487113402062,
            223.30670103092785
        ],
        [
            156.81443537205192,
            147.1521337236173,
            134.60114004005547
        ],
        [
            89.60743801652582,
            73.46772924045652,
            54.400629673356946
        ],
        [
            211.28471770403064,
            201.727716330514,
            190.60850863876237
        ],
        [
            113.5399115662128,
            98.65941354433326,
            82.51896672096812
        ],
        [
            191.6018668831174,
            182.6941094619666,
            170.7122564935065
        ],
        [
            176.33658435360024,
            168.5214256069724,
            156.91237808673998
        ],
        [
            59.43176648976528,
            45.02009097801364,
            27.37414708112206
        ]
    ],
    "hex_colors": [
        "#877b6e",
        "#cbc3b8",
        "#f7f2df",
        "#9c9386",
        "#594936",
        "#d3c9be",
        "#716252",
        "#bfb6aa",
        "#b0a89c",
        "#3b2d1b"
    ],
    "hsl_color_values": [
        [
            0.08841495238728021,
            0.18316571829318773,
            135.01389760976718
        ],
        [
            0.09884150124523867,
            0.09447945976305858,
            203.56943242501532
        ],
        [
            0.13651229367106352,
            0.09597616898734221,
            247.014175257733
        ],
        [
            0.09417028177627144,
            0.14165338337184352,
            156.81443537205192
        ],
        [
            0.0902623690530165,
            0.39290051275292426,
            89.60743801652582
        ],
        [
            0.0896296451689298,
            0.09785946323970136,
            211.28471770403064
        ],
        [
            0.08671800565653076,
            0.2732162146097345,
            113.5399115662128
        ],
        [
            0.09559658880648701,
            0.10902613178792338,
            191.6018668831174
        ],
        [
            0.09960979752738275,
            0.11015414831847788,
            176.33658435360024
        ],
        [
            0.09174076876990418,
            0.5394020959172373,
            59.43176648976528
        ]
    ]
}