{
    "rgb_colors": [
        [
            244.28894736842105,
            195.3637161084525,
            180.23188197767146
        ],
        [
            122.27290792669464,
            132.13317877383113,
            134.95819533377494
        ],
        [
            106.6617707731661,
            107.22642132189651,
            103.38402508457793
        ],
        [
            167.93647192285877,
            120.83172622423994,
            98.24352429570808
        ],
        [
            155.76049089469518,
            167.70269200316625,
            172.90018804433888
        ],
        [
            44.43925954492866,
            41.176436559973794,
            36.75838796760509
        ],
        [
            240.6810801668734,
            178.38775510203524,
            157.3195117826136
        ],
        [
            185.31079894644424,
            152.13116769095717,
            136.95539947322212
        ],
        [
            80.94404784873626,
            79.74146247346508,
            74.64161682423307
        ],
        [
            136.56119402985075,
            147.55562726906143,
            150.80645421540945
        ]
    ],
    "hex_colors": [
        "#f4c3b4",
        "#7a8486",
        "#6a6b67",
        "#a77862",
        "#9ba7ac",
        "#2c2924",
        "#f0b29d",
        "#b99888",
        "#504f4a",
        "#889396"
    ],
    "hsl_color_values": [
        [
            0.03937071328113587,
            0.26221843468891287,
            244.28894736842105
        ],
        [
            0.5371167067969758,
            0.0939941985420551,
            134.95819533377494
        ],
        [
            0.19115878538008588,
            0.03583441646143918,
            107.22642132189651
        ],
        [
            0.0540183827718508,
            0.41499590189773655,
            167.93647192285877
        ],
        [
            0.5505405277953495,
            0.09913058709484085,
            172.90018804433888
        ],
        [
            0.09586691102027667,
            0.17283977401914433,
            44.43925954492866
        ],
        [
            0.04212221476429523,
            0.3463569646873033,
            240.6810801668734
        ],
        [
            0.05230635524697704,
            0.2609421563564522,
            185.31079894644424
        ],
        [
            0.13486451046705475,
            0.07786157465562911,
            80.94404784873626
        ],
        [
            0.5380340186139431,
            0.09446054719389528,
            150.80645421540945
        ]
    ]
}