{
    "rgb_colors": [
        [
            227.4122126751701,
            206.663762684157,
            180.1746974741333
        ],
        [
            107.31753052579057,
            97.22663842511837,
            79.63057562920508
        ],
        [
            23.8168752323258,
            73.11510345682072,
            105.76558047329947
        ],
        [
            151.53909992202182,
            135.4161189707029,
            112.36983402027403
        ],
        [
            9.339924991470468,
            143.64234572110468,
            165.35765427889532
        ],
        [
            241.8581076360888,
            222.28464637525906,
            195.1832980135535
        ],
        [
            72.44777857061625,
            60.564089082510236,
            46.1949524918316
        ],
        [
            174.9233778186835,
            53.05798435342844,
            46.18246663598711
        ],
        [
            193.78921882788848,
            173.86334828740297,
            148.5340027059745
        ],
        [
            28.801557863494935,
            35.51646884272998,
            42.47173590504451
        ]
    ],
    "hex_colors": [
        "#e3ceb4",
        "#6b614f",
        "#174969",
        "#978770",
        "#098fa5",
        "#f1dec3",
        "#483c2e",
        "#ae352e",
        "#c1ad94",
        "#1c232a"
    ],
    "hsl_color_values": [
        [
            0.09346055106585532,
            0.20771758317355496,
            227.4122126751701
        ],
        [
            0.10592270416180322,
            0.25799098023348344,
            107.31753052579057
        ],
        [
            0.5664042970954993,
            0.7748144989537653,
            105.76558047329947
        ],
        [
            0.09806278987645652,
            0.25847630032053315,
            151.53909992202182
        ],
        [
            0.5231974796037288,
            0.9435168270123282,
            165.35765427889532
        ],
        [
            0.09677364364517453,
            0.19298426700983054,
            241.8581076360888
        ],
        [
            0.09122279221518793,
            0.36236895867270125,
            72.44777857061625
        ],
        [
            0.00890097490414199,
            0.7359845938725385,
            174.9233778186835
        ],
        [
            0.09328333745069746,
            0.23352803832759572,
            193.78921882788848
        ],
        [
            0.5847985427497052,
            0.3218653005403983,
            42.47173590504451
        ]
    ]
}