{
    "rgb_colors": [
        [
            200.46341124417984,
            202.98992332461725,
            216.0501053996978
        ],
        [
            66.26581102761125,
            69.4385713079554,
            68.0680570801312
        ],
        [
            158.7533844397325,
            160.58218887620262,
            171.7880280541513
        ],
        [
            125.92229038854805,
            129.5634548297856,
            136.94574762420177
        ],
        [
            187.7023925104022,
            191.86792649098038,
            205.11282940361198
        ],
        [
            41.483154870723425,
            44.003133977533736,
            45.06424653957342
        ],
        [
            147.59616799411444,
            149.31638038575568,
            160.10648370278224
        ],
        [
            251.99353701527616,
            252.45652173913126,
            250.3246180963534
        ],
        [
            97.77219106555792,
            100.93869657706531,
            102.24956488106226
        ],
        [
            173.11174348697395,
            175.56120240480902,
            187.61871743486935
        ]
    ],
    "hex_colors": [
        "#c8cad8",
        "#424544",
        "#9ea0ab",
        "#7d8188",
        "#bbbfcd",
        "#292c2d",
        "#9395a0",
        "#fbfcfa",
        "#616466",
        "#adafbb"
    ],
    "hsl_color_values": [
        [
            0.6396509735031168,
            0.07214388591332649,
            216.0501053996978
        ],
        [
            0.4280062098022976,
            0.04569161232124393,
            69.4385713079554
        ],
        [
            0.6432827715308981,
            0.07587632131332223,
            171.7880280541513
        ],
        [
            0.6116149050248237,
            0.08049506776876071,
            136.94574762420177
        ],
        [
            0.6267908342744043,
            0.08488224234355564,
            205.11282940361198
        ],
        [
            0.5493849669394454,
            0.0794663606703207,
            45.06424653957342
        ],
        [
            0.6437494140608914,
            0.07813747088401271,
            160.10648370278224
        ],
        [
            0.2028616048872196,
            0.008444636835252024,
            252.45652173913126
        ],
        [
            0.5487960263468747,
            0.043788683313346746,
            102.24956488106226
        ],
        [
            0.6385255012907036,
            0.0773215708231851,
            187.61871743486935
        ]
    ]
}