{
    "rgb_colors": [
        [
            18.440172579098757,
            88.25038350910835,
            126.46658676893162
        ],
        [
            209.176825283669,
            214.40987940355254,
            229.50475256933967
        ],
        [
            206.87791888570257,
            168.05079885292912,
            83.63826300696694
        ],
        [
            12.296746997534399,
            115.69744691004533,
            166.85659747076977
        ],
        [
            19.50974683544304,
            62.28113924050632,
            73.56164556961542
        ],
        [
            143.03523178807947,
            175.02172185430464,
            191.75364238410572
        ],
        [
            74.08046557285093,
            150.43979806478754,
            171.97820782498866
        ],
        [
            38.05567939763215,
            143.20632089958883,
            196.804676276811
        ],
        [
            47.89214216421201,
            119.26400035276478,
            152.77453920098802
        ],
        [
            141.40411599625818,
            64.43093233551606,
            46.787963829126255
        ]
    ],
    "hex_colors": [
        "#12587e",
        "#d1d6e5",
        "#cea853",
        "#0c73a6",
        "#133e49",
        "#8fafbf",
        "#4a96ab",
        "#268fc4",
        "#2f7798",
        "#8d402e"
    ],
    "hsl_color_values": [
        [
            0.5589612018295615,
            0.8541893708826744,
            126.46658676893162
        ],
        [
            0.6237613731563902,
            0.08857301235855261,
            229.50475256933967
        ],
        [
            0.11415770251882473,
            0.5957119858056189,
            206.87791888570257
        ],
        [
            0.5551664941920386,
            0.9263035014261959,
            166.85659747076977
        ],
        [
            0.5347829480964418,
            0.7347837084886866,
            73.56164556961542
        ],
        [
            0.5572402380848805,
            0.25406771934186984,
            191.75364238410572
        ],
        [
            0.536668209883616,
            0.5692450426728605,
            171.97820782498866
        ],
        [
            0.5562715948141443,
            0.8066322400586364,
            196.804676276811
        ],
        [
            0.5532509740989124,
            0.6865175151914169,
            152.77453920098802
        ],
        [
            0.03107814769164167,
            0.6691187982790802,
            141.40411599625818
        ]
    ]
}