{
    "rgb_colors": [
        [
            170.64794851166081,
            161.55888978278358,
            137.9807723250201
        ],
        [
            95.4654739246303,
            91.46124857251618,
            82.142748382185
        ],
        [
            36.3726841130034,
            28.186081519221858,
            23.110583603520155
        ],
        [
            191.45199036624152,
            182.67663364536944,
            172.14089339271106
        ],
        [
            55.72116824763111,
            46.779281078382425,
            38.63924113829256
        ],
        [
            145.8896928267046,
            137.10276100852272,
            114.17214133522727
        ],
        [
            251.56727460426467,
            250.5363041982106,
            239.6417756366139
        ],
        [
            228.16778805718573,
            219.12391365292962,
            189.89725259321557
        ],
        [
            77.12430956370164,
            70.91112766089493,
            60.307453608887236
        ],
        [
            119.10633022753557,
            113.35502059423362,
            99.58051745511257
        ]
    ],
    "hex_colors": [
        "#aaa189",
        "#5f5b52",
        "#241c17",
        "#bfb6ac",
        "#372e26",
        "#918972",
        "#fbfaef",
        "#e4dbbd",
        "#4d463c",
        "#777163"
    ],
    "hsl_color_values": [
        [
            0.12029464133994021,
            0.19143023090259115,
            170.64794851166081
        ],
        [
            0.11657399682273557,
            0.1395554329197962,
            95.4654739246303
        ],
        [
            0.06378449014760017,
            0.36461704251136046,
            36.3726841130034
        ],
        [
            0.0909299306602452,
            0.10086652500498398,
            191.45199036624152
        ],
        [
            0.07942156143533878,
            0.3065608214354831,
            55.72116824763111
        ],
        [
            0.12049385169520958,
            0.21740776114425775,
            145.8896928267046
        ],
        [
            0.15225817931740634,
            0.04740481044845972,
            251.56727460426467
        ],
        [
            0.12728095171819376,
            0.16772979126386767,
            228.16778805718573
        ],
        [
            0.10508973933156658,
            0.2180487066911678,
            77.12430956370164
        ],
        [
            0.11757515807122827,
            0.16393597834071227,
            119.10633022753557
        ]
    ]
}