{
    "rgb_colors": [
        [
            162.96558779761622,
            138.06389508928717,
            121.7358630952381
        ],
        [
            194.59098807244868,
            178.10455013989136,
            161.15134737152113
        ],
        [
            183.8993582819762,
            162.1920706525186,
            146.06029607980176
        ],
        [
            95.58299294467909,
            77.8007797994878,
            44.758447827701445
        ],
        [
            158.8452045897385,
            128.56592336003303,
            71.65815111495995
        ],
        [
            125.16629899881511,
            105.3253012048221,
            67.99236382148311
        ],
        [
            252.1610239471506,
            240.9578860445914,
            199.26507018992567
        ],
        [
            43.7298814722364,
            35.13599500935476,
            20.6943231441048
        ],
        [
            213.12782002668254,
            191.79007350604013,
            175.26565975385006
        ],
        [
            204.87154591916698,
            185.88499921700307,
            168.084221915351
        ]
    ],
    "hex_colors": [
        "#a28a79",
        "#c2b2a1",
        "#b7a292",
        "#5f4d2c",
        "#9e8047",
        "#7d6943",
        "#fcf0c7",
        "#2b2314",
        "#d5bfaf",
        "#ccb9a8"
    ],
    "hsl_color_values": [
        [
            0.066004289024949,
            0.2529965084013964,
            162.96558779761622
        ],
        [
            0.08449653571337556,
            0.17184578295310138,
            194.59098807244868
        ],
        [
            0.07105432690396601,
            0.20575962067336373,
            183.8993582819762
        ],
        [
            0.1083542472629324,
            0.5317320953361813,
            95.58299294467909
        ],
        [
            0.10878482904868314,
            0.548880614306004,
            158.8452045897385
        ],
        [
            0.10882854593194809,
            0.4567837799364287,
            125.16629899881511
        ],
        [
            0.13136737593081338,
            0.20977053840133192,
            252.1610239471506
        ],
        [
            0.10448825579085579,
            0.5267692834419552,
            43.7298814722364
        ],
        [
            0.0727393508149743,
            0.1776500142876342,
            213.12782002668254
        ],
        [
            0.08064724187696455,
            0.17956287603906976,
            204.87154591916698
        ]
    ]
}