{
    "rgb_colors": [
        [
            148.5933106023705,
            141.78714076960628,
            134.81324890404113
        ],
        [
            41.50696344192987,
            40.73145154604154,
            36.55744839592937
        ],
        [
            101.33340512599612,
            99.15492856629963,
            94.78332974370092
        ],
        [
            243.84931506849315,
            242.64520547945614,
            239.41027397259847
        ],
        [
            60.46086724245392,
            59.594782298995796,
            55.48081203810663
        ],
        [
            169.0763145416885,
            160.86576327019407,
            152.44837912705384
        ],
        [
            198.5869916509561,
            195.78884998653473,
            190.43132238082327
        ],
        [
            79.72970698871511,
            78.56211641258983,
            74.74529796080297
        ],
        [
            21.544960670024338,
            21.196253749074003,
            17.660234282165405
        ],
        [
            125.598764555524,
            122.06681340528368,
            116.59209031525036
        ]
    ],
    "hex_colors": [
        "#948d86",
        "#292824",
        "#65635e",
        "#f3f2ef",
        "#3c3b37",
        "#a9a098",
        "#c6c3be",
        "#4f4e4a",
        "#151511",
        "#7d7a74"
    ],
    "hsl_color_values": [
        [
            0.08434761297683001,
            0.09273675673869496,
            148.5933106023705
        ],
        [
            0.14055259661196542,
            0.11924541415623179,
            41.50696344192987
        ],
        [
            0.11123533108273088,
            0.0646388560036146,
            101.33340512599612
        ],
        [
            0.1214575939928932,
            0.018204033481282605,
            243.84931506849315
        ],
        [
            0.1376815480980316,
            0.0823682396809955,
            60.46086724245392
        ],
        [
            0.0843699065582918,
            0.09834574085499585,
            169.0763145416885
        ],
        [
            0.10948473240431363,
            0.04106849699635678,
            198.5869916509561
        ],
        [
            0.12762524204351006,
            0.0625163344525727,
            79.72970698871511
        ],
        [
            0.15170607115599524,
            0.1803078895040074,
            21.544960670024338
        ],
        [
            0.10130863224283383,
            0.07170989517410435,
            125.598764555524
        ]
    ]
}