{
    "rgb_colors": [
        [
            217.14753478784243,
            218.32296856210274,
            230.68996735957023
        ],
        [
            74.98123697012574,
            38.01181375955525,
            29.601806810272876
        ],
        [
            167.5041883780766,
            165.39779697909108,
            167.10045511509674
        ],
        [
            192.01557028979857,
            192.57028980108768,
            202.58491643695768
        ],
        [
            133.93760000000128,
            124.02,
            115.269066666663
        ],
        [
            152.9892703862645,
            110.04874310239117,
            61.71336603311117
        ],
        [
            204.4601663893581,
            205.7695618413755,
            217.79292290626742
        ],
        [
            94.41034997511196,
            79.72582517830486,
            69.60756344335465
        ],
        [
            37.49098801546188,
            17.08927054826836,
            15.467396432974937
        ],
        [
            133.37294617563626,
            36.112464589235145,
            33.476203965990464
        ]
    ],
    "hex_colors": [
        "#d9dae6",
        "#4a261d",
        "#a7a5a7",
        "#c0c0ca",
        "#857c73",
        "#986e3d",
        "#cccdd9",
        "#5e4f45",
        "#25110f",
        "#852421"
    ],
    "hsl_color_values": [
        [
            0.6522006076329024,
            0.05870403783368514,
            230.68996735957023
        ],
        [
            0.03088773525676508,
            0.6052104765613973,
            74.98123697012574
        ],
        [
            0.8652784301447423,
            0.012575156593882595,
            167.5041883780766
        ],
        [
            0.6579193656894565,
            0.05217242395461451,
            202.58491643695768
        ],
        [
            0.07812552078126722,
            0.13938231932883755,
            133.93760000000128
        ],
        [
            0.08825873854992951,
            0.5966163778852046,
            152.9892703862645
        ],
        [
            0.6502985154100637,
            0.06121758383603399,
            217.79292290626742
        ],
        [
            0.06799143127187786,
            0.2627125790582887,
            94.41034997511196
        ],
        [
            0.012273763411225583,
            0.5874369481381516,
            37.49098801546188
        ],
        [
            0.004398309302406404,
            0.7490030405273773,
            133.37294617563626
        ]
    ]
}