{
    "rgb_colors": [
        [
            184.9680919987041,
            143.50016196954974,
            113.97586653709095
        ],
        [
            10.558655293520872,
            9.723933768188658,
            7.377320622181998
        ],
        [
            80.41930930648293,
            76.4093347134657,
            68.99313070480511
        ],
        [
            163.9793226381453,
            176.47335801453448,
            187.0505416152281
        ],
        [
            238.18808106007702,
            193.21994963165204,
            186.88542377666442
        ],
        [
            138.71760018749208,
            150.0253886415124,
            158.15311303803932
        ],
        [
            238.86771008727857,
            179.31505433950713,
            159.4969003520609
        ],
        [
            107.11165289256346,
            90.90859504132231,
            33.865702479341394
        ],
        [
            57.66141402872067,
            52.522521266211115,
            39.650257983550645
        ],
        [
            124.29660217083723,
            112.2807928268051,
            100.39885165959177
        ]
    ],
    "hex_colors": [
        "#b88f71",
        "#0a0907",
        "#504c44",
        "#a3b0bb",
        "#eec1ba",
        "#8a969e",
        "#eeb39f",
        "#6b5a21",
        "#393427",
        "#7c7064"
    ],
    "hsl_color_values": [
        [
            0.06931344768266946,
            0.3838079567913288,
            184.9680919987041
        ],
        [
            0.1229365129436425,
            0.30130112054051456,
            10.558655293520872
        ],
        [
            0.10817562411127828,
            0.14208252595321294,
            80.41930930648293
        ],
        [
            0.5764096572097049,
            0.12334216612182494,
            187.0505416152281
        ],
        [
            0.020578940060205313,
            0.2153871724188952,
            238.18808106007702
        ],
        [
            0.5696982242337046,
            0.12289048553772426,
            158.15311303803932
        ],
        [
            0.04161511865121851,
            0.33227935959287597,
            238.86771008727857
        ],
        [
            0.1297976025526998,
            0.6838280283723208,
            107.11165289256346
        ],
        [
            0.1191137986032863,
            0.3123606375001282,
            57.66141402872067
        ],
        [
            0.08286652448467967,
            0.19226390821528352,
            124.29660217083723
        ]
    ]
}