{
    "rgb_colors": [
        [
            103.34887921832937,
            85.91214385417521,
            62.91099433450885
        ],
        [
            171.1734059641033,
            154.36741392555345,
            134.48662616104434
        ],
        [
            204.20391349124606,
            186.51306642636456,
            165.0858650875376
        ],
        [
            42.140586462028125,
            30.14791723759933,
            15.89072348588158
        ],
        [
            141.53265602322108,
            86.62666071229205,
            39.19113542480241
        ],
        [
            71.6559093593885,
            54.889545186060246,
            35.27766740052783
        ],
        [
            120.03944192617303,
            57.90310237240243,
            17.188143874739893
        ],
        [
            243.66229478743554,
            225.8797134322995,
            200.50652413143894
        ],
        [
            146.34874161074083,
            121.4248322147651,
            95.12642617449723
        ],
        [
            231.99838312288387,
            212.18553023303562,
            188.36946925366874
        ]
    ],
    "hex_colors": [
        "#67553e",
        "#ab9a86",
        "#ccbaa5",
        "#2a1e0f",
        "#8d5627",
        "#473623",
        "#783911",
        "#f3e1c8",
        "#92795f",
        "#e7d4bc"
    ],
    "hsl_color_values": [
        [
            0.09480033218745854,
            0.39127550477246675,
            103.34887921832937
        ],
        [
            0.09031767424683883,
            0.21432523116793342,
            171.1734059641033
        ],
        [
            0.09129290363062363,
            0.1915636568120199,
            204.20391349124606
        ],
        [
            0.09052233761291995,
            0.6229116673494725,
            42.140586462028125
        ],
        [
            0.07725037536104805,
            0.7230947505261798,
            141.53265602322108
        ],
        [
            0.08985168390724252,
            0.5076795798711655,
            71.6559093593885
        ],
        [
            0.06597706149399964,
            0.856812530957025,
            120.03944192617303
        ],
        [
            0.0979907164023532,
            0.17711304366416045,
            243.66229478743554
        ],
        [
            0.08556949517117363,
            0.35000174837502185,
            146.34874161074083
        ],
        [
            0.09097965419125283,
            0.18805697385445122,
            231.99838312288387
        ]
    ]
}