{
    "rgb_colors": [
        [
            187.22346284420973,
            191.7337608449629,
            203.56899283289326
        ],
        [
            35.09193393833493,
            70.43768671439804,
            43.18324784397723
        ],
        [
            63.08187177061349,
            101.7046794265298,
            68.49559711811368
        ],
        [
            10.380179250152509,
            32.75280371638563,
            23.638168082211052
        ],
        [
            68.0383506343714,
            124.33621683967607,
            163.56805074971166
        ],
        [
            140.83149216817807,
            154.81360263808745,
            151.41203627370157
        ],
        [
            96.72087672559942,
            140.35868248970678,
            99.24400581254541
        ],
        [
            16.56898079763664,
            49.532939438699046,
            81.0248153618907
        ],
        [
            196.06146607983,
            247.0704203976253,
            162.0789194111398
        ],
        [
            214.39388188288177,
            218.40465726058892,
            230.05752278686478
        ]
    ],
    "hex_colors": [
        "#bbbfcb",
        "#23462b",
        "#3f6544",
        "#0a2017",
        "#447ca3",
        "#8c9a97",
        "#608c63",
        "#103151",
        "#c4f7a2",
        "#d6dae6"
    ],
    "hsl_color_values": [
        [
            0.6206775593095303,
            0.08029479225306835,
            203.56899283289326
        ],
        [
            0.3714864977644589,
            0.5018017261040765,
            70.43768671439804
        ],
        [
            0.3566948550009194,
            0.3797544800661502,
            101.7046794265298
        ],
        [
            0.4320997882335229,
            0.6830750936610811,
            32.75280371638563
        ],
        [
            0.5684461374537064,
            0.5840364281256721,
            163.56805074971166
        ],
        [
            0.4594533508644693,
            0.09031577478754102,
            154.81360263808745
        ],
        [
            0.34296996622830994,
            0.31090207595321034,
            140.35868248970678
        ],
        [
            0.5814301144757716,
            0.7955073303946125,
            81.0248153618907
        ],
        [
            0.26669422574755686,
            0.343997071157703,
            247.0704203976253
        ],
        [
            0.6239906013093964,
            0.06808575835398559,
            230.05752278686478
        ]
    ]
}