{
    "rgb_colors": [
        [
            139.70784762697414,
            126.5298189009196,
            103.94473355537052
        ],
        [
            216.48324725767242,
            199.32890861752696,
            182.164710401639
        ],
        [
            96.7857142857094,
            86.04508726568011,
            64.94909502262443
        ],
        [
            232.96551559743784,
            216.55311710394875,
            199.8948940836207
        ],
        [
            51.48538893076231,
            47.57339027043888,
            24.951352256551957
        ],
        [
            74.57918832932096,
            65.55753860480036,
            44.19593388686273
        ],
        [
            15.42662659121001,
            27.685466760967586,
            7.676361386138609
        ],
        [
            172.67171332098948,
            156.29767999128663,
            136.9857314018081
        ],
        [
            200.3075802507628,
            182.54404037251248,
            164.3909265907081
        ],
        [
            119.42342023235585,
            107.66598186455542,
            85.4414139982998
        ]
    ],
    "hex_colors": [
        "#8b7e67",
        "#d8c7b6",
        "#605640",
        "#e8d8c7",
        "#332f18",
        "#4a412c",
        "#0f1b07",
        "#ac9c88",
        "#c8b6a4",
        "#776b55"
    ],
    "hsl_color_values": [
        [
            0.10525316345182743,
            0.25598500498764143,
            139.70784762697414
        ],
        [
            0.08335727466029962,
            0.15852744861677565,
            216.48324725767242
        ],
        [
            0.11043882134975298,
            0.32893923961860666,
            96.7857142857094
        ],
        [
            0.08395277670327488,
            0.14195500749974885,
            232.96551559743784
        ],
        [
            0.14209446211573676,
            0.5153702288214895,
            51.48538893076231
        ],
        [
            0.11717860770090542,
            0.4073958851401576,
            74.57918832932096
        ],
        [
            0.2687771803562569,
            0.7227295659338081,
            27.685466760967586
        ],
        [
            0.09019390598627126,
            0.2066695304797413,
            172.67171332098948
        ],
        [
            0.08423721742760643,
            0.17930751105420506,
            200.3075802507628
        ],
        [
            0.10900164689699136,
            0.2845506029549234,
            119.42342023235585
        ]
    ]
}