{
    "rgb_colors": [
        [
            191.45274551214038,
            191.60411166842152,
            197.74676610348467
        ],
        [
            231.57446551514013,
            230.88604367139408,
            240.32922655715265
        ],
        [
            80.522615131591,
            81.94829358553332,
            52.811060855263165
        ],
        [
            181.7021409790908,
            135.38287216727528,
            98.39601853011143
        ],
        [
            39.249513165672084,
            39.01608669882498,
            19.49851833036999
        ],
        [
            212.21552454247131,
            211.14430901793915,
            218.50344294288766
        ],
        [
            146.77494969818937,
            40.22957746480145,
            39.897384305835004
        ],
        [
            203.94179975429847,
            176.19133906633934,
            144.5591216216216
        ],
        [
            113.15361245609198,
            12.702933637127785,
            19.07167948352796
        ],
        [
            147.52455384615615,
            99.40135384614752,
            75.15138461538461
        ]
    ],
    "hex_colors": [
        "#bfbfc5",
        "#e7e6f0",
        "#505134",
        "#b58762",
        "#272713",
        "#d4d3da",
        "#922827",
        "#cbb090",
        "#710c13",
        "#93634b"
    ],
    "hsl_color_values": [
        [
            0.6626584667652845,
            0.031828690376916255,
            197.74676610348467
        ],
        [
            0.6788169104293617,
            0.039292694530071615,
            240.32922655715265
        ],
        [
            0.1748216303811927,
            0.3555563081964391,
            81.94829358553332
        ],
        [
            0.07399786984407287,
            0.4584762843194332,
            181.7021409790908
        ],
        [
            0.16469692228337876,
            0.5032163011024672,
            39.249513165672084
        ],
        [
            0.690927119401478,
            0.033679716098899345,
            218.50344294288766
        ],
        [
            0.0005180275794191003,
            0.728173067762072,
            146.77494969818937
        ],
        [
            0.08878070855960962,
            0.2911746302338163,
            203.94179975429847
        ],
        [
            0.9894330466100713,
            0.8877372682904223,
            113.15361245609198
        ],
        [
            0.05584474994556484,
            0.4905838881996881,
            147.52455384615615
        ]
    ]
}