{
    "rgb_colors": [
        [
            245.13151602104543,
            240.6862745098071,
            227.44269089750054
        ],
        [
            10.036193029491372,
            10.270202987356157,
            7.354174645722068
        ],
        [
            87.41136946335146,
            82.0661303156189,
            72.11033507205092
        ],
        [
            36.56225073695468,
            35.160135252302055,
            29.01786023929833
        ],
        [
            181.4228219979888,
            165.98617662866013,
            151.90247507016733
        ],
        [
            210.10511436648812,
            202.35569262400554,
            187.61282446671933
        ],
        [
            61.35919188385958,
            58.139846073118306,
            49.96492915865186
        ],
        [
            134.7014849240537,
            126.93278168215825,
            115.23271367036993
        ],
        [
            162.50308234258512,
            150.51294583884086,
            137.11162483487703
        ],
        [
            111.0423069247626,
            104.30612652165054,
            94.03726801037597
        ]
    ],
    "hex_colors": [
        "#f5f0e3",
        "#0a0a07",
        "#575248",
        "#24231d",
        "#b5a597",
        "#d2cabb",
        "#3d3a31",
        "#867e73",
        "#a29689",
        "#6f685e"
    ],
    "hsl_color_values": [
        [
            0.1247829587306184,
            0.07216055042888177,
            245.13151602104543
        ],
        [
            0.18004159141869258,
            0.2839309354668128,
            10.270202987356157
        ],
        [
            0.10844359700313672,
            0.1750462724155779,
            87.41136946335146
        ],
        [
            0.1356918763000539,
            0.20634371094750426,
            36.56225073695468
        ],
        [
            0.0795140923926587,
            0.16271573004276563,
            181.4228219979888
        ],
        [
            0.10924386551261252,
            0.10705255779987964,
            210.10511436648812
        ],
        [
            0.1195765083945996,
            0.1856977312669751,
            61.35919188385958
        ],
        [
            0.10016098653011214,
            0.14453271442894994,
            134.7014849240537
        ],
        [
            0.08796476137624627,
            0.15625215929245218,
            162.50308234258512
        ],
        [
            0.10064525151411537,
            0.15314018039906627,
            111.0423069247626
        ]
    ]
}