{
    "rgb_colors": [
        [
            67.70992707248422,
            57.167733293644886,
            48.85563327876173
        ],
        [
            185.1554362307742,
            184.55811700109007,
            191.95175420889015
        ],
        [
            99.41245922013174,
            91.8202578841075,
            80.98539692403294
        ],
        [
            216.41800210450745,
            217.46476686619172,
            230.6841351710338
        ],
        [
            136.58756654334778,
            66.47180366326806,
            34.343408824325536
        ],
        [
            164.65232632249882,
            165.64285714285714,
            167.3265045980151
        ],
        [
            132.7041308450392,
            119.2398825749633,
            101.1708953659048
        ],
        [
            53.84332793085797,
            20.990410588870873,
            20.54713668287411
        ],
        [
            199.89566640199106,
            200.46110349142182,
            212.6683269568565
        ],
        [
            149.84599432438463,
            142.21621916612094,
            130.0034926871862
        ]
    ],
    "hex_colors": [
        "#433930",
        "#b9b8bf",
        "#635b50",
        "#d8d9e6",
        "#884222",
        "#a4a5a7",
        "#847765",
        "#351414",
        "#c7c8d4",
        "#958e82"
    ],
    "hsl_color_values": [
        [
            0.0734766317761409,
            0.27845686162885336,
            67.70992707248422
        ],
        [
            0.6801313799261067,
            0.0385182059849998,
            191.95175420889015
        ],
        [
            0.09799772372803757,
            0.18535968670984435,
            99.41245922013174
        ],
        [
            0.654437648978377,
            0.061842714306942506,
            230.6841351710338
        ],
        [
            0.05237201413378023,
            0.7485612366230551,
            136.58756654334778
        ],
        [
            0.604932386805371,
            0.015981797276771688,
            167.3265045980151
        ],
        [
            0.09550234292225201,
            0.2376206021495765,
            132.7041308450392
        ],
        [
            0.0022188419024433323,
            0.6183902913791031,
            53.84332793085797
        ],
        [
            0.6592884454651936,
            0.06005906350811043,
            212.6683269568565
        ],
        [
            0.10258053396553357,
            0.13241929973946218,
            149.84599432438463
        ]
    ]
}