{
    "rgb_colors": [
        [
            91.66936750723126,
            90.64253823893833,
            85.76746589499331
        ],
        [
            131.77770262653598,
            131.21389922218447,
            127.9953218351931
        ],
        [
            199.4501656302435,
            198.39082931362833,
            199.50941477304517
        ],
        [
            113.21260732037845,
            112.05061003162983,
            107.62119295074372
        ],
        [
            27.631077821502572,
            27.954551225082156,
            24.083915196137184
        ],
        [
            182.43477351187195,
            179.63442828747463,
            173.64661575477973
        ],
        [
            50.22898942155885,
            50.4099032185439,
            46.12005401755302
        ],
        [
            244.14976055724838,
            242.43164997823231,
            239.24074880278596
        ],
        [
            71.29483677549027,
            70.77951365756883,
            65.34140572952231
        ],
        [
            155.4979731618711,
            154.4273832820833,
            150.85602460162445
        ]
    ],
    "hex_colors": [
        "#5b5a55",
        "#83837f",
        "#c7c6c7",
        "#71706b",
        "#1b1b18",
        "#b6b3ad",
        "#32322e",
        "#f4f2ef",
        "#474641",
        "#9b9a96"
    ],
    "hsl_color_values": [
        [
            0.1376695361439739,
            0.06438248427723016,
            91.66936750723126
        ],
        [
            0.14182325738496282,
            0.028702737382380442,
            131.77770262653598
        ],
        [
            0.8245053470132193,
            0.005606680069155122,
            199.50941477304517
        ],
        [
            0.1320303113567867,
            0.04938861935942951,
            113.21260732037845
        ],
        [
            0.18059518733530355,
            0.13846174806312228,
            27.954551225082156
        ],
        [
            0.11355835694275851,
            0.04817150583696332,
            182.43477351187195
        ],
        [
            0.1736954217778123,
            0.08509933420012623,
            50.4099032185439
        ],
        [
            0.10833481139884349,
            0.020106559774042285,
            244.14976055724838
        ],
        [
            0.15224016442668384,
            0.0835043786510867,
            71.29483677549027
        ],
        [
            0.12822771278437295,
            0.029852148332598822,
            155.4979731618711
        ]
    ]
}