{
    "rgb_colors": [
        [
            222.82595101616374,
            225.6632822874817,
            239.16777891711072
        ],
        [
            108.08026103337454,
            107.61376480086115,
            115.90547631862218
        ],
        [
            158.40861376968144,
            157.6075434804981,
            160.59750951939898
        ],
        [
            28.313644543234716,
            30.779930136551286,
            41.65481105112735
        ],
        [
            135.33899305100383,
            132.267470827324,
            135.75809623705257
        ],
        [
            201.38608163998268,
            202.1229994605287,
            213.0589821974465
        ],
        [
            80.11953664946923,
            82.98053149031442,
            92.12245692592232
        ],
        [
            49.124945199466126,
            56.40517316966242,
            71.19377466023673
        ],
        [
            185.36490658644482,
            186.80007124762508,
            192.5349509183027
        ],
        [
            112.74710939816205,
            45.33768158908984,
            52.8052179069078
        ]
    ],
    "hex_colors": [
        "#dee1ef",
        "#6c6b73",
        "#9e9da0",
        "#1c1e29",
        "#878487",
        "#c9cad5",
        "#50525c",
        "#313847",
        "#b9bac0",
        "#702d34"
    ],
    "hsl_color_values": [
        [
            0.6377293563433669,
            0.06832788252221313,
            239.16777891711072
        ],
        [
            0.6760434246398578,
            0.07153856557189116,
            115.90547631862218
        ],
        [
            0.7113199212945919,
            0.018617760934454112,
            160.59750951939898
        ],
        [
            0.6358561975339323,
            0.3202791267380283,
            41.65481105112735
        ],
        [
            0.8133224404963516,
            0.02571209752111919,
            135.75809623705257
        ],
        [
            0.6561448913672844,
            0.054787178822840225,
            213.0589821974465
        ],
        [
            0.626940294876159,
            0.13029309765484118,
            92.12245692592232
        ],
        [
            0.6116854393875792,
            0.3099825731405772,
            71.19377466023673
        ],
        [
            0.633306467046432,
            0.03724022208778249,
            192.5349509183027
        ],
        [
            0.9815368646975002,
            0.5978816500830937,
            112.74710939816205
        ]
    ]
}