{
    "rgb_colors": [
        [
            216.47494549383902,
            219.69606639673145,
            234.00241842399367
        ],
        [
            79.99123417282301,
            82.08786698205093,
            59.28996799777376
        ],
        [
            169.45423255814035,
            170.66148837209303,
            166.53618604651163
        ],
        [
            107.40442898715384,
            105.30286038753638,
            75.5924480090851
        ],
        [
            184.19935062538616,
            186.15441095081724,
            197.92539571265172
        ],
        [
            35.13782926287344,
            29.53191175385524,
            13.103371947170388
        ],
        [
            157.21143770535474,
            159.6376875943522,
            129.41070952846107
        ],
        [
            55.445289022460344,
            59.14486476931235,
            38.295209474986734
        ],
        [
            197.8541790160159,
            200.52921030099452,
            212.86689060133043
        ],
        [
            129.40935228382295,
            130.07236627970056,
            102.75545188239124
        ]
    ],
    "hex_colors": [
        "#d8dbea",
        "#4f523b",
        "#a9aaa6",
        "#6b694b",
        "#b8bac5",
        "#231d0d",
        "#9d9f81",
        "#373b26",
        "#c5c8d4",
        "#818266"
    ],
    "hsl_color_values": [
        [
            0.6360374090460891,
            0.07490295633781134,
            234.00241842399367
        ],
        [
            0.18199434233445433,
            0.27772556191845116,
            82.08786698205093
        ],
        [
            0.21544110462185095,
            0.024172426743326005,
            170.66148837209303
        ],
        [
            0.15565630445404474,
            0.29618872590322715,
            107.40442898715384
        ],
        [
            0.6429276081468785,
            0.0693495902223333,
            197.92539571265172
        ],
        [
            0.12426400743845345,
            0.6270864699938825,
            35.13782926287344
        ],
        [
            0.1800446160143682,
            0.18934738106893328,
            159.6376875943522
        ],
        [
            0.1962401032105542,
            0.3525184371567551,
            59.14486476931235
        ],
        [
            0.6369692635717751,
            0.07052628777967733,
            212.86689060133043
        ],
        [
            0.17071186485556433,
            0.2100132040234319,
            130.07236627970056
        ]
    ]
}