{
    "rgb_colors": [
        [
            85.72255955161089,
            79.77300326950024,
            74.92153199439515
        ],
        [
            175.70744756068808,
            167.47657317935423,
            157.92281404666508
        ],
        [
            180.59935943060452,
            172.46109134045076,
            162.96078291814948
        ],
        [
            109.14489003880833,
            102.87925830099181,
            97.6852091418715
        ],
        [
            153.11829604658328,
            145.95341710082747,
            138.7919092859332
        ],
        [
            170.95699077359833,
            162.9805535841022,
            152.45787792760822
        ],
        [
            50.02937420178834,
            45.507024265644944,
            41.37420178799488
        ],
        [
            185.35053412503424,
            177.53886976674025,
            167.66940471456195
        ],
        [
            222.47186147186144,
            216.45887445887445,
            210.44155844155844
        ],
        [
            132.1709323583184,
            125.43372943327239,
            118.96023765996344
        ]
    ],
    "hex_colors": [
        "#554f4a",
        "#afa79d",
        "#b4aca2",
        "#6d6661",
        "#99918a",
        "#aaa298",
        "#322d29",
        "#b9b1a7",
        "#ded8d2",
        "#847d76"
    ],
    "hsl_color_values": [
        [
            0.07486126126126476,
            0.1259998256434792,
            85.72255955161089
        ],
        [
            0.08953196519489809,
            0.10121730046690432,
            175.70744756068808
        ],
        [
            0.08976828350814742,
            0.09766688302808009,
            180.59935943060452
        ],
        [
            0.07554092191910683,
            0.10499512064066532,
            109.14489003880833
        ],
        [
            0.08331372423185579,
            0.09356417312984958,
            153.11829604658328
        ],
        [
            0.09480342601739859,
            0.10820916279749476,
            170.95699077359833
        ],
        [
            0.07958290295607363,
            0.17300181247288277,
            50.02937420178834
        ],
        [
            0.09303200060599398,
            0.09539292397476941,
            185.35053412503424
        ],
        [
            0.08336332013913882,
            0.05407561635305781,
            222.47186147186144
        ],
        [
            0.08166983797497357,
            0.09995158892078072,
            132.1709323583184
        ]
    ]
}