{
    "rgb_colors": [
        [
            216.24294314135742,
            202.27935616487636,
            188.50456998126256
        ],
        [
            154.8362961515921,
            132.71088103145095,
            102.95194373901225
        ],
        [
            159.99327521793276,
            145.09875466998858,
            126.56151930261592
        ],
        [
            108.83098591549296,
            89.85870059063943,
            59.366197183096915
        ],
        [
            195.91129643669447,
            183.4492039423805,
            168.5959059893859
        ],
        [
            146.25496987951806,
            118.10135542168655,
            87.2050451807264
        ],
        [
            178.7345979614949,
            165.92536806342284,
            151.17270668176954
        ],
        [
            208.27802719760558,
            195.11415837074728,
            181.30281735961773
        ],
        [
            78.63796909492274,
            58.86048565121311,
            25.32450331125858
        ],
        [
            251.32400932400932,
            245.265734265734,
            224.48018648018626
        ]
    ],
    "hex_colors": [
        "#d8cabc",
        "#9a8466",
        "#9f917e",
        "#6c593b",
        "#c3b7a8",
        "#927657",
        "#b2a597",
        "#d0c3b5",
        "#4e3a19",
        "#fbf5e0"
    ],
    "hsl_color_values": [
        [
            0.0827661263340332,
            0.1282741196412701,
            216.24294314135742
        ],
        [
            0.09559380914370941,
            0.33509166585709727,
            154.8362961515921
        ],
        [
            0.09241331013905744,
            0.20895725692081876,
            159.99327521793276
        ],
        [
            0.10274144561197063,
            0.4545101591821042,
            108.83098591549296
        ],
        [
            0.09062838269172002,
            0.13942733749472733,
            195.91129643669447
        ],
        [
            0.0872039222137297,
            0.40374644873562804,
            146.25496987951806
        ],
        [
            0.08920929525438274,
            0.154205685939233,
            178.7345979614949
        ],
        [
            0.08533354077119921,
            0.1295153896017792,
            208.27802719760558
        ],
        [
            0.10483899907525905,
            0.6779608679785494,
            78.63796909492274
        ],
        [
            0.12905233298598923,
            0.10680962362499855,
            251.32400932400932
        ]
    ]
}