{
    "rgb_colors": [
        [
            180.08442056792018,
            179.31487775463182,
            173.9933852282279
        ],
        [
            24.465390279821833,
            25.554491899851314,
            21.798232695139916
        ],
        [
            230.47835689047,
            228.79601670415423,
            223.7157886283328
        ],
        [
            159.733954606945,
            158.87689764016312,
            152.41500075154065
        ],
        [
            205.75692679975646,
            204.9634906231091,
            199.7231397459165
        ],
        [
            95.31759962048947,
            96.28771347248208,
            87.86195445920303
        ],
        [
            192.3920491664431,
            192.25047787267832,
            186.95160782985312
        ],
        [
            122.35209580838502,
            123.07305389221722,
            114.20461933276304
        ],
        [
            216.95503181843077,
            216.06977529987478,
            211.196570366616
        ],
        [
            67.98944879024822,
            68.74495179188565,
            60.68510096416226
        ]
    ],
    "hex_colors": [
        "#b4b3ad",
        "#181915",
        "#e6e4df",
        "#9f9e98",
        "#cdccc7",
        "#5f6057",
        "#c0c0ba",
        "#7a7b72",
        "#d8d8d3",
        "#43443c"
    ],
    "hsl_color_values": [
        [
            0.14560996146053026,
            0.033823222022667916,
            180.08442056792018
        ],
        [
            0.21499052473373173,
            0.1469901737601464,
            25.554491899851314
        ],
        [
            0.1252046037071697,
            0.02934144599681853,
            230.47835689047
        ],
        [
            0.14714982988657105,
            0.04581964976334548,
            159.733954606945
        ],
        [
            0.14475018840938345,
            0.029324830749013143,
            205.75692679975646
        ],
        [
            0.18585611200256466,
            0.0875060660328904,
            96.28771347248208
        ],
        [
            0.16232966270546764,
            0.02827789069330672,
            192.3920491664431
        ],
        [
            0.18021580883298105,
            0.07205829610127995,
            123.07305389221722
        ],
        [
            0.14104476152286008,
            0.0265421889667626,
            216.95503181843077
        ],
        [
            0.18228943309634507,
            0.11724280281879175,
            68.74495179188565
        ]
    ]
}