{
    "rgb_colors": [
        [
            202.2418930762489,
            198.93426818580215,
            189.0780017528486
        ],
        [
            152.13107789869014,
            139.90109128968493,
            129.69259185149141
        ],
        [
            99.08277364312943,
            91.71119985478194,
            80.98493374478
        ],
        [
            22.757564003103184,
            21.576803723815956,
            14.787690716315424
        ],
        [
            52.240019087004924,
            47.91991410848222,
            39.36845872435572
        ],
        [
            162.4892013882645,
            150.13109388768473,
            139.09446312647958
        ],
        [
            250.39006170834688,
            249.37057486196983,
            243.96005196492564
        ],
        [
            141.5512704390523,
            130.63073842780184,
            120.46398436382702
        ],
        [
            120.07194860813705,
            111.01381156316778,
            100.64807280513783
        ],
        [
            76.52719582964492,
            70.04416248647107,
            60.06412904494462
        ]
    ],
    "hex_colors": [
        "#cac6bd",
        "#988b81",
        "#635b50",
        "#16150e",
        "#342f27",
        "#a2968b",
        "#faf9f3",
        "#8d8278",
        "#786f64",
        "#4c463c"
    ],
    "hsl_color_values": [
        [
            0.12478916999556355,
            0.06508983437193842,
            202.2418930762489
        ],
        [
            0.0758258186159873,
            0.14749442623512707,
            152.13107789869014
        ],
        [
            0.09878035325623036,
            0.18265374729550043,
            99.08277364312943
        ],
        [
            0.1419745074817216,
            0.3502076621953475,
            22.757564003103184
        ],
        [
            0.11072803326602602,
            0.24639271936734605,
            52.240019087004924
        ],
        [
            0.07862616113152092,
            0.14397718778790525,
            162.4892013882645
        ],
        [
            0.140241438529179,
            0.025679971878879448,
            250.39006170834688
        ],
        [
            0.08035453232899568,
            0.14897277862514718,
            141.5512704390523
        ],
        [
            0.08894327496016857,
            0.1617686397877189,
            120.07194860813705
        ],
        [
            0.10103457203167471,
            0.21512700950585306,
            76.52719582964492
        ]
    ]
}