{
    "rgb_colors": [
        [
            73.93321799307958,
            68.73460207612456,
            57.203806228375896
        ],
        [
            214.7776368170086,
            211.38822783148868,
            206.07270659258714
        ],
        [
            139.59878710501118,
            133.07628471113946,
            113.98691350143737
        ],
        [
            108.21846965699208,
            101.69472295514512,
            84.53905013192868
        ],
        [
            207.4553482172609,
            203.69905864711762,
            195.12095968010678
        ],
        [
            226.64057269959187,
            223.97397801628264,
            219.5100092858677
        ],
        [
            221.0682513532596,
            218.11774716222823,
            213.19222622517532
        ],
        [
            36.024016563147,
            34.11345755693583,
            31.385093167701456
        ],
        [
            192.40353162541612,
            186.2317267332465,
            169.52525691127613
        ],
        [
            171.13417855256208,
            163.4162704701532,
            141.17591125198203
        ]
    ],
    "hex_colors": [
        "#494439",
        "#d6d3ce",
        "#8b8571",
        "#6c6554",
        "#cfcbc3",
        "#e2dfdb",
        "#dddad5",
        "#24221f",
        "#c0baa9",
        "#aba38d"
    ],
    "hsl_color_values": [
        [
            0.11487548605939583,
            0.22627733810084688,
            73.93321799307958
        ],
        [
            0.10177223523264572,
            0.040529965565447156,
            214.7776368170086
        ],
        [
            0.12422214467901076,
            0.18346773732573798,
            139.59878710501118
        ],
        [
            0.12074953107879242,
            0.218811258375002,
            108.21846965699208
        ],
        [
            0.11591033936233863,
            0.059455630540007784,
            207.4553482172609
        ],
        [
            0.10433885027521468,
            0.031461989919940765,
            226.64057269959187
        ],
        [
            0.10423026118190672,
            0.03562712004040172,
            221.0682513532596
        ],
        [
            0.0980243387188019,
            0.12877307524312043,
            36.024016563147
        ],
        [
            0.12170549011172356,
            0.11890776910831827,
            192.40353162541612
        ],
        [
            0.12372967031675064,
            0.17505718351509006,
            171.13417855256208
        ]
    ]
}