{
    "rgb_colors": [
        [
            176.1585092052088,
            179.8925684777726,
            192.18045577009661
        ],
        [
            147.47156398104266,
            151.16608283535834,
            157.06892643725772
        ],
        [
            202.69707401032701,
            206.01656885717318,
            222.52613897933776
        ],
        [
            52.08035714285714,
            54.689459930314726,
            51.85736062717585
        ],
        [
            157.57465853335103,
            160.99297175440813,
            167.08675905052527
        ],
        [
            78.7764629599611,
            81.46360836440267,
            80.49586642891805
        ],
        [
            166.02589526668487,
            169.08929925103865,
            176.69656448042608
        ],
        [
            132.34159668116968,
            136.25134068602605,
            139.63219670140833
        ],
        [
            188.83211221440277,
            193.0919695363001,
            206.60975609755513
        ],
        [
            108.51887077294685,
            111.55766908212394,
            111.82427536232103
        ]
    ],
    "hex_colors": [
        "#b0b3c0",
        "#93979d",
        "#cacede",
        "#343633",
        "#9da0a7",
        "#4e5150",
        "#a6a9b0",
        "#84888b",
        "#bcc1ce",
        "#6c6f6f"
    ],
    "hsl_color_values": [
        [
            0.627823495546758,
            0.08336928175492886,
            192.18045577009661
        ],
        [
            0.6025080871407682,
            0.06110287167493174,
            157.06892643725772
        ],
        [
            0.6387657473845091,
            0.08910892473109389,
            222.52613897933776
        ],
        [
            0.3202101755734026,
            0.0517851027738715,
            54.689459930314726
        ],
        [
            0.6067725487326155,
            0.056929110189383035,
            167.08675905052527
        ],
        [
            0.4399770766724516,
            0.03298583819687255,
            81.46360836440267
        ],
        [
            0.6188189337364635,
            0.060389794476865856,
            176.69656448042608
        ],
        [
            0.5772880148409606,
            0.052212886371966125,
            139.63219670140833
        ],
        [
            0.6267302034895043,
            0.08604455190759858,
            206.60975609755513
        ],
        [
            0.5134429474006575,
            0.029558918031566576,
            111.82427536232103
        ]
    ]
}