{
    "rgb_colors": [
        [
            209.24510023937762,
            211.4462148414136,
            223.94819718731299
        ],
        [
            18.300916251406505,
            19.35010448482322,
            11.155762739109463
        ],
        [
            90.29389097744361,
            84.80328947367813,
            83.52415413533834
        ],
        [
            114.19939384271814,
            113.39392247567004,
            111.2296219492742
        ],
        [
            193.52809878106697,
            196.09094506887274,
            208.0368845971189
        ],
        [
            159.37395862965823,
            163.26362417198527,
            152.78591457715285
        ],
        [
            140.28822567457073,
            143.20392477514508,
            136.73556827473425
        ],
        [
            62.597885777045576,
            64.24025260845707,
            56.295030203185064
        ],
        [
            223.1519280514949,
            225.6714191181002,
            238.40871082235458
        ],
        [
            172.48679395385838,
            177.72354813046965,
            186.78082736674622
        ]
    ],
    "hex_colors": [
        "#d1d3df",
        "#12130b",
        "#5a5453",
        "#72716f",
        "#c1c4d0",
        "#9fa398",
        "#8c8f88",
        "#3e4038",
        "#dfe1ee",
        "#acb1ba"
    ],
    "hsl_color_values": [
        [
            0.641715975327848,
            0.06565400897439472,
            223.94819718731299
        ],
        [
            0.18800635580776448,
            0.42347790690953574,
            19.35010448482322
        ],
        [
            0.03149150816774362,
            0.07497447245679587,
            90.29389097744361
        ],
        [
            0.12146278143301975,
            0.02600514585510035,
            114.19939384271814
        ],
        [
            0.6372265016946911,
            0.06974141073180086,
            208.0368845971189
        ],
        [
            0.2285387375157737,
            0.06417663241258802,
            163.26362417198527
        ],
        [
            0.24179391886200582,
            0.04516884932146428,
            143.20392477514508
        ],
        [
            0.20111854117349207,
            0.1236798126199466,
            64.24025260845707
        ],
        [
            0.6391434867096456,
            0.06399423376030901,
            238.40871082235458
        ],
        [
            0.605606758832562,
            0.07652837614227583,
            186.78082736674622
        ]
    ]
}