{
    "rgb_colors": [
        [
            245.9540563804605,
            182.33548525932426,
            158.303170504268
        ],
        [
            146.26274581209032,
            151.9113255644581,
            150.4288055353241
        ],
        [
            23.181177617944655,
            17.846446422050363,
            13.388930878946724
        ],
        [
            62.557468266388454,
            65.74195792036286,
            61.905059989567036
        ],
        [
            56.678740157480306,
            34.15760629920712,
            22.858141732283457
        ],
        [
            177.51777210560402,
            187.15977751534513,
            192.38904339212922
        ],
        [
            246.97916287718022,
            201.94183390932622,
            186.36033468744316
        ],
        [
            111.62229891956784,
            72.1845738295306,
            52.00645258103242
        ],
        [
            158.53012666894898,
            120.77627524820257,
            98.69120164327285
        ],
        [
            106.20853510895884,
            102.68976997578847,
            95.93477602905568
        ]
    ],
    "hex_colors": [
        "#f5b69e",
        "#929796",
        "#17110d",
        "#3e413d",
        "#382216",
        "#b1bbc0",
        "#f6c9ba",
        "#6f4834",
        "#9e7862",
        "#6a665f"
    ],
    "hsl_color_values": [
        [
            0.045697037200137534,
            0.3563709709288446,
            245.9540563804605
        ],
        [
            0.45625684997741955,
            0.0371834011149552,
            151.9113255644581
        ],
        [
            0.0758681104536756,
            0.4224223160870701,
            23.181177617944655
        ],
        [
            0.3049941085833498,
            0.058363000618930315,
            65.74195792036286
        ],
        [
            0.05568334630898286,
            0.596706954516407,
            56.678740157480306
        ],
        [
            0.5586059050369858,
            0.07729791169143885,
            192.38904339212922
        ],
        [
            0.04284009794534721,
            0.245441062653055,
            246.97916287718022
        ],
        [
            0.05641151496844874,
            0.5340854552860721,
            111.62229891956784
        ],
        [
            0.06151256225345316,
            0.3774609046432856,
            158.53012666894898
        ],
        [
            0.10958329037107184,
            0.096731953504145,
            106.20853510895884
        ]
    ]
}