{
    "rgb_colors": [
        [
            210.974671800343,
            208.75117131326297,
            205.4688964141564
        ],
        [
            109.83746458923065,
            39.322946175634286,
            39.95148725212701
        ],
        [
            121.66835937499862,
            96.63476562500021,
            91.27382812499988
        ],
        [
            234.03922479994577,
            234.04726780373812,
            232.36640126100934
        ],
        [
            148.7604562737662,
            142.7666349809868,
            138.49096958175105
        ],
        [
            171.69141965678725,
            70.84898595943608,
            68.62028081123475
        ],
        [
            193.82260235558184,
            192.91519910263523,
            190.7390633763321
        ],
        [
            224.79108688836527,
            224.10982226831152,
            222.27602672004156
        ],
        [
            179.6792597022891,
            179.25441919192417,
            176.8281166932434
        ],
        [
            236.65919941241296,
            132.99449136981355,
            124.25523319867703
        ]
    ],
    "hex_colors": [
        "#d2d0cd",
        "#6d2727",
        "#79605b",
        "#eaeae8",
        "#948e8a",
        "#ab4644",
        "#c1c0be",
        "#e0e0de",
        "#b3b3b0",
        "#ec847c"
    ],
    "hsl_color_values": [
        [
            0.09935854228456915,
            0.026096854846144844,
            210.974671800343
        ],
        [
            0.9985143932279636,
            0.6419896769950585,
            109.83746458923065
        ],
        [
            0.029396392922934982,
            0.249814589480233,
            121.66835937499862
        ],
        [
            0.16746417235672725,
            0.007181739648156375,
            234.04726780373812
        ],
        [
            0.06939109239283607,
            0.06903371332174503,
            148.7604562737662
        ],
        [
            0.003603829958550834,
            0.6003278384650361,
            171.69141965678725
        ],
        [
            0.11762111332396226,
            0.015909078413841326,
            193.82260235558184
        ],
        [
            0.12152098595002232,
            0.011188433683639476,
            224.79108688836527
        ],
        [
            0.1418321524024425,
            0.01586795834850257,
            179.6792597022891
        ],
        [
            0.012958110621765237,
            0.47496132198882207,
            236.65919941241296
        ]
    ]
}