{
    "rgb_colors": [
        [
            160.0698869767706,
            159.23888226273056,
            162.92383711024024
        ],
        [
            48.038701329255375,
            47.97541465709729,
            43.09293024350076
        ],
        [
            96.12364641732586,
            95.90261884648511,
            96.82094309192843
        ],
        [
            211.0609216349909,
            207.52720645665306,
            190.63004425930748
        ],
        [
            143.79556259904913,
            142.71241415742034,
            146.01199154780772
        ],
        [
            246.43063038793105,
            243.44719827585672,
            227.1636584051724
        ],
        [
            125.7715157865962,
            124.93439336644111,
            127.62709007244065
        ],
        [
            22.468571428571423,
            23.04928571428806,
            19.73011904761904
        ],
        [
            73.47269852851757,
            72.9586525598921,
            69.426729903928
        ],
        [
            110.42483602973327,
            110.0376038478371,
            112.28032356799301
        ]
    ],
    "hex_colors": [
        "#a09fa2",
        "#302f2b",
        "#605f60",
        "#d3cfbe",
        "#8f8e92",
        "#f6f3e3",
        "#7d7c7f",
        "#161713",
        "#494845",
        "#6e6e70"
    ],
    "hsl_color_values": [
        [
            0.7042521436683561,
            0.022617653210661316,
            162.92383711024024
        ],
        [
            0.16453398027456997,
            0.1029538881964459,
            48.038701329255375
        ],
        [
            0.706780960344794,
            0.00948476864733073,
            96.82094309192843
        ],
        [
            0.13784007645747978,
            0.09680085359911682,
            211.0609216349909
        ],
        [
            0.7213781399593938,
            0.022597989078910863,
            146.01199154780772
        ],
        [
            0.1408588393759703,
            0.07818416059898305,
            246.43063038793105
        ],
        [
            0.7184810440706714,
            0.02109815952452707,
            127.62709007244065
        ],
        [
            0.1958263094342402,
            0.14400301631089138,
            23.04928571428806
        ],
        [
            0.14549143372403958,
            0.055067646971196614,
            73.47269852851757
        ],
        [
            0.6954436450838396,
            0.01997428978549204,
            112.28032356799301
        ]
    ]
}