{
    "rgb_colors": [
        [
            60.41201779688886,
            60.556348701914615,
            54.30337847750397
        ],
        [
            222.84175793317888,
            226.02753596054598,
            241.22254984552848
        ],
        [
            137.86818893156922,
            138.2777777777788,
            133.6392801251948
        ],
        [
            173.07424419003485,
            173.33043120586564,
            170.78871597998108
        ],
        [
            106.86177201214304,
            107.51945901186903,
            101.86006072315291
        ],
        [
            35.686253934952944,
            35.863111704653576,
            30.930840408267713
        ],
        [
            204.48998028157155,
            206.8206539184551,
            218.41445407437934
        ],
        [
            82.89286039523033,
            82.86595027775246,
            74.90715781805997
        ],
        [
            139.1584434928321,
            163.34742133680842,
            200.33848445354505
        ],
        [
            25.5509340853054,
            41.50211491011635,
            87.32164258019424
        ]
    ],
    "hex_colors": [
        "#3c3c36",
        "#dee2f1",
        "#898a85",
        "#adadaa",
        "#6a6b65",
        "#23231e",
        "#ccceda",
        "#52524a",
        "#8ba3c8",
        "#192957"
    ],
    "hsl_color_values": [
        [
            0.1705136625701044,
            0.10325870628677691,
            60.556348701914615
        ],
        [
            0.6377798261489608,
            0.07619848112923144,
            241.22254984552848
        ],
        [
            0.18138367480475784,
            0.03354478013118171,
            138.2777777777788
        ],
        [
            0.1834654942996635,
            0.014663987207565116,
            173.33043120586564
        ],
        [
            0.18603524515545855,
            0.052636037613353136,
            107.51945901186903
        ],
        [
            0.17264287786407265,
            0.13753048918356559,
            35.863111704653576
        ],
        [
            0.6387700572918912,
            0.0637525288874239,
            218.41445407437934
        ],
        [
            0.16610503548440017,
            0.0963376404082909,
            82.89286039523033
        ],
        [
            0.60077105358726,
            0.30538336719273484,
            200.33848445354505
        ],
        [
            0.623627980495721,
            0.7073928830204952,
            87.32164258019424
        ]
    ]
}