{
    "rgb_colors": [
        [
            126.80293634871802,
            130.6556629582321,
            132.39686303118384
        ],
        [
            210.0952401502007,
            209.8132740689348,
            216.76142493416347
        ],
        [
            104.3879504504525,
            105.69819819819537,
            106.27327327327293
        ],
        [
            43.20141229337612,
            43.09163858128322,
            40.639383726526916
        ],
        [
            150.686327991819,
            155.54324355040248,
            157.86021138765594
        ],
        [
            11.452931596094942,
            12.060260586315508,
            10.80244299674004
        ],
        [
            223.809792312776,
            223.55470977036242,
            234.3474140901268
        ],
        [
            68.31262371495501,
            67.40208160398929,
            65.73347806653528
        ],
        [
            179.3901876345746,
            185.8818055982797,
            189.46247308520606
        ],
        [
            84.80359649708394,
            85.40504044388837,
            85.00541480045807
        ]
    ],
    "hex_colors": [
        "#7e8284",
        "#d2d1d8",
        "#68696a",
        "#2b2b28",
        "#969b9d",
        "#0b0c0a",
        "#dfdfea",
        "#444341",
        "#b3b9bd",
        "#545555"
    ],
    "hsl_color_values": [
        [
            0.5518776931896969,
            0.04225120259192445,
            132.39686303118384
        ],
        [
            0.6734302427301676,
            0.03205436976315796,
            216.76142493416347
        ],
        [
            0.5508378961343476,
            0.017740328915742436,
            106.27327327327293
        ],
        [
            0.15952559926449852,
            0.05930427805116065,
            43.20141229337612
        ],
        [
            0.5538287681722013,
            0.045444531796679795,
            157.86021138765594
        ],
        [
            0.2471405757684293,
            0.10429439567853804,
            12.060260586315508
        ],
        [
            0.6706057866322787,
            0.04605429234910884,
            234.3474140901268
        ],
        [
            0.1078266323369768,
            0.03775503718290209,
            68.31262371495501
        ],
        [
            0.5592495037410118,
            0.053162429934616624,
            189.46247308520606
        ],
        [
            0.38925938275889244,
            0.007042253521319685,
            85.40504044388837
        ]
    ]
}