{
    "rgb_colors": [
        [
            55.00066150691535,
            44.09651385856982,
            30.376198981276616
        ],
        [
            211.6958060288315,
            108.08099606815203,
            77.2212319790302
        ],
        [
            120.82672822111618,
            106.27645542298698,
            87.9555728760723
        ],
        [
            123.32213187028434,
            61.94552757911237,
            54.847555599098264
        ],
        [
            0.24798322266960326,
            0.23011534428520974,
            0.1866060817892219
        ],
        [
            147.553336672093,
            134.29923625892076,
            116.41173156379139
        ],
        [
            204.69558562419917,
            193.5578889365089,
            170.8724055592943
        ],
        [
            78.33814125337457,
            88.19589313627966,
            56.20754582918872
        ],
        [
            226.58731113785637,
            219.53683647546464,
            198.36161251503836
        ],
        [
            175.59698107859012,
            161.48125575791937,
            142.47771242293345
        ]
    ],
    "hex_colors": [
        "#372c1e",
        "#d36c4d",
        "#786a57",
        "#7b3d36",
        "#000000",
        "#938674",
        "#ccc1aa",
        "#4e5838",
        "#e2dbc6",
        "#afa18e"
    ],
    "hsl_color_values": [
        [
            0.09286371809474525,
            0.44771211565414804,
            55.00066150691535
        ],
        [
            0.03824733449573057,
            0.6352254991366565,
            211.6958060288315
        ],
        [
            0.09289239737495769,
            0.27205201886199204,
            120.82672822111618
        ],
        [
            0.017276416948054225,
            0.555249696325479,
            123.32213187028434
        ],
        [
            0.11814730444130539,
            0.24750521514980184,
            0.24798322266960326
        ],
        [
            0.09573208484770206,
            0.2110532083561582,
            147.553336672093
        ],
        [
            0.11178469584903201,
            0.16523648989187723,
            204.69558562419917
        ],
        [
            0.21802782738492135,
            0.3626965629529119,
            88.19589313627966
        ],
        [
            0.12503513342806424,
            0.12456875224423056,
            226.58731113785637
        ],
        [
            0.09563185876559795,
            0.18860955611095512,
            175.59698107859012
        ]
    ]
}