{
    "rgb_colors": [
        [
            2.5563474986556898,
            13.93477676169984,
            19.927380311995698
        ],
        [
            3.3852129654441008,
            84.8748995446022,
            130.66541655504955
        ],
        [
            237.08702910646204,
            225.8110619147855,
            209.47593815779922
        ],
        [
            52.29338394793953,
            57.848156182212584,
            58.79880694143167
        ],
        [
            3.5459375691836854,
            38.01195483728138,
            56.941332742971
        ],
        [
            141.93353941267313,
            147.39258114374036,
            145.44100978876867
        ],
        [
            0.1567914713350902,
            0.525052983109628,
            0.7202299145848059
        ],
        [
            87.9546325878599,
            105.2709265175719,
            112.03769968051118
        ],
        [
            189.79216494845377,
            189.33690721649486,
            182.5896907216495
        ],
        [
            4.089344262295619,
            57.354644808743174,
            86.62158469945355
        ]
    ],
    "hex_colors": [
        "#020d13",
        "#035482",
        "#ede1d1",
        "#34393a",
        "#032638",
        "#8d9391",
        "#000000",
        "#576970",
        "#bdbdb6",
        "#043956"
    ],
    "hsl_color_values": [
        [
            0.5574961356135165,
            0.8717168308813354,
            19.927380311995698
        ],
        [
            0.5599602500612108,
            0.9740925100558807,
            130.66541655504955
        ],
        [
            0.09860242868441353,
            0.11645972811217893,
            237.08702910646204
        ],
        [
            0.5243553406691128,
            0.1106386903389394,
            58.79880694143167
        ],
        [
            0.5590855504926336,
            0.9377264739273001,
            56.941332742971
        ],
        [
            0.4404177677110936,
            0.037037425416571394,
            147.39258114374036
        ],
        [
            0.5577338819686807,
            0.7823035836751151,
            0.7202299145848059
        ],
        [
            0.5468293977182285,
            0.21495502997050997,
            112.03769968051118
        ],
        [
            0.1561319134318072,
            0.037949270607458487,
            189.79216494845377
        ],
        [
            0.5591020344205061,
            0.9527907013421169,
            86.62158469945355
        ]
    ]
}