{
    "rgb_colors": [
        [
            40.05131414267835,
            39.4618272841051,
            38.66332916145181
        ],
        [
            159.38519158743878,
            158.72630365888674,
            159.1575914721982
        ],
        [
            215.282887367766,
            212.77125077784365,
            210.43696328562538
        ],
        [
            189.49891432470997,
            188.487189031577,
            189.65382467895031
        ],
        [
            87.42857142857143,
            86.35154061624655,
            85.89915966386555
        ],
        [
            178.10323069156993,
            177.17794043412974,
            178.43349318525998
        ],
        [
            200.7607831591344,
            199.42587958192286,
            198.99389076991022
        ],
        [
            0.06361455020445561,
            0.06272716947523094,
            0.06094530895047967
        ],
        [
            125.5687250996016,
            124.75796812749027,
            125.699203187251
        ],
        [
            234.5439882697947,
            230.764173998045,
            225.74755620723363
        ]
    ],
    "hex_colors": [
        "#282726",
        "#9f9e9f",
        "#d7d4d2",
        "#bdbcbd",
        "#575655",
        "#b2b1b2",
        "#c8c7c6",
        "#000000",
        "#7d7c7d",
        "#eae6e1"
    ],
    "hsl_color_values": [
        [
            0.09588217613465178,
            0.034655167026030546,
            40.05131414267835
        ],
        [
            0.8909051158722239,
            0.004133934413791393,
            159.38519158743878
        ],
        [
            0.08028353494094671,
            0.022509564700618122,
            215.282887367766
        ],
        [
            0.8112026943188982,
            0.006151395308521804,
            189.65382467895031
        ],
        [
            0.04929792429793006,
            0.01749327181853135,
            87.42857142857143
        ],
        [
            0.7894930813815213,
            0.007036530691167107,
            178.43349318525998
        ],
        [
            0.04074845518297371,
            0.008800983745035717,
            200.7607831591344
        ],
        [
            0.11125886567310184,
            0.04195960272291581,
            0.06361455020445561
        ],
        [
            0.810229276895937,
            0.007487995435886686,
            125.699203187251
        ],
        [
            0.09505023845904619,
            0.0375044021697226,
            234.5439882697947
        ]
    ]
}