{
    "rgb_colors": [
        [
            79.76791251836136,
            100.17311354115566,
            93.44556879386323
        ],
        [
            23.760608952722365,
            24.65713820154147,
            21.951046346516446
        ],
        [
            203.05210237659963,
            120.48171846435096,
            117.75776965265082
        ],
        [
            218.43279524214103,
            217.7430756159677,
            206.31741716227697
        ],
        [
            111.27431307718618,
            130.10318093718033,
            120.50906396077984
        ],
        [
            0.48043672482656774,
            0.5148859575300406,
            0.42537313432835333
        ],
        [
            203.2041067761807,
            59.40260095824743,
            62.64517453798768
        ],
        [
            60.1063231156523,
            70.67495927735807,
            63.992595883311125
        ],
        [
            165.9676348547718,
            176.88589211618213,
            169.19917012448133
        ],
        [
            90.22882173880762,
            116.15357487563759,
            109.04328457940456
        ]
    ],
    "hex_colors": [
        "#4f645d",
        "#171815",
        "#cb7875",
        "#dad9ce",
        "#6f8278",
        "#000000",
        "#cb3b3e",
        "#3c463f",
        "#a5b0a9",
        "#5a746d"
    ],
    "hsl_color_values": [
        [
            0.4450504086370169,
            0.20369937901961008,
            100.17311354115566
        ],
        [
            0.2218833959851433,
            0.10974882133141677,
            24.65713820154147
        ],
        [
            0.00532264517604016,
            0.4200613129617042,
            203.05210237659963
        ],
        [
            0.15717845505072545,
            0.05546501415427891,
            218.43279524214103
        ],
        [
            0.41507617409838016,
            0.14472257883598996,
            130.10318093718033
        ],
        [
            0.23080874797467663,
            0.1738498047821876,
            0.5148859575300406
        ],
        [
            0.9962418409537315,
            0.7076702734966057,
            203.2041067761807
        ],
        [
            0.39461958806221187,
            0.14953862400160747,
            70.67495927735807
        ],
        [
            0.3826625622315983,
            0.0617248618914108,
            176.88589211618213
        ],
        [
            0.4542889231596205,
            0.22319376019710868,
            116.15357487563759
        ]
    ]
}