{
    "rgb_colors": [
        [
            0.015892690873084092,
            0.015211824953446751,
            0.01428072625762411
        ],
        [
            219.27233115468468,
            215.5925925925926,
            206.0261437908492
        ],
        [
            116.47161572052403,
            111.67248908296943,
            104.44978165938872
        ],
        [
            241.13458325596557,
            241.67208093558568,
            236.31269723410227
        ],
        [
            72.73451327433628,
            69.63274336283186,
            65.44690265486723
        ],
        [
            234.83320199630919,
            235.48428333771125,
            229.79169950093214
        ],
        [
            31.39817629179331,
            30.018237082066868,
            28.07598784194529
        ],
        [
            182.6059957173455,
            172.87152034261243,
            154.44111349036362
        ],
        [
            198.70869565217473,
            192.52173913043478,
            177.77608695652108
        ],
        [
            159.69478908188597,
            150.06699751861044,
            133.92803970223363
        ]
    ],
    "hex_colors": [
        "#000000",
        "#dbd7ce",
        "#746f68",
        "#f1f1ec",
        "#484541",
        "#eaebe5",
        "#1f1e1c",
        "#b6ac9a",
        "#c6c0b1",
        "#9f9685"
    ],
    "hsl_color_values": [
        [
            0.09626955485381909,
            0.10142804817213238,
            0.015892690873084092
        ],
        [
            0.12036732456140005,
            0.06040975299565275,
            219.27233115468468
        ],
        [
            0.1001331880372922,
            0.10321685662867372,
            116.47161572052403
        ],
        [
            0.18338182489998323,
            0.022176263309918197,
            241.67208093558568
        ],
        [
            0.09572960939081192,
            0.10019467088453615,
            72.73451327433628
        ],
        [
            0.1857289343489185,
            0.02417394382373831,
            235.48428333771125
        ],
        [
            0.09743824336688016,
            0.1058083252662147,
            31.39817629179331
        ],
        [
            0.10906257127651282,
            0.15423854028636663,
            182.6059957173455
        ],
        [
            0.11740575345310737,
            0.10534319410105066,
            198.70869565217473
        ],
        [
            0.10439137134052257,
            0.1613499697002639,
            159.69478908188597
        ]
    ]
}