{
    "rgb_colors": [
        [
            18.154808694955584,
            16.931739793054724,
            14.672094329028635
        ],
        [
            159.10820438605955,
            139.742847601026,
            118.52777468551709
        ],
        [
            87.39741219963028,
            93.93373382624625,
            92.14879852125694
        ],
        [
            65.9322425005239,
            68.82546675057714,
            65.52108244178729
        ],
        [
            0.13316051394712503,
            0.1280279516492726,
            0.1159334847670408
        ],
        [
            116.77372700042508,
            117.4920838682055,
            113.534189131365
        ],
        [
            42.26949800243174,
            41.34636095188468,
            37.474813270800766
        ],
        [
            211.1320921985826,
            214.33953900709335,
            209.18882978723403
        ],
        [
            209.71719651404794,
            182.97483736344225,
            147.89051184485086
        ],
        [
            182.21508299942442,
            158.73869490555458,
            137.25314825414995
        ]
    ],
    "hex_colors": [
        "#12100e",
        "#9f8b76",
        "#575d5c",
        "#414441",
        "#000000",
        "#747571",
        "#2a2925",
        "#d3d6d1",
        "#d1b693",
        "#b69e89"
    ],
    "hsl_color_values": [
        [
            0.10813622300531238,
            0.19183426410296686,
            18.154808694955584
        ],
        [
            0.08713179017596469,
            0.2550492594465981,
            159.10820438605955
        ],
        [
            0.45448675348427775,
            0.06958439061633089,
            93.93373382624625
        ],
        [
            0.312595226003076,
            0.04801107009945763,
            68.82546675057714
        ],
        [
            0.1170105686418831,
            0.12937040170124822,
            0.13316051394712503
        ],
        [
            0.19691662342161656,
            0.03368648002941368,
            117.4920838682055
        ],
        [
            0.13457776328660212,
            0.1134313147356313,
            42.26949800243174
        ],
        [
            0.2704532415375591,
            0.024030606969294942,
            214.33953900709335
        ],
        [
            0.09457708459896036,
            0.2948097995628871,
            209.71719651404794
        ],
        [
            0.07964346868496643,
            0.2467519922344546,
            182.21508299942442
        ]
    ]
}