{
    "rgb_colors": [
        [
            0.13886776728051586,
            0.13450341130254628,
            0.12766001768679303
        ],
        [
            188.6871675780983,
            185.2914825080507,
            182.35073788298973
        ],
        [
            162.22410308236357,
            158.1024507326946,
            155.3054573016668
        ],
        [
            97.2709677419355,
            94.29677419354839,
            90.23870967741935
        ],
        [
            206.3015018314956,
            202.23589743590338,
            199.46824175823576
        ],
        [
            214.97114957833247,
            209.84326453618093,
            204.18963604082822
        ],
        [
            175.1038084525133,
            171.77197493170644,
            169.43291017194127
        ],
        [
            42.78030303030284,
            41.506628787878974,
            39.54829545454527
        ],
        [
            153.61606471030905,
            146.56978931527365,
            137.21294206170126
        ],
        [
            198.75664990971063,
            194.73380838498394,
            191.74488750061354
        ]
    ],
    "hex_colors": [
        "#000000",
        "#bcb9b6",
        "#a29e9b",
        "#615e5a",
        "#cecac7",
        "#d6d1cc",
        "#afaba9",
        "#2a2927",
        "#999289",
        "#c6c2bf"
    ],
    "hsl_color_values": [
        [
            0.10176579991261969,
            0.08070807080150531,
            0.13886776728051586
        ],
        [
            0.077350199995935,
            0.03358166735152189,
            188.6871675780983
        ],
        [
            0.06737815269262408,
            0.04264869183578768,
            162.22410308236357
        ],
        [
            0.09617737003058095,
            0.07229554951250261,
            97.2709677419355
        ],
        [
            0.06750452073132962,
            0.03312268700225541,
            206.3015018314956
        ],
        [
            0.0873969515146793,
            0.050153304565065,
            214.97114957833247
        ],
        [
            0.06874468688022443,
            0.03238592198929775,
            175.1038084525133
        ],
        [
            0.10098642445553256,
            0.07554896405170909,
            42.78030303030284
        ],
        [
            0.09507180892745602,
            0.10677999517525065,
            153.61606471030905
        ],
        [
            0.07104540223469265,
            0.0352781273596749,
            198.75664990971063
        ]
    ]
}