{
    "rgb_colors": [
        [
            171.1325600662787,
            77.08574979287343,
            58.49792874896504
        ],
        [
            22.379748762847015,
            21.611876665397542,
            20.471107727445634
        ],
        [
            17.27556818181811,
            83.21888528138616,
            104.1617965367966
        ],
        [
            24.55947136563901,
            57.6399258057028,
            68.12102944586091
        ],
        [
            85.52790697674469,
            93.84040697674358,
            93.20029069767395
        ],
        [
            199.4853503184721,
            214.42675159235554,
            216.66242038216436
        ],
        [
            1.5306005694407272,
            1.478406641652393,
            1.5627976903215934
        ],
        [
            59.32967422096289,
            43.50230169971671,
            35.76805949008523
        ],
        [
            167.2141316073363,
            148.44012944983774,
            130.7535059331177
        ],
        [
            13.593979933110191,
            126.55551839465208,
            154.5200668896314
        ]
    ],
    "hex_colors": [
        "#ab4d3a",
        "#161514",
        "#115368",
        "#183944",
        "#555d5d",
        "#c7d6d8",
        "#010101",
        "#3b2b23",
        "#a79482",
        "#0d7e9a"
    ],
    "hsl_color_values": [
        [
            0.02750459727840852,
            0.658171836345409,
            171.1325600662787
        ],
        [
            0.09961441297699787,
            0.08528429231385952,
            22.379748762847015
        ],
        [
            0.5401730547558642,
            0.8341467912785542,
            104.1617965367966
        ],
        [
            0.5401007375235767,
            0.6394729855755099,
            68.12102944586091
        ],
        [
            0.48716558838957963,
            0.08858124413355298,
            93.84040697674358
        ],
        [
            0.5216923761495121,
            0.07928033866414928,
            216.66242038216436
        ],
        [
            0.7697461768979119,
            0.053999982974017764,
            1.5627976903215934
        ],
        [
            0.054709339024316406,
            0.3971303574519319,
            59.32967422096289
        ],
        [
            0.08084805270372479,
            0.218047513829979,
            167.2141316073363
        ],
        [
            0.5330723585898932,
            0.9120245013690038,
            154.5200668896314
        ]
    ]
}