{
    "rgb_colors": [
        [
            0.029692254873864954,
            0.02889510831301756,
            0.026014907223853356
        ],
        [
            118.34172313649542,
            115.15295256534367,
            101.37366892546108
        ],
        [
            220.81862745098036,
            214.98039215686273,
            198.6470588235296
        ],
        [
            51.87691069991979,
            52.33065164923572,
            46.61625100563196
        ],
        [
            138.12326869805804,
            134.50692520775624,
            118.96937519236879
        ],
        [
            94.13443565779949,
            93.28684399712438,
            89.17038102084771
        ],
        [
            173.16866547589217,
            167.0834396529727,
            148.17249298290758
        ],
        [
            32.129885057471455,
            35.37011494252874,
            31.336781609195747
        ],
        [
            74.55223880596989,
            69.3507462686567,
            71.46567164179069
        ],
        [
            150.56037200503562,
            145.75520176544768,
            129.8102143757842
        ]
    ],
    "hex_colors": [
        "#000000",
        "#767365",
        "#dcd6c6",
        "#33342e",
        "#8a8676",
        "#5e5d59",
        "#ada794",
        "#20231f",
        "#4a4547",
        "#969181"
    ],
    "hsl_color_values": [
        [
            0.13053797479800056,
            0.12384871629430844,
            0.029692254873864954
        ],
        [
            0.13534535219838692,
            0.14338184168117427,
            118.34172313649542
        ],
        [
            0.12277986587073453,
            0.10040624236908023,
            220.81862745098036
        ],
        [
            0.17990051152094755,
            0.10919796454870284,
            52.33065164923572
        ],
        [
            0.13519923082281204,
            0.1386724603771164,
            138.12326869805804
        ],
        [
            0.13820902727494355,
            0.052733673944753465,
            94.13443565779949
        ],
        [
            0.12609228256427818,
            0.1443458169772894,
            173.16866547589217
        ],
        [
            0.30056046356987154,
            0.11403223709865141,
            35.37011494252874
        ],
        [
            0.9322333811573488,
            0.0697697697697667,
            74.55223880596989
        ],
        [
            0.12807121496421706,
            0.13781951620415372,
            150.56037200503562
        ]
    ]
}