{
    "rgb_colors": [
        [
            0.08172854823595088,
            0.07344614125629079,
            0.06576429128635652
        ],
        [
            137.7599622730488,
            118.39118132515917,
            102.16953548691349
        ],
        [
            205.83950354609928,
            194.168085106383,
            174.88063829787876
        ],
        [
            80.23149606299212,
            66.74645669291338,
            54.08751406074266
        ],
        [
            133.63736263736263,
            51.39316239316239,
            40.01465201465205
        ],
        [
            163.62401847575057,
            145.24665127020785,
            127.0697459584296
        ],
        [
            46.7166095890411,
            36.669520547945204,
            29.292522831050217
        ],
        [
            185.04439202230324,
            170.68732575595112,
            150.75702337551067
        ],
        [
            108.7156409069875,
            93.00971772327625,
            80.1804720037013
        ],
        [
            249.08093602404466,
            227.72176899957063,
            198.95577501073518
        ]
    ],
    "hex_colors": [
        "#000000",
        "#897666",
        "#cdc2ae",
        "#504236",
        "#853328",
        "#a3917f",
        "#2e241d",
        "#b9aa96",
        "#6c5d50",
        "#f9e3c6"
    ],
    "hsl_color_values": [
        [
            0.0801984290508998,
            0.19533268722093824,
            0.08172854823595088
        ],
        [
            0.07596446246496924,
            0.2583510201287141,
            137.7599622730488
        ],
        [
            0.10383373041325565,
            0.1504029339115028,
            205.83950354609928
        ],
        [
            0.08070016923385741,
            0.325856842825454,
            80.23149606299212
        ],
        [
            0.020255965500302047,
            0.7005728695556831,
            133.63736263736263
        ],
        [
            0.0828763372925616,
            0.22340407513422847,
            163.62401847575057
        ],
        [
            0.07056321726122235,
            0.37297412871498853,
            46.7166095890411
        ],
        [
            0.0968787397372202,
            0.18529266557108062,
            185.04439202230324
        ],
        [
            0.07493236248841395,
            0.26247528566473416,
            108.7156409069875
        ],
        [
            0.09564722056851967,
            0.20124045546573152,
            249.08093602404466
        ]
    ]
}