{
    "rgb_colors": [
        [
            37.355703607409815,
            32.73009424764355,
            27.791842703932666
        ],
        [
            189.32059687994575,
            112.97173863893192,
            108.73163011530721
        ],
        [
            144.53714223290365,
            138.98405068822217,
            127.33406161241075
        ],
        [
            70.0625566636446,
            64.7891356905408,
            57.32336053188284
        ],
        [
            183.08279093985942,
            170.86262258092546,
            158.37724550898255
        ],
        [
            166.76675824175823,
            60.04134615384617,
            63.48076923076922
        ],
        [
            227.15430916552668,
            222.32700410396632,
            209.9567715458303
        ],
        [
            0.13205296199957672,
            0.12251862863122653,
            0.10308814612275796
        ],
        [
            105.86979638009049,
            101.54966063348476,
            89.36957013574701
        ],
        [
            210.90000646788693,
            201.69904922061573,
            188.38464523640417
        ]
    ],
    "hex_colors": [
        "#25201b",
        "#bd706c",
        "#908a7f",
        "#464039",
        "#b7aa9e",
        "#a63c3f",
        "#e3ded1",
        "#000000",
        "#696559",
        "#d2c9bc"
    ],
    "hsl_color_values": [
        [
            0.0860574962620566,
            0.2560214366188535,
            37.355703607409815
        ],
        [
            0.008769001295193887,
            0.42567458635122823,
            189.32059687994575
        ],
        [
            0.11286727585613894,
            0.11902186769939224,
            144.53714223290365
        ],
        [
            0.09767459790292499,
            0.18182602431880873,
            70.0625566636446
        ],
        [
            0.08422789873145069,
            0.13494193148384084,
            183.08279093985942
        ],
        [
            0.9946288595352062,
            0.6399681400126186,
            166.76675824175823
        ],
        [
            0.1198837573115541,
            0.07570861271737793,
            227.15430916552668
        ],
        [
            0.11180508673639485,
            0.21934241715010985,
            0.13205296199957672
        ],
        [
            0.12302953019521239,
            0.15585395276576214,
            105.86979638009049
        ],
        [
            0.09855792709197364,
            0.10675846629199179,
            210.90000646788693
        ]
    ]
}