{
    "rgb_colors": [
        [
            55.0249976853995,
            51.690028701045435,
            47.48865845755023
        ],
        [
            35.62225173380552,
            31.483055432590568,
            28.19413703211844
        ],
        [
            131.75783449052355,
            128.4720397823211,
            122.01670106961907
        ],
        [
            146.36054754338792,
            64.65949645563512,
            65.12393057932046
        ],
        [
            187.83094064709664,
            188.11377758731695,
            185.87572316263123
        ],
        [
            106.70808766269886,
            103.76994103904704,
            97.36611413950384
        ],
        [
            0.13522461081001325,
            0.12953694818893524,
            0.1177034981718208
        ],
        [
            159.3248429867411,
            160.78925331472757,
            159.04535938590368
        ],
        [
            100.67468480424685,
            39.018414067684326,
            39.13719309887193
        ],
        [
            80.12242776969444,
            77.32612762419606,
            71.68759093743503
        ]
    ],
    "hex_colors": [
        "#37332f",
        "#231f1c",
        "#83807a",
        "#924041",
        "#bbbcb9",
        "#6a6761",
        "#000000",
        "#9fa09f",
        "#642727",
        "#504d47"
    ],
    "hsl_color_values": [
        [
            0.0929135954135785,
            0.136962099861187,
            55.0249976853995
        ],
        [
            0.07379437296799653,
            0.20852456933927616,
            35.62225173380552
        ],
        [
            0.110448111011546,
            0.07393210019405023,
            131.75783449052355
        ],
        [
            0.9990525741560197,
            0.5582177195909498,
            146.36054754338792
        ],
        [
            0.18772937609712992,
            0.01189734454004505,
            188.11377758731695
        ],
        [
            0.11424828818099401,
            0.0875470053659356,
            106.70808766269886
        ],
        [
            0.11256372299211122,
            0.1295704423421053,
            0.13522461081001325
        ],
        [
            0.3066226490596729,
            0.010845836353319026,
            160.78925331472757
        ],
        [
            0.9996789214631141,
            0.6124307302918084,
            100.67468480424685
        ],
        [
            0.11141366847382661,
            0.1052743540985138,
            80.12242776969444
        ]
    ]
}