{
    "rgb_colors": [
        [
            47.21725239616618,
            44.521831735889236,
            39.844515441959494
        ],
        [
            186.01465938487974,
            174.83357286576603,
            160.65737280827844
        ],
        [
            221.27629847511122,
            209.66781484635032,
            196.9403978636134
        ],
        [
            81.7615930169126,
            136.17130387343153,
            130.2162211311136
        ],
        [
            58.89871708305198,
            106.73261309925726,
            99.06076975016863
        ],
        [
            207.6352091633478,
            195.95455677290835,
            182.95368525896163
        ],
        [
            103.4689331770223,
            98.00937866354045,
            87.28956623681124
        ],
        [
            153.53337828725532,
            146.62980445043831,
            135.1719487525288
        ],
        [
            0.11537864892719085,
            0.1076952558241544,
            0.09606066413772396
        ],
        [
            231.521856051947,
            218.98817768982926,
            204.15353781363552
        ]
    ],
    "hex_colors": [
        "#2f2c27",
        "#baaea0",
        "#ddd1c4",
        "#518882",
        "#3a6a63",
        "#cfc3b6",
        "#676257",
        "#999287",
        "#000000",
        "#e7dacc"
    ],
    "hsl_color_values": [
        [
            0.10573450816120127,
            0.156144980490337,
            47.21725239616618
        ],
        [
            0.09317637368035551,
            0.1363187539114053,
            186.01465938487974
        ],
        [
            0.087164892627285,
            0.1099796985904257,
            221.27629847511122
        ],
        [
            0.48175851746384707,
            0.3995681124349933,
            136.17130387343153
        ],
        [
            0.47326915295069716,
            0.4481656976928091,
            106.73261309925726
        ],
        [
            0.08779084822254647,
            0.11886964645273185,
            207.6352091633478
        ],
        [
            0.11042678066806745,
            0.15636932210879373,
            103.4689331770223
        ],
        [
            0.1040029379361009,
            0.11959242830163581,
            153.53337828725532
        ],
        [
            0.10037789321908797,
            0.1674311925914249,
            0.11537864892719085
        ],
        [
            0.09033949246850627,
            0.11821051673052756,
            231.521856051947
        ]
    ]
}