{
    "rgb_colors": [
        [
            69.01863960916948,
            71.1022172115746,
            67.20698985343941
        ],
        [
            21.88723150357995,
            85.31026252983294,
            98.8621718377101
        ],
        [
            16.379726501359254,
            19.014169206689186,
            15.97771645110771
        ],
        [
            179.40893577412348,
            178.97828110456095,
            179.173285758602
        ],
        [
            118.90894386298763,
            120.0382492863939,
            116.50209324452615
        ],
        [
            93.04751357530724,
            93.2028436696199,
            90.37103458130719
        ],
        [
            35.0425937698665,
            35.38800593346048,
            29.55228862047058
        ],
        [
            4.016872221509168,
            3.8356533610258694,
            3.5117673826991833
        ],
        [
            146.47495253395647,
            147.33065576164742,
            145.77961150869112
        ],
        [
            58.86847905951507,
            50.19517734286287,
            41.45715049094916
        ]
    ],
    "hex_colors": [
        "#454743",
        "#155562",
        "#10130f",
        "#b3b2b3",
        "#767874",
        "#5d5d5a",
        "#23231d",
        "#040303",
        "#929391",
        "#3a3229"
    ],
    "hsl_color_values": [
        [
            0.25581754331804535,
            0.05478348651975779,
            71.1022172115746
        ],
        [
            0.5293426866134431,
            0.7786086316259616,
            98.8621718377101
        ],
        [
            0.31126756105389825,
            0.1596942113312661,
            19.014169206689186
        ],
        [
            0.9245317002912744,
            0.002400408138559634,
            179.40893577412348
        ],
        [
            0.21989326875640333,
            0.029458577269241896,
            120.0382492863939
        ],
        [
            0.17580864913962188,
            0.03038329064669684,
            93.2028436696199
        ],
        [
            0.17653155402236256,
            0.16490664447052217,
            35.38800593346048
        ],
        [
            0.10687087558883623,
            0.1257458069254224,
            4.016872221509168
        ],
        [
            0.25861581920910975,
            0.01052764100545098,
            147.33065576164742
        ],
        [
            0.08364311792274888,
            0.29576657740661755,
            58.86847905951507
        ]
    ]
}