{
    "rgb_colors": [
        [
            32.00729366602687,
            30.165749626786123,
            20.842141181488735
        ],
        [
            173.97350993377484,
            169.29422894985834,
            151.41362346262915
        ],
        [
            193.108287724785,
            86.98709929632606,
            56.728303362001135
        ],
        [
            213.57272727272726,
            158.75282555282922,
            75.25036855036805
        ],
        [
            0.16710049940224536,
            0.15241519065681075,
            0.08404202101051439
        ],
        [
            128.66068122917437,
            140.3763420955191,
            132.0279526101432
        ],
        [
            30.247755834829444,
            73.49315209028403,
            70.60225698897457
        ],
        [
            69.12365391756406,
            60.532862978091984,
            45.62495358336379
        ],
        [
            228.02677213264374,
            221.06023729845128,
            198.28840888348216
        ],
        [
            100.04357082032358,
            100.7882486517147,
            89.50752199829485
        ]
    ],
    "hex_colors": [
        "#201e14",
        "#ada997",
        "#c15638",
        "#d59e4b",
        "#000000",
        "#808c84",
        "#1e4946",
        "#453c2d",
        "#e4ddc6",
        "#646459"
    ],
    "hsl_color_values": [
        [
            0.1391772072109931,
            0.3488315070008256,
            32.00729366602687
        ],
        [
            0.13209733649811475,
            0.12967426178694325,
            173.97350993377484
        ],
        [
            0.03697853962430151,
            0.7062357911699292,
            193.108287724785
        ],
        [
            0.10061335199619631,
            0.6476592797624617,
            213.57272727272726
        ],
        [
            0.13719885669753887,
            0.4970570326770364,
            0.16710049940224536
        ],
        [
            0.38123604264103567,
            0.08345894109687522,
            140.3763420955191
        ],
        [
            0.48885856317809856,
            0.5884275612825665,
            73.49315209028403
        ],
        [
            0.1057357015686456,
            0.33995165189364124,
            69.12365391756406
        ],
        [
            0.12762318840581074,
            0.13041610408738627,
            228.02677213264374
        ],
        [
            0.1776688809487487,
            0.11192501908036608,
            100.7882486517147
        ]
    ]
}