{
    "rgb_colors": [
        [
            197.47327610080572,
            181.97609157204838,
            165.44493676728226
        ],
        [
            0.3614500111281842,
            0.29943033606662084,
            0.23715331797429684
        ],
        [
            145.86769539810075,
            137.47881665449233,
            126.54948867786868
        ],
        [
            186.897550111358,
            69.98233110616184,
            76.64201930215326
        ],
        [
            171.45637583892702,
            151.02382550335568,
            48.74068791946314
        ],
        [
            60.23744739724455,
            42.14434772583156,
            33.442151380641846
        ],
        [
            222.77556405147817,
            202.82058047493405,
            83.03532389209005
        ],
        [
            113.60097528165515,
            69.20892887170001,
            35.738859929376446
        ],
        [
            103.04581753650038,
            93.88723078164072,
            82.67467935790822
        ],
        [
            232.4541547277923,
            227.6686723973257,
            216.72082139446314
        ]
    ],
    "hex_colors": [
        "#c5b5a5",
        "#000000",
        "#91897e",
        "#ba454c",
        "#ab9730",
        "#3c2a21",
        "#deca53",
        "#714523",
        "#675d52",
        "#e8e3d8"
    ],
    "hsl_color_values": [
        [
            0.0860235817652029,
            0.1621907529258476,
            197.47327610080572
        ],
        [
            0.08350586610165756,
            0.3438834951641679,
            0.3614500111281842
        ],
        [
            0.09429211981994605,
            0.13243649779691796,
            145.86769539810075
        ],
        [
            0.990506385378144,
            0.6255577932163118,
            186.897550111358
        ],
        [
            0.1389161392999988,
            0.7157254276431686,
            171.45637583892702
        ],
        [
            0.0541276370536438,
            0.4448278799049577,
            60.23744739724455
        ],
        [
            0.14286657449352289,
            0.6272691565359361,
            222.77556405147817
        ],
        [
            0.07164388995189737,
            0.6854000606881433,
            113.60097528165515
        ],
        [
            0.0917355993680287,
            0.19769010199153786,
            103.04581753650038
        ],
        [
            0.1159729979117106,
            0.06768359701616493,
            232.4541547277923
        ]
    ]
}