{
    "rgb_colors": [
        [
            0.3937767911348935,
            0.3960396646768487,
            0.384946065116619
        ],
        [
            102.45787139689506,
            98.82660753880296,
            93.49356984478946
        ],
        [
            78.08872411148114,
            77.28407057018593,
            74.61416517514769
        ],
        [
            124.30902924968213,
            120.79482831708322,
            114.24501907588042
        ],
        [
            173.96992741099345,
            167.2848254407182,
            156.34393363290675
        ],
        [
            17.983191615582456,
            17.426932964207936,
            16.52620130512171
        ],
        [
            150.0627450980406,
            143.38879551820662,
            133.69047619047564
        ],
        [
            57.42490204614648,
            56.42925555071911,
            54.34632128863651
        ],
        [
            196.74586466165485,
            191.0736842105261,
            177.6741854636579
        ],
        [
            40.022785898538245,
            39.225494411006,
            37.75601891659505
        ]
    ],
    "hex_colors": [
        "#000000",
        "#66625d",
        "#4e4d4a",
        "#7c7872",
        "#ada79c",
        "#111110",
        "#968f85",
        "#393836",
        "#c4bfb1",
        "#282725"
    ],
    "hsl_color_values": [
        [
            0.20066334991435886,
            0.02801133459518911,
            0.3960396646768487
        ],
        [
            0.09915324808101082,
            0.08749256089246897,
            102.45787139689506
        ],
        [
            0.12806927171479954,
            0.04449501481639137,
            78.08872411148114
        ],
        [
            0.10846917428357798,
            0.08095960715442109,
            124.30902924968213
        ],
        [
            0.10345413659657576,
            0.10131632541552052,
            173.96992741099345
        ],
        [
            0.10303564965614931,
            0.08101956213369058,
            17.983191615582456
        ],
        [
            0.09872709541650414,
            0.10910282160218024,
            150.0627450980406
        ],
        [
            0.11276485422714344,
            0.053610553049546865,
            57.42490204614648
        ],
        [
            0.11709770114942225,
            0.09693560386031315,
            196.74586466165485
        ],
        [
            0.10804488699225356,
            0.05663691147561973,
            40.022785898538245
        ]
    ]
}