{
    "rgb_colors": [
        [
            0.04209916505937983,
            0.029551236875740017,
            0.023136922323486964
        ],
        [
            101.53510226644597,
            75.11442786069651,
            43.914317302377
        ],
        [
            44.072940117064775,
            28.044349392165692,
            17.892165691130124
        ],
        [
            76.94982332155409,
            67.3660777385159,
            52.877031802120136
        ],
        [
            107.58702919545418,
            98.54156451972365,
            79.64519723646089
        ],
        [
            31.1298673047639,
            16.519034152708286,
            7.35218620839678
        ],
        [
            144.30210970464108,
            134.11308016877638,
            119.23122362869198
        ],
        [
            94.25719072884908,
            85.65903378944428,
            67.33119240435633
        ],
        [
            123.79662379421316,
            114.73874598070739,
            94.61307609860664
        ],
        [
            64.64419625049922,
            47.84642999601117,
            33.510570402871956
        ]
    ],
    "hex_colors": [
        "#000000",
        "#654b2b",
        "#2c1c11",
        "#4c4334",
        "#6b624f",
        "#1f1007",
        "#908677",
        "#5e5543",
        "#7b725e",
        "#402f21"
    ],
    "hsl_color_values": [
        [
            0.05637795276989797,
            0.4504184990164791,
            0.04209916505937983
        ],
        [
            0.09024553257351837,
            0.5674962025729968,
            101.53510226644597
        ],
        [
            0.06462874586181598,
            0.5940328545450866,
            44.072940117064775
        ],
        [
            0.10031412382937781,
            0.3128375151537356,
            76.94982332155409
        ],
        [
            0.11271252907942579,
            0.25971376073811975,
            107.58702919545418
        ],
        [
            0.06425386834513526,
            0.7638221153846148,
            31.1298673047639
        ],
        [
            0.0989318612766064,
            0.17373887413887731,
            144.30210970464108
        ],
        [
            0.11344575580952158,
            0.285665190276582,
            94.25719072884908
        ],
        [
            0.11493730469885377,
            0.23573783194700257,
            123.79662379421316
        ],
        [
            0.07674370932198894,
            0.4816151743457841,
            64.64419625049922
        ]
    ]
}