{
    "rgb_colors": [
        [
            0.08130884021207407,
            0.08058132183160893,
            0.07835546202685606
        ],
        [
            114.43071253071207,
            109.54336609336609,
            104.22506142505989
        ],
        [
            144.13733905579238,
            133.63611281422442,
            123.58553034947667
        ],
        [
            79.84662146364239,
            61.54500818330605,
            51.54594341828382
        ],
        [
            110.48954284656746,
            82.93300018508236,
            67.6072552285768
        ],
        [
            182.30970346835306,
            181.33909187185597,
            177.05619539316157
        ],
        [
            160.97694957167124,
            156.710147487415,
            148.81983573258248
        ],
        [
            47.96104626634814,
            39.998593728027004,
            35.90479538742735
        ],
        [
            171.1811723973157,
            169.7904130850048,
            164.99044890161372
        ],
        [
            140.8855430941749,
            113.39360884928561,
            89.26778306959685
        ]
    ],
    "hex_colors": [
        "#000000",
        "#726d68",
        "#90857b",
        "#4f3d33",
        "#6e5243",
        "#b6b5b1",
        "#a09c94",
        "#2f2723",
        "#aba9a4",
        "#8c7159"
    ],
    "hsl_color_values": [
        [
            0.12561094816175522,
            0.03632296534441833,
            0.08130884021207407
        ],
        [
            0.08685228430878472,
            0.08918629343423064,
            114.43071253071207
        ],
        [
            0.08150606603024624,
            0.1425849043762391,
            144.13733905579238
        ],
        [
            0.058885896355535795,
            0.35443801536731384,
            79.84662146364239
        ],
        [
            0.05956517172867996,
            0.38811172997194515,
            110.48954284656746
        ],
        [
            0.13587417580135364,
            0.028816393067653916,
            182.30970346835306
        ],
        [
            0.10817139467021074,
            0.07552083619074974,
            160.97694957167124
        ],
        [
            0.05659302633011826,
            0.25137589392790327,
            47.96104626634814
        ],
        [
            0.12922464250270407,
            0.03616474527545093,
            171.1811723973157
        ],
        [
            0.0778989820822689,
            0.36638081446067305,
            140.8855430941749
        ]
    ]
}