{
    "rgb_colors": [
        [
            33.92840764331207,
            31.2056050955414,
            29.147261146496664
        ],
        [
            122.36496777973196,
            42.89162272993556,
            45.43702401874634
        ],
        [
            115.24324712643892,
            105.60919540229885,
            101.20402298850627
        ],
        [
            139.23973818504547,
            130.73319281118262,
            126.98901708453755
        ],
        [
            200.09663646776556,
            198.97542434655836,
            196.76611475580077
        ],
        [
            0.2840526342803784,
            0.2745545010192174,
            0.2601684822893162
        ],
        [
            218.77546983183996,
            221.0995713814705,
            220.87223870754005
        ],
        [
            163.14809265875346,
            154.34470439091854,
            150.71026852598868
        ],
        [
            182.77960188795262,
            175.88210547917095,
            171.62569259183138
        ],
        [
            83.91932689928362,
            73.8181143281366,
            69.76070279633794
        ]
    ],
    "hex_colors": [
        "#211f1d",
        "#7a2a2d",
        "#736965",
        "#8b827e",
        "#c8c6c4",
        "#000000",
        "#dadddc",
        "#a39a96",
        "#b6afab",
        "#534945"
    ],
    "hsl_color_values": [
        [
            0.07175210487051396,
            0.1409186822759087,
            33.92840764331207
        ],
        [
            0.9946619391964776,
            0.6494779224136734,
            122.36496777973196
        ],
        [
            0.05229600974280607,
            0.12182253180118693,
            115.24324712643892
        ],
        [
            0.050938167855956305,
            0.08798293691293123,
            139.23973818504547
        ],
        [
            0.11055873432785374,
            0.01664456619939896,
            200.09663646776556
        ],
        [
            0.10038747824139242,
            0.08408354336009075,
            0.2840526342803784
        ],
        [
            0.4836974511744416,
            0.010511560629037542,
            221.0995713814705
        ],
        [
            0.048701388953229584,
            0.07623640540364872,
            163.14809265875346
        ],
        [
            0.06360121183131918,
            0.061023818746245004,
            182.77960188795262
        ],
        [
            0.04776136793963529,
            0.16871708372897526,
            83.91932689928362
        ]
    ]
}