{
    "rgb_colors": [
        [
            39.67384535547508,
            39.377789309807994,
            36.778930980799174
        ],
        [
            63.8746336996331,
            63.66240842490843,
            61.54372710622711
        ],
        [
            130.85282343923245,
            124.70360275956052,
            119.87062430798059
        ],
        [
            159.35269561068822,
            150.5763358778626,
            142.08993320610688
        ],
        [
            206.6696257197711,
            199.1791026871401,
            190.26451535508636
        ],
        [
            0.125465094295393,
            0.12725189716424268,
            0.12460322465368279
        ],
        [
            105.26828617192041,
            102.51408168713294,
            100.50427122263747
        ],
        [
            186.28432778207014,
            177.77842726370355,
            168.33241424947613
        ],
        [
            231.4817465998587,
            226.21355285134814,
            218.40467668814125
        ],
        [
            82.99847920708781,
            82.37196496932194,
            80.83098222245529
        ]
    ],
    "hex_colors": [
        "#272724",
        "#3f3f3d",
        "#827c77",
        "#9f968e",
        "#cec7be",
        "#000000",
        "#696664",
        "#bab1a8",
        "#e7e2da",
        "#525250"
    ],
    "hsl_color_values": [
        [
            0.14962206088851762,
            0.07296782927739072,
            39.67384535547508
        ],
        [
            0.15149193627599328,
            0.03649189761880983,
            63.8746336996331
        ],
        [
            0.07334563860752331,
            0.08392787287736249,
            130.85282343923245
        ],
        [
            0.0819336101687441,
            0.10833053271188892,
            159.35269561068822
        ],
        [
            0.09056717829467913,
            0.07937842974046347,
            206.6696257197711
        ],
        [
            0.27910052814041464,
            0.020814404889706886,
            0.12725189716424268
        ],
        [
            0.07031220815116539,
            0.04525593721078083,
            105.26828617192041
        ],
        [
            0.08769736437916927,
            0.0963683512527986,
            186.28432778207014
        ],
        [
            0.0995237747691719,
            0.05649287731668354,
            231.4817465998587
        ],
        [
            0.11849172553965555,
            0.02611489999984751,
            82.99847920708781
        ]
    ]
}