{
    "rgb_colors": [
        [
            0.24484856007497058,
            0.24131082421708072,
            0.23212512413108755
        ],
        [
            190.0860311214483,
            187.35109998211738,
            179.04083944434507
        ],
        [
            203.88786991041505,
            201.04997240266303,
            190.96934573090476
        ],
        [
            49.32400437936698,
            89.28431640892218,
            131.66867387436704
        ],
        [
            137.90700845377654,
            144.1398963730567,
            148.90428142896099
        ],
        [
            38.95026178010832,
            54.16836594103174,
            71.42973270873519
        ],
        [
            216.56925996206456,
            214.1457438663172,
            206.30866540164453
        ],
        [
            96.79639755548413,
            110.19652621421682,
            124.27018333869411
        ],
        [
            36.68202653799834,
            80.08984318455825,
            120.78431845597105
        ],
        [
            176.11197874738764,
            173.40565126388879,
            164.29053292545484
        ]
    ],
    "hex_colors": [
        "#000000",
        "#bebbb3",
        "#cbc9be",
        "#315983",
        "#899094",
        "#263647",
        "#d8d6ce",
        "#606e7c",
        "#245078",
        "#b0ada4"
    ],
    "hsl_color_values": [
        [
            0.12032520312001267,
            0.051964512023216405,
            0.24484856007497058
        ],
        [
            0.12539786211526402,
            0.0581062775204471,
            190.0860311214483
        ],
        [
            0.1300538994971122,
            0.06336092571464144,
            203.88786991041505
        ],
        [
            0.5857864828518508,
            0.6253930192505017,
            131.66867387436704
        ],
        [
            0.5722055529380664,
            0.07385464588156254,
            148.90428142896099
        ],
        [
            0.5885757796857541,
            0.45470520043896134,
            71.42973270873519
        ],
        [
            0.12730059027482316,
            0.047377889928687626,
            216.56925996206456
        ],
        [
            0.5853762761075209,
            0.2210810754847856,
            124.27018333869411
        ],
        [
            0.5806448004039003,
            0.6963014155569386,
            120.78431845597105
        ],
        [
            0.12851104785510956,
            0.0671245982585279,
            176.11197874738764
        ]
    ]
}