{
    "rgb_colors": [
        [
            57.78607083432376,
            53.46725695269781,
            42.32101259805087
        ],
        [
            34.437479097767635,
            33.11961651369234,
            26.320240793726313
        ],
        [
            193.54988913525537,
            112.77217294900228,
            95.51108647450111
        ],
        [
            81.72956238849852,
            87.16706894742265,
            67.49428061706394
        ],
        [
            124.5625379846872,
            117.72954904582309,
            97.14999392245244
        ],
        [
            222.75087030259922,
            217.89779523341795,
            202.60019637596872
        ],
        [
            0.13789980131920743,
            0.1346955471643625,
            0.10736686276388241
        ],
        [
            196.47415699281217,
            189.39483139856424,
            173.3996683250428
        ],
        [
            153.68043310131443,
            151.2830626450118,
            134.10688321732593
        ],
        [
            174.83592249956237,
            52.32099842904526,
            51.4466748123582
        ]
    ],
    "hex_colors": [
        "#39352a",
        "#22211a",
        "#c1705f",
        "#515743",
        "#7c7561",
        "#ded9ca",
        "#000000",
        "#c4bdad",
        "#999786",
        "#ae3433"
    ],
    "hsl_color_values": [
        [
            0.1201228837330824,
            0.26762605612366636,
            57.78607083432376
        ],
        [
            0.1396077390135023,
            0.23570942231272415,
            34.437479097767635
        ],
        [
            0.029343970628701088,
            0.5065298828057885,
            193.54988913525537
        ],
        [
            0.21273289164380982,
            0.22569060274614633,
            87.16706894742265
        ],
        [
            0.12512249304946454,
            0.2200705324871002,
            124.5625379846872
        ],
        [
            0.1265267761692774,
            0.09046282916541032,
            222.75087030259922
        ],
        [
            0.14917597024473042,
            0.22141394159552155,
            0.13789980131920743
        ],
        [
            0.1155328098766179,
            0.1174428689296452,
            196.47415699281217
        ],
        [
            0.14625331573720882,
            0.12736527018429578,
            153.68043310131443
        ],
        [
            0.001180982990921416,
            0.705743110015123,
            174.83592249956237
        ]
    ]
}