{
    "rgb_colors": [
        [
            0.15623873557270151,
            0.15081348248706306,
            0.14589531949730983
        ],
        [
            178.40079365079671,
            169.84776334776336,
            132.58080808080808
        ],
        [
            69.86559679037168,
            73.57305249080575,
            64.16014710799064
        ],
        [
            23.60708138677184,
            21.417752643225967,
            19.247356774034916
        ],
        [
            105.47313633311066,
            96.79314976494292,
            91.93149764942915
        ],
        [
            47.40515140967689,
            44.218586843021235,
            35.73268360598678
        ],
        [
            105.34677816035293,
            76.60034431874078,
            60.469749139203145
        ],
        [
            154.21411983279071,
            142.1769623780771,
            111.67951695308871
        ],
        [
            80.91305984192608,
            55.32480240873166,
            45.014490026345506
        ],
        [
            136.2695285010545,
            112.72026741731175,
            88.03483462350458
        ]
    ],
    "hex_colors": [
        "#000000",
        "#b2a984",
        "#454940",
        "#171513",
        "#69605b",
        "#2f2c23",
        "#694c3c",
        "#9a8e6f",
        "#50372d",
        "#887058"
    ],
    "hsl_color_values": [
        [
            0.07924788345077742,
            0.0662026355850701,
            0.15623873557270151
        ],
        [
            0.13555567802769944,
            0.2568373415405151,
            178.40079365079671
        ],
        [
            0.2323115720679021,
            0.1279395792908201,
            73.57305249080575
        ],
        [
            0.08297144361099651,
            0.18467867930424817,
            23.60708138677184
        ],
        [
            0.05983584199171257,
            0.12838945682731587,
            105.47313633311066
        ],
        [
            0.12116694001291568,
            0.2462278350894032,
            47.40515140967689
        ],
        [
            0.059906651321680104,
            0.4259933697529933,
            105.34677816035293
        ],
        [
            0.119500529608965,
            0.2758152296678208,
            154.21411983279071
        ],
        [
            0.04786779545514236,
            0.44366842492068626,
            80.91305984192608
        ],
        [
            0.08529625603953024,
            0.35396536854662025,
            136.2695285010545
        ]
    ]
}