{
    "rgb_colors": [
        [
            32.94651866801211,
            32.30373360242175,
            29.73763874873862
        ],
        [
            225.16755210461508,
            224.02783453662124,
            220.6464151114742
        ],
        [
            175.6821959204248,
            175.3167967766317,
            169.16947872072612
        ],
        [
            55.3094270790145,
            79.97935494569354,
            58.96335295580811
        ],
        [
            210.69660390954988,
            208.56733627600443,
            202.38762273668408
        ],
        [
            104.08885383806505,
            113.80283911671906,
            106.80651945320716
        ],
        [
            140.994571773221,
            145.96019300361885,
            139.0392038600723
        ],
        [
            194.8825410180827,
            191.52469499368362,
            183.7592763988164
        ],
        [
            0.0880688405301413,
            0.0855525879375989,
            0.07979869977670973
        ],
        [
            66.90393192890927,
            93.97941398476992,
            72.20537981198262
        ]
    ],
    "hex_colors": [
        "#20201d",
        "#e1e0dc",
        "#afafa9",
        "#374f3a",
        "#d2d0ca",
        "#68716a",
        "#8c918b",
        "#c2bfb7",
        "#000000",
        "#425d48"
    ],
    "hsl_color_values": [
        [
            0.1332809224318637,
            0.09739663093415102,
            32.94651866801211
        ],
        [
            0.12465225120277888,
            0.020078989849480266,
            225.16755210461508
        ],
        [
            0.1573157528419934,
            0.03707101431410047,
            175.6821959204248
        ],
        [
            0.35801875801002286,
            0.30845369887554197,
            79.97935494569354
        ],
        [
            0.12395650382706987,
            0.039435762222502495,
            210.69660390954988
        ],
        [
            0.3799613913545529,
            0.08535802229583306,
            113.80283911671906
        ],
        [
            0.2862454611474147,
            0.04741696349617028,
            145.96019300361885
        ],
        [
            0.11635400907716968,
            0.05707676306536961,
            194.8825410180827
        ],
        [
            0.11595707845120778,
            0.09390541198962583,
            0.0880688405301413
        ],
        [
            0.3659670883060407,
            0.2881001371241625,
            93.97941398476992
        ]
    ]
}