{
    "rgb_colors": [
        [
            0.07238160942915073,
            0.0679753195699142,
            0.05568066438051744
        ],
        [
            249.53183791606065,
            240.17800289435598,
            214.71635311143015
        ],
        [
            90.64298356510784,
            86.91934260429835,
            62.30543615676331
        ],
        [
            133.10254150139593,
            130.11649772293225,
            100.24886146613578
        ],
        [
            222.11476725521442,
            201.12921348314606,
            178.11878009630777
        ],
        [
            51.56365159128972,
            46.32914572864321,
            37.054438860971544
        ],
        [
            72.7181008902072,
            112.7780415430267,
            127.8362017804143
        ],
        [
            156.5935932862466,
            142.3432606693276,
            116.03694606488526
        ],
        [
            114.6400278662455,
            110.44048566878982,
            86.31538614649868
        ],
        [
            182.70927865038,
            168.90808609656776,
            151.86605584642766
        ]
    ],
    "hex_colors": [
        "#000000",
        "#f9f0d6",
        "#5a563e",
        "#858264",
        "#dec9b2",
        "#332e25",
        "#48707f",
        "#9c8e74",
        "#726e56",
        "#b6a897"
    ],
    "hsl_color_values": [
        [
            0.12269420636172212,
            0.2307346462775281,
            0.07238160942915073
        ],
        [
            0.1218885309501679,
            0.13952321713889668,
            249.53183791606065
        ],
        [
            0.14476615361736755,
            0.3126281405773674,
            90.64298356510784
        ],
        [
            0.15151847131859142,
            0.2468298476097513,
            133.10254150139593
        ],
        [
            0.08716868239114699,
            0.19807772217303476,
            222.11476725521442
        ],
        [
            0.10653813591934151,
            0.28138450793444414,
            51.56365159128972
        ],
        [
            0.5455330160575947,
            0.43116190971383905,
            127.8362017804143
        ],
        [
            0.10810523225642243,
            0.25899301734027824,
            156.5935932862466
        ],
        [
            0.14195589692414992,
            0.24707462347090636,
            114.6400278662455
        ],
        [
            0.09208954567028511,
            0.1688103802487877,
            182.70927865038
        ]
    ]
}