{
    "rgb_colors": [
        [
            0.05542191406065555,
            0.05329937266118634,
            0.04978538747146288
        ],
        [
            142.37000380662352,
            141.6726303768535,
            155.09935287399793
        ],
        [
            220.21061702861084,
            213.99724233022835,
            205.42743881419847
        ],
        [
            91.12359550561798,
            87.50561797752832,
            83.91235955056203
        ],
        [
            185.21585792896448,
            179.02901450725344,
            170.11355677838785
        ],
        [
            196.8926185173401,
            192.36111994909427,
            189.81371301304563
        ],
        [
            163.51993315827167,
            158.04917641442213,
            149.06349964192196
        ],
        [
            167.85051235684148,
            167.8242917420166,
            181.8173598553391
        ],
        [
            41.42964824120603,
            39.88693467336687,
            37.712311557788965
        ],
        [
            127.76942355889724,
            124.0100250626572,
            122.36491228070224
        ]
    ],
    "hex_colors": [
        "#000000",
        "#8e8d9b",
        "#dcd5cd",
        "#5b5753",
        "#b9b3aa",
        "#c4c0bd",
        "#a39e95",
        "#a7a7b5",
        "#292725",
        "#7f7c7a"
    ],
    "hsl_color_values": [
        [
            0.10390516021164171,
            0.10170212784466215,
            0.05542191406065555
        ],
        [
            0.6753232025402864,
            0.0865685268722703,
            155.09935287399793
        ],
        [
            0.0966166114815896,
            0.06713199578606907,
            220.21061702861084
        ],
        [
            0.08304767840448984,
            0.07913686806411589,
            91.12359550561798
        ],
        [
            0.09838961669896666,
            0.08153892069203272,
            185.21585792896448
        ],
        [
            0.05997647834360923,
            0.03595312794151829,
            196.8926185173401
        ],
        [
            0.10359490075632756,
            0.08840777535272876,
            163.51993315827167
        ],
        [
            0.6669789714761208,
            0.07696222255375348,
            181.8173598553391
        ],
        [
            0.09749915511997431,
            0.08972648432288147,
            41.42964824120603
        ],
        [
            0.05073270265257603,
            0.04229894076107897,
            127.76942355889724
        ]
    ]
}