{
    "rgb_colors": [
        [
            0.24506081306890337,
            0.23825523489425393,
            0.22649547009218196
        ],
        [
            171.72561736093508,
            171.3359940134669,
            170.9765527563011
        ],
        [
            64.0965250965248,
            62.72153494602482,
            59.81128358679354
        ],
        [
            119.19991178741236,
            118.65795567317704,
            118.30653875840301
        ],
        [
            21.60729559748435,
            21.141761006289375,
            20.23798742138355
        ],
        [
            142.35465873164054,
            141.75655570021036,
            141.24195648130348
        ],
        [
            83.0898024219284,
            81.5917144678184,
            79.06284257488265
        ],
        [
            208.87724867724586,
            208.53492063491785,
            208.10740740741022
        ],
        [
            43.17344476994636,
            42.136308805790044,
            40.35386868860901
        ],
        [
            98.68988590546758,
            97.76391867547699,
            96.32401132366525
        ]
    ],
    "hex_colors": [
        "#000000",
        "#ababaa",
        "#403e3b",
        "#777676",
        "#151514",
        "#8e8d8d",
        "#53514f",
        "#d0d0d0",
        "#2b2a28",
        "#626160"
    ],
    "hsl_color_values": [
        [
            0.10557094489462819,
            0.07575810568906184,
            0.24506081306890337
        ],
        [
            0.07997557997493672,
            0.004361985218894818,
            171.72561736093508
        ],
        [
            0.11318892811612645,
            0.06685606596111082,
            64.0965250965248
        ],
        [
            0.0655599440478063,
            0.00749474572265325,
            119.19991178741236
        ],
        [
            0.11000367444424668,
            0.06337249240299286,
            21.60729559748435
        ],
        [
            0.07707950303731236,
            0.007816409102807606,
            142.35465873164054
        ],
        [
            0.10466422930236825,
            0.048465151314200046,
            83.0898024219284
        ],
        [
            0.09255441007964892,
            0.0036856157131080636,
            208.87724867724586
        ],
        [
            0.10536099906288088,
            0.06530811002832212,
            43.17344476994636
        ],
        [
            0.10143587512253886,
            0.02397281707335784,
            98.68988590546758
        ]
    ]
}