{
    "rgb_colors": [
        [
            0.18009467699428683,
            0.1783006747558744,
            0.17273348072590977
        ],
        [
            152.0733215547674,
            87.86828621908096,
            70.77358657243822
        ],
        [
            91.91122108877889,
            92.79810120189802,
            89.33259266740684
        ],
        [
            169.4013127905927,
            160.06673352174454,
            147.2889962621922
        ],
        [
            137.94020497803962,
            125.92901903367662,
            111.15584187408419
        ],
        [
            202.13906627812847,
            191.451732903461,
            175.69545539091604
        ],
        [
            121.49798055347796,
            59.03537771129384,
            47.988706058339744
        ],
        [
            198.9238790406688,
            148.75782064650454,
            100.89011991657912
        ],
        [
            226.75072855213284,
            221.37351624137716,
            211.18075200796534
        ],
        [
            69.51174773289313,
            51.763705688376575,
            43.84738252267091
        ]
    ],
    "hex_colors": [
        "#000000",
        "#985746",
        "#5b5c59",
        "#a9a093",
        "#897d6f",
        "#cabfaf",
        "#793b2f",
        "#c69464",
        "#e2ddd3",
        "#45332b"
    ],
    "hsl_color_values": [
        [
            0.12604821795701723,
            0.040874035764036365,
            0.18009467699428683
        ],
        [
            0.03504459895709446,
            0.5346087936472805,
            152.0733215547674
        ],
        [
            0.20931938291750832,
            0.03734460608144747,
            92.79810120189802
        ],
        [
            0.09630935202364814,
            0.1305321438431524,
            169.4013127905927
        ],
        [
            0.0919266283730225,
            0.19417372265192412,
            137.94020497803962
        ],
        [
            0.09930740031274345,
            0.1308189029172024,
            202.13906627812847
        ],
        [
            0.02504598167787364,
            0.6050246609883588,
            121.49798055347796
        ],
        [
            0.08137962058106805,
            0.4928204677933475,
            198.9238790406688
        ],
        [
            0.10910703905577408,
            0.06866560757527079,
            226.75072855213284
        ],
        [
            0.0514093056063105,
            0.36920903368507557,
            69.51174773289313
        ]
    ]
}