{
    "rgb_colors": [
        [
            0.8181235326840195,
            0.5776958542622737,
            0.3542206843197704
        ],
        [
            166.6195762999887,
            131.57765945394573,
            9.44024017219802
        ],
        [
            58.54674466471671,
            34.36832412523,
            11.331708373957039
        ],
        [
            228.09960552268245,
            141.1867192636418,
            30.53287310979608
        ],
        [
            129.5781223945306,
            78.67867266966837,
            17.413706853426483
        ],
        [
            8.588240836709694,
            64.61335154998554,
            93.72792801281639
        ],
        [
            75.94514379285641,
            76.74680176031052,
            66.45041449186361
        ],
        [
            175.93931276556438,
            163.52983558100973,
            136.40836874191928
        ],
        [
            216.12250902768488,
            201.99404841514206,
            172.62759127992436
        ],
        [
            134.06264049153305,
            124.13756930915736,
            98.94125580698272
        ]
    ],
    "hex_colors": [
        "#000000",
        "#a68309",
        "#3a220b",
        "#e48d1e",
        "#814e11",
        "#08405d",
        "#4b4c42",
        "#afa388",
        "#d8c9ac",
        "#867c62"
    ],
    "hsl_color_values": [
        [
            0.08028806416777813,
            0.5670327644070109,
            0.8181235326840195
        ],
        [
            0.1295096228833021,
            0.9433425508464778,
            166.6195762999887
        ],
        [
            0.08131807704015041,
            0.8064502400799388,
            58.54674466471671
        ],
        [
            0.09334723243671318,
            0.8661423677615266,
            228.09960552268245
        ],
        [
            0.09103446567060676,
            0.8656122921706921,
            129.5781223945306
        ],
        [
            0.5569937425355443,
            0.9083705249993861,
            93.72792801281639
        ],
        [
            0.17964302990543057,
            0.13416047356088873,
            76.74680176031052
        ],
        [
            0.11434699030911066,
            0.2246851110321165,
            175.93931276556438
        ],
        [
            0.11252830850078543,
            0.20125121600447876,
            216.12250902768488
        ],
        [
            0.11956776822478345,
            0.26197742007601643,
            134.06264049153305
        ]
    ]
}