{
    "rgb_colors": [
        [
            22.991660832361777,
            23.059696616103537,
            20.360108907039532
        ],
        [
            166.48787878787834,
            166.33257575757528,
            162.07727272727317
        ],
        [
            242.04976177871893,
            241.9957649550027,
            235.61408152461607
        ],
        [
            0.19171246502230943,
            0.17591624802237504,
            0.1336862335170892
        ],
        [
            97.90654205607454,
            97.41564190850936,
            93.75848499754082
        ],
        [
            32.421033115604786,
            32.85290510282618,
            29.378048432642185
        ],
        [
            204.10031104199027,
            203.89891135303225,
            199.01788491446388
        ],
        [
            43.47205738751613,
            43.69221813265253,
            40.51859085104832
        ],
        [
            66.92464358452115,
            66.63374066530865,
            63.593686354379145
        ],
        [
            131.42133620689702,
            130.96174568965563,
            127.52532327586154
        ]
    ],
    "hex_colors": [
        "#161714",
        "#a6a6a2",
        "#f2f1eb",
        "#000000",
        "#61615d",
        "#20201d",
        "#cccbc7",
        "#2b2b28",
        "#42423f",
        "#83827f"
    ],
    "hsl_color_values": [
        [
            0.17086704780346804,
            0.11706952411415385,
            23.059696616103537
        ],
        [
            0.1607981220657254,
            0.026492055113662143,
            166.48787878787834
        ],
        [
            0.16526829535795617,
            0.026588252790706483,
            242.04976177871893
        ],
        [
            0.12129575828559162,
            0.3026732325332511,
            0.19171246502230943
        ],
        [
            0.14694256689987487,
            0.042367516729964624,
            97.90654205607454
        ],
        [
            0.18738080580066652,
            0.10577014907229824,
            32.85290510282618
        ],
        [
            0.16006221950224256,
            0.024901608927390434,
            204.10031104199027
        ],
        [
            0.17822866001586202,
            0.07263598455836821,
            43.69221813265253
        ],
        [
            0.15211114507965343,
            0.049771758977472005,
            66.92464358452115
        ],
        [
            0.14700594661872932,
            0.029645208635696568,
            131.42133620689702
        ]
    ]
}