{
    "rgb_colors": [
        [
            72.35755926933545,
            58.046249514185774,
            51.88573649436455
        ],
        [
            216.20023215322283,
            184.66163668020894,
            176.63609982588508
        ],
        [
            122.44800869539787,
            22.982971489088932,
            25.4855215852401
        ],
        [
            154.0083507306894,
            77.60046972860124,
            76.78105427974947
        ],
        [
            128.11954459203048,
            49.00071157495256,
            48.56925996204934
        ],
        [
            0.15611490794863414,
            0.15349813566957948,
            0.14859048951853282
        ],
        [
            194.23807854137453,
            139.02454417952313,
            134.57398316970546
        ],
        [
            158.4061540765131,
            39.909186194504755,
            47.56487235157595
        ],
        [
            173.3245767659085,
            106.96847635726795,
            104.22913018096907
        ],
        [
            137.93128864501108,
            29.456697104950656,
            34.485360959829656
        ]
    ],
    "hex_colors": [
        "#483a33",
        "#d8b8b0",
        "#7a1619",
        "#9a4d4c",
        "#803130",
        "#000000",
        "#c28b86",
        "#9e272f",
        "#ad6a68",
        "#891d22"
    ],
    "hsl_color_values": [
        [
            0.050154408879776124,
            0.28292583361980117,
            72.35755926933545
        ],
        [
            0.03380813370691325,
            0.18299764035081298,
            216.20023215322283
        ],
        [
            0.9958066503124436,
            0.812304244601793,
            122.44800869539787
        ],
        [
            0.0017684063504936158,
            0.5014487596583992,
            154.0083507306894
        ],
        [
            0.000903938967472114,
            0.620906707741525,
            128.11954459203048
        ],
        [
            0.10870488301159371,
            0.048197949375706324,
            0.15611490794863414
        ],
        [
            0.012432270424654149,
            0.307169921674035,
            194.23807854137453
        ],
        [
            0.9892322334009787,
            0.7480578552823909,
            158.4061540765131
        ],
        [
            0.0066076379648051615,
            0.39864771559926826,
            173.3245767659085
        ],
        [
            0.9922736686021969,
            0.786439339512282,
            137.93128864501108
        ]
    ]
}