{
    "rgb_colors": [
        [
            1.8326070108122536,
            1.7576835605458374,
            1.6012044672011392
        ],
        [
            56.44472134118713,
            53.06490711372844,
            47.77820570910739
        ],
        [
            29.255676098870374,
            26.924672855385648,
            24.283693099205905
        ],
        [
            88.9010101010101,
            39.75622895622905,
            36.622895622895626
        ],
        [
            74.20921506828756,
            69.28500675371461,
            62.84826654660063
        ],
        [
            8.26404905081948,
            7.885508784340409,
            7.333875722202571
        ],
        [
            127.52931854199683,
            119.10565240359158,
            111.04701531959853
        ],
        [
            41.94228893058161,
            38.563827392119975,
            35.090881801125704
        ],
        [
            17.400251174473233,
            16.617656635192297,
            15.310246988232011
        ],
        [
            98.25656720224433,
            89.9979597041559,
            82.92297883193062
        ]
    ],
    "hex_colors": [
        "#010101",
        "#38352f",
        "#1d1a18",
        "#582724",
        "#4a453e",
        "#080707",
        "#7f776f",
        "#292623",
        "#11100f",
        "#625952"
    ],
    "hsl_color_values": [
        [
            0.11270338036824588,
            0.12626959421515666,
            1.8326070108122536
        ],
        [
            0.10166910649865511,
            0.15353987806395417,
            56.44472134118713
        ],
        [
            0.0885287203770262,
            0.16994934531205205,
            29.255676098870374
        ],
        [
            0.009989308670282268,
            0.5880485994334106,
            88.9010101010101
        ],
        [
            0.09442785806758534,
            0.15309350073616268,
            74.20921506828756
        ],
        [
            0.09884055031586984,
            0.11255660789243158,
            8.26404905081948
        ],
        [
            0.08148777282778784,
            0.12924324704966172,
            127.52931854199683
        ],
        [
            0.08448253829161634,
            0.163353200412968,
            41.94228893058161
        ],
        [
            0.1042589336716117,
            0.12011344924188969,
            17.400251174473233
        ],
        [
            0.0769006869251238,
            0.1560566261057354,
            98.25656720224433
        ]
    ]
}