{
    "rgb_colors": [
        [
            0.18367760568851565,
            0.17237826608499063,
            0.15847788268573737
        ],
        [
            182.95688331627431,
            182.34838792221043,
            167.41837256908778
        ],
        [
            113.28521505376344,
            114.04583333333443,
            94.93669354838727
        ],
        [
            87.57393483709274,
            83.70815928710661,
            104.84126984126951
        ],
        [
            229.43911697133154,
            217.85166317051113,
            197.0329637398862
        ],
        [
            78.47867513611615,
            82.05217785843935,
            63.83983666061699
        ],
        [
            101.61315861315862,
            151.5244335244335,
            140.51214851214854
        ],
        [
            215.28695104013448,
            202.71716747216612,
            179.86022273587398
        ],
        [
            136.75817770905198,
            135.16747948138405,
            121.58712977280842
        ],
        [
            156.41685975946154,
            161.1072492552124,
            145.68189341277466
        ]
    ],
    "hex_colors": [
        "#000000",
        "#b6b6a7",
        "#71725e",
        "#575368",
        "#e5d9c5",
        "#4e523f",
        "#65978c",
        "#d7cab3",
        "#888779",
        "#9ca191"
    ],
    "hsl_color_values": [
        [
            0.09193476318318217,
            0.13719540228280472,
            0.18367760568851565
        ],
        [
            0.16013992155829074,
            0.08492990515325619,
            182.95688331627431
        ],
        [
            0.1733006499170112,
            0.16755666758201287,
            114.04583333333443
        ],
        [
            0.697154176933856,
            0.2015724398050366,
            104.84126984126951
        ],
        [
            0.10707174077886479,
            0.14124075118147567,
            229.43911697133154
        ],
        [
            0.1993688756020604,
            0.22196048506163032,
            82.05217785843935
        ],
        [
            0.46322712976890484,
            0.32939423530810713,
            151.5244335244335
        ],
        [
            0.10753154388585993,
            0.16455585502558465,
            215.28695104013448
        ],
        [
            0.14919151449575918,
            0.11093338760713384,
            136.75817770905198
        ],
        [
            0.21734501669049347,
            0.09574588302977108,
            161.1072492552124
        ]
    ]
}