{
    "rgb_colors": [
        [
            225.71240228316168,
            226.01799230673782,
            222.02754684203995
        ],
        [
            216.50414162741595,
            197.86178333603877,
            105.1643657625467
        ],
        [
            204.73175601477487,
            202.87444677382132,
            196.48188080263552
        ],
        [
            184.55755184283436,
            178.8789354378312,
            171.40651498614727
        ],
        [
            153.05961078425034,
            146.50617443589505,
            140.2690243744747
        ],
        [
            162.34083093224277,
            112.36276605632482,
            95.95380611581001
        ],
        [
            0.674707868086216,
            0.644819527399136,
            0.6339911711243786
        ],
        [
            69.91514068780705,
            64.96230460026624,
            60.62384993300581
        ],
        [
            99.11231817344873,
            107.63422942367845,
            112.64914380408764
        ],
        [
            139.7553136930879,
            66.4836173001311,
            68.00484358083082
        ]
    ],
    "hex_colors": [
        "#e1e2de",
        "#d8c569",
        "#cccac4",
        "#b8b2ab",
        "#99928c",
        "#a2705f",
        "#000000",
        "#45403c",
        "#636b70",
        "#8b4244"
    ],
    "hsl_color_values": [
        [
            0.17943007141598585,
            0.017655432755469668,
            226.01799230673782
        ],
        [
            0.13876055951767705,
            0.5142616442713366,
            216.50414162741595
        ],
        [
            0.12914470030971703,
            0.040296021353638904,
            204.73175601477487
        ],
        [
            0.0947000165983657,
            0.07125710503510717,
            184.55755184283436
        ],
        [
            0.081272662326274,
            0.0835660455703431,
            153.05961078425034
        ],
        [
            0.04119519837369662,
            0.40893609103270595,
            162.34083093224277
        ],
        [
            0.04432397960680373,
            0.06034715005966766,
            0.674707868086216
        ],
        [
            0.07782296313384564,
            0.13289382905327704,
            69.91514068780705
        ],
        [
            0.5617440961572084,
            0.12016802945419024,
            112.64914380408764
        ],
        [
            0.9965397591985556,
            0.5242855849750829,
            139.7553136930879
        ]
    ]
}