{
    "rgb_colors": [
        [
            1.4425036064411998,
            0.948290708211367,
            0.7390380550850608
        ],
        [
            199.0184540062227,
            88.82788814612648,
            65.586291309671
        ],
        [
            113.91635875042039,
            108.89956331877681,
            103.24051058112246
        ],
        [
            208.5529564652344,
            203.5217673814198,
            195.10630279401911
        ],
        [
            41.296622396507736,
            38.827161407273124,
            36.162443120861205
        ],
        [
            176.69832903443114,
            156.13816305932338,
            136.3790512504197
        ],
        [
            129.10878058811454,
            71.04482829529064,
            55.92391527863481
        ],
        [
            165.93593029215674,
            112.07329574576977,
            83.21937467965124
        ],
        [
            77.9060842869104,
            54.99832542562083,
            47.8400781468042
        ],
        [
            29.232019212777583,
            27.97068180400595,
            25.206973987897697
        ]
    ],
    "hex_colors": [
        "#010000",
        "#c75841",
        "#716c67",
        "#d0cbc3",
        "#292624",
        "#b09c88",
        "#814737",
        "#a57053",
        "#4d362f",
        "#1d1b19"
    ],
    "hsl_color_values": [
        [
            0.049576616965087916,
            0.4876698735552271,
            1.4425036064411998
        ],
        [
            0.029030478068108895,
            0.6704512069638511,
            199.0184540062227
        ],
        [
            0.08834665324186146,
            0.09371655033925076,
            113.91635875042039
        ],
        [
            0.10430680119589093,
            0.06447596763490054,
            208.5529564652344
        ],
        [
            0.08650257237970325,
            0.12432443569720861,
            41.296622396507736
        ],
        [
            0.08167768577416963,
            0.22818143218635015,
            176.69832903443114
        ],
        [
            0.03443542812828269,
            0.5668465380596814,
            129.10878058811454
        ],
        [
            0.05813814185979042,
            0.49848489996632905,
            165.93593029215674
        ],
        [
            0.03968073470006581,
            0.38592629080650404,
            77.9060842869104
        ],
        [
            0.11443796121945955,
            0.13769302748407136,
            29.232019212777583
        ]
    ]
}