{
    "rgb_colors": [
        [
            0.12435511516410713,
            0.12108059248485858,
            0.11568274650568355
        ],
        [
            157.92031996032043,
            154.99894586718432,
            149.89092825696494
        ],
        [
            174.42335709857304,
            172.49201797892,
            167.04944203347583
        ],
        [
            231.2164226607283,
            230.84754933163856,
            230.92998090388568
        ],
        [
            211.8727693324579,
            211.43407138136723,
            212.711169861207
        ],
        [
            199.18967090029463,
            198.65286646551814,
            197.93789909480785
        ],
        [
            187.79273236530162,
            186.49952089629602,
            183.74622245154058
        ],
        [
            138.05865724381562,
            134.83627797408667,
            128.84428739693737
        ],
        [
            90.11540648095517,
            86.00966458214896,
            79.11370096645825
        ],
        [
            40.78467741935485,
            39.486290322580665,
            37.478225806451654
        ]
    ],
    "hex_colors": [
        "#000000",
        "#9d9a95",
        "#aeaca7",
        "#e7e6e6",
        "#d3d3d4",
        "#c7c6c5",
        "#bbbab7",
        "#8a8680",
        "#5a564f",
        "#282725"
    ],
    "hsl_color_values": [
        [
            0.10373647984340927,
            0.06973873689859042,
            0.12435511516410713
        ],
        [
            0.1060274924704598,
            0.05084457595686848,
            157.92031996032043
        ],
        [
            0.12301416315478031,
            0.04227596113134056,
            174.42335709857304
        ],
        [
            0.9627552487776184,
            0.0015953595546758027,
            231.2164226607283
        ],
        [
            0.7239185750636999,
            0.00600390887170178,
            212.711169861207
        ],
        [
            0.09519405048860119,
            0.006284320867789191,
            199.18967090029463
        ],
        [
            0.1134021870465151,
            0.021547745020769046,
            187.79273236530162
        ],
        [
            0.10838126890792095,
            0.06674242695700999,
            138.05865724381562
        ],
        [
            0.10446809976574252,
            0.12208462397405931,
            90.11540648095517
        ],
        [
            0.10121951219512178,
            0.08107092717457856,
            40.78467741935485
        ]
    ]
}