{
    "rgb_colors": [
        [
            36.18098539242177,
            41.57596764875794,
            40.9708673764125
        ],
        [
            148.70067596113347,
            143.1474968314322,
            129.90330587241303
        ],
        [
            0.30992751747876923,
            0.29292324618171506,
            0.23231620503526074
        ],
        [
            79.45249709639886,
            66.88439798683702,
            55.83732094463818
        ],
        [
            127.24565863954598,
            121.44828744123572,
            111.35992516549672
        ],
        [
            168.2575476395233,
            164.1325759290273,
            152.54302267686677
        ],
        [
            102.69003570269342,
            97.47906523855892,
            86.55021097046418
        ],
        [
            142.22345679012412,
            126.7352733686067,
            70.1146384479718
        ],
        [
            186.60701443535072,
            182.9400698316744,
            172.20063578091344
        ],
        [
            204.0155983746257,
            201.3638746886879,
            192.1907196224958
        ]
    ],
    "hex_colors": [
        "#242928",
        "#948f81",
        "#000000",
        "#4f4237",
        "#7f796f",
        "#a8a498",
        "#666156",
        "#8e7e46",
        "#bab6ac",
        "#ccc9c0"
    ],
    "hsl_color_values": [
        [
            0.4813066956295431,
            0.12976203709590253,
            41.57596764875794
        ],
        [
            0.1174294674956195,
            0.12641079112265496,
            148.70067596113347
        ],
        [
            0.13015078867222438,
            0.25041762369107823,
            0.30992751747876923
        ],
        [
            0.07796594423861058,
            0.29722383832831134,
            79.45249709639886
        ],
        [
            0.10584300154411323,
            0.12484302917594566,
            127.24565863954598
        ],
        [
            0.12291763278136582,
            0.09339566149105825,
            168.2575476395233
        ],
        [
            0.11285597839931065,
            0.15717030987268338,
            102.69003570269342
        ],
        [
            0.13086849436355377,
            0.5070107278334659,
            142.22345679012412
        ],
        [
            0.1242439698456435,
            0.07720169950754081,
            186.60701443535072
        ],
        [
            0.12929174241412864,
            0.05796066009823598,
            204.0155983746257
        ]
    ]
}