{
    "rgb_colors": [
        [
            3.112009419152276,
            3.056174777603331,
            3.199188906331636
        ],
        [
            18.253568429890848,
            17.157010915197016,
            16.431690056374855
        ],
        [
            13.170904267079372,
            10.871176947453593,
            10.273343650969018
        ],
        [
            3.271619975639464,
            24.168087697929312,
            36.537149817296125
        ],
        [
            0.3335384676466795,
            0.3189276107477683,
            0.34493334789133456
        ],
        [
            37.86086662153013,
            37.428909952607064,
            35.81211916046078
        ],
        [
            8.272417223248542,
            6.401544218653757,
            6.038368622992732
        ],
        [
            26.274505849132716,
            25.764421137555576,
            24.792456635740262
        ],
        [
            54.49788314987299,
            54.86790855207443,
            53.20491109229447
        ],
        [
            1.3392781316348192,
            9.287685774947002,
            13.920169851379882
        ]
    ],
    "hex_colors": [
        "#030303",
        "#121110",
        "#0d0a0a",
        "#031824",
        "#000000",
        "#252523",
        "#080606",
        "#1a1918",
        "#363635",
        "#01090d"
    ],
    "hsl_color_values": [
        [
            0.7317355775095229,
            0.044703246015032186,
            3.199188906331636
        ],
        [
            0.06635284306624568,
            0.09980943619399944,
            18.253568429890848
        ],
        [
            0.03438716077014572,
            0.21999709035565587,
            13.170904267079372
        ],
        [
            0.5619713668485232,
            0.9104577124379107,
            36.537149817296125
        ],
        [
            0.7603053435110046,
            0.07539351385578096,
            0.34493334789133456
        ],
        [
            0.13152676801060328,
            0.054112534759156755,
            37.86086662153013
        ],
        [
            0.027093979037239018,
            0.2700599522443464,
            8.272417223248542
        ],
        [
            0.10930411903466859,
            0.05640635914914359,
            26.274505849132716
        ],
        [
            0.20375084860827167,
            0.030309109708485226,
            54.86790855207443
        ],
        [
            0.5613693128122023,
            0.903788664511011,
            13.920169851379882
        ]
    ]
}