{
    "rgb_colors": [
        [
            0.05048203113902616,
            0.04745582667877102,
            0.04378732576164879
        ],
        [
            222.74080509701707,
            211.11149724876918,
            194.50564726324933
        ],
        [
            204.0725752508361,
            190.31304347826085,
            173.5086956521739
        ],
        [
            121.4011240632806,
            112.86074104912574,
            100.20753538717736
        ],
        [
            187.7967901234568,
            173.9785185185185,
            153.44296296296295
        ],
        [
            168.8975888640318,
            156.8585632612478,
            137.8580661198111
        ],
        [
            144.93983533882204,
            134.58328055731477,
            119.35370487650412
        ],
        [
            99.7919331037875,
            92.96753566158387,
            81.00737825873094
        ],
        [
            48.00159489633174,
            44.85007974481658,
            40.910685805422645
        ],
        [
            233.7911213485499,
            223.1140194744006,
            211.14459218929954
        ]
    ],
    "hex_colors": [
        "#000000",
        "#ded3c2",
        "#ccbead",
        "#797064",
        "#bbad99",
        "#a89c89",
        "#908677",
        "#635c51",
        "#302c28",
        "#e9dfd3"
    ],
    "hsl_color_values": [
        [
            0.09132841328409465,
            0.13261561047217643,
            0.05048203113902616
        ],
        [
            0.09802111539618726,
            0.12676239462037334,
            222.74080509701707
        ],
        [
            0.09163511551732935,
            0.1497696570011652,
            204.0725752508361
        ],
        [
            0.09950497966880784,
            0.17457489656402228,
            121.4011240632806
        ],
        [
            0.09962769436438516,
            0.1829308538123031,
            187.7967901234568
        ],
        [
            0.1020231383603476,
            0.18377718091173317,
            168.8975888640318
        ],
        [
            0.09920463030573058,
            0.1765293192344664,
            144.93983533882204
        ],
        [
            0.10611694466993117,
            0.188237207766282,
            99.7919331037875
        ],
        [
            0.09259259259259252,
            0.1477223643552514,
            48.00159489633174
        ],
        [
            0.0880887545057646,
            0.09686650642941884,
            233.7911213485499
        ]
    ]
}