{
    "rgb_colors": [
        [
            0.08180746500489278,
            0.07933494595670965,
            0.07485685416668986
        ],
        [
            169.57413222438964,
            166.49724178901806,
            156.62590172281887
        ],
        [
            218.31193415637753,
            216.31728395061728,
            211.36008230452785
        ],
        [
            80.93444909344498,
            78.66108786610879,
            74.67224546722451
        ],
        [
            157.69032407050935,
            154.2791932876607,
            143.65437610653157
        ],
        [
            179.14798430848342,
            177.1241966446874,
            169.65695684834665
        ],
        [
            187.80803434530304,
            186.58804047838086,
            181.49904937134863
        ],
        [
            199.95706233421942,
            199.25646551724137,
            193.91379310344595
        ],
        [
            38.868000000000066,
            37.2,
            34.24799999999996
        ],
        [
            122.0753750457376,
            122.81888035126235,
            119.36919136480026
        ]
    ],
    "hex_colors": [
        "#000000",
        "#a9a69c",
        "#dad8d3",
        "#504e4a",
        "#9d9a8f",
        "#b3b1a9",
        "#bbbab5",
        "#c7c7c1",
        "#262522",
        "#7a7a77"
    ],
    "hsl_color_values": [
        [
            0.10737885475730839,
            0.08496303898167747,
            0.08180746500489278
        ],
        [
            0.12706163550046065,
            0.0763573449070462,
            169.57413222438964
        ],
        [
            0.11884607036446138,
            0.03184366387808212,
            218.31193415637753
        ],
        [
            0.10616184112843263,
            0.07737377218680118,
            80.93444909344498
        ],
        [
            0.12616197125168563,
            0.08900957016044796,
            157.69032407050935
        ],
        [
            0.13112805450031415,
            0.05297870080298371,
            179.14798430848342
        ],
        [
            0.13443766120966838,
            0.03359273204656802,
            187.80803434530304
        ],
        [
            0.14734498303747917,
            0.03022283464373168,
            199.95706233421942
        ],
        [
            0.10649350649350557,
            0.11886384686631923,
            38.868000000000066
        ],
        [
            0.20258803563850494,
            0.02808761142094743,
            122.81888035126235
        ]
    ]
}