{
    "rgb_colors": [
        [
            0.021609773177539537,
            0.019658811179507296,
            0.016915988135711935
        ],
        [
            101.68839541547307,
            77.72994269340685,
            50.13395415472766
        ],
        [
            76.43458646616567,
            57.98458646616481,
            32.818796992480884
        ],
        [
            130.20174799708363,
            108.54916241806059,
            77.72068463219199
        ],
        [
            119.27888216652292,
            98.03457216940053,
            67.8971477960254
        ],
        [
            34.139194139194146,
            24.92918192918198,
            13.871794871794869
        ],
        [
            54.333333333333336,
            42.12186379928301,
            25.46833930704894
        ],
        [
            143.9690721649487,
            123.23195876288672,
            92.98711340206187
        ],
        [
            94.5966442953,
            71.2031319910496,
            44.1751677852335
        ],
        [
            109.69521044992476,
            87.81676342525274,
            59.105587808416495
        ]
    ],
    "hex_colors": [
        "#000000",
        "#654d32",
        "#4c3920",
        "#826c4d",
        "#776243",
        "#22180d",
        "#362a19",
        "#8f7b5c",
        "#5e472c",
        "#6d573b"
    ],
    "hsl_color_values": [
        [
            0.09739201303259931,
            0.21720658533825626,
            0.021609773177539537
        ],
        [
            0.08921309805010384,
            0.5069845093936923,
            101.68839541547307
        ],
        [
            0.09616467559631314,
            0.5706289716500479,
            76.43458646616567
        ],
        [
            0.09790349702432537,
            0.4030749523122159,
            130.20174799708363
        ],
        [
            0.09775660794185359,
            0.4307697510005542,
            119.27888216652292
        ],
        [
            0.09092917244010723,
            0.5936695278969959,
            34.139194139194146
        ],
        [
            0.09615756070640107,
            0.5312575587659705,
            54.333333333333336
        ],
        [
            0.09887434069730204,
            0.35411743644826454,
            143.9690721649487
        ],
        [
            0.08934011878985752,
            0.5330154878715044,
            94.5966442953
        ],
        [
            0.0945884884346453,
            0.461183514157185,
            109.69521044992476
        ]
    ]
}