{
    "rgb_colors": [
        [
            0.24988251309594744,
            0.24989871817724207,
            0.2406132006676529
        ],
        [
            214.8103789126857,
            202.83228995057442,
            190.0963756177924
        ],
        [
            96.24681693049106,
            55.92395044734907,
            40.43891947694425
        ],
        [
            202.28842832469618,
            152.40636565507143,
            111.7485812978041
        ],
        [
            42.87220665618777,
            37.53078657828173,
            35.59919360349894
        ],
        [
            142.40481684453454,
            96.82996827228185,
            73.34323622728584
        ],
        [
            167.6401988119759,
            164.66274699963859,
            163.01175900109104
        ],
        [
            133.92223659623411,
            127.30659767140966,
            123.02544200086243
        ],
        [
            86.6373980249044,
            82.27340060111601,
            79.14716616573637
        ],
        [
            243.01270078444998,
            239.9523720582851,
            232.02726933134107
        ]
    ],
    "hex_colors": [
        "#000000",
        "#d6cabe",
        "#603728",
        "#ca986f",
        "#2a2523",
        "#8e6049",
        "#a7a4a3",
        "#857f7b",
        "#56524f",
        "#f3efe8"
    ],
    "hsl_color_values": [
        [
            0.1669575332639941,
            0.03715712340310351,
            0.24989871817724207
        ],
        [
            0.08588865039261406,
            0.11505032214918647,
            214.8103789126857
        ],
        [
            0.04624504080655789,
            0.5798414870577069,
            96.24681693049106
        ],
        [
            0.07484326089997917,
            0.4475779844488446,
            202.28842832469618
        ],
        [
            0.044263932998824994,
            0.16964400995298695,
            42.87220665618777
        ],
        [
            0.05668065088934556,
            0.4849666053968122,
            142.40481684453454
        ],
        [
            0.059450846865822395,
            0.02760936722627061,
            167.6401988119759
        ],
        [
            0.06548035193709804,
            0.08136658162471358,
            133.92223659623411
        ],
        [
            0.06956247581648928,
            0.08645494936280203,
            86.6373980249044
        ],
        [
            0.1202365569462334,
            0.04520517412319481,
            243.01270078444998
        ]
    ]
}