{
    "rgb_colors": [
        [
            47.11953041622199,
            46.718249733191044,
            45.47705442902882
        ],
        [
            185.5032645254938,
            184.74035481105727,
            182.06819231022524
        ],
        [
            154.4740596627743,
            152.36511024643193,
            141.831063553827
        ],
        [
            207.65725439167642,
            206.41067013663405,
            205.24586857514203
        ],
        [
            104.536866359447,
            103.5426267281106,
            100.2684331797235
        ],
        [
            189.577979948007,
            192.17526921648107,
            211.24359450427096
        ],
        [
            220.52583479788785,
            219.22548330403902,
            214.77012302284993
        ],
        [
            172.35800683670777,
            171.28806205627126,
            166.52853010780942
        ],
        [
            0.12014033531529833,
            0.1189444756819995,
            0.11574495719598588
        ],
        [
            196.9981521404444,
            195.8142285186396,
            192.42161995687658
        ]
    ],
    "hex_colors": [
        "#2f2e2d",
        "#b9b8b6",
        "#9a988d",
        "#cfcecd",
        "#686764",
        "#bdc0d3",
        "#dcdbd6",
        "#acaba6",
        "#000000",
        "#c4c3c0"
    ],
    "hsl_color_values": [
        [
            0.12594758501191283,
            0.034857647618400545,
            47.11953041622199
        ],
        [
            0.12965096187083244,
            0.018517583634203184,
            185.5032645254938
        ],
        [
            0.13886537919006542,
            0.08184543176082563,
            154.4740596627743
        ],
        [
            0.08050706454805745,
            0.01161233602745278,
            207.65725439167642
        ],
        [
            0.1278452541610439,
            0.04083184553329365,
            104.536866359447
        ],
        [
            0.64668654823423,
            0.10256223203883194,
            211.24359450427096
        ],
        [
            0.1290127226462717,
            0.02609994325750105,
            220.52583479788785
        ],
        [
            0.1360765917138412,
            0.03382190845604992,
            172.35800683670777
        ],
        [
            0.12132132128957444,
            0.036585365837186565,
            0.12014033531529833
        ],
        [
            0.12355091969505781,
            0.02323134574534033,
            196.9981521404444
        ]
    ]
}