{
    "rgb_colors": [
        [
            0.04082517370422423,
            0.038819462908797675,
            0.036490063940650685
        ],
        [
            205.49525248165548,
            202.92360811394045,
            214.85994820889098
        ],
        [
            146.4485253199764,
            139.17529215358934,
            132.565386755703
        ],
        [
            92.09633649932134,
            86.54816824966078,
            79.09497964721841
        ],
        [
            168.3890074706494,
            162.85699039487727,
            161.49893276413937
        ],
        [
            123.88185255198364,
            116.93525519848771,
            107.57041587901641
        ],
        [
            222.39050914483008,
            216.94463667820068,
            217.58032624814211
        ],
        [
            43.24253075571174,
            41.03514938488576,
            38.38137082601054
        ],
        [
            188.32661596958417,
            183.68555133079846,
            186.3547528517135
        ],
        [
            210.7334102712116,
            202.95229851894595,
            193.4556645508786
        ]
    ],
    "hex_colors": [
        "#000000",
        "#cdcad6",
        "#928b84",
        "#5c564f",
        "#a8a2a1",
        "#7b746b",
        "#ded8d9",
        "#2b2926",
        "#bcb7ba",
        "#d2cac1"
    ],
    "hsl_color_values": [
        [
            0.08955555511420339,
            0.10618717252695933,
            0.04082517370422423
        ],
        [
            0.7025744400050359,
            0.055554049018692854,
            214.85994820889098
        ],
        [
            0.07935171824062105,
            0.09479875972762464,
            146.4485253199764
        ],
        [
            0.09554372782300329,
            0.14117127071823032,
            92.09633649932134
        ],
        [
            0.03285057827347776,
            0.040917603886411594,
            168.3890074706494
        ],
        [
            0.09568786517940046,
            0.1316692989081882,
            123.88185255198364
        ],
        [
            0.9805452179965426,
            0.024487881643738735,
            222.39050914483008
        ],
        [
            0.09098577970595394,
            0.11241617557406974,
            43.24253075571174
        ],
        [
            0.9041455022119878,
            0.024643700068052332,
            188.32661596958417
        ],
        [
            0.09160757159127358,
            0.0819886400457181,
            210.7334102712116
        ]
    ]
}