{
    "rgb_colors": [
        [
            0.05450694309574544,
            0.05166051660803994,
            0.02916221595888402
        ],
        [
            82.95579196217494,
            76.39101654846219,
            62.17115839243524
        ],
        [
            97.40912547528517,
            90.61825095056949,
            74.70595690747795
        ],
        [
            32.14696132596685,
            31.90386740331509,
            27.439042357274396
        ],
        [
            112.9339378238342,
            105.26424870466089,
            87.6717616580327
        ],
        [
            52.47174912138416,
            47.396864017301205,
            37.87212760205493
        ],
        [
            141.9208494208494,
            134.07876447876197,
            117.284942084945
        ],
        [
            16.28089475614228,
            15.029336266960025,
            10.727906123945761
        ],
        [
            127.19692767228506,
            119.25688073394552,
            101.27650949434681
        ],
        [
            68.00472394449366,
            60.71124889282532,
            47.268379096545964
        ]
    ],
    "hex_colors": [
        "#000000",
        "#524c3e",
        "#615a4a",
        "#201f1b",
        "#706957",
        "#342f25",
        "#8d8675",
        "#100f0a",
        "#7f7765",
        "#443c2f"
    ],
    "hsl_color_values": [
        [
            0.1479485951697513,
            0.46498162797978876,
            0.05450694309574544
        ],
        [
            0.11402540975214824,
            0.2505507219943943,
            82.95579196217494
        ],
        [
            0.1168140473106689,
            0.23307024323473166,
            97.40912547528517
        ],
        [
            0.15806081468732688,
            0.1464498905807813,
            32.14696132596685
        ],
        [
            0.11606605682717534,
            0.22368985490621968,
            112.9339378238342
        ],
        [
            0.10873268646765903,
            0.27823775200547574,
            52.47174912138416
        ],
        [
            0.11361344889011947,
            0.17358906345641684,
            141.9208494208494
        ],
        [
            0.1291025556362672,
            0.34107392224874794,
            16.28089475614228
        ],
        [
            0.11561266177733724,
            0.20378179451567088,
            127.19692767228506
        ],
        [
            0.10804596064583845,
            0.3049250646892262,
            68.00472394449366
        ]
    ]
}