{
    "rgb_colors": [
        [
            0.14990709624472132,
            0.1606799079611143,
            0.164624125463682
        ],
        [
            141.63518635502123,
            142.78711307643812,
            145.31759317751104
        ],
        [
            45.05315733142903,
            45.17802354620214,
            49.839576644071826
        ],
        [
            110.54241338112351,
            107.0879330943847,
            108.60095579450417
        ],
        [
            174.57476915697256,
            175.33613143062792,
            182.38949514330255
        ],
        [
            77.06172839506142,
            122.89241622574897,
            149.47707231040562
        ],
        [
            27.151476716796513,
            27.67113607537601,
            28.31844537053814
        ],
        [
            172.32980049875164,
            123.50997506234407,
            105.41334164588528
        ],
        [
            204.3790285973682,
            212.7458011802085,
            216.44984112573763
        ],
        [
            77.92042007001074,
            77.19089848308143,
            80.17806301050175
        ]
    ],
    "hex_colors": [
        "#000000",
        "#8d8e91",
        "#2d2d31",
        "#6e6b6c",
        "#aeafb6",
        "#4d7a95",
        "#1b1b1c",
        "#ac7b69",
        "#ccd4d8",
        "#4d4d50"
    ],
    "hsl_color_values": [
        [
            0.5446672744873237,
            0.08939776704968692,
            0.164624125463682
        ],
        [
            0.6145301711197124,
            0.02534040608552887,
            145.31759317751104
        ],
        [
            0.6623187325563916,
            0.0960365162574494,
            49.839576644071826
        ],
        [
            0.9270019137211597,
            0.031250270200168344,
            110.54241338112351
        ],
        [
            0.6504288980618732,
            0.04284636009431353,
            182.38949514330255
        ],
        [
            0.5611855965123794,
            0.48445786899656257,
            149.47707231040562
        ],
        [
            0.5924488264368651,
            0.041208782419804524,
            28.31844537053814
        ],
        [
            0.045072701411793294,
            0.3883046267052987,
            172.32980049875164
        ],
        [
            0.551143200962704,
            0.055767250581428646,
            216.44984112573763
        ],
        [
            0.7073697916665762,
            0.0372566312437488,
            80.17806301050175
        ]
    ]
}