{
    "rgb_colors": [
        [
            56.43002797076604,
            75.32437065776419,
            53.28097085626636
        ],
        [
            161.88431281813976,
            156.1624248033359,
            146.33720499768626
        ],
        [
            102.75417487056079,
            53.61700576095546,
            46.16626558739882
        ],
        [
            138.80129628518273,
            131.08869951389167,
            120.29778551281282
        ],
        [
            147.01305483028722,
            78.82120104438712,
            65.87039164490861
        ],
        [
            0.2535921029549968,
            0.24105761714730534,
            0.22314893074137387
        ],
        [
            190.63602336294832,
            185.65420368542524,
            176.48831852583086
        ],
        [
            193.46303211351756,
            147.73282300223954,
            95.60100821508588
        ],
        [
            215.49106538160981,
            210.04204219848555,
            200.33060692888773
        ],
        [
            105.37800548652574,
            103.5873003066001,
            87.53348394384379
        ]
    ],
    "hex_colors": [
        "#384b35",
        "#a19c92",
        "#66352e",
        "#8a8378",
        "#934e41",
        "#000000",
        "#beb9b0",
        "#c1935f",
        "#d7d2c8",
        "#696757"
    ],
    "hsl_color_values": [
        [
            0.3095238095238096,
            0.29264631896696336,
            75.32437065776419
        ],
        [
            0.10532741222265322,
            0.09603838413867234,
            161.88431281813976
        ],
        [
            0.02194444086478396,
            0.5507115341488132,
            102.75417487056079
        ],
        [
            0.09719699623338703,
            0.133309351335973,
            138.80129628518273
        ],
        [
            0.026600904487386372,
            0.5519418889638761,
            147.01305483028722
        ],
        [
            0.09804435118359951,
            0.12004779273045996,
            0.2535921029549968
        ],
        [
            0.10797847030220599,
            0.07421317643718318,
            190.63602336294832
        ],
        [
            0.08878455044907556,
            0.5058435341849162,
            193.46303211351756
        ],
        [
            0.10676277039909383,
            0.07035307206762684,
            215.49106538160981
        ],
        [
            0.1499415971484349,
            0.16933819785537366,
            105.37800548652574
        ]
    ]
}