{
    "rgb_colors": [
        [
            72.30826842420635,
            57.09461753545018,
            41.10555222688237
        ],
        [
            146.27713729600123,
            126.08519239407187,
            99.33732594699805
        ],
        [
            0.28298343604798504,
            0.25480546995338926,
            0.20402542372881527
        ],
        [
            224.66277784601232,
            215.29190715953416,
            203.81444185189733
        ],
        [
            176.29849026160872,
            162.85605624063405,
            144.81237754984443
        ],
        [
            108.17252103915298,
            99.81979509696438,
            74.23271130625686
        ],
        [
            64.59825940482865,
            72.51403705783282,
            96.39640651319485
        ],
        [
            130.82214994864873,
            53.0167750770285,
            35.107155083875384
        ],
        [
            203.9019994090467,
            195.3341869398254,
            185.4437112183591
        ],
        [
            43.03530290102343,
            35.44704564846371,
            26.66387585324232
        ]
    ],
    "hex_colors": [
        "#483929",
        "#927e63",
        "#000000",
        "#e0d7cb",
        "#b0a290",
        "#6c634a",
        "#404860",
        "#823523",
        "#cbc3b9",
        "#2b231a"
    ],
    "hsl_color_values": [
        [
            0.08540423856828143,
            0.4315234879401202,
            72.30826842420635
        ],
        [
            0.09497221256458331,
            0.32089643136792756,
            146.27713729600123
        ],
        [
            0.10718786844858597,
            0.2790199080973099,
            0.28298343604798504
        ],
        [
            0.09175364811590288,
            0.09279835402197685,
            224.66277784601232
        ],
        [
            0.09551130713810367,
            0.17859547557691594,
            176.29849026160872
        ],
        [
            0.12564931856363784,
            0.31375629787357573,
            108.17252103915298
        ],
        [
            0.6251769449226728,
            0.3298685942614845,
            96.39640651319485
        ],
        [
            0.03118567440496291,
            0.7316421179620125,
            130.82214994864873
        ],
        [
            0.08930473959530132,
            0.09052529275918733,
            203.9019994090467
        ],
        [
            0.08941564032655917,
            0.3804185388315642,
            43.03530290102343
        ]
    ]
}