{
    "rgb_colors": [
        [
            63.64182165664476,
            63.647042371696266,
            49.67748100498779
        ],
        [
            0.16965586307355807,
            0.1657524581208989,
            0.15215313181800383
        ],
        [
            155.47343630948257,
            137.8161667936552,
            117.25919512364206
        ],
        [
            168.23241348111287,
            164.2679258086406,
            153.27731282515154
        ],
        [
            39.55395453089977,
            42.6679017428297,
            39.07639174786158
        ],
        [
            190.284760087241,
            200.7799890948746,
            200.91712104688838
        ],
        [
            90.9100855544587,
            87.35134912800262,
            72.93970055939384
        ],
        [
            126.79510905485789,
            112.3330304031725,
            92.58625247851857
        ],
        [
            39.83562622833661,
            59.504020010720026,
            85.03877077005447
        ],
        [
            84.80787878787879,
            112.29010101010101,
            138.8553535353519
        ]
    ],
    "hex_colors": [
        "#3f3f31",
        "#000000",
        "#9b8975",
        "#a8a499",
        "#272a27",
        "#bec8c8",
        "#5a5748",
        "#7e705c",
        "#273b55",
        "#54708a"
    ],
    "hsl_color_values": [
        [
            0.1667289534595308,
            0.21948484715325461,
            63.647042371696266
        ],
        [
            0.12949718250953468,
            0.10316608538288795,
            0.16965586307355807
        ],
        [
            0.08965667873242204,
            0.24579273535687435,
            155.47343630948257
        ],
        [
            0.1224845537800736,
            0.08889547707547042,
            168.23241348111287
        ],
        [
            0.3111716806344553,
            0.08417357892626325,
            42.6679017428297
        ],
        [
            0.502149600208493,
            0.052919138519639045,
            200.91712104688838
        ],
        [
            0.13366110012451596,
            0.197672072195993,
            90.9100855544587
        ],
        [
            0.09620694707420623,
            0.2697963417621957,
            126.79510905485789
        ],
        [
            0.594148135851362,
            0.5315592421243662,
            85.03877077005447
        ],
        [
            0.5819194996293294,
            0.3892358009352004,
            138.8553535353519
        ]
    ]
}