{
    "rgb_colors": [
        [
            0.024684387624056114,
            0.023408387729972446,
            0.019072246431681705
        ],
        [
            216.15000000000575,
            204.52851239668917,
            130.4458677685975
        ],
        [
            122.23391812865475,
            115.29532163742711,
            81.50877192982463
        ],
        [
            188.05248023004714,
            173.29547088425855,
            97.84004313443404
        ],
        [
            162.59431868619592,
            151.70572569906747,
            82.90989791389246
        ],
        [
            177.15301353013575,
            163.45092250922622,
            88.81746617466185
        ],
        [
            33.71531100478467,
            31.861244019138773,
            24.70574162679427
        ],
        [
            208.89877208745216,
            195.55645402815173,
            119.7463312368986
        ],
        [
            77.277108433735,
            72.99096385542161,
            54.23493975903607
        ],
        [
            201.8627506354175,
            186.60293702343654,
            108.45410900875662
        ]
    ],
    "hex_colors": [
        "#000000",
        "#d8cc82",
        "#7a7351",
        "#bcad61",
        "#a29752",
        "#b1a358",
        "#211f18",
        "#d0c377",
        "#4d4836",
        "#c9ba6c"
    ],
    "hsl_color_values": [
        [
            0.1287726362557944,
            0.22735590114073195,
            0.024684387624056114
        ],
        [
            0.14406665252355705,
            0.3965030406264444,
            216.15000000000575
        ],
        [
            0.13827062990618574,
            0.3331738589608632,
            122.23391812865475
        ],
        [
            0.1394032245425537,
            0.47971947503832446,
            188.05248023004714
        ],
        [
            0.1438922588179807,
            0.49008121203849037,
            162.59431868619592
        ],
        [
            0.1408143127142038,
            0.49863982325339906,
            177.15301353013575
        ],
        [
            0.13236856080722312,
            0.2672248634073645,
            33.71531100478467
        ],
        [
            0.1417237749708835,
            0.426773407807449,
            208.89877208745216
        ],
        [
            0.13566448801742845,
            0.29817586529466944,
            77.277108433735
        ],
        [
            0.13943896883942858,
            0.46273342324243566,
            201.8627506354175
        ]
    ]
}