{
    "rgb_colors": [
        [
            0.022528591192763514,
            0.019211831588359374,
            0.0167348344314302
        ],
        [
            73.82173601147777,
            30.600789096126256,
            15.98170731707301
        ],
        [
            52.08388704318937,
            39.557724252491695,
            29.840946843854205
        ],
        [
            144.53310580204777,
            127.31945392491468,
            104.84573378839693
        ],
        [
            100.72959685349066,
            68.89282202556538,
            35.53097345132708
        ],
        [
            22.001310806874454,
            16.278036702592484,
            11.520972909991364
        ],
        [
            74.36060019361085,
            59.5701839303001,
            47.26040658276845
        ],
        [
            38.8661369193154,
            23.54294009779951,
            14.445904645476979
        ],
        [
            107.23314513450681,
            86.31517768183328,
            63.63899036864869
        ],
        [
            122.01871101871102,
            103.26819126819127,
            81.86555786555917
        ]
    ],
    "hex_colors": [
        "#000000",
        "#491e0f",
        "#34271d",
        "#907f68",
        "#644423",
        "#16100b",
        "#4a3b2f",
        "#26170e",
        "#6b563f",
        "#7a6751"
    ],
    "hsl_color_values": [
        [
            0.07125477932442413,
            0.2571735050700527,
            0.022528591192763514
        ],
        [
            0.04212504185838876,
            0.783509462381267,
            73.82173601147777
        ],
        [
            0.07280795105891563,
            0.4270599116554169,
            52.08388704318937
        ],
        [
            0.09437813170054743,
            0.2745901832899556,
            144.53310580204777
        ],
        [
            0.08528259962497715,
            0.6472638175748263,
            100.72959685349066
        ],
        [
            0.07565061100456656,
            0.4763506133283858,
            22.001310806874454
        ],
        [
            0.07570534688361465,
            0.3644429111691178,
            74.36060019361085
        ],
        [
            0.06208673850376826,
            0.6283164268302219,
            38.8661369193154
        ],
        [
            0.08669429588659755,
            0.40653619467354274,
            107.23314513450681
        ],
        [
            0.0888374956133513,
            0.32907373646157057,
            122.01871101871102
        ]
    ]
}