{
    "rgb_colors": [
        [
            78.57406402604454,
            74.25393380358112,
            68.10200759631036
        ],
        [
            172.9697312588397,
            171.65431400282887,
            166.40311173974538
        ],
        [
            0.13162827323633053,
            0.1241529230393752,
            0.11681066512871041
        ],
        [
            195.9356672381109,
            193.7645041956149,
            184.85852206081387
        ],
        [
            123.62679900744419,
            122.09925558312655,
            116.81240694789082
        ],
        [
            216.86179695159672,
            215.58209287815313,
            210.3090293252518
        ],
        [
            233.01296500295626,
            232.9118718752648,
            231.24413185323277
        ],
        [
            224.19932602671906,
            223.5664210128496,
            218.999716553288
        ],
        [
            150.1145971816008,
            149.03031108747675,
            143.81068864663655
        ],
        [
            208.2179283087218,
            205.94620409507604,
            200.00982598671573
        ]
    ],
    "hex_colors": [
        "#4e4a44",
        "#acaba6",
        "#000000",
        "#c3c1b8",
        "#7b7a74",
        "#d8d7d2",
        "#e9e8e7",
        "#e0dfda",
        "#96958f",
        "#d0cdc8"
    ],
    "hsl_color_values": [
        [
            0.09791018998272849,
            0.1332762478247665,
            78.57406402604454
        ],
        [
            0.13328020218556721,
            0.03796398058379196,
            172.9697312588397
        ],
        [
            0.08258483035113866,
            0.11257162115175672,
            0.13162827323633053
        ],
        [
            0.13399935922500633,
            0.056534603083957836,
            195.9356672381109
        ],
        [
            0.12930595004005488,
            0.05512067055253159,
            123.62679900744419
        ],
        [
            0.13411797512095938,
            0.030216330024266498,
            216.86179695159672
        ],
        [
            0.15714126026082417,
            0.007591136182920336,
            233.01296500295626
        ],
        [
            0.14637972598059235,
            0.023191905014073894,
            224.19932602671906
        ],
        [
            0.13799963445667277,
            0.041993974292440804,
            150.1145971816008
        ],
        [
            0.12053898849930207,
            0.03942072802605185,
            208.2179283087218
        ]
    ]
}