{
    "rgb_colors": [
        [
            0.30005812262558607,
            0.2921221469608568,
            0.2617418907672331
        ],
        [
            168.702083944819,
            164.423686527737,
            156.42838274141437
        ],
        [
            52.657387881344036,
            49.830451286377055,
            47.944819344861784
        ],
        [
            130.40524137931206,
            123.78464367816092,
            116.71622988505979
        ],
        [
            196.84372402327637,
            139.95622055971182,
            100.96896647270687
        ],
        [
            199.92305907825425,
            195.87372409526756,
            185.80938756572647
        ],
        [
            231.61075638506765,
            229.32391944990175,
            224.19253438113824
        ],
        [
            25.942593149446108,
            25.562833164757663,
            24.829064268337223
        ],
        [
            90.96695788530407,
            87.29312275985663,
            82.7740815412179
        ],
        [
            141.90664470071516,
            74.67523338824822,
            53.419549697967994
        ]
    ],
    "hex_colors": [
        "#000000",
        "#a8a49c",
        "#34312f",
        "#827b74",
        "#c48b64",
        "#c7c3b9",
        "#e7e5e0",
        "#191918",
        "#5a5752",
        "#8d4a35"
    ],
    "hsl_color_values": [
        [
            0.13214702455577712,
            0.12769603276550573,
            0.30005812262558607
        ],
        [
            0.10856958377674474,
            0.07275370236338789,
            168.702083944819
        ],
        [
            0.06668804661823273,
            0.08949491659368591,
            52.657387881344036
        ],
        [
            0.08605946207375904,
            0.10497286266611629,
            130.40524137931206
        ],
        [
            0.06777462438682219,
            0.48706027091436505,
            196.84372402327637
        ],
        [
            0.11884855192366302,
            0.07059551598299317,
            199.92305907825425
        ],
        [
            0.11528784718776354,
            0.03202883199257004,
            231.61075638506765
        ],
        [
            0.10982635308775159,
            0.04292280554585418,
            25.942593149446108
        ],
        [
            0.09193029466183128,
            0.09006431054247392,
            90.96695788530407
        ],
        [
            0.04003537406522447,
            0.6235585034750752,
            141.90664470071516
        ]
    ]
}