{
    "rgb_colors": [
        [
            0.03371348802907903,
            0.03354887138831231,
            0.03331182344442851
        ],
        [
            200.85459305092812,
            198.25868633983816,
            190.01927653498592
        ],
        [
            134.759038537942,
            136.93464441795788,
            136.01748112833195
        ],
        [
            150.96733067729085,
            152.80207171314743,
            150.9421513944218
        ],
        [
            59.60268456375839,
            59.13959731543624,
            58.39060402684569
        ],
        [
            178.2815388925203,
            176.2177607619759,
            168.84452329815875
        ],
        [
            23.316139767054906,
            23.164725457570714,
            22.886855241264556
        ],
        [
            187.659264041317,
            185.7489993544222,
            178.70122659779696
        ],
        [
            167.47441973508325,
            166.59958682707497,
            161.0126382306368
        ],
        [
            105.8875,
            100.07916666666668,
            93.82166666666674
        ]
    ],
    "hex_colors": [
        "#000000",
        "#c8c6be",
        "#868888",
        "#969896",
        "#3b3b3a",
        "#b2b0a8",
        "#171716",
        "#bbb9b2",
        "#a7a6a1",
        "#69645d"
    ],
    "hsl_color_values": [
        [
            0.09836065253717689,
            0.01191406194173884,
            0.03371348802907903
        ],
        [
            0.12673694999632992,
            0.05394607288465056,
            200.85459305092812
        ],
        [
            0.42973886048245463,
            0.01588791418901571,
            136.93464441795788
        ],
        [
            0.33107702853221466,
            0.012172088361584578,
            152.80207171314743
        ],
        [
            0.10299003322258848,
            0.02033600576524541,
            59.60268456375839
        ],
        [
            0.13021838295683466,
            0.05293321817269482,
            178.2815388925203
        ],
        [
            0.107881136950905,
            0.018411475058873965,
            23.316139767054906
        ],
        [
            0.13112568463537355,
            0.04773565264301438,
            187.659264041317
        ],
        [
            0.14410238086286553,
            0.03858369245087042,
            167.47441973508325
        ],
        [
            0.08643552731542199,
            0.11394955337819156,
            105.8875
        ]
    ]
}