{
    "rgb_colors": [
        [
            51.499132546841835,
            49.53805227850959,
            46.78082350219829
        ],
        [
            0.9385510473370182,
            0.9080061412969052,
            0.835684207696378
        ],
        [
            94.26622575944292,
            89.07958749019095,
            84.32496356910714
        ],
        [
            17.909652282584297,
            16.507902668528427,
            14.387488054106296
        ],
        [
            70.7994971715912,
            67.28373888839084,
            63.68627098859584
        ],
        [
            114.55885930531133,
            109.16137315853418,
            104.26936072442311
        ],
        [
            143.03902209685035,
            139.10484250117565,
            132.5759285378463
        ],
        [
            181.5726115936176,
            176.22662088466979,
            167.24136538073145
        ],
        [
            35.75443185120571,
            33.59215344376649,
            30.700726532984362
        ],
        [
            219.21321961620458,
            214.55437100213211,
            210.55437100213226
        ]
    ],
    "hex_colors": [
        "#33312e",
        "#000000",
        "#5e5954",
        "#11100e",
        "#46433f",
        "#726d68",
        "#8f8b84",
        "#b5b0a7",
        "#23211e",
        "#dbd6d2"
    ],
    "hsl_color_values": [
        [
            0.09739466513048922,
            0.0916191945631693,
            51.499132546841835
        ],
        [
            0.11717727153081264,
            0.10960175254452885,
            0.9385510473370182
        ],
        [
            0.07971194250876797,
            0.10545942738499778,
            94.26622575944292
        ],
        [
            0.10033672844657056,
            0.19666290405330894,
            17.909652282584297
        ],
        [
            0.08429058318607928,
            0.10047000991766357,
            70.7994971715912
        ],
        [
            0.07923956636716845,
            0.08981844480020207,
            114.55885930531133
        ],
        [
            0.10399910132554885,
            0.07314852552557015,
            143.03902209685035
        ],
        [
            0.10449493098814981,
            0.07892845780596741,
            181.5726115936176
        ],
        [
            0.09535666501820517,
            0.14134486430249138,
            35.75443185120571
        ],
        [
            0.0769925305753907,
            0.03949966443279341,
            219.21321961620458
        ]
    ]
}