{
    "rgb_colors": [
        [
            0.2756616727270611,
            0.33114663672271405,
            0.33700737764150546
        ],
        [
            16.626986930413196,
            23.386921582479687,
            21.717635111268528
        ],
        [
            63.26892478302835,
            32.31099324975892,
            19.335101253615846
        ],
        [
            84.48934108527044,
            82.25064599483204,
            53.94864341085213
        ],
        [
            6.459429735233686,
            12.081751527494909,
            12.750794297352433
        ],
        [
            138.2307692307713,
            87.72748191978961,
            55.3316896778437
        ],
        [
            39.386555345156424,
            19.006799793423998,
            12.417886038905179
        ],
        [
            31.845253456220973,
            36.23437788018433,
            30.08304147465418
        ],
        [
            52.82233407904502,
            53.923564504101414,
            41.0984340044744
        ],
        [
            97.12773527841846,
            50.14125600426971,
            29.667496886674847
        ]
    ],
    "hex_colors": [
        "#000000",
        "#101715",
        "#3f2013",
        "#545235",
        "#060c0c",
        "#8a5737",
        "#27130c",
        "#1f241e",
        "#343529",
        "#61321d"
    ],
    "hsl_color_values": [
        [
            0.5159227146300491,
            0.18203074764642507,
            0.33700737764150546
        ],
        [
            0.45884362406025964,
            0.289047646917784,
            23.386921582479687
        ],
        [
            0.049225141184809716,
            0.6943981374755018,
            63.26892478302835
        ],
        [
            0.1544496619215874,
            0.36147397153441246,
            84.48934108527044
        ],
        [
            0.5177238383197484,
            0.49340961946387,
            12.750794297352433
        ],
        [
            0.06513098500139268,
            0.5997150997151044,
            138.2307692307713
        ],
        [
            0.040719557941453745,
            0.6847176420968158,
            39.386555345156424
        ],
        [
            0.28558728636640823,
            0.1697651999399764,
            36.23437788018433
        ],
        [
            0.18097750772839336,
            0.23783907124039508,
            53.923564504101414
        ],
        [
            0.050582287694427096,
            0.6945517487704989,
            97.12773527841846
        ]
    ]
}