{
    "rgb_colors": [
        [
            62.84359102244403,
            58.847930174563636,
            78.29770573566084
        ],
        [
            46.673440374644414,
            45.480598762334836,
            66.17335674862017
        ],
        [
            87.71539422634183,
            84.77372262773599,
            121.56092588939305
        ],
        [
            21.894858765505454,
            20.771633537587327,
            28.68666865939322
        ],
        [
            0.7507263546796281,
            0.6984006092844623,
            0.7103607796677096
        ],
        [
            35.0163436746247,
            33.51380687016664,
            47.71492140064876
        ],
        [
            121.54924108718728,
            125.75234733498021,
            190.84991175432404
        ],
        [
            75.38969816272962,
            71.64107611548586,
            98.47106299212598
        ],
        [
            110.59096500056175,
            111.30733534608343,
            166.49267583584927
        ],
        [
            100.54966695627125,
            98.56935997683294,
            143.44291920069506
        ]
    ],
    "hex_colors": [
        "#3e3a4e",
        "#2e2d42",
        "#575479",
        "#15141c",
        "#000000",
        "#23212f",
        "#797dbe",
        "#4b4762",
        "#6e6fa6",
        "#64628f"
    ],
    "hsl_color_values": [
        [
            0.7009058008178458,
            0.2484079881824528,
            78.29770573566084
        ],
        [
            0.6762742277040448,
            0.31270527902782885,
            66.17335674862017
        ],
        [
            0.6799940891478057,
            0.3026235856012591,
            121.56092588939305
        ],
        [
            0.69031838795054,
            0.2759133594696496,
            28.68666865939322
        ],
        [
            0.9619047618817989,
            0.06970015781249046,
            0.7507263546796281
        ],
        [
            0.6843006911092897,
            0.2976241836644634,
            47.71492140064876
        ],
        [
            0.656558283858509,
            0.3631160739353427,
            190.84991175432404
        ],
        [
            0.6899529375127869,
            0.27246569765155804,
            98.47106299212598
        ],
        [
            0.6645308633826001,
            0.3357607807949636,
            166.49267583584927
        ],
        [
            0.674021803387451,
            0.31283216678739123,
            143.44291920069506
        ]
    ]
}