{
    "rgb_colors": [
        [
            0.05997453882217485,
            0.05717748154518887,
            0.05363372626785434
        ],
        [
            173.53482130244385,
            165.29877101286186,
            156.11837830202006
        ],
        [
            138.82668136714443,
            132.28710033075927,
            126.42227122381477
        ],
        [
            192.0942851248195,
            183.93459872086157,
            175.73447493294822
        ],
        [
            88.68061485909479,
            85.30572160546552,
            83.10845431255336
        ],
        [
            212.72701149425288,
            205.22500000000022,
            197.71867816091955
        ],
        [
            156.27352024922118,
            148.79522326064435,
            141.3742471443406
        ],
        [
            44.535364526659414,
            42.52665941240479,
            40.4417845484222
        ],
        [
            231.01632540121747,
            224.15578306585724,
            218.77504150525732
        ],
        [
            116.38269370021723,
            111.73750905141335,
            108.82548877624909
        ]
    ],
    "hex_colors": [
        "#000000",
        "#ada59c",
        "#8a847e",
        "#c0b7af",
        "#585553",
        "#d4cdc5",
        "#9c948d",
        "#2c2a28",
        "#e7e0da",
        "#746f6c"
    ],
    "hsl_color_values": [
        [
            0.09314671810528656,
            0.10572507398716453,
            0.05997453882217485
        ],
        [
            0.08785177615025852,
            0.10036281404335368,
            173.53482130244385
        ],
        [
            0.07880032234742805,
            0.08935177316905422,
            138.82668136714443
        ],
        [
            0.08353931261773606,
            0.08516552265592367,
            192.0942851248195
        ],
        [
            0.06572158365262155,
            0.06283403148923886,
            88.68061485909479
        ],
        [
            0.0833572663973423,
            0.07055208094125272,
            212.72701149425288
        ],
        [
            0.08301273115882025,
            0.09534099622968496,
            156.27352024922118
        ],
        [
            0.08488392698919019,
            0.09191751368256453,
            44.535364526659414
        ],
        [
            0.0732594936709166,
            0.05298882611304681,
            231.01632540121747
        ],
        [
            0.06422172184164311,
            0.064934095299721,
            116.38269370021723
        ]
    ]
}