{
    "rgb_colors": [
        [
            58.66760455301166,
            56.079294027370075,
            54.08990919554847
        ],
        [
            220.31321595249221,
            220.11370386083013,
            218.40628977514712
        ],
        [
            160.07885165983095,
            161.44308597075005,
            155.19337615104843
        ],
        [
            204.59030453697693,
            203.09724466542548,
            198.62962502589437
        ],
        [
            0.4171234877954504,
            0.40855589973314466,
            0.38260767925058303
        ],
        [
            122.77624756966996,
            48.730395333765905,
            48.440375891120546
        ],
        [
            99.37466666666654,
            101.16000000000014,
            89.44012121212127
        ],
        [
            134.40378394275078,
            129.8000196059213,
            120.64777962944754
        ],
        [
            183.63831352574795,
            184.77198641765978,
            179.34895302772688
        ],
        [
            36.13427491545574,
            107.14919435050719,
            65.910881241297
        ]
    ],
    "hex_colors": [
        "#3a3836",
        "#dcdcda",
        "#a0a19b",
        "#cccbc6",
        "#000000",
        "#7a3030",
        "#636559",
        "#868178",
        "#b7b8b3",
        "#246b41"
    ],
    "hsl_color_values": [
        [
            0.0724303634789442,
            0.0780276507340062,
            58.66760455301166
        ],
        [
            0.14922917187947507,
            0.008655523315298088,
            220.31321595249221
        ],
        [
            0.20304793743165703,
            0.038711535908288644,
            161.44308597075005
        ],
        [
            0.1249191928320857,
            0.02913471156207819,
            204.59030453697693
        ],
        [
            0.12529630902716812,
            0.082747218880643,
            0.4171234877954504
        ],
        [
            0.0006502456039427229,
            0.605458084523777,
            122.77624756966996
        ],
        [
            0.19205562852720592,
            0.11585487137088625,
            101.16000000000014
        ],
        [
            0.11088781994180734,
            0.1023483410196442,
            134.40378394275078
        ],
        [
            0.20150795721377182,
            0.029349867883514753,
            184.77198641765978
        ],
        [
            0.4032167854368363,
            0.6627667138844455,
            107.14919435050719
        ]
    ]
}