{
    "rgb_colors": [
        [
            0.0705985398283051,
            0.06967369188418715,
            0.06921126790870247
        ],
        [
            178.55825242718447,
            176.1529126213592,
            167.95436893203805
        ],
        [
            146.16091954022988,
            143.79474548440066,
            135.9688013136287
        ],
        [
            79.50180831826401,
            76.87884267631102,
            68.65370705244216
        ],
        [
            163.3844660194175,
            160.95404530744338,
            152.86731391586042
        ],
        [
            110.51750700280112,
            108.06652661064426,
            99.9313725490177
        ],
        [
            46.919463087248324,
            45.46979865771812,
            41.15436241610733
        ],
        [
            192.32808256382398,
            190.03965236284625,
            182.55839217816367
        ],
        [
            128.17542503863987,
            125.96599690880988,
            118.42890262751045
        ],
        [
            94.3692614770459,
            91.91217564870259,
            83.56337325349251
        ]
    ],
    "hex_colors": [
        "#000000",
        "#b2b0a7",
        "#928f87",
        "#4f4c44",
        "#a3a098",
        "#6e6c63",
        "#2e2d29",
        "#c0beb6",
        "#807d76",
        "#5e5b53"
    ],
    "hsl_color_values": [
        [
            0.055555555829931325,
            0.01965015031438993,
            0.0705985398283051
        ],
        [
            0.12886070927180862,
            0.059386129461984134,
            178.55825242718447
        ],
        [
            0.12797379302937636,
            0.06973217094324505,
            146.16091954022988
        ],
        [
            0.12636828360281918,
            0.13645100023881734,
            79.50180831826401
        ],
        [
            0.12815147598825571,
            0.06437057548853604,
            163.3844660194175
        ],
        [
            0.12807876342308475,
            0.09578694580502181,
            110.51750700280112
        ],
        [
            0.12475746992627122,
            0.12287226433986666,
            46.919463087248324
        ],
        [
            0.12762704325586707,
            0.05079700403303425,
            192.32808256382398
        ],
        [
            0.12888518870917023,
            0.07604049222533278,
            128.17542503863987
        ],
        [
            0.1287693373354901,
            0.11450644049155534,
            94.3692614770459
        ]
    ]
}