{
    "rgb_colors": [
        [
            0.04301197493295561,
            0.042096947453803324,
            0.039516683630125726
        ],
        [
            186.90465351542642,
            186.9625695498219,
            183.7642893272626
        ],
        [
            212.80178985747068,
            210.90188929399713,
            197.84454756380225
        ],
        [
            88.86571428571405,
            88.91142857142832,
            87.78571428571405
        ],
        [
            168.85042979943046,
            169.6922636103187,
            169.06017191977435
        ],
        [
            151.3378467635424,
            151.66149273448033,
            149.01915455746575
        ],
        [
            40.5732283464566,
            39.766929133858184,
            37.35118110236215
        ],
        [
            192.21520190023884,
            195.9396674584338,
            210.30783847981212
        ],
        [
            126.81522842639463,
            127.39695431471951,
            127.98223350253673
        ],
        [
            220.05062571103636,
            221.6678043230956,
            225.46018202502975
        ]
    ],
    "hex_colors": [
        "#000000",
        "#babab7",
        "#d4d2c5",
        "#585857",
        "#a8a9a9",
        "#979795",
        "#282725",
        "#c0c3d2",
        "#7e7f7f",
        "#dcdde1"
    ],
    "hsl_color_values": [
        [
            0.12303523035827015,
            0.08126321351851726,
            0.04301197493295561
        ],
        [
            0.1696847488006711,
            0.01710652688535619,
            186.9625695498219
        ],
        [
            0.14549631402443527,
            0.07028720154885171,
            212.80178985747068
        ],
        [
            0.17343485617597051,
            0.012661075227352887,
            88.91142857142832
        ],
        [
            0.3748581801679256,
            0.004960943963959486,
            169.6922636103187
        ],
        [
            0.18708078156897226,
            0.017422604310249164,
            151.66149273448033
        ],
        [
            0.12495927012056036,
            0.07941313460642693,
            40.5732283464566
        ],
        [
            0.6323574460636294,
            0.0860293021427731,
            210.30783847981212
        ],
        [
            0.5835870668406521,
            0.009118492811105479,
            127.98223350253673
        ],
        [
            0.6168419207851382,
            0.023993399922798087,
            225.46018202502975
        ]
    ]
}