{
    "rgb_colors": [
        [
            127.247311827957,
            126.31182795698936,
            123.43010752688164
        ],
        [
            1.2789075297972095,
            1.2551827373891689,
            1.1761565836298504
        ],
        [
            53.04659498207885,
            52.63261648745534,
            51.250896057347504
        ],
        [
            34.618401206636506,
            34.407239819004694,
            33.67722473604809
        ],
        [
            12.448275862068966,
            12.389452332657164,
            12.143002028397607
        ],
        [
            72.92700729927007,
            72.48905109489053,
            70.74452554744525
        ],
        [
            24.667992047713714,
            24.569582504970263,
            24.118290258449196
        ],
        [
            99.50561797752809,
            98.84269662921342,
            96.66292134831468
        ],
        [
            0.008010867357302498,
            5.850875339774575e-14,
            7.617306517737621e-05
        ],
        [
            151.56716417910448,
            150.7835820895522,
            147.66417910447763
        ]
    ],
    "hex_colors": [
        "#7f7e7b",
        "#010101",
        "#353433",
        "#222221",
        "#0c0c0c",
        "#484846",
        "#181818",
        "#636260",
        "#000000",
        "#979693"
    ],
    "hsl_color_values": [
        [
            0.12582159624413672,
            0.02999830995436951,
            127.247311827957
        ],
        [
            0.1281839838739813,
            0.08034274861424248,
            1.2789075297972095
        ],
        [
            0.12824351297406858,
            0.033851351351354454,
            53.04659498207885
        ],
        [
            0.12927350427354056,
            0.02718717323109621,
            34.618401206636506
        ],
        [
            0.13455149501658678,
            0.02452338276030309,
            12.448275862068966
        ],
        [
            0.13322185061315628,
            0.02992693424081682,
            72.92700729927007
        ],
        [
            0.13682941531046042,
            0.02228401031592943,
            24.667992047713714
        ],
        [
            0.127799736495384,
            0.028568202348689387,
            99.50561797752809
        ],
        [
            0.9984152139478799,
            0.9999999999926963,
            0.008010867357302498
        ],
        [
            0.13320586360739126,
            0.02575086164451002,
            151.56716417910448
        ]
    ]
}