{
    "rgb_colors": [
        [
            123.69213294068153,
            120.62692469499426,
            112.8484644509875
        ],
        [
            1.411396697694002,
            1.352974881912516,
            1.3327213620724336
        ],
        [
            214.00318074955055,
            207.6752869589116,
            196.19990319459131
        ],
        [
            61.41447819136789,
            56.845626855446426,
            53.16875999086561
        ],
        [
            150.3027139874739,
            50.716075156576146,
            53.02609603340278
        ],
        [
            147.79578166519042,
            143.98472099202922,
            135.86879982285134
        ],
        [
            22.25591874140828,
            20.254773178552142,
            19.968076981826243
        ],
        [
            189.37840593141797,
            184.4938832252048,
            174.79443929564903
        ],
        [
            97.50535019455253,
            95.17607003891003,
            88.0781857976656
        ],
        [
            166.89766041866193,
            162.26915446709856,
            152.25598577096116
        ]
    ],
    "hex_colors": [
        "#7b7870",
        "#010101",
        "#d6cfc4",
        "#3d3835",
        "#963235",
        "#938f87",
        "#161413",
        "#bdb8ae",
        "#615f58",
        "#a6a298"
    ],
    "hsl_color_values": [
        [
            0.11955456236050727,
            0.08766659796297856,
            123.69213294068153
        ],
        [
            0.04290527156122274,
            0.05574289336946258,
            1.411396697694002
        ],
        [
            0.10742763262640315,
            0.08319164926709449,
            214.00318074955055
        ],
        [
            0.07431871053505973,
            0.1342634252270055,
            61.41447819136789
        ],
        [
            0.996133984598829,
            0.6625737898465175,
            150.3027139874739
        ],
        [
            0.11341121719449487,
            0.0806990680516031,
            147.79578166519042
        ],
        [
            0.020885491426227754,
            0.10279700362696731,
            22.25591874140828
        ],
        [
            0.11084597411889652,
            0.07700965991365681,
            189.37840593141797
        ],
        [
            0.12548637714058733,
            0.09668356021568976,
            97.50535019455253
        ],
        [
            0.11398023037059495,
            0.08772845953006292,
            166.89766041866193
        ]
    ]
}