{
    "rgb_colors": [
        [
            33.326526271006706,
            32.447918882506556,
            27.003048996666532
        ],
        [
            168.85623529411745,
            92.44470588235282,
            91.25588235294055
        ],
        [
            63.61614370974416,
            57.04030018318289,
            49.65354842521995
        ],
        [
            196.99620770128246,
            138.83328471412037,
            119.26910735122576
        ],
        [
            180.12265758091857,
            171.360056117846,
            158.58933760897816
        ],
        [
            0.7693454517217759,
            0.7214608342209416,
            0.6348356174955043
        ],
        [
            214.87389465590854,
            211.57756632065366,
            203.49740484429836
        ],
        [
            138.48542395468905,
            132.312343828085,
            119.11919040479668
        ],
        [
            113.7811736846019,
            103.11707244875464,
            86.2150521719816
        ],
        [
            98.54621360633135,
            74.59856240470482,
            63.80955492630544
        ]
    ],
    "hex_colors": [
        "#21201b",
        "#a85c5b",
        "#3f3931",
        "#c48a77",
        "#b4ab9e",
        "#000000",
        "#d6d3cb",
        "#8a8477",
        "#716756",
        "#624a3f"
    ],
    "hsl_color_values": [
        [
            0.14350938177466002,
            0.18974306601649782,
            33.326526271006706
        ],
        [
            0.0025533035275269733,
            0.4595646278978738,
            168.85623529411745
        ],
        [
            0.08817309876183062,
            0.21948195018280459,
            63.61614370974416
        ],
        [
            0.041950570810747136,
            0.394561404288143,
            196.99620770128246
        ],
        [
            0.09884463183498164,
            0.11954809162343585,
            180.12265758091857
        ],
        [
            0.10733442802865616,
            0.17483671857062644,
            0.7693454517217759
        ],
        [
            0.11837514046012619,
            0.05294496025135158,
            214.87389465590854
        ],
        [
            0.11354086473327733,
            0.139843118480316,
            138.48542395468905
        ],
        [
            0.10219077711648683,
            0.24227313377020337,
            113.7811736846019
        ],
        [
            0.051765713266501846,
            0.3524910537789974,
            98.54621360633135
        ]
    ]
}