{
    "rgb_colors": [
        [
            0.11038639363659541,
            0.1071439293863321,
            0.10128948000480165
        ],
        [
            201.73168952437302,
            194.5808287131602,
            188.74657134519987
        ],
        [
            189.91334808259717,
            173.47566371681415,
            130.9609144542773
        ],
        [
            136.49215481171458,
            128.90899581589957,
            122.39016736401673
        ],
        [
            221.24920420565704,
            212.91685154818174,
            203.55464454519148
        ],
        [
            53.25142237875918,
            48.13194256299106,
            40.67163370360336
        ],
        [
            167.0561797752825,
            164.95730337078652,
            166.16479400749063
        ],
        [
            103.45517025929402,
            89.32521087160262,
            78.04029990627929
        ],
        [
            249.99689922480636,
            215.43359173126615,
            173.26304909560724
        ],
        [
            42.7569517039515,
            72.08425674263015,
            110.95013589797199
        ]
    ],
    "hex_colors": [
        "#000000",
        "#c9c2bc",
        "#bdad82",
        "#88807a",
        "#ddd4cb",
        "#353028",
        "#a7a4a6",
        "#67594e",
        "#f9d7ad",
        "#2a486e"
    ],
    "hsl_color_values": [
        [
            0.10726072633889662,
            0.08240973667227362,
            0.11038639363659541
        ],
        [
            0.07488389513104193,
            0.06436826167365393,
            201.73168952437302
        ],
        [
            0.12019506418395313,
            0.31041753633178154,
            189.91334808259717
        ],
        [
            0.07704385021449628,
            0.10331720139630717,
            136.49215481171458
        ],
        [
            0.08818347920338447,
            0.07997569855219905,
            221.24920420565704
        ],
        [
            0.09883988054215449,
            0.23623385279138795,
            53.25142237875918
        ],
        [
            0.9041161075423051,
            0.012563895614752447,
            167.0561797752825
        ],
        [
            0.07400464641746446,
            0.24566070781495386,
            103.45517025929402
        ],
        [
            0.0915948275862067,
            0.3069392075147189,
            249.99689922480636
        ],
        [
            0.5949896474618397,
            0.6146291182259558,
            110.95013589797199
        ]
    ]
}