{
    "rgb_colors": [
        [
            0.10830780318962496,
            0.10407280593234702,
            0.09965759598541979
        ],
        [
            209.79554250633538,
            201.5820098758877,
            193.26091018284052
        ],
        [
            169.95030303030205,
            162.84808080808185,
            155.89373737373833
        ],
        [
            78.57474020783373,
            74.18625099920067,
            69.87050359712232
        ],
        [
            115.7000417188151,
            110.07717980809349,
            104.56195244055071
        ],
        [
            192.72869894509276,
            185.56883959967345,
            178.4154720043261
        ],
        [
            226.63608374385043,
            217.70674261083022,
            211.22267549260425
        ],
        [
            33.492248062015435,
            31.89922480620161,
            30.394573643410904
        ],
        [
            142.5013386880853,
            136.45147255689471,
            130.60207496653328
        ],
        [
            220.4266238521768,
            211.70852346346655,
            202.92434229057372
        ]
    ],
    "hex_colors": [
        "#000000",
        "#d1c9c1",
        "#a9a29b",
        "#4e4a45",
        "#736e68",
        "#c0b9b2",
        "#e2d9d3",
        "#211f1e",
        "#8e8882",
        "#dcd3ca"
    ],
    "hsl_color_values": [
        [
            0.08506944482556911,
            0.07986688816003791,
            0.10830780318962496
        ],
        [
            0.0838754634338349,
            0.07881307737029518,
            209.79554250633538
        ],
        [
            0.08245664462969515,
            0.08270985932903833,
            169.95030303030205
        ],
        [
            0.08263691186824662,
            0.11077652420724914,
            78.57474020783373
        ],
        [
            0.08252802956526185,
            0.09626694262853594,
            115.7000417188151
        ],
        [
            0.08329553758155067,
            0.07426619397687326,
            192.72869894509276
        ],
        [
            0.070112841716905,
            0.06800950667973414,
            226.63608374385043
        ],
        [
            0.08095595595595949,
            0.09248929522045718,
            33.492248062015435
        ],
        [
            0.08192940514696118,
            0.08350282061277876,
            142.5013386880853
        ],
        [
            0.08364796271441337,
            0.07940184926726686,
            220.4266238521768
        ]
    ]
}