{
    "rgb_colors": [
        [
            119.04850011810036,
            104.21667585229486,
            92.20289740965342
        ],
        [
            1.1773115220668586,
            0.9857278331128043,
            0.9206495969772206
        ],
        [
            91.99326095095476,
            71.05665793086237,
            68.74050501268783
        ],
        [
            178.49551414768786,
            112.87991718426538,
            77.99148838279207
        ],
        [
            185.99145421902912,
            171.1205026929981,
            150.57989228007685
        ],
        [
            41.90206726599916,
            35.57703189886728,
            32.508145849492074
        ],
        [
            152.9297867241826,
            141.5770428948034,
            121.04089783529213
        ],
        [
            67.51798185496989,
            52.51207492983528,
            51.113406435610976
        ],
        [
            211.63856291749244,
            208.62791117530213,
            195.816031774688
        ],
        [
            137.8193033381699,
            70.60145137880977,
            52.00246734397659
        ]
    ],
    "hex_colors": [
        "#77685c",
        "#010000",
        "#5b4744",
        "#b2704d",
        "#b9ab96",
        "#292320",
        "#988d79",
        "#433433",
        "#d3d0c3",
        "#894634"
    ],
    "hsl_color_values": [
        [
            0.07458563805970671,
            0.22550139381693302,
            119.04850011810036
        ],
        [
            0.04225937557927965,
            0.21800680642201545,
            1.1773115220668586
        ],
        [
            0.01660127889301684,
            0.2527658623892449,
            91.99326095095476
        ],
        [
            0.057855773331717285,
            0.5630619135993433,
            178.49551414768786
        ],
        [
            0.09667563025663861,
            0.1903934892473638,
            185.99145421902912
        ],
        [
            0.054448082494113946,
            0.22418754084072717,
            41.90206726599916
        ],
        [
            0.10733176860371217,
            0.20851980226980807,
            152.9297867241826
        ],
        [
            0.014210146239381327,
            0.24296602132741915,
            67.51798185496989
        ],
        [
            0.13495395990462358,
            0.07476204206212105,
            211.63856291749244
        ],
        [
            0.03612147472649705,
            0.62267646052181,
            137.8193033381699
        ]
    ]
}