{
    "rgb_colors": [
        [
            0.21930837693125227,
            0.20469170071724818,
            0.1579493948449553
        ],
        [
            156.2216552582463,
            153.7783447417548,
            130.665712507778
        ],
        [
            107.99189159169072,
            110.15928023992002,
            84.33577696323479
        ],
        [
            184.0528662420411,
            161.12898089171972,
            81.93439490445735
        ],
        [
            237.46889835665678,
            235.50334753499695,
            208.6936092513788
        ],
        [
            34.81420365535136,
            63.78543080939948,
            29.410078328981257
        ],
        [
            168.50572642799983,
            130.9826406396312,
            52.90758481596182
        ],
        [
            198.67854627412635,
            193.3972390477532,
            158.3132835610622
        ],
        [
            65.01715647339168,
            96.88768864177919,
            39.62009531374083
        ],
        [
            139.75879828326393,
            104.59109442060085,
            41.12349785407738
        ]
    ],
    "hex_colors": [
        "#000000",
        "#9c9982",
        "#6b6e54",
        "#b8a151",
        "#edebd0",
        "#223f1d",
        "#a88234",
        "#c6c19e",
        "#416027",
        "#8b6829"
    ],
    "hsl_color_values": [
        [
            0.12696404091404584,
            0.2797840326251263,
            0.21930837693125227
        ],
        [
            0.1507322742871178,
            0.16358770945181939,
            156.2216552582463
        ],
        [
            0.18065514210708797,
            0.23441968048850043,
            110.15928023992002
        ],
        [
            0.1292527932670485,
            0.5548322795652176,
            184.0528662420411
        ],
        [
            0.15528218318115114,
            0.1211749804054765,
            237.46889835665678
        ],
        [
            0.3071317822391855,
            0.5389216948794621,
            63.78543080939948
        ],
        [
            0.11256676900236444,
            0.6860190692773369,
            168.50572642799983
        ],
        [
            0.14486034578826174,
            0.20316870376819773,
            198.67854627412635
        ],
        [
            0.2594199159776914,
            0.5910719321602627,
            96.88768864177919
        ],
        [
            0.10724287060575725,
            0.7057537818067952,
            139.75879828326393
        ]
    ]
}