{
    "rgb_colors": [
        [
            207.67205542725216,
            207.6073903002305,
            200.6905311778291
        ],
        [
            83.28292017284485,
            80.22469865817591,
            79.33795769843074
        ],
        [
            30.00590357494209,
            29.50614955723242,
            28.775418169891765
        ],
        [
            10.684320460453222,
            10.441607872261338,
            10.022651318232455
        ],
        [
            142.33772391991525,
            140.579030558483,
            136.51317175974708
        ],
        [
            62.407942934259154,
            60.15866589550761,
            59.961634856371695
        ],
        [
            110.06891937102813,
            104.08966209434422,
            101.08665105386417
        ],
        [
            0.5671323275932387,
            0.41576243084868203,
            0.4172398509447284
        ],
        [
            43.806110302869754,
            42.60600449676003,
            42.42176960719482
        ],
        [
            19.501642522483802,
            19.174107383273192,
            18.568743604932955
        ]
    ],
    "hex_colors": [
        "#cfcfc8",
        "#53504f",
        "#1e1d1c",
        "#0a0a0a",
        "#8e8c88",
        "#3e3c3b",
        "#6e6865",
        "#000000",
        "#2b2a2a",
        "#131312"
    ],
    "hsl_color_values": [
        [
            0.1651229463005634,
            0.03361802451013306,
            207.67205542725216
        ],
        [
            0.03746300780198858,
            0.04736820546429882,
            83.28292017284485
        ],
        [
            0.09897603340674721,
            0.041008110353253996,
            30.00590357494209
        ],
        [
            0.10553022331340578,
            0.061928986936498065,
            10.684320460453222
        ],
        [
            0.11634252977538583,
            0.04092064984434687,
            142.33772391991525
        ],
        [
            0.013423700317831836,
            0.03919866547218856,
            62.407942934259154
        ],
        [
            0.05572109654346589,
            0.08160585539034765,
            110.06891937102813
        ],
        [
            0.9983732783864554,
            0.2669040175983812,
            0.5671323275932387
        ],
        [
            0.022180822266851363,
            0.03160154339437545,
            43.806110302869754
        ],
        [
            0.10815101310395399,
            0.04783694073334034,
            19.501642522483802
        ]
    ]
}