{
    "rgb_colors": [
        [
            1.5260400871158737,
            1.1352044332918538,
            0.8505417551163319
        ],
        [
            131.60604611116514,
            49.30115756242212,
            47.946522529417294
        ],
        [
            63.56053967793637,
            48.16593645727563,
            37.633889453068015
        ],
        [
            187.09320794148437,
            159.15360501567326,
            140.836363636362
        ],
        [
            36.771435076758436,
            28.25614754098399,
            22.928669008585583
        ],
        [
            115.01908052884595,
            105.27238581730523,
            87.03946314102524
        ],
        [
            142.55262667081334,
            136.16101958346187,
            111.51861983213995
        ],
        [
            86.41837974000248,
            76.83995321847918,
            59.81004003418651
        ],
        [
            229.2726168791756,
            205.17425622343535,
            192.33414288605434
        ],
        [
            196.82466329966246,
            66.47870370370364,
            68.17289562289585
        ]
    ],
    "hex_colors": [
        "#010100",
        "#83312f",
        "#3f3025",
        "#bb9f8c",
        "#241c16",
        "#736957",
        "#8e886f",
        "#564c3b",
        "#e5cdc0",
        "#c44244"
    ],
    "hsl_color_values": [
        [
            0.07023522849491286,
            0.44264782930846464,
            1.5260400871158737
        ],
        [
            0.002698706564832287,
            0.6356814603417401,
            131.60604611116514
        ],
        [
            0.06770412498889831,
            0.4079048157274885,
            63.56053967793637
        ],
        [
            0.06599831028422483,
            0.24723957012693776,
            187.09320794148437
        ],
        [
            0.06414275039831442,
            0.3764543330788371,
            36.771435076758436
        ],
        [
            0.10860836314972051,
            0.24326065952860426,
            115.01908052884595
        ],
        [
            0.1323408429523915,
            0.21770210457319752,
            142.55262667081334
        ],
        [
            0.1066702731335164,
            0.3079013953498037,
            86.41837974000248
        ],
        [
            0.05793468593104362,
            0.16111158190595198,
            229.2726168791756
        ],
        [
            0.997833724031488,
            0.6622440369554152,
            196.82466329966246
        ]
    ]
}