{
    "rgb_colors": [
        [
            0.21955730870999446,
            0.15972449313991888,
            0.10406106932159531
        ],
        [
            134.09042159763217,
            89.21163091715988,
            53.24620931952635
        ],
        [
            121.9039185750618,
            59.61048346055969,
            31.004987277353674
        ],
        [
            49.739620639342135,
            31.98965380023881,
            15.584825573683272
        ],
        [
            89.99227438662018,
            38.873503693013234,
            16.13991000933803
        ],
        [
            156.38444284226807,
            136.20996555315455,
            106.98654169670809
        ],
        [
            179.439513012109,
            162.22120587477335,
            131.94331357897443
        ],
        [
            124.88416432836871,
            108.34628390531643,
            81.69033743434574
        ],
        [
            88.80878378378387,
            73.03063063063078,
            49.33096846846802
        ],
        [
            163.81066566754208,
            119.35656300736738,
            68.88360184838353
        ]
    ],
    "hex_colors": [
        "#000000",
        "#865935",
        "#793b1f",
        "#311f0f",
        "#592610",
        "#9c886a",
        "#b3a283",
        "#7c6c51",
        "#584931",
        "#a37744"
    ],
    "hsl_color_values": [
        [
            0.08032501622720166,
            0.5260414242959868,
            0.21955730870999446
        ],
        [
            0.07414552958124719,
            0.6029081817692891,
            134.09042159763217
        ],
        [
            0.05244927117554802,
            0.7456604542350089,
            121.9039185750618
        ],
        [
            0.08005136709218058,
            0.6866718046225653,
            49.739620639342135
        ],
        [
            0.05130414323983451,
            0.8206522713272189,
            89.99227438662018
        ],
        [
            0.0985987365817233,
            0.3158747778727806,
            156.38444284226807
        ],
        [
            0.1062467195872669,
            0.26469197689992285,
            179.439513012109
        ],
        [
            0.10285399707837746,
            0.34587112886826643,
            124.88416432836871
        ],
        [
            0.10005476904294068,
            0.44452602133849217,
            88.80878378378387
        ],
        [
            0.08861709037150478,
            0.5794925710870099,
            163.81066566754208
        ]
    ]
}