{
    "rgb_colors": [
        [
            54.83130622070182,
            39.66723679209426,
            34.985873558849576
        ],
        [
            1.124222475215717,
            0.9183124618455984,
            0.7989655001802873
        ],
        [
            192.95400548279025,
            102.0204081632653,
            72.18732866280814
        ],
        [
            88.67474876375752,
            84.81400542351253,
            78.44361142127924
        ],
        [
            130.86548471047635,
            121.23324658425504,
            112.93217306441198
        ],
        [
            133.70509282488652,
            76.24222277972905,
            54.292272955342966
        ],
        [
            166.7451986319371,
            159.93435937911076,
            153.64456721915067
        ],
        [
            205.00925170067887,
            194.1491156462585,
            184.39265306122377
        ],
        [
            83.62005103300751,
            55.57889538233599,
            44.08782615853222
        ],
        [
            28.79945626099468,
            24.531984647369264,
            21.722853030545323
        ]
    ],
    "hex_colors": [
        "#362722",
        "#010000",
        "#c06648",
        "#58544e",
        "#827970",
        "#854c36",
        "#a69f99",
        "#cdc2b8",
        "#53372c",
        "#1c1815"
    ],
    "hsl_color_values": [
        [
            0.03931520258767485,
            0.3619361643870433,
            54.83130622070182
        ],
        [
            0.061155215119937524,
            0.2893172678948791,
            1.124222475215717
        ],
        [
            0.04117178718227479,
            0.6258832332493528,
            192.95400548279025
        ],
        [
            0.10377461450912014,
            0.1153782501232174,
            88.67474876375752
        ],
        [
            0.07714761671533216,
            0.13703622223796896,
            130.86548471047635
        ],
        [
            0.04606718382171512,
            0.5939401274231976,
            133.70509282488652
        ],
        [
            0.08001894414825883,
            0.07856676846032566,
            166.7451986319371
        ],
        [
            0.07887222940809828,
            0.10056423536219773,
            205.00925170067887
        ],
        [
            0.048446000953613545,
            0.4727601141844634,
            83.62005103300751
        ],
        [
            0.06616007532956747,
            0.24572002909769328,
            28.79945626099468
        ]
    ]
}