{
    "rgb_colors": [
        [
            57.117940673129986,
            65.16795018064118,
            67.03703175508568
        ],
        [
            39.04402665397164,
            41.552831984766854,
            39.78438838648097
        ],
        [
            104.31545636242492,
            124.43537641572213,
            131.82045303131335
        ],
        [
            212.03123401768704,
            209.21494849127424,
            197.81767370497886
        ],
        [
            190.25754884547212,
            89.1907637655423,
            43.450088809946685
        ],
        [
            161.85487716388627,
            158.50461283300564,
            149.26899554265552
        ],
        [
            0.2220860536114344,
            0.21466610218615756,
            0.18630094253580864
        ],
        [
            77.48653466607223,
            96.54421595467055,
            102.85229515502638
        ],
        [
            228.79494799405518,
            227.6701337295691,
            218.39759382639448
        ],
        [
            192.93097935962774,
            187.88603131317421,
            175.52207438055086
        ]
    ],
    "hex_colors": [
        "#394143",
        "#272927",
        "#687c83",
        "#d4d1c5",
        "#be592b",
        "#a19e95",
        "#000000",
        "#4d6066",
        "#e4e3da",
        "#c0bbaf"
    ],
    "hsl_color_values": [
        [
            0.5314054577346748,
            0.1479643537648606,
            67.03703175508568
        ],
        [
            0.38251754885226963,
            0.06037627788437941,
            41.552831984766854
        ],
        [
            0.5447499091679867,
            0.20865500031588222,
            131.82045303131335
        ],
        [
            0.13364320802983717,
            0.0670352194975318,
            212.03123401768704
        ],
        [
            0.051928191006695636,
            0.7716248891378443,
            190.25754884547212
        ],
        [
            0.12230128923150985,
            0.07776028650954343,
            161.85487716388627
        ],
        [
            0.132108758818735,
            0.16113173472043416,
            0.2220860536114344
        ],
        [
            0.5414474674966067,
            0.24662318376776182,
            102.85229515502638
        ],
        [
            0.1486362099698942,
            0.045443984925448835,
            228.79494799405518
        ],
        [
            0.11836812776261284,
            0.0902338496225963,
            192.93097935962774
        ]
    ]
}