{
    "rgb_colors": [
        [
            0.09392678374227614,
            0.08870657228327161,
            0.08252376862245825
        ],
        [
            173.68229988725798,
            175.13449830890642,
            175.58759864712513
        ],
        [
            87.94057431534185,
            78.16365328370114,
            70.45120978463174
        ],
        [
            217.06322911806404,
            215.610825944937,
            212.00478301446572
        ],
        [
            109.37780269058283,
            101.27514413837284,
            93.4926329276105
        ],
        [
            243.0932203389821,
            245.12099811676083,
            244.72598870056495
        ],
        [
            154.1517697132582,
            151.21034946236557,
            147.47860663082437
        ],
        [
            38.040144107050985,
            31.215903242408643,
            28.408903757076683
        ],
        [
            193.6260162601597,
            194.31467413034787,
            193.44155671064908
        ],
        [
            132.73782724168078,
            129.31491083849752,
            124.56468951561907
        ]
    ],
    "hex_colors": [
        "#000000",
        "#adafaf",
        "#574e46",
        "#d9d7d4",
        "#6d655d",
        "#f3f5f4",
        "#9a9793",
        "#261f1c",
        "#c1c2c1",
        "#84817c"
    ],
    "hsl_color_values": [
        [
            0.09036796548759497,
            0.12140323202278919,
            0.09392678374227614
        ],
        [
            0.539635108481212,
            0.01085098705459371,
            175.58759864712513
        ],
        [
            0.07349650969809758,
            0.19887707883275632,
            87.94057431534185
        ],
        [
            0.1188126042602335,
            0.023304021248329265,
            217.06322911806404
        ],
        [
            0.08165384576607893,
            0.14523211631805802,
            109.37780269058283
        ],
        [
            0.46753347264145023,
            0.008272558423627285,
            245.12099811676083
        ],
        [
            0.0932027482180699,
            0.043289565178828364,
            154.1517697132582
        ],
        [
            0.048574558473828876,
            0.2531862214525389,
            38.040144107050985
        ],
        [
            0.29812242405795075,
            0.004493316954092166,
            194.31467413034787
        ],
        [
            0.09686653771764654,
            0.06157353857525911,
            132.73782724168078
        ]
    ]
}