{
    "rgb_colors": [
        [
            29.035240916887574,
            28.596600654919683,
            27.0678309683437
        ],
        [
            176.20838967009195,
            172.21515008112493,
            161.13240265008466
        ],
        [
            109.69947735191637,
            108.09654471544715,
            102.05734610917433
        ],
        [
            214.47589504976088,
            210.25798112963682,
            198.59713067080418
        ],
        [
            0.40570019105192046,
            0.42260971228149913,
            0.4502124383750612
        ],
        [
            159.3851892105523,
            155.57054638869676,
            145.83939334057467
        ],
        [
            68.34706906558328,
            67.49139098471659,
            63.62642677500353
        ],
        [
            139.42298689138576,
            136.93102372034957,
            129.6705680399504
        ],
        [
            188.68483144140745,
            185.09369319935524,
            172.86803388319404
        ],
        [
            42.22998729351969,
            93.98856416772554,
            118.1753494282083
        ]
    ],
    "hex_colors": [
        "#1d1c1b",
        "#b0aca1",
        "#6d6c66",
        "#d6d2c6",
        "#000000",
        "#9f9b91",
        "#44433f",
        "#8b8881",
        "#bcb9ac",
        "#2a5d76"
    ],
    "hsl_color_values": [
        [
            0.12950780692719563,
            0.067759380890812,
            29.035240916887574
        ],
        [
            0.12252097122322626,
            0.08555771406931002,
            176.20838967009195
        ],
        [
            0.13170842911150007,
            0.06966424478237075,
            109.69947735191637
        ],
        [
            0.12239460389296368,
            0.07403519344340606,
            214.47589504976088
        ],
        [
            0.603352551838814,
            0.0988694303600263,
            0.4502124383750612
        ],
        [
            0.1197315282853408,
            0.08498779552272741,
            159.3851892105523
        ],
        [
            0.13645615616847173,
            0.06906868655991674,
            68.34706906558328
        ],
        [
            0.12407957094204336,
            0.06994842865497314,
            139.42298689138576
        ],
        [
            0.12882569170702754,
            0.08382654523622912,
            188.68483144140745
        ],
        [
            0.5530793555187471,
            0.6426497785041502,
            118.1753494282083
        ]
    ]
}