{
    "rgb_colors": [
        [
            0.21236190415430656,
            0.2057907216604491,
            0.19019213796737233
        ],
        [
            135.1677473921624,
            33.85988159007612,
            30.387933464899135
        ],
        [
            92.88507419260984,
            86.50189118417224,
            81.52080302589471
        ],
        [
            164.43052304752808,
            160.32825411989492,
            149.9164079292977
        ],
        [
            212.0158361774744,
            210.56784982935153,
            205.57078498292879
        ],
        [
            43.13772186025612,
            41.57290496517636,
            36.75645922264616
        ],
        [
            38.86997464686708,
            67.2854038391887,
            100.81057587830504
        ],
        [
            132.79807692307693,
            123.620841995842,
            118.40072765072728
        ],
        [
            177.53075053018154,
            174.19277918584802,
            165.19510681218912
        ],
        [
            193.0029771161964,
            191.430704287936,
            184.12099533436847
        ]
    ],
    "hex_colors": [
        "#000000",
        "#87211e",
        "#5c5651",
        "#a4a095",
        "#d4d2cd",
        "#2b2924",
        "#264364",
        "#847b76",
        "#b1aea5",
        "#c1bfb8"
    ],
    "hsl_color_values": [
        [
            0.11726618706417845,
            0.10439615464563368,
            0.21236190415430656
        ],
        [
            0.005522609739167202,
            0.7751835474720565,
            135.1677473921624
        ],
        [
            0.07305187878167181,
            0.12234765666601898,
            92.88507419260984
        ],
        [
            0.11956000653827292,
            0.0882689834540947,
            164.43052304752808
        ],
        [
            0.12922226929326577,
            0.03039891411295609,
            212.0158361774744
        ],
        [
            0.12579657078477904,
            0.14792766892702286,
            43.13772186025612
        ],
        [
            0.5902078533643632,
            0.6144256263966835,
            100.81057587830504
        ],
        [
            0.06042911379457927,
            0.10841534460389286,
            132.79807692307693
        ],
        [
            0.12156739417572453,
            0.06948454665545539,
            177.53075053018154
        ],
        [
            0.13716362581233124,
            0.04601992111489857,
            193.0029771161964
        ]
    ]
}