{
    "rgb_colors": [
        [
            16.706242950323315,
            16.418321808641068,
            15.624000784659845
        ],
        [
            169.54609684645598,
            152.0049974151301,
            128.02515940031128
        ],
        [
            58.858018803652016,
            54.88708725076077,
            49.31212245083433
        ],
        [
            94.67760236803315,
            91.68927807926329,
            84.98495313270593
        ],
        [
            1.989388620411681,
            1.9298235615938708,
            1.7706528676875593
        ],
        [
            210.0089361702149,
            208.8068085106383,
            198.4399999999982
        ],
        [
            71.69628911234946,
            74.53606247766831,
            66.4098820887115
        ],
        [
            130.5992332645264,
            109.52182247124742,
            95.43158360365621
        ],
        [
            37.4250149970003,
            33.987177564487105,
            32.35490401919623
        ],
        [
            97.12111801242271,
            64.28711180124223,
            54.907919254657905
        ]
    ],
    "hex_colors": [
        "#10100f",
        "#a99880",
        "#3a3631",
        "#5e5b54",
        "#010101",
        "#d2d0c6",
        "#474a42",
        "#826d5f",
        "#252120",
        "#614036"
    ],
    "hsl_color_values": [
        [
            0.12232644553175753,
            0.06478070317075839,
            16.706242950323315
        ],
        [
            0.09625600757016546,
            0.24489468185013313,
            169.54609684645598
        ],
        [
            0.09733615007389824,
            0.1621851456581033,
            58.858018803652016
        ],
        [
            0.1152819486152767,
            0.10237531362116369,
            94.67760236803315
        ],
        [
            0.12128080871097459,
            0.10995124355283432,
            1.989388620411681
        ],
        [
            0.14934834050585413,
            0.05508782807622967,
            210.0089361702149
        ],
        [
            0.22490996649910286,
            0.10902347291811249,
            74.53606247766831
        ],
        [
            0.06677651669202928,
            0.26927914339005915,
            130.5992332645264
        ],
        [
            0.0536567329734543,
            0.13547385293527456,
            37.4250149970003
        ],
        [
            0.03703104251194694,
            0.43464490135261147,
            97.12111801242271
        ]
    ]
}