{
    "rgb_colors": [
        [
            217.20040322580934,
            217.4226612903226,
            217.89387096773868
        ],
        [
            0.61583714119881,
            0.6123074397351331,
            0.6155772019763219
        ],
        [
            198.35413478433796,
            198.11670350847362,
            197.0619509153729
        ],
        [
            142.2650880739253,
            139.5781114640485,
            138.03912792376497
        ],
        [
            65.28228900255777,
            64.75,
            64.50703324808161
        ],
        [
            102.17902138880719,
            101.25168473483738,
            100.50219748022297
        ],
        [
            177.73358328278994,
            177.22081931962288,
            175.91161713624342
        ],
        [
            10.909616430904961,
            10.869525299238305,
            10.952733949943266
        ],
        [
            30.173201882142997,
            30.042796325341698,
            30.169616849651874
        ],
        [
            161.19100837122625,
            159.97144435473592,
            158.3583053584306
        ]
    ],
    "hex_colors": [
        "#d9d9d9",
        "#000000",
        "#c6c6c5",
        "#8e8b8a",
        "#414040",
        "#666564",
        "#b1b1af",
        "#0a0a0a",
        "#1e1e1e",
        "#a19f9e"
    ],
    "hsl_color_values": [
        [
            0.6132496026671941,
            0.0031825940713679553,
            217.89387096773868
        ],
        [
            0.845607233603322,
            0.00573155015757214,
            0.61583714119881
        ],
        [
            0.1360426353185449,
            0.006514529532595783,
            198.35413478433796
        ],
        [
            0.06069561652260038,
            0.029704829254837337,
            142.2650880739253
        ],
        [
            0.05223367697596337,
            0.011875437677220359,
            65.28228900255777
        ],
        [
            0.07449472887180114,
            0.01641064756535134,
            102.17902138880719
        ],
        [
            0.11976093206241419,
            0.010251107938602717,
            177.73358328278994
        ],
        [
            0.746969077788179,
            0.007597066731032208,
            10.952733949943266
        ],
        [
            0.8379152348246763,
            0.004321899853739951,
            30.173201882142997
        ],
        [
            0.09491164381502885,
            0.01757357957753983,
            161.19100837122625
        ]
    ]
}