{
    "rgb_colors": [
        [
            0.09867106688163574,
            0.09668687225398997,
            0.0930798655259295
        ],
        [
            209.47885512140354,
            206.86476925550835,
            200.64109985528242
        ],
        [
            156.5515548281481,
            153.9756137479518,
            148.20752864156904
        ],
        [
            70.25222863135812,
            67.859989512323,
            64.33141059255374
        ],
        [
            104.65780969479363,
            102.29263913824087,
            97.27612208258566
        ],
        [
            133.3311106480524,
            132.5284434257147,
            128.00416753490424
        ],
        [
            16.331753554502445,
            75.80094786729879,
            112.21327014217965
        ],
        [
            31.52587745389645,
            30.720999405115958,
            29.38964901844136
        ],
        [
            177.22500379304807,
            174.6228189955966,
            169.04308906083622
        ],
        [
            196.8465654746519,
            194.05747363004255,
            187.81029071262756
        ]
    ],
    "hex_colors": [
        "#000000",
        "#d1cec8",
        "#9c9994",
        "#464340",
        "#686661",
        "#858480",
        "#104b70",
        "#1f1e1d",
        "#b1aea9",
        "#c4c2bb"
    ],
    "hsl_color_values": [
        [
            0.10752032519747161,
            0.05666505422925395,
            0.09867106688163574
        ],
        [
            0.11736897007629499,
            0.042189247506623985,
            209.47885512140354
        ],
        [
            0.11521386633190778,
            0.05329890332765196,
            156.5515548281481
        ],
        [
            0.09932689752900542,
            0.08427943360876582,
            70.25222863135812
        ],
        [
            0.11326490903784674,
            0.0705316462644754,
            104.65780969479363
        ],
        [
            0.14155322589058222,
            0.03995273936635413,
            133.3311106480524
        ],
        [
            0.5632939548218073,
            0.8544579127423225,
            112.21327014217965
        ],
        [
            0.10387078808131418,
            0.06776110953863586,
            31.52587745389645
        ],
        [
            0.11365982408317388,
            0.04616681933755896,
            177.22500379304807
        ],
        [
            0.11522415822039989,
            0.04590516852674243,
            196.8465654746519
        ]
    ]
}