{
    "rgb_colors": [
        [
            0.20891971545944443,
            0.20242167433976022,
            0.186537573827934
        ],
        [
            142.11986316989623,
            137.46143671607624,
            126.28711516533639
        ],
        [
            232.99394126104005,
            230.1683097145214,
            219.38190593551036
        ],
        [
            60.65015479876177,
            56.315170278637964,
            47.806191950464395
        ],
        [
            174.30858947879693,
            165.85603207386498,
            152.9276515611712
        ],
        [
            123.49094681252397,
            65.88796680497907,
            50.864013579781215
        ],
        [
            174.07300884955845,
            102.87127916331484,
            83.39923572003218
        ],
        [
            89.91190494801833,
            89.96021261627467,
            80.42163683264285
        ],
        [
            115.55055542960804,
            113.88069598730561,
            104.75957832691
        ],
        [
            203.47982169390406,
            198.08867756314623,
            187.33664190193164
        ]
    ],
    "hex_colors": [
        "#000000",
        "#8e897e",
        "#e8e6db",
        "#3c382f",
        "#aea598",
        "#7b4132",
        "#ae6653",
        "#595950",
        "#737168",
        "#cbc6bb"
    ],
    "hsl_color_values": [
        [
            0.11827956988607953,
            0.10713274035573368,
            0.20891971545944443
        ],
        [
            0.11762878589281778,
            0.11140418834792076,
            142.11986316989623
        ],
        [
            0.1320694459113557,
            0.058422271634433344,
            232.99394126104005
        ],
        [
            0.11041475839239057,
            0.21177131189382545,
            60.65015479876177
        ],
        [
            0.10077808998606541,
            0.12266141319574238,
            174.30858947879693
        ],
        [
            0.034477460258101,
            0.5881154457662415,
            123.49094681252397
        ],
        [
            0.03579139217295522,
            0.5208950757431356,
            174.07300884955845
        ],
        [
            0.1675107421581609,
            0.10603104979663205,
            89.96021261627467
        ],
        [
            0.14087568366283662,
            0.09338749660335269,
            115.55055542960804
        ],
        [
            0.11100699903168293,
            0.07933553144280173,
            203.47982169390406
        ]
    ]
}