{
    "rgb_colors": [
        [
            0.05505540373579265,
            0.05249692201435607,
            0.04877331011081054
        ],
        [
            178.20815354858547,
            171.8330605564648,
            168.788275554233
        ],
        [
            151.08723110322322,
            145.92559700019734,
            143.16242352476812
        ],
        [
            68.98026315789478,
            64.74605263157895,
            58.453947368421055
        ],
        [
            129.70154043645715,
            125.17329910141206,
            123.16302952503209
        ],
        [
            193.10929853181543,
            187.72063621533442,
            184.2936378466558
        ],
        [
            221.3483043079722,
            215.96975252062327,
            209.90650779101742
        ],
        [
            30.63627254509017,
            28.98897795591182,
            26.55310621242485
        ],
        [
            109.66666666666657,
            99.04515272244355,
            86.53652058432934
        ],
        [
            162.89690584155824,
            157.45305414777272,
            156.02173913043478
        ]
    ],
    "hex_colors": [
        "#000000",
        "#b2aba8",
        "#97918f",
        "#44403a",
        "#817d7b",
        "#c1bbb8",
        "#ddd7d1",
        "#1e1c1a",
        "#6d6356",
        "#a29d9c"
    ],
    "hsl_color_values": [
        [
            0.09878903769537861,
            0.11410494154451167,
            0.05505540373579265
        ],
        [
            0.05387162841629961,
            0.052858849647327184,
            178.20815354858547
        ],
        [
            0.05811231478017986,
            0.052451868503969414,
            151.08723110322322
        ],
        [
            0.09962499999999956,
            0.1525989508822132,
            68.98026315789478
        ],
        [
            0.05124177873760536,
            0.05041197575157856,
            129.70154043645715
        ],
        [
            0.0647899703922677,
            0.04565114550248971,
            193.10929853181543
        ],
        [
            0.08832011535690172,
            0.05169136738014165,
            221.3483043079722
        ],
        [
            0.09942740286298585,
            0.1332788225674567,
            30.63627254509017
        ],
        [
            0.09013224627279892,
            0.21091318616112997,
            109.66666666666657
        ],
        [
            0.0346977044940158,
            0.0422056310744821,
            162.89690584155824
        ]
    ]
}