{
    "rgb_colors": [
        [
            12.570266300048527,
            12.386116237899731,
            11.986364834833285
        ],
        [
            30.365967365967222,
            29.953120953120955,
            29.602952602952396
        ],
        [
            0.15386107459289633,
            0.1436345610896792,
            0.13794478329320814
        ],
        [
            45.13303769401279,
            44.21507760532151,
            44.212121212120714
        ],
        [
            8.875515939228846,
            8.675419337841397,
            8.407218758233034
        ],
        [
            102.23170731707296,
            100.71341463414635,
            100.67073170731686
        ],
        [
            4.96311232994572,
            4.820670000537721,
            4.551540571059915
        ],
        [
            16.531654864935657,
            16.282979281405716,
            15.857330186204848
        ],
        [
            64.81059602648985,
            63.49139072847682,
            63.47549668874154
        ],
        [
            21.759539842874027,
            21.526748971193413,
            21.166386083053627
        ]
    ],
    "hex_colors": [
        "#0c0c0b",
        "#1e1d1d",
        "#000000",
        "#2d2c2c",
        "#080808",
        "#666464",
        "#040404",
        "#10100f",
        "#403f3f",
        "#151515"
    ],
    "hsl_color_values": [
        [
            0.11410355653046338,
            0.04645100201361584,
            12.570266300048527
        ],
        [
            0.07648789318854345,
            0.025127299710859148,
            30.365967365967222
        ],
        [
            0.059580230190334704,
            0.1034458607662879,
            0.15386107459289633
        ],
        [
            0.0005350454789565343,
            0.020404487022025648,
            45.13303769401279
        ],
        [
            0.0954524144397821,
            0.05276281223562313,
            8.875515939228846
        ],
        [
            0.004557291666689833,
            0.015268996779196038,
            102.23170731707296
        ],
        [
            0.10898440902358675,
            0.08292614221171707,
            4.96311232994572
        ],
        [
            0.10520379589300365,
            0.04078990786101397,
            16.531654864935657
        ],
        [
            0.0019841269841495146,
            0.020600016349218764,
            64.81059602648985
        ],
        [
            0.10125617575924438,
            0.027259480857755817,
            21.759539842874027
        ]
    ]
}