{
    "rgb_colors": [
        [
            0.0691492313650457,
            0.0682216390628625,
            0.06592247865349066
        ],
        [
            173.46577331836755,
            170.08772856293885,
            167.72704468941845
        ],
        [
            185.46297864333684,
            182.43738827735737,
            180.25185812400036
        ],
        [
            105.5224423776789,
            102.52769915082902,
            100.52244237767893
        ],
        [
            216.25774473357,
            213.89002478313643,
            211.9334985543164
        ],
        [
            136.0719193770044,
            133.07237746220818,
            129.41456710948236
        ],
        [
            202.00004974628337,
            199.3586707790167,
            197.56108844891057
        ],
        [
            33.3266509433963,
            32.80424528301896,
            31.653301886792455
        ],
        [
            160.80993876590128,
            157.49281676872732,
            152.99163918982572
        ],
        [
            75.67540983606554,
            73.70928961748632,
            69.90382513661203
        ]
    ],
    "hex_colors": [
        "#000000",
        "#adaaa7",
        "#b9b6b4",
        "#696664",
        "#d8d5d3",
        "#888581",
        "#cac7c5",
        "#21201f",
        "#a09d98",
        "#4b4945"
    ],
    "hsl_color_values": [
        [
            0.11875511878854335,
            0.04666360923841202,
            0.0691492313650457
        ],
        [
            0.06856001349648233,
            0.033082772002616466,
            173.46577331836755
        ],
        [
            0.06989955887757539,
            0.028097901572895375,
            185.46297864333684
        ],
        [
            0.06684189243833687,
            0.04738328536885362,
            105.5224423776789
        ],
        [
            0.07540914445801102,
            0.019995797998268623,
            216.25774473357
        ],
        [
            0.09157320122021284,
            0.04892524701644731,
            136.0719193770044
        ],
        [
            0.06749260355007068,
            0.021975050515820344,
            202.00004974628337
        ],
        [
            0.11463471928588571,
            0.05021053748982906,
            33.3266509433963
        ],
        [
            0.09595389072144415,
            0.04861826101095053,
            160.80993876590128
        ],
        [
            0.10989080350943636,
            0.07626763716187869,
            75.67540983606554
        ]
    ]
}