{
    "rgb_colors": [
        [
            0.19317950803008443,
            0.18536965509807146,
            0.172528291676187
        ],
        [
            79.32958633093526,
            70.04766187050322,
            63.85566546762528
        ],
        [
            178.56033915649442,
            176.46740004385717,
            170.2440245596073
        ],
        [
            48.19131238447319,
            43.05845656192355,
            38.63955637708082
        ],
        [
            108.56992875890514,
            104.18585176852882,
            96.62742157230336
        ],
        [
            135.93426395939088,
            133.00820642978007,
            125.97673434856225
        ],
        [
            161.59975534685503,
            158.72077973324903,
            151.1585115618314
        ],
        [
            240.3316106804479,
            241.59194659776324,
            241.30673987941776
        ],
        [
            196.6791713325868,
            195.95326901541947,
            191.35597381342063
        ],
        [
            215.44468962313454,
            215.2438302073058,
            211.6029847279495
        ]
    ],
    "hex_colors": [
        "#000000",
        "#4f463f",
        "#b2b0aa",
        "#302b26",
        "#6c6860",
        "#87857d",
        "#a19e97",
        "#f0f1f1",
        "#c4c3bf",
        "#d7d7d3"
    ],
    "hsl_color_values": [
        [
            0.1036368609143367,
            0.10690169244390747,
            0.19317950803008443
        ],
        [
            0.06669281881404847,
            0.19505863548510385,
            79.32958633093526
        ],
        [
            0.12472222344296868,
            0.04657425403744613,
            178.56033915649442
        ],
        [
            0.07710449927431871,
            0.19820493642480383,
            48.19131238447319
        ],
        [
            0.10548357613306436,
            0.10999829624206346,
            108.56992875890514
        ],
        [
            0.11769103977977348,
            0.07325253634214955,
            135.93426395939088
        ],
        [
            0.12071148366226488,
            0.0646117549040388,
            161.59975534685503
        ],
        [
            0.46228429865044723,
            0.005216796069008533,
            241.59194659776324
        ],
        [
            0.14393902616633056,
            0.027065385130002312,
            196.6791713325868
        ],
        [
            0.1579526789403454,
            0.01783151351701974,
            215.44468962313454
        ]
    ]
}