{
    "rgb_colors": [
        [
            0.02782093435017896,
            0.02696927309370456,
            0.026540861674727356
        ],
        [
            196.53816793893125,
            184.92748091603056,
            184.40076335877862
        ],
        [
            112.66666666666679,
            102.35555555555563,
            99.75925925925927
        ],
        [
            193.0434782608699,
            148.50000000000006,
            155.98913043478262
        ],
        [
            136.40837696335066,
            69.82722513089013,
            76.00523560209425
        ],
        [
            69.36065573770493,
            60.55464480874305,
            57.72950819672131
        ],
        [
            150.88363636363667,
            139.97090909090943,
            137.08727272727273
        ],
        [
            169.66545454545474,
            107.07999999999984,
            116.55272727272727
        ],
        [
            29.308005427408343,
            27.778833107191236,
            27.843962008141112
        ],
        [
            215.62672811059878,
            215.43778801843285,
            213.34101382488478
        ]
    ],
    "hex_colors": [
        "#000000",
        "#c4b8b8",
        "#706663",
        "#c1949b",
        "#88454c",
        "#453c39",
        "#968b89",
        "#a96b74",
        "#1d1b1b",
        "#d7d7d5"
    ],
    "hsl_color_values": [
        [
            0.055779569810500786,
            0.04601113173768624,
            0.02782093435017896
        ],
        [
            0.007232704402516203,
            0.06175596683044279,
            196.53816793893125
        ],
        [
            0.03352462936394122,
            0.11456278763971159,
            112.66666666666679
        ],
        [
            0.9719782007483329,
            0.2307432432432443,
            193.0434782608699
        ],
        [
            0.9845351366936648,
            0.4881016350656319,
            136.40837696335066
        ],
        [
            0.04048234280792242,
            0.16769085322618782,
            69.36065573770493
        ],
        [
            0.034835705499915416,
            0.09143710987395644,
            150.88363636363667
        ],
        [
            0.9747738849185595,
            0.3688756483346924,
            169.66545454545474
        ],
        [
            0.9929015084294501,
            0.05217592592592642,
            29.308005427408343
        ],
        [
            0.15288978494623312,
            0.010600329123120627,
            215.62672811059878
        ]
    ]
}