{
    "rgb_colors": [
        [
            0.06590238350793953,
            0.0634282325750064,
            0.06038155087685482
        ],
        [
            218.92731063237864,
            215.9945100764473,
            207.06268241834607
        ],
        [
            117.57845744680853,
            114.59574468085106,
            110.19547872340425
        ],
        [
            192.54957627119222,
            190.04166666666103,
            182.84152542372883
        ],
        [
            71.59243085880641,
            69.46579330422125,
            66.45414847161572
        ],
        [
            206.26581041463774,
            203.6816976127252,
            196.39690073991346
        ],
        [
            155.2628015234864,
            153.13330512061003,
            149.28015234870927
        ],
        [
            30.579347826087,
            29.583695652173866,
            28.23804347826087
        ],
        [
            177.17390365089537,
            174.90386692590312,
            169.31151436595377
        ],
        [
            226.70370370369187,
            223.5010498026486,
            214.52792475014695
        ]
    ],
    "hex_colors": [
        "#000000",
        "#dad7cf",
        "#75726e",
        "#c0beb6",
        "#474542",
        "#cecbc4",
        "#9b9995",
        "#1e1d1c",
        "#b1aea9",
        "#e2dfd6"
    ],
    "hsl_color_values": [
        [
            0.09197530824720863,
            0.08377288251523707,
            0.06590238350793953
        ],
        [
            0.125468570625435,
            0.05419437245979591,
            218.92731063237864
        ],
        [
            0.09933357348703131,
            0.06279193386036956,
            117.57845744680853
        ],
        [
            0.12361117173199121,
            0.05041844825350489,
            192.54957627119222
        ],
        [
            0.09768649669499511,
            0.07177130774235524,
            71.59243085880641
        ],
        [
            0.12302603348826484,
            0.04784559135072211,
            206.26581041463774
        ],
        [
            0.1073424347457332,
            0.03853240516127191,
            155.2628015234864
        ],
        [
            0.09579077684926744,
            0.07656488820957728,
            30.579347826087
        ],
        [
            0.11854650364065267,
            0.04437667807124521,
            177.17390365089537
        ],
        [
            0.12282752896464118,
            0.05370789605386865,
            226.70370370369187
        ]
    ]
}