{
    "rgb_colors": [
        [
            69.48792458159755,
            67.57432384718584,
            64.63290021891109
        ],
        [
            221.67556067723456,
            218.95585497740575,
            208.7366368229767
        ],
        [
            148.70539906102985,
            145.8025821596275,
            138.94201877934273
        ],
        [
            200.30369475137945,
            197.28858770718358,
            187.89243784530385
        ],
        [
            117.83369588862226,
            115.22612573417513,
            109.17065477485318
        ],
        [
            0.38751139145625757,
            0.3562425289856179,
            0.3578758003621587
        ],
        [
            50.556801034707235,
            48.821082129767866,
            46.77473593446864
        ],
        [
            29.592480748903263,
            28.484372640799208,
            27.39513815491469
        ],
        [
            174.26726892145086,
            171.24765891814383,
            163.3516580367963
        ],
        [
            90.27473130072315,
            88.0655297214307,
            83.61795349857425
        ]
    ],
    "hex_colors": [
        "#454340",
        "#dddad0",
        "#94918a",
        "#c8c5bb",
        "#75736d",
        "#000000",
        "#32302e",
        "#1d1c1b",
        "#aeaba3",
        "#5a5853"
    ],
    "hsl_color_values": [
        [
            0.10097524435652024,
            0.06986860511260999,
            69.48792458159755
        ],
        [
            0.13163405588616214,
            0.05836874310694663,
            221.67556067723456
        ],
        [
            0.117113868051637,
            0.06565585609759975,
            148.70539906102985
        ],
        [
            0.1261777907613329,
            0.061962196560980475,
            200.30369475137945
        ],
        [
            0.11650010044196746,
            0.07351921747373083,
            117.83369588862226
        ],
        [
            0.991294473972447,
            0.08069146652213781,
            0.38751139145625757
        ],
        [
            0.09017763845339999,
            0.07480823594123787,
            50.556801034707235
        ],
        [
            0.0826175588082634,
            0.07425340959527393,
            29.592480748903263
        ],
        [
            0.12056129160314062,
            0.062637183403469,
            174.26726892145086
        ],
        [
            0.11135458112634011,
            0.07373910402429047,
            90.27473130072315
        ]
    ]
}