{
    "rgb_colors": [
        [
            117.3722988505725,
            91.75574712643677,
            77.63298850574705
        ],
        [
            0.2097586629131598,
            0.19479527022030396,
            0.1759616095804546
        ],
        [
            228.1634641407231,
            223.24221921515564,
            204.12165087955992
        ],
        [
            82.18416447944048,
            59.82075678040245,
            48.22058180227506
        ],
        [
            178.30228282519099,
            162.4790868699249,
            145.4049333537625
        ],
        [
            56.43859438714302,
            36.40333413288558,
            27.069920844327125
        ],
        [
            210.77245018650962,
            201.82986079519608,
            181.40096442543117
        ],
        [
            158.95793528505706,
            75.40015408320494,
            56.27642526964533
        ],
        [
            117.4016803360679,
            51.65393078615723,
            37.435887177435525
        ],
        [
            151.4200190917776,
            126.35183417428065,
            109.33328787671951
        ]
    ],
    "hex_colors": [
        "#755b4d",
        "#000000",
        "#e4dfcc",
        "#523b30",
        "#b2a291",
        "#38241b",
        "#d2c9b5",
        "#9e4b38",
        "#753325",
        "#977e6d"
    ],
    "hsl_color_values": [
        [
            0.05923084932838498,
            0.33857486590952646,
            117.3722988505725
        ],
        [
            0.09287624601690814,
            0.16112351625113674,
            0.2097586629131598
        ],
        [
            0.13255079201591688,
            0.1053710038621041,
            228.1634641407231
        ],
        [
            0.05692457461663527,
            0.4132618843580491,
            82.18416447944048
        ],
        [
            0.08650217413914256,
            0.18450324331338666,
            178.30228282519099
        ],
        [
            0.052966943813740265,
            0.5203650775099072,
            56.43859438714302
        ],
        [
            0.11592250011878424,
            0.13935163601831277,
            210.77245018650962
        ],
        [
            0.031040526528241352,
            0.6459665560657567,
            158.95793528505706
        ],
        [
            0.029633595080912973,
            0.6811298861287717,
            117.4016803360679
        ],
        [
            0.0673947417876925,
            0.2779469416758479,
            151.4200190917776
        ]
    ]
}