{
    "rgb_colors": [
        [
            0.21023569563148214,
            0.20533075977998294,
            0.19734158446478034
        ],
        [
            237.75605815831943,
            237.95395799676936,
            237.52907915993575
        ],
        [
            178.31260401995124,
            176.32547049035435,
            175.2623223659146
        ],
        [
            100.70965842167257,
            97.00000000000003,
            93.22320376914016
        ],
        [
            168.79818315737413,
            166.25270071201047,
            164.39823226123764
        ],
        [
            44.089053803339354,
            43.10822510822527,
            41.61286332714921
        ],
        [
            189.20605682173317,
            187.53423873451595,
            186.1335726922634
        ],
        [
            215.60935925126032,
            215.37408207343356,
            215.2708423326127
        ],
        [
            148.3326086956517,
            145.25410628019372,
            142.91859903381692
        ],
        [
            200.1703028091988,
            199.17263772345336,
            197.9066763954705
        ]
    ],
    "hex_colors": [
        "#000000",
        "#ededed",
        "#b2b0af",
        "#64615d",
        "#a8a6a4",
        "#2c2b29",
        "#bdbbba",
        "#d7d7d7",
        "#94918e",
        "#c8c7c5"
    ],
    "hsl_color_values": [
        [
            0.10326646032330017,
            0.061331693116965395,
            0.21023569563148214
        ],
        [
            0.24429657794708626,
            0.0017855506183233232,
            237.95395799676936
        ],
        [
            0.05809016155567226,
            0.01710637153667132,
            178.31260401995124
        ],
        [
            0.0840806586951967,
            0.07433700768983387,
            100.70965842167257
        ],
        [
            0.07024580101568863,
            0.02606634037070364,
            168.79818315737413
        ],
        [
            0.10064935064936358,
            0.056163384390948104,
            44.089053803339354
        ],
        [
            0.07597902236055176,
            0.0162388254429117,
            189.20605682173317
        ],
        [
            0.050829434283181485,
            0.0015700474219819789,
            215.60935925126032
        ],
        [
            0.07189702864282539,
            0.03649911984588105,
            148.3326086956517
        ],
        [
            0.09321041377861201,
            0.011308502719736501,
            200.1703028091988
        ]
    ]
}