{
    "rgb_colors": [
        [
            8.355902201570771,
            7.526938820665903,
            7.47162296714248
        ],
        [
            0.12089388520692745,
            0.11779137918703775,
            0.1175057928592067
        ],
        [
            44.670761670762026,
            43.99508599508632,
            43.27272727272699
        ],
        [
            15.300962627406308,
            13.889580973952176,
            13.78114382785983
        ],
        [
            78.4344569288391,
            77.4082397003747,
            76.20224719101105
        ],
        [
            58.22919708029173,
            57.18832116788295,
            56.16934306569373
        ],
        [
            3.143808696371677,
            3.12283314715983,
            3.0630093914194654
        ],
        [
            121.80000000000004,
            121.5636363636364,
            120.56363636363632
        ],
        [
            23.192799621032393,
            22.225959261013383,
            21.972998578872925
        ],
        [
            33.243484224965556,
            32.3182441700958,
            31.91495198902631
        ]
    ],
    "hex_colors": [
        "#080707",
        "#000000",
        "#2c2b2b",
        "#0f0d0d",
        "#4e4d4c",
        "#3a3938",
        "#030303",
        "#797978",
        "#171615",
        "#21201f"
    ],
    "hsl_color_values": [
        [
            0.010425789232211232,
            0.10582690092543943,
            8.355902201570771
        ],
        [
            0.014048531273710474,
            0.028025340917131894,
            0.12089388520692745
        ],
        [
            0.08611599297015626,
            0.03129640833838928,
            44.670761670762026
        ],
        [
            0.011891455538943626,
            0.0993283126399025,
            15.300962627406308
        ],
        [
            0.09004474272931891,
            0.028459554961325875,
            78.4344569288391
        ],
        [
            0.08244743680602351,
            0.03537493418907507,
            58.22919708029173
        ],
        [
            0.12339989759348191,
            0.025701088315412964,
            3.143808696371677
        ],
        [
            0.13480392156862983,
            0.010150768771459108,
            121.80000000000004
        ],
        [
            0.034563106796038134,
            0.05259395424833881,
            23.192799621032393
        ],
        [
            0.05059370160036961,
            0.039963688130545905,
            33.243484224965556
        ]
    ]
}