{
    "rgb_colors": [
        [
            0.11905054629174572,
            0.11462457072134669,
            0.10650208596113941
        ],
        [
            96.21693548387098,
            93.62741935483871,
            87.73709677419359
        ],
        [
            238.17774963057138,
            235.99683343888537,
            229.14418408275628
        ],
        [
            44.708576186511294,
            43.366361365528725,
            40.51207327227317
        ],
        [
            158.8657951732714,
            156.02281868811883,
            148.7504641089145
        ],
        [
            200.72677101239753,
            198.2270876685063,
            192.7288518954151
        ],
        [
            218.98494554772975,
            216.36995515695068,
            209.53779628443652
        ],
        [
            172.53741699619792,
            170.20010445422668,
            164.28105647989582
        ],
        [
            185.87618093329968,
            183.4258517034068,
            177.72316060693203
        ],
        [
            142.7688404715715,
            139.64766452768242,
            131.36143859125568
        ]
    ],
    "hex_colors": [
        "#000000",
        "#605d57",
        "#eeebe5",
        "#2c2b28",
        "#9e9c94",
        "#c8c6c0",
        "#dad8d1",
        "#acaaa4",
        "#b9b7b1",
        "#8e8b83"
    ],
    "hsl_color_values": [
        [
            0.10788155872260197,
            0.1054044750021978,
            0.11905054629174572
        ],
        [
            0.1157711206213341,
            0.08813249629114289,
            96.21693548387098
        ],
        [
            0.12642939490240937,
            0.03792783146967644,
            238.17774963057138
        ],
        [
            0.11335978835978605,
            0.09386348822050435,
            44.708576186511294
        ],
        [
            0.11982396708743932,
            0.06367217721929586,
            158.8657951732714
        ],
        [
            0.11457638111177543,
            0.039844805337343206,
            200.72677101239753
        ],
        [
            0.1205329897605623,
            0.043140633433334054,
            218.98494554772975
        ],
        [
            0.11948460750641388,
            0.04785257980582864,
            172.53741699619792
        ],
        [
            0.11657624757849407,
            0.043862641708209534,
            185.87618093329968
        ],
        [
            0.1210650479890771,
            0.07990120142908426,
            142.7688404715715
        ]
    ]
}