{
    "rgb_colors": [
        [
            0.3267718338705805,
            0.31397461936686,
            0.2870516011789306
        ],
        [
            189.77712972782075,
            181.7642276422764,
            171.48332744197006
        ],
        [
            166.71368505356082,
            151.2691961157273,
            132.38252077285014
        ],
        [
            218.18393984962162,
            215.31284210526314,
            208.75615037593985
        ],
        [
            234.90337472142522,
            234.0241165234002,
            229.42653613498885
        ],
        [
            45.78486334968464,
            43.16117729502453,
            39.078486334968474
        ],
        [
            175.72839358391047,
            166.27836964328466,
            154.85288484558296
        ],
        [
            102.8103607770583,
            98.09805735430157,
            90.45790934320074
        ],
        [
            203.90626553953496,
            197.2241670810542,
            184.35111884634512
        ],
        [
            152.893090582664,
            148.43619378909867,
            146.69644009313546
        ]
    ],
    "hex_colors": [
        "#000000",
        "#bdb5ab",
        "#a69784",
        "#dad7d0",
        "#eaeae5",
        "#2d2b27",
        "#afa69a",
        "#66625a",
        "#cbc5b8",
        "#989492"
    ],
    "hsl_color_values": [
        [
            0.11296937087006387,
            0.12155341609822255,
            0.3267718338705805
        ],
        [
            0.09366469255235232,
            0.09639624285649037,
            189.77712972782075
        ],
        [
            0.09168868256476444,
            0.20592889101864048,
            166.71368505356082
        ],
        [
            0.11591072943851581,
            0.04321028156416857,
            218.18393984962162
        ],
        [
            0.13990980124304636,
            0.023315282689878005,
            234.90337472142522
        ],
        [
            0.10146290491118093,
            0.1464758552077749,
            45.78486334968464
        ],
        [
            0.09121921243468482,
            0.1187941704387085,
            175.72839358391047
        ],
        [
            0.10308544896277967,
            0.12014792420234327,
            102.8103607770583
        ],
        [
            0.10971577318135695,
            0.09590262781502579,
            203.90626553953496
        ],
        [
            0.046792852012097506,
            0.04052930361936939,
            152.893090582664
        ]
    ]
}