{
    "rgb_colors": [
        [
            0.0981308411214954,
            0.0823115167726769,
            0.06176826512312772
        ],
        [
            71.8168130489335,
            47.10564617314942,
            34.14077791718946
        ],
        [
            190.6981315859382,
            180.11688656690248,
            164.47595855839901
        ],
        [
            97.28893194478081,
            78.68975538871331,
            61.9738435456527
        ],
        [
            173.37192242833052,
            163.93558178752406,
            148.83735244519391
        ],
        [
            212.6471689284043,
            200.28872250819376,
            181.18655435969427
        ],
        [
            148.11627223283847,
            138.81317066000057,
            125.38086138468323
        ],
        [
            43.23687089715536,
            27.656819839532993,
            17.73760029175784
        ],
        [
            119.18353236957887,
            109.73936727425166,
            97.75885187513094
        ],
        [
            244.46592844974447,
            230.9465502555347,
            204.2206132879046
        ]
    ],
    "hex_colors": [
        "#000000",
        "#472f22",
        "#beb4a4",
        "#614e3d",
        "#ada394",
        "#d4c8b5",
        "#948a7d",
        "#2b1b11",
        "#776d61",
        "#f4e6cc"
    ],
    "hsl_color_values": [
        [
            0.09415931575030771,
            0.37055196493574655,
            0.0981308411214954
        ],
        [
            0.05735240898989206,
            0.5246130193228274,
            71.8168130489335
        ],
        [
            0.09941286452548492,
            0.13750618744642576,
            190.6981315859382
        ],
        [
            0.07888937656589728,
            0.3629918398032392,
            97.28893194478081
        ],
        [
            0.1025643228629891,
            0.1415140908602363,
            173.37192242833052
        ],
        [
            0.10119620150659758,
            0.14794748844882316,
            212.6471689284043
        ],
        [
            0.09846834207240816,
            0.1534970500230739,
            148.11627223283847
        ],
        [
            0.06483335478672814,
            0.589757539717685,
            43.23687089715536
        ],
        [
            0.0931987091727023,
            0.17976208682934197,
            119.18353236957887
        ],
        [
            0.11067928801218302,
            0.1646254568767574,
            244.46592844974447
        ]
    ]
}