{
    "rgb_colors": [
        [
            0.13414849154247577,
            0.12376715099095037,
            0.10787882559140627
        ],
        [
            192.55957086391868,
            178.93490360571107,
            157.02395740905058
        ],
        [
            98.63941152922338,
            86.23188550840672,
            61.01090872698158
        ],
        [
            172.30549761620978,
            157.43787246722286,
            132.49515792610248
        ],
        [
            125.5551442672741,
            109.66837509491268,
            84.06615413819287
        ],
        [
            50.273012439156304,
            39.84424012979989,
            29.48512709572742
        ],
        [
            133.86131667467563,
            71.22441134070158,
            47.696876501681885
        ],
        [
            84.40241963970328,
            59.83768986223949,
            38.83141999293536
        ],
        [
            149.95461672473868,
            133.84102787456447,
            110.1051393728223
        ],
        [
            169.93252503953613,
            103.21173783166404,
            62.808645229309434
        ]
    ],
    "hex_colors": [
        "#000000",
        "#c0b29d",
        "#62563d",
        "#ac9d84",
        "#7d6d54",
        "#32271d",
        "#85472f",
        "#543b26",
        "#95856e",
        "#a9673e"
    ],
    "hsl_color_values": [
        [
            0.10080273720228032,
            0.19582528024738668,
            0.13414849154247577
        ],
        [
            0.10276519837621688,
            0.18454348072878193,
            192.55957086391868
        ],
        [
            0.11171042739407348,
            0.38147533748306883,
            98.63941152922338
        ],
        [
            0.10442310019323338,
            0.23104509281984806,
            172.30549761620978
        ],
        [
            0.10284744971724528,
            0.3304443666661878,
            125.5551442672741
        ],
        [
            0.08305408705546073,
            0.41349989457241587,
            50.273012439156304
        ],
        [
            0.04550898025485354,
            0.6436843915288833,
            133.86131667467563
        ],
        [
            0.07682616149206338,
            0.5399252751437841,
            84.40241963970328
        ],
        [
            0.0992731066965119,
            0.2657435844410534,
            149.95461672473868
        ],
        [
            0.06286038910267555,
            0.6303906788020921,
            169.93252503953613
        ]
    ]
}