{
    "rgb_colors": [
        [
            0.47079591084557393,
            0.4458206436344625,
            0.4181587166199776
        ],
        [
            175.00184049079755,
            166.71083844580778,
            142.3856850715801
        ],
        [
            138.4895024812317,
            128.6108919709887,
            115.98256775671183
        ],
        [
            61.987869468648555,
            55.199470357081836,
            44.57363745088007
        ],
        [
            93.66851318413472,
            76.9793928650565,
            54.855085309106784
        ],
        [
            172.17538999854207,
            147.8160810613792,
            102.17218253390101
        ],
        [
            38.70052870090635,
            36.47922960725076,
            30.682685045317527
        ],
        [
            164.57640772052957,
            119.02480459403414,
            68.2168607433409
        ],
        [
            118.44612696563775,
            114.65725101921957,
            72.30081537565653
        ],
        [
            139.95992485911083,
            81.43569192235441,
            53.42993112085091
        ]
    ],
    "hex_colors": [
        "#000000",
        "#afa68e",
        "#8a8073",
        "#3d372c",
        "#5d4c36",
        "#ac9366",
        "#26241e",
        "#a47744",
        "#767248",
        "#8b5135"
    ],
    "hsl_color_values": [
        [
            0.08758675755629308,
            0.11180469713735869,
            0.47079591084557393
        ],
        [
            0.12430012602433259,
            0.18637607083299543,
            175.00184049079755
        ],
        [
            0.0935143202813183,
            0.16251726175108508,
            138.4895024812317
        ],
        [
            0.10169682758485295,
            0.28092967490318466,
            61.987869468648555
        ],
        [
            0.0950028068773256,
            0.4143700647700901,
            93.66851318413472
        ],
        [
            0.10867096947077541,
            0.4065807980178458,
            172.17538999854207
        ],
        [
            0.12049259150230422,
            0.20717659227743435,
            38.70052870090635
        ],
        [
            0.08787910391262888,
            0.5855003661327857,
            164.57640772052957
        ],
        [
            0.15298208414582545,
            0.38958902897152875,
            118.44612696563775
        ],
        [
            0.053942299064177045,
            0.6182483580593832,
            139.95992485911083
        ]
    ]
}