{
    "rgb_colors": [
        [
            1.6546911849319415,
            1.5113663071050567,
            1.299884108241283
        ],
        [
            78.63159671430195,
            56.517497468212,
            45.58838753235062
        ],
        [
            118.19816924724842,
            106.62381926185607,
            92.63112279676696
        ],
        [
            49.30868529890958,
            40.82341145506956,
            32.273217195137235
        ],
        [
            95.57520391517048,
            85.58966829798804,
            74.33387710712344
        ],
        [
            193.94294198749122,
            182.60536642273834,
            156.10160144235869
        ],
        [
            167.84158986175126,
            159.06005184331798,
            142.23459101382488
        ],
        [
            22.22041519181049,
            18.85717019037597,
            14.460537644695304
        ],
        [
            198.23990665110867,
            193.4585764294049,
            180.78273045507586
        ],
        [
            142.7730263157893,
            131.82358033240996,
            115.69442520775624
        ]
    ],
    "hex_colors": [
        "#010101",
        "#4e382d",
        "#766a5c",
        "#312820",
        "#5f554a",
        "#c1b69c",
        "#a79f8e",
        "#16120e",
        "#c6c1b4",
        "#8e8373"
    ],
    "hsl_color_values": [
        [
            0.09934140398978768,
            0.21442495126681407,
            1.6546911849319415
        ],
        [
            0.05512534550180744,
            0.4202281342703708,
            78.63159671430195
        ],
        [
            0.09121570150982128,
            0.21630661974975252,
            118.19816924724842
        ],
        [
            0.0836509080921485,
            0.3454861552382349,
            49.30868529890958
        ],
        [
            0.08831676172727332,
            0.2222472559608679,
            95.57520391517048
        ],
        [
            0.11673196825911068,
            0.19511584261505738,
            193.94294198749122
        ],
        [
            0.10951082117181672,
            0.15256646978271893,
            167.84158986175126
        ],
        [
            0.09443088328361489,
            0.3492228871571738,
            22.22041519181049
        ],
        [
            0.12101848386004203,
            0.0880608576292183,
            198.23990665110867
        ],
        [
            0.099273685152744,
            0.18966188366799674,
            142.7730263157893
        ]
    ]
}