{
    "rgb_colors": [
        [
            0.5129092581831074,
            0.2543018293175727,
            0.2261156102568549
        ],
        [
            72.66536526114865,
            45.217074440395464,
            34.97301752559446
        ],
        [
            136.4417196488046,
            100.46049046321643,
            68.09037238873763
        ],
        [
            131.4152063312633,
            45.17382702091615,
            36.842425098926455
        ],
        [
            97.49976646426894,
            75.35388447765769,
            60.95189163941993
        ],
        [
            177.73790582670696,
            163.95936357772266,
            145.3728230488049
        ],
        [
            165.20948034741025,
            142.9782864713782,
            86.37943471220139
        ],
        [
            41.05389433873062,
            25.65051412362589,
            20.911003427490822
        ],
        [
            211.92577733199386,
            206.61885656971137,
            194.41975927783565
        ],
        [
            135.43905099536383,
            122.32587946550366,
            112.25361330788162
        ]
    ],
    "hex_colors": [
        "#000000",
        "#482d22",
        "#886444",
        "#832d24",
        "#614b3c",
        "#b1a391",
        "#a58e56",
        "#291914",
        "#d3cec2",
        "#877a70"
    ],
    "hsl_color_values": [
        [
            0.016380080977226857,
            0.5591508504685011,
            0.5129092581831074
        ],
        [
            0.04529680218149451,
            0.5187113227889715,
            72.66536526114865
        ],
        [
            0.07893069991074986,
            0.5009563602393794,
            136.4417196488046
        ],
        [
            0.014682522485904181,
            0.7196486911411427,
            131.4152063312633
        ],
        [
            0.06567638067082084,
            0.3748508960607904,
            97.49976646426894
        ],
        [
            0.09571292544120062,
            0.18209443071450257,
            177.73790582670696
        ],
        [
            0.11966429657437061,
            0.47715207062840065,
            165.20948034741025
        ],
        [
            0.03921574379946959,
            0.49064507120915957,
            41.05389433873062
        ],
        [
            0.11614193905714294,
            0.08260447725872452,
            211.92577733199386
        ],
        [
            0.07240368065929047,
            0.17118724265334567,
            135.43905099536383
        ]
    ]
}