{
    "rgb_colors": [
        [
            0.16671721237280224,
            0.16839044999633757,
            0.167104148591676
        ],
        [
            138.79125575279537,
            136.02117028270874,
            126.27067718606213
        ],
        [
            9.097920277297021,
            70.71403812824957,
            103.62131715771224
        ],
        [
            99.29468859530884,
            100.57239148018334,
            94.85144243731467
        ],
        [
            180.02754716981428,
            176.15003773584908,
            163.31743396226324
        ],
        [
            228.7562293816177,
            227.11869165438335,
            214.4384782761333
        ],
        [
            47.31628787878789,
            51.151785714285715,
            52.67072510822557
        ],
        [
            196.70101233418157,
            192.30457295787758,
            178.70642308587793
        ],
        [
            160.2792021247811,
            156.53699387500677,
            144.67315301642128
        ],
        [
            213.20606435643305,
            209.61912128712873,
            196.4043935643561
        ]
    ],
    "hex_colors": [
        "#000000",
        "#8a887e",
        "#094667",
        "#63645e",
        "#b4b0a3",
        "#e4e3d6",
        "#2f3334",
        "#c4c0b2",
        "#a09c90",
        "#d5d1c4"
    ],
    "hsl_color_values": [
        [
            0.3718750018358831,
            0.00993665391102477,
            0.16839044999633757
        ],
        [
            0.12979289847613149,
            0.09021158068512584,
            138.79125575279537
        ],
        [
            0.5580231634274542,
            0.9122003027287335,
            103.62131715771224
        ],
        [
            0.20388959580250052,
            0.056883891877980416,
            100.57239148018334
        ],
        [
            0.12799238814439415,
            0.09281975714410487,
            180.02754716981428
        ],
        [
            0.14760480754309852,
            0.06258955720763824,
            228.7562293816177
        ],
        [
            0.5472797709280884,
            0.1016586959536936,
            52.67072510822557
        ],
        [
            0.1259466543374194,
            0.09148193511954104,
            196.70101233418157
        ],
        [
            0.12670130639951963,
            0.09736789865106861,
            160.2792021247811
        ],
        [
            0.13108545261467108,
            0.07880484470642588,
            213.20606435643305
        ]
    ]
}