{
    "rgb_colors": [
        [
            38.71877744598781,
            35.23924117337236,
            27.20832601440526
        ],
        [
            216.57732521847714,
            210.34847066167356,
            199.7201935081161
        ],
        [
            171.4265805574439,
            164.45343303874841,
            157.5360299116237
        ],
        [
            149.01183712121124,
            142.5771780303025,
            135.87452651515102
        ],
        [
            190.49027032712837,
            182.88629430945642,
            174.96150205112008
        ],
        [
            74.70311726867894,
            70.10539336961908,
            61.61900049480448
        ],
        [
            229.15981040032335,
            222.3072691416308,
            211.34193682318647
        ],
        [
            203.89622523200165,
            196.75464008025926,
            186.9367945823924
        ],
        [
            112.49489115948471,
            107.15504220346506,
            98.10395379831175
        ],
        [
            0.07806256340943207,
            0.07377401447739373,
            0.0659833029841792
        ]
    ],
    "hex_colors": [
        "#26231b",
        "#d8d2c7",
        "#aba49d",
        "#958e87",
        "#beb6ae",
        "#4a463d",
        "#e5ded3",
        "#cbc4ba",
        "#706b62",
        "#000000"
    ],
    "hsl_color_values": [
        [
            0.11628439316943667,
            0.29728344206217466,
            38.71877744598781
        ],
        [
            0.10508190574937205,
            0.07783424092691164,
            216.57732521847714
        ],
        [
            0.08299890699684898,
            0.08102915312579301,
            171.4265805574439
        ],
        [
            0.08503327807011414,
            0.08816286584920026,
            149.01183712121124
        ],
        [
            0.08505495646833346,
            0.08152000755388077,
            190.49027032712837
        ],
        [
            0.10810044246114363,
            0.17514820334492634,
            74.70311726867894
        ],
        [
            0.10256865829110086,
            0.0777530472992211,
            229.15981040032335
        ],
        [
            0.09648363891363958,
            0.08317677598156666,
            203.89622523200165
        ],
        [
            0.10482393858945016,
            0.1279252525412095,
            112.49489115948471
        ],
        [
            0.10749432248527525,
            0.15473819841014044,
            0.07806256340943207
        ]
    ]
}