{
    "rgb_colors": [
        [
            21.30761316872428,
            22.647376543209916,
            25.073302469135804
        ],
        [
            133.6874715261959,
            127.8619589977208,
            123.44054669703873
        ],
        [
            20.60983995257854,
            27.839656194426695,
            38.05607587433313
        ],
        [
            73.84242795830778,
            71.54445125689722,
            69.63274064990803
        ],
        [
            94.41928414901388,
            91.43535427319208,
            88.6281957633309
        ],
        [
            40.58611641221374,
            42.75405534351179,
            48.061307251908396
        ],
        [
            0.08424073123919129,
            0.07622775845610796,
            0.0743211143416378
        ],
        [
            117.10968137254902,
            112.50306372549059,
            107.26654411764706
        ],
        [
            54.70556252613969,
            54.48598912588886,
            56.8301965704726
        ],
        [
            32.61671406694378,
            33.98796762196478,
            37.5182673375629
        ]
    ],
    "hex_colors": [
        "#151619",
        "#857f7b",
        "#141b26",
        "#494745",
        "#5e5b58",
        "#282a30",
        "#000000",
        "#75706b",
        "#363638",
        "#202125"
    ],
    "hsl_color_values": [
        [
            0.6073697151833874,
            0.15018720828845464,
            25.073302469135804
        ],
        [
            0.07191445847410306,
            0.0766483553931926,
            133.6874715261959
        ],
        [
            0.5975990821719034,
            0.45843496789749627,
            38.05607587433313
        ],
        [
            0.07568695989900404,
            0.05700905867798097,
            73.84242795830778
        ],
        [
            0.0807896064581222,
            0.06133374593841872,
            94.41928414901388
        ],
        [
            0.6183303548634084,
            0.1555344884922545,
            48.061307251908396
        ],
        [
            0.03203490844054017,
            0.1177532145273995,
            0.08424073123919129
        ],
        [
            0.08866616865870525,
            0.08405058522522146,
            117.10968137254902
        ],
        [
            0.6822777282188451,
            0.04124932845651515,
            56.8301965704726
        ],
        [
            0.6200401696049914,
            0.13064444651770296,
            37.5182673375629
        ]
    ]
}