{
    "rgb_colors": [
        [
            0.18797120520328292,
            0.17707252883350577,
            0.1352426658410053
        ],
        [
            97.06288142139803,
            104.55558130552336,
            104.76461954422557
        ],
        [
            218.27573374525974,
            214.43814071057437,
            201.09591349529563
        ],
        [
            47.39858728557045,
            52.10177310076402,
            52.25174186728172
        ],
        [
            133.40331233963053,
            134.0293911826452,
            125.25728947982272
        ],
        [
            239.3413685847592,
            239.07185069984448,
            231.77916018662518
        ],
        [
            30.456085823139993,
            30.520152396230202,
            26.76107880489272
        ],
        [
            67.92791037506107,
            76.3770788393292,
            78.19713311530165
        ],
        [
            193.0432603377225,
            188.48105495554628,
            176.3050898024942
        ],
        [
            164.91132932727794,
            162.54052469588157,
            153.46196687674043
        ]
    ],
    "hex_colors": [
        "#000000",
        "#616868",
        "#dad6c9",
        "#2f3434",
        "#85867d",
        "#efefe7",
        "#1e1e1a",
        "#434c4e",
        "#c1bcb0",
        "#a4a299"
    ],
    "hsl_color_values": [
        [
            0.1322176551143189,
            0.2805139186358566,
            0.18797120520328292
        ],
        [
            0.5045236160844141,
            0.07351468612527445,
            104.76461954422557
        ],
        [
            0.12943700827629065,
            0.07870696368847827,
            218.27573374525974
        ],
        [
            0.5051502160087394,
            0.09288024491199123,
            52.25174186728172
        ],
        [
            0.178561931606676,
            0.0654490901243335,
            134.0293911826452
        ],
        [
            0.16072664952870033,
            0.031595910238375643,
            239.3413685847592
        ],
        [
            0.16950719689898444,
            0.12316693385193572,
            30.520152396230202
        ],
        [
            0.529538981381724,
            0.1313247983797387,
            78.19713311530165
        ],
        [
            0.12123950590882195,
            0.08670683714078106,
            193.0432603377225
        ],
        [
            0.13215521618724038,
            0.06942738559711356,
            164.91132932727794
        ]
    ]
}