{
    "rgb_colors": [
        [
            0.04696780691450542,
            0.041188386223884876,
            0.03256503278288747
        ],
        [
            164.42267628205266,
            145.76241987179526,
            120.08733974358914
        ],
        [
            228.17606330365845,
            196.69040553906945,
            158.31454005934717
        ],
        [
            95.65347071583412,
            47.77928416485917,
            25.575921908893786
        ],
        [
            149.7184309511007,
            99.59591617409991,
            64.13917248791026
        ],
        [
            55.28044412607498,
            32.56661891117451,
            19.018624641833828
        ],
        [
            182.11942163513075,
            170.45305248125624,
            148.0605141021022
        ],
        [
            98.74095437860488,
            84.94965915049809,
            67.03146303093902
        ],
        [
            247.6847905951536,
            234.6333578251313,
            202.44746509919372
        ],
        [
            133.67271505376442,
            118.75705645161284,
            96.16532258064349
        ]
    ],
    "hex_colors": [
        "#000000",
        "#a49178",
        "#e4c49e",
        "#5f2f19",
        "#956340",
        "#372013",
        "#b6aa94",
        "#625443",
        "#f7eaca",
        "#857660"
    ],
    "hsl_color_values": [
        [
            0.09978810751079353,
            0.30665204696133747,
            0.04696780691450542
        ],
        [
            0.09651849642903343,
            0.269642469889069,
            164.42267628205266
        ],
        [
            0.09155222049176444,
            0.30617376000277047,
            228.17606330365845
        ],
        [
            0.052806646907543296,
            0.7326189868752975,
            95.65347071583412
        ],
        [
            0.06905244783785314,
            0.5716013580929213,
            149.7184309511007
        ],
        [
            0.06226932561592522,
            0.6559610737124484,
            55.28044412607498
        ],
        [
            0.10957749382418742,
            0.18701414284778628,
            182.11942163513075
        ],
        [
            0.09417893170166976,
            0.3211381897938861,
            98.74095437860488
        ],
        [
            0.11858162248787263,
            0.18264070792260034,
            247.6847905951536
        ],
        [
            0.10038791636057413,
            0.28059123702271704,
            133.67271505376442
        ]
    ]
}