{
    "rgb_colors": [
        [
            0.04508598228244054,
            0.044905332644727736,
            0.04405072086156281
        ],
        [
            154.4197611292074,
            152.66362649294038,
            148.3798045602606
        ],
        [
            129.8110071239,
            128.33775666992813,
            124.76379382595336
        ],
        [
            73.89198103483818,
            73.11832611832742,
            69.76499690785406
        ],
        [
            34.766666666666666,
            34.58260869565219,
            33.69130434782609
        ],
        [
            97.00594485201113,
            95.9367568934988,
            92.24399190488236
        ],
        [
            141.74103645676408,
            140.17716179572443,
            136.1181078638144
        ],
        [
            118.13741994510522,
            116.78023787739836,
            112.65526075022873
        ],
        [
            86.95458823529412,
            86.04211764705762,
            82.37952941176471
        ],
        [
            107.25564128694133,
            106.06915125927915,
            102.11355364681904
        ]
    ],
    "hex_colors": [
        "#000000",
        "#9a9894",
        "#81807c",
        "#494945",
        "#222221",
        "#615f5c",
        "#8d8c88",
        "#767470",
        "#565652",
        "#6b6a66"
    ],
    "hsl_color_values": [
        [
            0.1375838936153854,
            0.022961935583267312,
            0.04508598228244054
        ],
        [
            0.11820785695447393,
            0.03911388364273527,
            154.4197611292074
        ],
        [
            0.11801769389023593,
            0.038881242891284674,
            129.8110071239
        ],
        [
            0.1354229104229627,
            0.05585158320546798,
            73.89198103483818
        ],
        [
            0.13814016172507002,
            0.0309308433031805,
            34.766666666666666
        ],
        [
            0.12924546678000387,
            0.049089289882114244,
            97.00594485201113
        ],
        [
            0.1203125697701219,
            0.03967043513657997,
            141.74103645676408
        ],
        [
            0.1254060970181465,
            0.04640493416416133,
            118.13741994510522
        ],
        [
            0.13342590687782754,
            0.052614346366054554,
            86.95458823529412
        ],
        [
            0.12820984683327444,
            0.04794235136187981,
            107.25564128694133
        ]
    ]
}