{
    "rgb_colors": [
        [
            191.72140957446808,
            149.99046985815602,
            112.31560283687807
        ],
        [
            112.1610594795539,
            106.9546468401487,
            98.08410780669186
        ],
        [
            195.3802095596892,
            185.1511066635272,
            172.07740758182584
        ],
        [
            0.3268907114043742,
            0.31016749926534715,
            0.2731146314810502
        ],
        [
            51.60594410764454,
            44.86115629158658,
            29.96539997042749
        ],
        [
            153.21830111721937,
            121.38736182538275,
            91.0576934444634
        ],
        [
            125.20252502614672,
            80.43986254295532,
            57.399671298371324
        ],
        [
            226.54600938967135,
            222.61103286384977,
            215.56302816901405
        ],
        [
            155.082382253657,
            150.04902748754222,
            141.82880565825644
        ],
        [
            81.04063630506963,
            71.94097824470985,
            50.42544229149172
        ]
    ],
    "hex_colors": [
        "#bf9570",
        "#706a62",
        "#c3b9ac",
        "#000000",
        "#332c1d",
        "#99795b",
        "#7d5039",
        "#e2ded7",
        "#9b968d",
        "#514732"
    ],
    "hsl_color_values": [
        [
            0.07907664138841665,
            0.41417287153184296,
            191.72140957446808
        ],
        [
            0.10502438358817086,
            0.12550658613766177,
            112.1610594795539
        ],
        [
            0.09350591611344135,
            0.11926899879152958,
            195.3802095596892
        ],
        [
            0.11483689351947417,
            0.16450782493113206,
            0.3268907114043742
        ],
        [
            0.11472105496908168,
            0.4193420837738607,
            51.60594410764454
        ],
        [
            0.08132070968104016,
            0.4056996273911177,
            153.21830111721937
        ],
        [
            0.0566352544616314,
            0.5415454178229693,
            125.20252502614672
        ],
        [
            0.10695342416956133,
            0.04848013544906893,
            226.54600938967135
        ],
        [
            0.10337111357722717,
            0.08546152311306796,
            155.082382253657
        ],
        [
            0.11712885625612317,
            0.37777583456193475,
            81.04063630506963
        ]
    ]
}