{
    "rgb_colors": [
        [
            0.13466763202603715,
            0.12476791947551646,
            0.11315493300792312
        ],
        [
            195.42789267747347,
            157.3946338736704,
            129.90888764672926
        ],
        [
            115.79336960647855,
            89.84373022902538,
            77.13956725294094
        ],
        [
            33.210091309823675,
            28.803447732997594,
            25.671127204030388
        ],
        [
            213.46089278901184,
            195.66005341472618,
            177.84814956123455
        ],
        [
            199.81717081850533,
            103.68950177936057,
            64.36343416370052
        ],
        [
            91.31003069610853,
            66.14219229626647,
            54.141697197742374
        ],
        [
            58.72294066933145,
            46.036444862450125,
            38.44110039971716
        ],
        [
            145.7224770642202,
            124.87512742099884,
            109.87793068297641
        ],
        [
            247.13040062843677,
            240.92851531814506,
            222.8805970149248
        ]
    ],
    "hex_colors": [
        "#000000",
        "#c39d81",
        "#73594d",
        "#211c19",
        "#d5c3b1",
        "#c76740",
        "#5b4236",
        "#3a2e26",
        "#917c6d",
        "#f7f0de"
    ],
    "hsl_color_values": [
        [
            0.08997000994478521,
            0.15974661984072525,
            0.13466763202603715
        ],
        [
            0.06991799863780922,
            0.3352592310805613,
            195.42789267747347
        ],
        [
            0.054777547539777614,
            0.3338170612436773,
            115.79336960647855
        ],
        [
            0.06924736796310842,
            0.22700823178896928,
            33.210091309823675
        ],
        [
            0.0833592240637366,
            0.16683497741657763,
            213.46089278901184
        ],
        [
            0.04838806787082837,
            0.6778883721551534,
            199.81717081850533
        ],
        [
            0.053811466056410705,
            0.4070564122584421,
            91.31003069610853
        ],
        [
            0.062414984388046456,
            0.3453818905940222,
            58.72294066933145
        ],
        [
            0.06973258255482694,
            0.24597815727114639,
            145.7224770642202
        ],
        [
            0.12404168016412287,
            0.09812553838720883,
            247.13040062843677
        ]
    ]
}