{
    "rgb_colors": [
        [
            122.41821530904625,
            28.385386819485184,
            37.70744985673572
        ],
        [
            45.41461563482598,
            15.258701073400083,
            16.58646861108248
        ],
        [
            134.29211719567493,
            78.88053714684337,
            79.93058946634149
        ],
        [
            194.7202704931552,
            185.05187201054835,
            178.82747814613705
        ],
        [
            178.25579073482427,
            128.82068690095838,
            128.43749999999957
        ],
        [
            86.69084255177577,
            29.113199700574704,
            32.74141229310413
        ],
        [
            214.9186550122057,
            211.19300732343194,
            205.25261831638565
        ],
        [
            168.4857945866683,
            43.226339585752775,
            56.383515610679055
        ],
        [
            141.34984948086256,
            33.94092891810489,
            45.42068563002926
        ],
        [
            0.6388961000059794,
            0.6257163967567294,
            0.5957824949474428
        ]
    ],
    "hex_colors": [
        "#7a1c25",
        "#2d0f10",
        "#864e4f",
        "#c2b9b2",
        "#b28080",
        "#561d20",
        "#d6d3cd",
        "#a82b38",
        "#8d212d",
        "#000000"
    ],
    "hsl_color_values": [
        [
            0.9834772898164222,
            0.768127751676285,
            122.41821530904625
        ],
        [
            0.9926616521888942,
            0.6640134269528195,
            45.41461563482598
        ],
        [
            0.996841658011518,
            0.4126197516723355,
            134.29211719567493
        ],
        [
            0.06527480852642757,
            0.08161858191120788,
            194.7202704931552
        ],
        [
            0.0012819485082913677,
            0.2794764227824445,
            178.25579073482427
        ],
        [
            0.9894976232299463,
            0.6641721450199661,
            86.69084255177577
        ],
        [
            0.10242717523882931,
            0.04497532657307528,
            214.9186550122057
        ],
        [
            0.9824934359581476,
            0.743442230890763,
            168.4857945866683
        ],
        [
            0.9821868353643605,
            0.7598799783462085,
            141.34984948086256
        ],
        [
            0.115717153045017,
            0.06748140277915778,
            0.6388961000059794
        ]
    ]
}