{
    "rgb_colors": [
        [
            55.4848484848484,
            53.0,
            47.325757575757564
        ],
        [
            241.02466639709024,
            242.05337646583095,
            236.7759805903777
        ],
        [
            97.40649214659383,
            91.70492146596858,
            80.1608376963331
        ],
        [
            190.19155649038123,
            190.380859375,
            183.6024639423048
        ],
        [
            118.33127442330098,
            112.4444724568259,
            99.90306315391763
        ],
        [
            161.35630252100873,
            65.02857142857144,
            47.16890756302511
        ],
        [
            168.40149937525678,
            168.59086491739552,
            162.30320699708142
        ],
        [
            138.9004387033896,
            135.69266390446015,
            125.25201072386214
        ],
        [
            213.59849177331307,
            214.37157221206581,
            208.07792504570844
        ],
        [
            0.06682480604268193,
            0.06567152442860191,
            0.06299145522956096
        ]
    ],
    "hex_colors": [
        "#37352f",
        "#f1f2ec",
        "#615b50",
        "#bebeb7",
        "#767063",
        "#a1412f",
        "#a8a8a2",
        "#8a877d",
        "#d5d6d0",
        "#000000"
    ],
    "hsl_color_values": [
        [
            0.11590838749613253,
            0.14705079191698414,
            55.4848484848484
        ],
        [
            0.19915459862585982,
            0.021802612103608527,
            242.05337646583095
        ],
        [
            0.1115651462897556,
            0.17704830622897846,
            97.40649214659383
        ],
        [
            0.17132123146493927,
            0.035604395604410755,
            190.380859375
        ],
        [
            0.11342581508660932,
            0.15573407249431767,
            118.33127442330098
        ],
        [
            0.026067769085659553,
            0.7076723572239537,
            161.35630252100873
        ],
        [
            0.17168617060434496,
            0.037295365460013906,
            168.59086491739552
        ],
        [
            0.12749518596890072,
            0.09826051023980237,
            138.9004387033896
        ],
        [
            0.1871391743218261,
            0.02935859032713265,
            214.37157221206581
        ],
        [
            0.11652421644041776,
            0.05736418914066969,
            0.06682480604268193
        ]
    ]
}