{
    "rgb_colors": [
        [
            0.018214218214218647,
            0.017701217701890926,
            0.017334017333881846
        ],
        [
            67.02981029810297,
            63.7371273712739,
            60.61653116531132
        ],
        [
            153.79800664451827,
            149.97774086379144,
            146.6122923588003
        ],
        [
            127.85601265822784,
            124.37816455696147,
            120.97626582278554
        ],
        [
            86.83526011560693,
            83.44364161849687,
            80.29479768786143
        ],
        [
            47.95528898582334,
            44.633587786259895,
            41.53435114503788
        ],
        [
            144.91551724137932,
            141.09741379310418,
            137.74482758620593
        ],
        [
            29.132075471698112,
            26.429608127721295,
            24.071117561683565
        ],
        [
            160.2152896811793,
            156.38841275283127,
            152.63695577648002
        ],
        [
            107.63173652694611,
            104.13473053892157,
            100.79041916167719
        ]
    ],
    "hex_colors": [
        "#000000",
        "#433f3c",
        "#999592",
        "#7f7c78",
        "#565350",
        "#2f2c29",
        "#908d89",
        "#1d1a18",
        "#a09c98",
        "#6b6864"
    ],
    "hsl_color_values": [
        [
            0.06952965249413173,
            0.04832493330126494,
            0.018214218214218647
        ],
        [
            0.081097260370458,
            0.09567801406970645,
            67.02981029810297
        ],
        [
            0.07805877910843588,
            0.0467217647516506,
            153.79800664451827
        ],
        [
            0.08241337013183904,
            0.05380855145101834,
            127.85601265822784
        ],
        [
            0.08024009427013472,
            0.0753203528041252,
            86.83526011560693
        ],
        [
            0.08044610507247678,
            0.13389425810119984,
            47.95528898582334
        ],
        [
            0.07792337901742091,
            0.049481862202717,
            144.91551724137932
        ],
        [
            0.07766943886817634,
            0.17372459147070662,
            29.132075471698112
        ],
        [
            0.08250399589864528,
            0.0473009406267018,
            160.2152896811793
        ],
        [
            0.08147337709698843,
            0.06356226876964087,
            107.63173652694611
        ]
    ]
}