{
    "rgb_colors": [
        [
            0.08840885004383026,
            0.075710790416597,
            0.05138756230581265
        ],
        [
            203.85190459238163,
            192.01946125549296,
            171.43087694315582
        ],
        [
            100.91666666666667,
            88.01300904977435,
            69.52036199095028
        ],
        [
            56.051680316294835,
            49.452696978254195,
            37.23792713922589
        ],
        [
            152.54513702310587,
            135.6612036539503,
            113.42423428264308
        ],
        [
            178.08892921960074,
            163.15214761040497,
            141.4271022383551
        ],
        [
            124.89755529685681,
            111.4391734575083,
            92.10098952270168
        ],
        [
            30.711441924874503,
            26.25082222606882,
            18.309157001904055
        ],
        [
            79.53218301667313,
            67.74990306320174,
            50.604691740984435
        ],
        [
            226.33224967490247,
            213.12678803641296,
            190.52145643692967
        ]
    ],
    "hex_colors": [
        "#000000",
        "#cbc0ab",
        "#645845",
        "#383125",
        "#988771",
        "#b2a38d",
        "#7c6f5c",
        "#1e1a12",
        "#4f4332",
        "#e2d5be"
    ],
    "hsl_color_values": [
        [
            0.10950108976448227,
            0.4187509250449887,
            0.08840885004383026
        ],
        [
            0.10583966541248102,
            0.15904206396331824,
            203.85190459238163
        ],
        [
            0.09816785366849927,
            0.31111119414417565,
            100.91666666666667
        ],
        [
            0.10820780702346533,
            0.3356501191561885,
            56.051680316294835
        ],
        [
            0.09473609508635523,
            0.2564546042168304,
            152.54513702310587
        ],
        [
            0.09876324213722043,
            0.20586247074369282,
            178.08892921960074
        ],
        [
            0.09827341917430171,
            0.26258773197124774,
            124.89755529685681
        ],
        [
            0.10672314649396974,
            0.40383271333558945,
            30.711441924874503
        ],
        [
            0.0987826836809415,
            0.3637205742186699,
            79.53218301667313
        ],
        [
            0.10520725529714137,
            0.15822222988288437,
            226.33224967490247
        ]
    ]
}