{
    "rgb_colors": [
        [
            0.06480995481557983,
            0.06639739864770178,
            0.0664934133958397
        ],
        [
            160.637896156438,
            166.86142953472515,
            184.02494942683654
        ],
        [
            220.8404017857137,
            223.34024234693806,
            220.5360331632645
        ],
        [
            70.36652412950457,
            77.94013439218024,
            97.74068417837591
        ],
        [
            104.4884584770511,
            109.20854338020825,
            119.32342796497792
        ],
        [
            194.66280539174628,
            193.51727042965692,
            183.66680707666586
        ],
        [
            127.1075304176245,
            133.5718513646812,
            151.9378493916455
        ],
        [
            36.18359788359789,
            42.256613756613774,
            67.83492063492075
        ],
        [
            208.86528289791033,
            209.92098092644082,
            200.67238339478254
        ],
        [
            161.46399176954526,
            155.45627572016286,
            134.86471193415622
        ]
    ],
    "hex_colors": [
        "#000000",
        "#a0a6b8",
        "#dcdfdc",
        "#464d61",
        "#686d77",
        "#c2c1b7",
        "#7f8597",
        "#242a43",
        "#d0d1c8",
        "#a19b86"
    ],
    "hsl_color_values": [
        [
            0.5095057034432746,
            0.02531767425200638,
            0.0664934133958397
        ],
        [
            0.6223149669867102,
            0.12708631815001056,
            184.02494942683654
        ],
        [
            0.3152433477370807,
            0.012555772100029668,
            223.34024234693806
        ],
        [
            0.6205549914642469,
            0.2800692493507999,
            97.74068417837591
        ],
        [
            0.6136378540470596,
            0.12432570653502321,
            119.32342796497792
        ],
        [
            0.14930375988814162,
            0.05648741316016524,
            194.66280539174628
        ],
        [
            0.6232766954932525,
            0.16342418346344137,
            151.9378493916455
        ],
        [
            0.6346879301025838,
            0.4665933483089987,
            67.83492063492075
        ],
        [
            0.18569113722227967,
            0.04405751864745293,
            209.92098092644082
        ],
        [
            0.12902331637948192,
            0.16473815334228656,
            161.46399176954526
        ]
    ]
}