{
    "rgb_colors": [
        [
            0.07166777826633108,
            0.06603713976860348,
            0.059514866430305347
        ],
        [
            198.85028812056638,
            183.9804964539029,
            173.0697030141844
        ],
        [
            178.82221694755287,
            162.88131972465263,
            145.11440778542607
        ],
        [
            94.09694415173877,
            84.07060063224435,
            71.6322444678609
        ],
        [
            226.86504777069712,
            211.0718550955439,
            195.13335987261146
        ],
        [
            156.20874544507967,
            143.1915668922445,
            131.57470067673086
        ],
        [
            43.434899328859046,
            39.91677852348995,
            35.73154362416108
        ],
        [
            210.52662825214463,
            194.43050462719538,
            181.29369652523135
        ],
        [
            191.43490992988956,
            175.61079066466078,
            160.88029106398085
        ],
        [
            127.9468641114982,
            114.85452961672488,
            99.15505226480836
        ]
    ],
    "hex_colors": [
        "#000000",
        "#c6b7ad",
        "#b2a291",
        "#5e5447",
        "#e2d3c3",
        "#9c8f83",
        "#2b2723",
        "#d2c2b5",
        "#bfafa0",
        "#7f7263"
    ],
    "hsl_color_values": [
        [
            0.0894473333675158,
            0.16957288379811647,
            0.07166777826633108
        ],
        [
            0.0705362413530427,
            0.1296482160023362,
            198.85028812056638
        ],
        [
            0.0878476549937919,
            0.1884990005017835,
            178.82221694755287
        ],
        [
            0.092280751129664,
            0.23873994938296575,
            94.09694415173877
        ],
        [
            0.08371492493624955,
            0.13987032471462207,
            226.86504777069712
        ],
        [
            0.0785962836172134,
            0.1576995237888888,
            156.20874544507967
        ],
        [
            0.09055003775338384,
            0.1773540591489227,
            43.434899328859046
        ],
        [
            0.074897312299959,
            0.1388562196127581,
            210.52662825214463
        ],
        [
            0.08035064281293479,
            0.15960839575759156,
            191.43490992988956
        ],
        [
            0.09087929486985646,
            0.22502944520468637,
            127.9468641114982
        ]
    ]
}