{
    "rgb_colors": [
        [
            31.445606694560666,
            29.154811715481166,
            26.26987447698748
        ],
        [
            196.03109815354713,
            182.34693877551064,
            165.02137998056367
        ],
        [
            158.416572077185,
            145.2417707150957,
            128.78887627695855
        ],
        [
            113.37204724409449,
            102.35433070866155,
            88.39960629921265
        ],
        [
            221.6433919880195,
            207.03575439910682,
            189.98015724447134
        ],
        [
            178.5363790186125,
            165.13620981387533,
            147.66751269035527
        ],
        [
            73.46786632390746,
            66.6169665809768,
            57.93573264781492
        ],
        [
            214.37255611875452,
            198.94786386675506,
            179.89427950760856
        ],
        [
            138.02564102564102,
            125.56060606060565,
            109.35081585081596
        ],
        [
            0.022470166336875153,
            0.02107340217156306,
            0.019560240995899036
        ]
    ],
    "hex_colors": [
        "#1f1d1a",
        "#c4b6a5",
        "#9e9180",
        "#716658",
        "#ddcfbd",
        "#b2a593",
        "#494239",
        "#d6c6b3",
        "#8a7d6d",
        "#000000"
    ],
    "hsl_color_values": [
        [
            0.09289948800862247,
            0.1645931741068448,
            31.445606694560666
        ],
        [
            0.09311897374826557,
            0.1581877491126137,
            196.03109815354713
        ],
        [
            0.0925535718846519,
            0.18702396732704843,
            158.416572077185
        ],
        [
            0.09313416364496369,
            0.22026982445783297,
            113.37204724409449
        ],
        [
            0.0897760304275861,
            0.1428566602394338,
            221.6433919880195
        ],
        [
            0.09431669727117731,
            0.1728995877363411,
            178.5363790186125
        ],
        [
            0.09315348118724402,
            0.21141397529654626,
            73.46786632390746
        ],
        [
            0.09210429596021318,
            0.16083344452004508,
            214.37255611875452
        ],
        [
            0.09421615250172477,
            0.20774998733386166,
            138.02564102564102
        ],
        [
            0.08666666657253158,
            0.12950172674960223,
            0.022470166336875153
        ]
    ]
}