{
    "rgb_colors": [
        [
            78.27332689832704,
            77.27724152724153,
            73.96133633633617
        ],
        [
            179.59422468354137,
            179.7632911392405,
            175.35973101266157
        ],
        [
            155.50549983040224,
            156.99045403886225,
            153.50293162765763
        ],
        [
            215.1665507649543,
            212.60135605006954,
            206.17750347704833
        ],
        [
            52.04638880959092,
            46.59870111333143,
            43.27469312018313
        ],
        [
            132.50193676716617,
            132.19948701842546,
            128.16813232830972
        ],
        [
            172.81998565622828,
            109.14678460435094,
            80.0074109490799
        ],
        [
            106.17949642449389,
            106.04741301604471,
            102.19127456282618
        ],
        [
            128.76067333495865,
            68.55672115150037,
            49.5984386435718
        ],
        [
            0.345201008748802,
            0.3303787766404582,
            0.30079612323298477
        ]
    ],
    "hex_colors": [
        "#4e4d49",
        "#b3b3af",
        "#9b9c99",
        "#d7d4ce",
        "#342e2b",
        "#848480",
        "#ac6d50",
        "#6a6a66",
        "#804431",
        "#000000"
    ],
    "hsl_color_values": [
        [
            0.1281660655805635,
            0.05508888829513939,
            78.27332689832704
        ],
        [
            0.17306552164004288,
            0.024496436945894744,
            179.7632911392405
        ],
        [
            0.2376317642045438,
            0.02221486925785502,
            156.99045403886225
        ],
        [
            0.11910518002769832,
            0.041777159395586155,
            215.1665507649543
        ],
        [
            0.06315783764139972,
            0.16853610577092287,
            52.04638880959092
        ],
        [
            0.15503524855171205,
            0.032707479940250646,
            132.50193676716617
        ],
        [
            0.05232655479284378,
            0.5370476936143843,
            172.81998565622828
        ],
        [
            0.16114693828350427,
            0.03756112993532424,
            106.17949642449389
        ],
        [
            0.039914408223056606,
            0.6148013414426144,
            128.76067333495865
        ],
        [
            0.11103377876793902,
            0.128634866035777,
            0.345201008748802
        ]
    ]
}