{
    "rgb_colors": [
        [
            0.06471195669043794,
            0.06209907062615727,
            0.060902149762320335
        ],
        [
            77.66312384473167,
            74.02911275415897,
            71.78743068391867
        ],
        [
            189.87825182101741,
            170.96514047866808,
            166.46462018730375
        ],
        [
            46.6060907283569,
            47.53686969094524,
            50.87746249774169
        ],
        [
            185.5882891125338,
            74.84446477584629,
            74.97163769441873
        ],
        [
            112.24110671936714,
            107.03260869565217,
            102.2643280632404
        ],
        [
            233.80693960860654,
            229.919678232681,
            222.53331732501587
        ],
        [
            24.007955836986934,
            28.650040591005034,
            37.134145153434304
        ],
        [
            221.55739145719033,
            214.7343997187555,
            205.29548251010178
        ],
        [
            143.45103545103444,
            131.85257985257985,
            122.04650754650514
        ]
    ],
    "hex_colors": [
        "#000000",
        "#4d4a47",
        "#bdaaa6",
        "#2e2f32",
        "#b94a4a",
        "#706b66",
        "#e9e5de",
        "#181c25",
        "#ddd6cd",
        "#8f837a"
    ],
    "hsl_color_values": [
        [
            0.05236139636557752,
            0.058873307545660405,
            0.06471195669043794
        ],
        [
            0.0635863153755442,
            0.07565615275223804,
            77.66312384473167
        ],
        [
            0.032036325118711,
            0.12330865388303536,
            189.87825182101741
        ],
        [
            0.6303481639762768,
            0.08395410383476548,
            50.87746249774169
        ],
        [
            0.999808607960257,
            0.5967177393910701,
            185.5882891125338
        ],
        [
            0.07965631654534723,
            0.08888703032010689,
            112.24110671936714
        ],
        [
            0.10919827898344558,
            0.04821765471316952,
            233.80693960860654
        ],
        [
            0.6077248996629779,
            0.3534803147402846,
            37.134145153434304
        ],
        [
            0.09673851164875709,
            0.07339817841387931,
            221.55739145719033
        ],
        [
            0.07635512409502615,
            0.14921138656984823,
            143.45103545103444
        ]
    ]
}