{
    "rgb_colors": [
        [
            168.45900406198152,
            138.65879344065016,
            114.29742741086042
        ],
        [
            1.127518004369513,
            0.7751278572156721,
            0.6248216957087109
        ],
        [
            225.4287925696552,
            184.2636738906108,
            146.85517715858302
        ],
        [
            105.3055832502506,
            56.240877367895905,
            43.662711864406276
        ],
        [
            169.65838210535387,
            109.28068628237406,
            77.59761083941409
        ],
        [
            24.459779796644185,
            18.59220263522076,
            15.222068467601781
        ],
        [
            247.8636520538489,
            230.72212633759045,
            205.29133586468632
        ],
        [
            59.80322069049657,
            41.055020129315594,
            34.60351348054174
        ],
        [
            206.9443790959466,
            141.6803898504458,
            102.28331372878345
        ],
        [
            141.95655851145236,
            84.90342918652654,
            60.38605259111114
        ]
    ],
    "hex_colors": [
        "#a88a72",
        "#010000",
        "#e1b892",
        "#69382b",
        "#a96d4d",
        "#18120f",
        "#f7e6cd",
        "#3b2922",
        "#ce8d66",
        "#8d543c"
    ],
    "hsl_color_values": [
        [
            0.07496509375613937,
            0.32151191295891374,
            168.45900406198152
        ],
        [
            0.04983332180131489,
            0.4458432652185456,
            1.127518004369513
        ],
        [
            0.07934914821877209,
            0.3485518176955756,
            225.4287925696552
        ],
        [
            0.0340081646120346,
            0.5853713495831916,
            105.3055832502506
        ],
        [
            0.05735898690846969,
            0.5426243615170879,
            169.65838210535387
        ],
        [
            0.06080391646041209,
            0.3776694396206213,
            24.459779796644185
        ],
        [
            0.09955918442361657,
            0.17175699557559035,
            247.8636520538489
        ],
        [
            0.04266919052552367,
            0.42137709171839566,
            59.80322069049657
        ],
        [
            0.06273755508388411,
            0.5057449051014749,
            206.9443790959466
        ],
        [
            0.050094447575937506,
            0.5746159724896438,
            141.95655851145236
        ]
    ]
}