{
    "rgb_colors": [
        [
            63.329356027371844,
            56.85523776101232,
            51.580803649761364
        ],
        [
            209.3662736842106,
            208.61667368421064,
            205.37385263157898
        ],
        [
            137.45733294764239,
            132.06711021116587,
            125.40323980329774
        ],
        [
            192.28343881856622,
            191.25432489451396,
            188.03702531645652
        ],
        [
            232.3433054700111,
            231.74798357530346,
            230.32695409884195
        ],
        [
            175.808357750801,
            173.83954234686874,
            169.7104088181936
        ],
        [
            221.3892272183793,
            220.58324295764425,
            218.29899057312554
        ],
        [
            100.88370336807182,
            93.90046820721855,
            87.27473191360934
        ],
        [
            158.37122987966873,
            153.8802156586972,
            148.2452726988588
        ],
        [
            0.8597914677819176,
            0.7811880461320015,
            0.6825574564756209
        ]
    ],
    "hex_colors": [
        "#3f3833",
        "#d1d0cd",
        "#89847d",
        "#c0bfbc",
        "#e8e7e6",
        "#afada9",
        "#dddcda",
        "#645d57",
        "#9e9994",
        "#000000"
    ],
    "hsl_color_values": [
        [
            0.07482388669011086,
            0.18551510886250902,
            63.329356027371844
        ],
        [
            0.1353740420445777,
            0.01906907441383527,
            209.3662736842106
        ],
        [
            0.09213841760457087,
            0.08769334371514441,
            137.45733294764239
        ],
        [
            0.12627517223099038,
            0.022084135421129594,
            192.28343881856622
        ],
        [
            0.1174588166841138,
            0.008678327817925463,
            232.3433054700111
        ],
        [
            0.1128558026725874,
            0.03468520501881331,
            175.808357750801
        ],
        [
            0.12319727401389884,
            0.013958387605759745,
            221.3892272183793
        ],
        [
            0.08114422063146419,
            0.1348976197355728,
            100.88370336807182
        ],
        [
            0.09274749470133048,
            0.06393811040366162,
            158.37122987966873
        ],
        [
            0.0927498705707664,
            0.20613604338680333,
            0.8597914677819176
        ]
    ]
}