{
    "rgb_colors": [
        [
            31.32048536759459,
            29.230549607423296,
            26.680942184154176
        ],
        [
            177.5081796394622,
            176.79847869124936,
            169.43409398770447
        ],
        [
            92.091250670963,
            89.81561996779604,
            87.21121846484165
        ],
        [
            142.6657045394883,
            141.31067961164788,
            135.7714510627132
        ],
        [
            0.3643194830722365,
            0.3519071754177858,
            0.31782808953897757
        ],
        [
            195.88385416666853,
            194.70208333333525,
            186.69895833333334
        ],
        [
            121.6094684970017,
            120.5364308342069,
            116.24797606476592
        ],
        [
            234.56144578313226,
            231.35662650602387,
            222.16385542168678
        ],
        [
            71.70560432140417,
            63.34031060094516,
            56.34436191762323
        ],
        [
            162.41402179062038,
            162.05708195168148,
            155.9097584083373
        ]
    ],
    "hex_colors": [
        "#1f1d1a",
        "#b1b0a9",
        "#5c5957",
        "#8e8d87",
        "#000000",
        "#c3c2ba",
        "#797874",
        "#eae7de",
        "#473f38",
        "#a2a29b"
    ],
    "hsl_color_values": [
        [
            0.09158974358974425,
            0.14813126709206964,
            31.32048536759459
        ],
        [
            0.15201689745805555,
            0.045485710394625525,
            177.5081796394622
        ],
        [
            0.08894755174250389,
            0.05299126866630842,
            92.091250670963
        ],
        [
            0.1339093146583326,
            0.048324532507858974,
            142.6657045394883
        ],
        [
            0.12216987306273804,
            0.1276116038077511,
            0.3643194830722365
        ],
        [
            0.14522256875532155,
            0.046889499251531915,
            195.88385416666853
        ],
        [
            0.1333103553921167,
            0.04408778772327227,
            121.6094684970017
        ],
        [
            0.12358276643990891,
            0.0528543398087164,
            234.56144578313226
        ],
        [
            0.0759047619047617,
            0.21422652453952745,
            71.70560432140417
        ],
        [
            0.15752036221064977,
            0.04004742515808272,
            162.41402179062038
        ]
    ]
}