{
    "rgb_colors": [
        [
            34.750922509225056,
            30.151291512915112,
            28.12730627306273
        ],
        [
            181.02430433251726,
            29.949277914759207,
            37.84853821768228
        ],
        [
            138.33014769765578,
            49.56385751520458,
            48.214596003475236
        ],
        [
            156.45628257093284,
            139.94151708164566,
            130.11580775911983
        ],
        [
            199.33412362405556,
            189.10965283658595,
            184.75605419136326
        ],
        [
            178.91422594142222,
            83.78451882845228,
            87.32217573221757
        ],
        [
            0.03935817683968068,
            0.03522469623104385,
            0.032195802569617626
        ],
        [
            81.13641025641003,
            70.97538461538454,
            63.46358974358974
        ],
        [
            121.3581599123762,
            103.87623220153282,
            95.70208105147864
        ],
        [
            188.41628633197615,
            176.68964688926826,
            167.61518135959645
        ]
    ],
    "hex_colors": [
        "#221e1c",
        "#b51d25",
        "#8a3130",
        "#9c8b82",
        "#c7bdb8",
        "#b25357",
        "#000000",
        "#51463f",
        "#79675f",
        "#bcb0a7"
    ],
    "hsl_color_values": [
        [
            0.05092850510677797,
            0.19060260153968597,
            34.750922509225056
        ],
        [
            0.9912854995624494,
            0.8345565915848161,
            181.02430433251726
        ],
        [
            0.0024954285291922487,
            0.6514527251943916,
            138.33014769765578
        ],
        [
            0.062171173151614634,
            0.16835677276092115,
            156.45628257093284
        ],
        [
            0.049773378948009074,
            0.07313383763728563,
            199.33412362405556
        ],
        [
            0.9938020466807419,
            0.5317056629365855,
            178.91422594142222
        ],
        [
            0.07048160165934192,
            0.18197932031348543,
            0.03935817683968068
        ],
        [
            0.07084131313717545,
            0.2178161500733153,
            81.13641025641003
        ],
        [
            0.053100808287793365,
            0.21140794223826334,
            121.3581599123762
        ],
        [
            0.07270820101240731,
            0.11039971850272874,
            188.41628633197615
        ]
    ]
}