{
    "rgb_colors": [
        [
            60.01409869083585,
            56.55891238670695,
            53.25276938569989
        ],
        [
            188.23243712055506,
            184.7624554302773,
            185.70781536089285
        ],
        [
            203.1278845555763,
            200.44224668780421,
            202.90900043539395
        ],
        [
            118.38135894699394,
            115.0665243685515,
            115.19672714336474
        ],
        [
            193.21780303030303,
            84.68560606060612,
            38.338068181818116
        ],
        [
            171.80435122867428,
            166.94740961026932,
            165.93754891219436
        ],
        [
            215.53877236867424,
            213.25481046757483,
            216.56301712526206
        ],
        [
            0.11788932562736676,
            0.11098251125264369,
            0.10196382001473836
        ],
        [
            131.76498800959232,
            49.784172661870414,
            15.995203836930358
        ],
        [
            145.78526814559552,
            142.12814990307933,
            143.11285806590502
        ]
    ],
    "hex_colors": [
        "#3c3835",
        "#bcb8b9",
        "#cbc8ca",
        "#767373",
        "#c15426",
        "#aba6a5",
        "#d7d5d8",
        "#000000",
        "#83310f",
        "#918e8f"
    ],
    "hsl_color_values": [
        [
            0.08149637573230079,
            0.11266234855857984,
            60.01409869083585
        ],
        [
            0.9545934236836526,
            0.018434557525573467,
            188.23243712055506
        ],
        [
            0.8469169542432216,
            0.013221414054736908,
            203.1278845555763
        ],
        [
            0.9934535308006018,
            0.02800132223458157,
            118.38135894699394
        ],
        [
            0.04987476027139023,
            0.8015810780344842,
            193.21780303030303
        ],
        [
            0.02868856103657036,
            0.03414815908050614,
            171.80435122867428
        ],
        [
            0.7817321254599882,
            0.015275953861382245,
            216.56301712526206
        ],
        [
            0.09438414345385897,
            0.1350886140698345,
            0.11788932562736676
        ],
        [
            0.048643908636451495,
            0.8786080879408882,
            131.76498800959232
        ],
        [
            0.9551236749116713,
            0.025085650210306794,
            145.78526814559552
        ]
    ]
}