{
    "rgb_colors": [
        [
            0.07591308130375296,
            0.07077713222936666,
            0.06263810328205466
        ],
        [
            165.7867739170602,
            161.30625700534054,
            157.4608689918903
        ],
        [
            205.67205700972812,
            200.322050157599,
            191.59531314238728
        ],
        [
            42.38451612903222,
            39.74709677419355,
            35.12
        ],
        [
            189.81479840496385,
            184.19782897651748,
            177.61733865012553
        ],
        [
            179.39701382939882,
            173.0480969281606,
            166.47062783013095
        ],
        [
            92.70959264126152,
            88.17214191852825,
            80.7976346911958
        ],
        [
            150.97985589216347,
            148.43952893778572,
            148.00759277911212
        ],
        [
            218.44518618963463,
            215.66423281527068,
            210.75028684677167
        ],
        [
            137.16307590321583,
            133.64136559496188,
            131.1266158435532
        ]
    ],
    "hex_colors": [
        "#000000",
        "#a5a19d",
        "#cdc8bf",
        "#2a2723",
        "#bdb8b1",
        "#b3ada6",
        "#5c5850",
        "#969494",
        "#dad7d2",
        "#898583"
    ],
    "hsl_color_values": [
        [
            0.10218509004947178,
            0.17487075736763724,
            0.07591308130375296
        ],
        [
            0.0769763777033076,
            0.0502205618002748,
            165.7867739170602
        ],
        [
            0.10332333833084834,
            0.06844266582443438,
            205.67205700972812
        ],
        [
            0.10615748963884018,
            0.17139551875304365,
            42.38451612903222
        ],
        [
            0.089916130881018,
            0.0642597935320903,
            189.81479840496385
        ],
        [
            0.08480675493782225,
            0.07205463303620244,
            179.39701382939882
        ],
        [
            0.10318073175216014,
            0.12848678988547477,
            92.70959264126152
        ],
        [
            0.024220385962072394,
            0.019686487945612275,
            150.97985589216347
        ],
        [
            0.10643297049875662,
            0.03522576751214343,
            218.44518618963463
        ],
        [
            0.06943224247747921,
            0.04400936636855563,
            137.16307590321583
        ]
    ]
}