{
    "rgb_colors": [
        [
            50.011222681630045,
            48.14943886591849,
            44.872415829887544
        ],
        [
            178.19856297167274,
            177.52636811423923,
            175.14686610331012
        ],
        [
            192.73635000789722,
            192.6217847561938,
            191.45538109516195
        ],
        [
            164.857957757337,
            163.71612107508093,
            160.0583277660716
        ],
        [
            86.78032345013474,
            83.89532794249776,
            79.240790655885
        ],
        [
            117.65244472127051,
            115.43911554033012,
            111.68078480224226
        ],
        [
            0.21360815085002116,
            0.2066560913030031,
            0.1940188866181245
        ],
        [
            227.43452768729668,
            227.60673181324648,
            227.8206297502714
        ],
        [
            208.64425287357028,
            208.65885057471263,
            208.24545977012232
        ],
        [
            143.42766343825633,
            141.29070823244552,
            137.6321125907983
        ]
    ],
    "hex_colors": [
        "#32302c",
        "#b2b1af",
        "#c0c0bf",
        "#a4a3a0",
        "#56534f",
        "#75736f",
        "#000000",
        "#e3e3e3",
        "#d0d0d0",
        "#8f8d89"
    ],
    "hsl_color_values": [
        [
            0.10628352490422144,
            0.10275307373418947,
            50.011222681630045
        ],
        [
            0.12995513171692283,
            0.017125260818448562,
            178.19856297167274
        ],
        [
            0.15176059952685958,
            0.0066462237802198424,
            192.73635000789722
        ],
        [
            0.12701650320496782,
            0.029113729519385505,
            164.857957757337
        ],
        [
            0.10289181513039036,
            0.08688067172948576,
            86.78032345013474
        ],
        [
            0.10489352455454413,
            0.050756785659453726,
            117.65244472127051
        ],
        [
            0.10751811583528659,
            0.09170653907139856,
            0.21360815085002116
        ],
        [
            0.5923322084739886,
            0.0016947633908217417,
            227.8206297502714
        ],
        [
            0.17255201816306198,
            0.001981180301969927,
            208.65885057471263
        ],
        [
            0.10521276688340764,
            0.04040748282811522,
            143.42766343825633
        ]
    ]
}