{
    "rgb_colors": [
        [
            0.19558598718636233,
            0.19064655781508932,
            0.1877561245165893
        ],
        [
            160.09361438313658,
            157.71543707377558,
            152.5257284562918
        ],
        [
            64.54691588785,
            63.30018691588785,
            59.938317757009244
        ],
        [
            209.772218769422,
            206.94701678060906,
            201.79148539465464
        ],
        [
            35.58603707995412,
            34.53736964078795,
            30.327201622248253
        ],
        [
            191.94176524112524,
            189.5047770700637,
            185.23680618744066
        ],
        [
            125.01029601029485,
            122.96138996138995,
            118.06821106821008
        ],
        [
            11.008798514027864,
            10.784631928829798,
            10.483918271580094
        ],
        [
            91.87175513366867,
            89.93684618364975,
            85.40371948856914
        ],
        [
            225.60211733568968,
            222.30480811645347,
            216.5668284075896
        ]
    ],
    "hex_colors": [
        "#000000",
        "#a09d98",
        "#403f3b",
        "#d1cec9",
        "#23221e",
        "#bfbdb9",
        "#7d7a76",
        "#0b0a0a",
        "#5b5955",
        "#e1ded8"
    ],
    "hsl_color_values": [
        [
            0.06152584066934883,
            0.04003284070812508,
            0.19558598718636233
        ],
        [
            0.1142923459217511,
            0.04727162889041465,
            160.09361438313658
        ],
        [
            0.12157960199006289,
            0.07139919959689757,
            64.54691588785
        ],
        [
            0.10766619941334021,
            0.038044758364975166,
            209.772218769422
        ],
        [
            0.1334315696697471,
            0.14777805817181608,
            35.58603707995412
        ],
        [
            0.10608990670066482,
            0.034932256902303296,
            191.94176524112524
        ],
        [
            0.11747620813251937,
            0.05553210546364182,
            125.01029601029485
        ],
        [
            0.0954864344697407,
            0.0476782495182327,
            11.008798514027864
        ],
        [
            0.1168084341679818,
            0.07040287448181298,
            91.87175513366867
        ],
        [
            0.10584387052671772,
            0.04004966369467097,
            225.60211733568968
        ]
    ]
}