{
    "rgb_colors": [
        [
            109.97083560234768,
            101.58104919223084,
            88.87983300054454
        ],
        [
            180.20547759473934,
            161.2586265337918,
            142.4846451088045
        ],
        [
            195.60163165191426,
            192.16263197184236,
            185.28217980163794
        ],
        [
            140.15899804583407,
            136.89456386569634,
            128.32927695860815
        ],
        [
            218.59348646695045,
            218.0619227371308,
            213.3781222391786
        ],
        [
            0.5046839924019935,
            0.5124115006103409,
            0.4388706613766118
        ],
        [
            162.8160759325634,
            120.22467808310137,
            95.32696136997241
        ],
        [
            46.782168186423505,
            43.45558932793327,
            35.21127997298547
        ],
        [
            79.07887170335118,
            67.96832242712678,
            57.52458853856764
        ],
        [
            123.88821644713421,
            72.65688857244513,
            64.24969740120974
        ]
    ],
    "hex_colors": [
        "#6d6558",
        "#b4a18e",
        "#c3c0b9",
        "#8c8880",
        "#dadad5",
        "#000000",
        "#a2785f",
        "#2e2b23",
        "#4f4339",
        "#7b4840"
    ],
    "hsl_color_values": [
        [
            0.1003683611086403,
            0.1917872360092614,
            109.97083560234768
        ],
        [
            0.08295142757868024,
            0.20932123145981443,
            180.20547759473934
        ],
        [
            0.11112431600101873,
            0.05275749370353134,
            195.60163165191426
        ],
        [
            0.12067468094319994,
            0.0844021522139979,
            140.15899804583407
        ],
        [
            0.14967955874845484,
            0.023858735738497762,
            218.59348646695045
        ],
        [
            0.18417963018658634,
            0.1435191035840014,
            0.5124115006103409
        ],
        [
            0.06148575928255371,
            0.41451136920007964,
            162.8160759325634
        ],
        [
            0.11875074184557323,
            0.2473354413016706,
            46.782168186423505
        ],
        [
            0.08075528661531976,
            0.27256690315006254,
            79.07887170335118
        ],
        [
            0.02349485786963022,
            0.4813897621278091,
            123.88821644713421
        ]
    ]
}