{
    "rgb_colors": [
        [
            21.24456796361885,
            22.099689597921028,
            51.87937630838058
        ],
        [
            189.46586524190397,
            181.62882160878598,
            170.23130008905372
        ],
        [
            41.30011876484607,
            41.990261282660335,
            87.31057007125293
        ],
        [
            217.20555346148745,
            213.4167608996105,
            205.0621937429333
        ],
        [
            59.36611195158859,
            134.3086232980333,
            164.5325264750377
        ],
        [
            27.943713031861524,
            30.961489537620047,
            76.28588691725355
        ],
        [
            0.18998874695826373,
            0.18247685230885224,
            0.3411940062720831
        ],
        [
            147.0214438884908,
            141.97676912080055,
            138.22337383845598
        ],
        [
            249.5762039659912,
            249.18999055712936,
            246.558451369229
        ],
        [
            85.52689979825138,
            89.43913920645595,
            99.6116341627432
        ]
    ],
    "hex_colors": [
        "#151633",
        "#bdb5aa",
        "#292957",
        "#d9d5cd",
        "#3b86a4",
        "#1b1e4c",
        "#000000",
        "#938d8a",
        "#f9f9f6",
        "#555963"
    ],
    "hsl_color_values": [
        [
            0.662014433469064,
            0.5905007061507983,
            51.87937630838058
        ],
        [
            0.09875902599617074,
            0.10151994993025353,
            189.46586524190397
        ],
        [
            0.664166718291828,
            0.5269745835911778,
            87.31057007125293
        ],
        [
            0.1146657837467067,
            0.055907224861574706,
            217.20555346148745
        ],
        [
            0.5478985350883501,
            0.6391831255287057,
            164.5325264750377
        ],
        [
            0.6562624438000624,
            0.6336974745778108,
            76.28588691725355
        ],
        [
            0.6745548023237528,
            0.4651815420129708,
            0.3411940062720831
        ],
        [
            0.07110262555687263,
            0.059842087095184335,
            147.0214438884908
        ],
        [
            0.14533658760517065,
            0.012091507719114963,
            249.5762039659912
        ],
        [
            0.620372580850519,
            0.1413964792654692,
            99.6116341627432
        ]
    ]
}