{
    "rgb_colors": [
        [
            31.498381145998042,
            35.124237632708386,
            61.05699871997585
        ],
        [
            206.44176835795332,
            200.016270605866,
            186.55726825091142
        ],
        [
            0.1274059599413775,
            0.1213361016121155,
            0.12227650218371622
        ],
        [
            241.5344356203619,
            237.93881005077463,
            226.21208176018422
        ],
        [
            50.44000373517602,
            58.4440190493977,
            88.36763469978521
        ],
        [
            177.53626149131767,
            168.33132138545824,
            153.40198718543763
        ],
        [
            21.743654900988563,
            23.429545384114785,
            42.014441104466435
        ],
        [
            63.711317418213966,
            150.56255526083112,
            177.52276746242075
        ],
        [
            62.84505916213624,
            111.28285897025904,
            129.82874960025742
        ],
        [
            149.7207615593835,
            138.59746146872166,
            126.91145361136373
        ]
    ],
    "hex_colors": [
        "#1f233d",
        "#cec8ba",
        "#000000",
        "#f1ede2",
        "#323a58",
        "#b1a899",
        "#15172a",
        "#3f96b1",
        "#3e6f81",
        "#958a7e"
    ],
    "hsl_color_values": [
        [
            0.6462222256186614,
            0.4841151414851185,
            61.05699871997585
        ],
        [
            0.1128098291173385,
            0.0963201403727747,
            206.44176835795332
        ],
        [
            0.9741784041573872,
            0.04764187116564152,
            0.1274059599413775
        ],
        [
            0.12755577458486772,
            0.06343755423868834,
            241.5344356203619
        ],
        [
            0.6314943524871953,
            0.429202740273203,
            88.36763469978521
        ],
        [
            0.10309911684661155,
            0.1359399713790882,
            177.53626149131767
        ],
        [
            0.6528052532825378,
            0.48247187563618316,
            42.014441104466435
        ],
        [
            0.5394808140878586,
            0.6411090344696163,
            177.52276746242075
        ],
        [
            0.5461452892704055,
            0.5159388089646083,
            129.82874960025742
        ],
        [
            0.08538917448371826,
            0.15234565808011175,
            149.7207615593835
        ]
    ]
}