{
    "rgb_colors": [
        [
            0.04069198805593288,
            0.03879194881730541,
            0.03516007051897674
        ],
        [
            227.6688481675365,
            216.7380017452007,
            204.612565445024
        ],
        [
            148.6882926829259,
            142.85560975609758,
            138.6048780487798
        ],
        [
            116.83753148614585,
            111.73047858942066,
            105.41435768261951
        ],
        [
            215.31329906418384,
            204.2707262422565,
            191.5421115065212
        ],
        [
            184.55871626549614,
            176.57275711159738,
            169.74270605397285
        ],
        [
            73.28597449908922,
            69.7559198542805,
            64.44262295081965
        ],
        [
            31.939117199391177,
            30.404870624048705,
            27.882800608828013
        ],
        [
            199.90346121768292,
            190.19599666388658,
            180.62812760633705
        ],
        [
            170.59085213032662,
            162.7203425229741,
            152.75000000000188
        ]
    ],
    "hex_colors": [
        "#000000",
        "#e3d8cc",
        "#948e8a",
        "#746f69",
        "#d7ccbf",
        "#b8b0a9",
        "#494540",
        "#1f1e1b",
        "#c7beb4",
        "#aaa298"
    ],
    "hsl_color_values": [
        [
            0.10942192208716654,
            0.135946111292284,
            0.04069198805593288
        ],
        [
            0.08765099189455237,
            0.10127113528305773,
            227.6688481675365
        ],
        [
            0.07025946172578063,
            0.06781579404942611,
            148.6882926829259
        ],
        [
            0.09215361999265266,
            0.0977697291120949,
            116.83753148614585
        ],
        [
            0.08924399692456142,
            0.11040278357620896,
            215.31329906418384
        ],
        [
            0.07683187488977739,
            0.08027803027308547,
            184.55871626549614
        ],
        [
            0.10013731548232106,
            0.12066908584779028,
            73.28597449908922
        ],
        [
            0.1036272670419009,
            0.12700152497140668,
            31.939117199391177
        ],
        [
            0.08272981807102314,
            0.09642321095359217,
            199.90346121768292
        ],
        [
            0.09314150140868062,
            0.10458270128514768,
            170.59085213032662
        ]
    ]
}