{
    "rgb_colors": [
        [
            0.20829663753585237,
            0.197254025246707,
            0.1851500575925229
        ],
        [
            143.60099698097312,
            134.69669311240608,
            125.16127220388901
        ],
        [
            143.07888432580424,
            90.98271731690623,
            65.79517453798773
        ],
        [
            83.57116215987115,
            75.19733830634907,
            67.31465626854276
        ],
        [
            220.4151308760684,
            216.2905982905983,
            208.23090277777942
        ],
        [
            110.23249299719888,
            107.30210907892568,
            98.27994727302573
        ],
        [
            50.450655800331084,
            45.437667133579524,
            41.67897618744364
        ],
        [
            192.90573933838184,
            153.80769230769232,
            76.25229174970109
        ],
        [
            171.8090646619818,
            164.06776706433513,
            153.49572370213062
        ],
        [
            197.392287831163,
            191.40575886843288,
            181.8813987427016
        ]
    ],
    "hex_colors": [
        "#000000",
        "#8f867d",
        "#8f5a41",
        "#534b43",
        "#dcd8d0",
        "#6e6b62",
        "#322d29",
        "#c0994c",
        "#aba499",
        "#c5bfb5"
    ],
    "hsl_color_values": [
        [
            0.08715447151601252,
            0.11112315694172184,
            0.20829663753585237
        ],
        [
            0.08618549556993364,
            0.12840944815673766,
            143.60099698097312
        ],
        [
            0.05431835257406605,
            0.5401475567270579,
            143.07888432580424
        ],
        [
            0.08081566533526656,
            0.19452291282284415,
            83.57116215987115
        ],
        [
            0.11024765579187162,
            0.05527854666719649,
            220.4151308760684
        ],
        [
            0.12580530282143568,
            0.10843033119532981,
            110.23249299719888
        ],
        [
            0.07141716508914242,
            0.17386651320456933,
            50.450655800331084
        ],
        [
            0.11080598439383611,
            0.6047173504986049,
            192.90573933838184
        ],
        [
            0.09621440625700024,
            0.10659123833705146,
            171.8090646619818
        ],
        [
            0.10234057797946693,
            0.07857900254810583,
            197.392287831163
        ]
    ]
}