{
    "rgb_colors": [
        [
            28.466265060240964,
            28.14096385542169,
            27.485542168674712
        ],
        [
            142.94841196989168,
            141.7282908022765,
            135.2799706260392
        ],
        [
            194.9204249348567,
            195.4844658248146,
            190.66566446181943
        ],
        [
            102.3375,
            96.57403846153846,
            88.92692307692347
        ],
        [
            221.92323651452284,
            222.89004149377595,
            219.69605809128862
        ],
        [
            63.94867807153966,
            62.737169517884915,
            60.604976671850594
        ],
        [
            126.1522924014107,
            124.90638025008016,
            119.80057710804418
        ],
        [
            177.26152924735476,
            176.77879816330605,
            170.8925933320069
        ],
        [
            0.04774202848065201,
            0.04730959345101482,
            0.04634262066874584
        ],
        [
            160.59058823529412,
            160.28607843137254,
            154.27098039216094
        ]
    ],
    "hex_colors": [
        "#1c1c1b",
        "#8e8d87",
        "#c2c3be",
        "#666058",
        "#dddedb",
        "#3f3e3c",
        "#7e7c77",
        "#b1b0aa",
        "#000000",
        "#a0a09a"
    ],
    "hsl_color_values": [
        [
            0.11138411138411086,
            0.0344521098742959,
            28.466265060240964
        ],
        [
            0.14014843188889323,
            0.05364481660326278,
            142.94841196989168
        ],
        [
            0.18617500658598507,
            0.024650559023516434,
            195.4844658248146
        ],
        [
            0.09503835950383384,
            0.13104264734898285,
            102.3375
        ],
        [
            0.21711594673598947,
            0.014329861401979789,
            222.89004149377595
        ],
        [
            0.10627906976744372,
            0.052287263795327464,
            63.94867807153966
        ],
        [
            0.13397439133143232,
            0.05034958281341145,
            126.1522924014107
        ],
        [
            0.15403422982884202,
            0.03592960041803828,
            177.26152924735476
        ],
        [
            0.11516452102596186,
            0.029311863287780036,
            0.04774202848065201
        ],
        [
            0.1586358465198002,
            0.03935229276247386,
            160.59058823529412
        ]
    ]
}