{
    "rgb_colors": [
        [
            0.22587553820677897,
            0.2166540902952363,
            0.20276088596919806
        ],
        [
            231.68261255924443,
            230.8344194312823,
            229.27103080568722
        ],
        [
            109.53801169590645,
            111.64057579847054,
            112.46648672964463
        ],
        [
            169.52995236491074,
            169.06895058460947,
            167.9634316508685
        ],
        [
            69.45208396714337,
            69.44752053544272,
            68.78612716763006
        ],
        [
            198.95102650242723,
            197.84680851063914,
            197.22583053378125
        ],
        [
            158.9807330630655,
            158.41471977264058,
            156.0173444226188
        ],
        [
            147.11411751386714,
            146.39590173213963,
            144.0275104720933
        ],
        [
            183.23660006343525,
            182.69869965112957,
            182.12832223279418
        ],
        [
            214.5027327144922,
            213.5753448425394,
            212.42552268586797
        ]
    ],
    "hex_colors": [
        "#000000",
        "#e7e6e5",
        "#6d6f70",
        "#a9a9a7",
        "#454544",
        "#c6c5c5",
        "#9e9e9c",
        "#939290",
        "#b7b6b6",
        "#d6d5d4"
    ],
    "hsl_color_values": [
        [
            0.10017602819803624,
            0.10233357901916976,
            0.22587553820677897
        ],
        [
            0.10804724764075124,
            0.010408988947932121,
            231.68261255924443
        ],
        [
            0.5470046082949312,
            0.0260386459904084,
            112.46648672964463
        ],
        [
            0.11761935477255754,
            0.009240377244195339,
            169.52995236491074
        ],
        [
            0.1655245926602694,
            0.009588723065939438,
            69.45208396714337
        ],
        [
            0.05999105687543645,
            0.008671460504502244,
            198.95102650242723
        ],
        [
            0.13483299250169742,
            0.018639923111130358,
            158.9807330630655
        ],
        [
            0.12788536776211742,
            0.02098103903238857,
            147.11411751386714
        ],
        [
            0.08577533577560725,
            0.006048343127177613,
            183.23660006343525
        ],
        [
            0.09225693284315147,
            0.009683839465994281,
            214.5027327144922
        ]
    ]
}