{
    "rgb_colors": [
        [
            52.463845272593176,
            42.54161331626207,
            33.681649706854344
        ],
        [
            149.72995236204832,
            145.39410480349414,
            123.00347360063307
        ],
        [
            196.45499419279818,
            112.3455284552844,
            108.43031358885004
        ],
        [
            85.87754752526025,
            72.76930981332407,
            57.13623908203458
        ],
        [
            184.16683697167153,
            171.3685090571328,
            157.79572689270984
        ],
        [
            117.02382528127075,
            106.38418266048987,
            93.57246856386553
        ],
        [
            233.54936258522895,
            229.88304180254318,
            220.50170471389777
        ],
        [
            0.21464254787855452,
            0.18609585977207388,
            0.15741595378907647
        ],
        [
            169.25692307692034,
            56.13307692307702,
            59.922115384615424
        ],
        [
            210.81446322451325,
            200.54742610172332,
            189.62120861310734
        ]
    ],
    "hex_colors": [
        "#342a21",
        "#95917b",
        "#c4706c",
        "#554839",
        "#b8ab9d",
        "#756a5d",
        "#e9e5dc",
        "#000000",
        "#a9383b",
        "#d2c8bd"
    ],
    "hsl_color_values": [
        [
            0.07862023352911818,
            0.35800264864593423,
            52.463845272593176
        ],
        [
            0.13962826530410857,
            0.17849787794489103,
            149.72995236204832
        ],
        [
            0.007413100582646419,
            0.44806537479806674,
            196.45499419279818
        ],
        [
            0.09065390302933017,
            0.3346777972993655,
            85.87754752526025
        ],
        [
            0.08578062713187944,
            0.1431914155262279,
            184.16683697167153
        ],
        [
            0.09105169088942089,
            0.20039813825124145,
            117.02382528127075
        ],
        [
            0.11983424127608432,
            0.05586681002638024,
            233.54936258522895
        ],
        [
            0.08352732512834342,
            0.266613468089547,
            0.21464254787855452
        ],
        [
            0.9944175659533572,
            0.6683557995582441,
            169.25692307692034
        ],
        [
            0.08592527582444119,
            0.1005303634638934,
            210.81446322451325
        ]
    ]
}