{
    "rgb_colors": [
        [
            0.046225598486978825,
            0.04921643864182457,
            0.044423342765179896
        ],
        [
            71.12486697410475,
            61.61298332742058,
            57.52004256828628
        ],
        [
            24.076657117455873,
            24.096611676379936,
            20.237083868417812
        ],
        [
            31.799740042706276,
            31.258193296816543,
            28.212422244917633
        ],
        [
            93.60311284046638,
            77.99048854301755,
            71.52485948983941
        ],
        [
            186.77692307692342,
            152.89615384615396,
            133.58269230769258
        ],
        [
            144.59314586994753,
            120.4736379613351,
            102.26977152899778
        ],
        [
            41.138583638583576,
            39.15396825396854,
            36.83663003663049
        ],
        [
            119.53806781829792,
            96.89251439539345,
            84.83429302623111
        ],
        [
            52.97869415807565,
            48.93470790377991,
            46.58602520045806
        ]
    ],
    "hex_colors": [
        "#000000",
        "#473d39",
        "#181814",
        "#1f1f1c",
        "#5d4d47",
        "#ba9885",
        "#907866",
        "#292724",
        "#776054",
        "#34302e"
    ],
    "hsl_color_values": [
        [
            0.2706648699093494,
            0.09738810870747269,
            0.04921643864182457
        ],
        [
            0.05014080100124683,
            0.19128084149207245,
            71.12486697410475
        ],
        [
            0.16752836788664913,
            0.16016890091420294,
            24.096611676379936
        ],
        [
            0.14150642269908165,
            0.11280965797113317,
            31.799740042706276
        ],
        [
            0.0488084281434226,
            0.2358709307911192,
            93.60311284046638
        ],
        [
            0.06051239410481607,
            0.28480087311066254,
            186.77692307692342
        ],
        [
            0.07168562965423525,
            0.2927066430867821,
            144.59314586994753
        ],
        [
            0.08977852202954113,
            0.10457223417673323,
            41.138583638583576
        ],
        [
            0.057910229465483666,
            0.2903156745415843,
            119.53806781829792
        ],
        [
            0.0612337538226275,
            0.12066490235760445,
            52.97869415807565
        ]
    ]
}