{
    "rgb_colors": [
        [
            51.67920094007053,
            50.30434782608691,
            48.788484136310224
        ],
        [
            172.85519111701564,
            172.7258353374694,
            172.31985877296216
        ],
        [
            160.60400866738038,
            160.21946099675824,
            158.95923618634885
        ],
        [
            186.29478073889814,
            186.24558545644953,
            186.61334462761454
        ],
        [
            108.74460022735826,
            105.61121636983765,
            101.45661235316408
        ],
        [
            138.0826784030186,
            136.09210939955904,
            133.43256837472492
        ],
        [
            243.36374002280627,
            244.55720258456716,
            245.49752945648044
        ],
        [
            217.30328726968008,
            217.42755443886267,
            220.80600921273032
        ],
        [
            0.08945171771755156,
            0.08605067141239431,
            0.08285116853234342
        ],
        [
            202.13655019411897,
            202.2421519689426,
            204.61863560732112
        ]
    ],
    "hex_colors": [
        "#333230",
        "#acacac",
        "#a0a09e",
        "#bababa",
        "#6c6965",
        "#8a8885",
        "#f3f4f5",
        "#d9d9dc",
        "#000000",
        "#cacacc"
    ],
    "hsl_color_values": [
        [
            0.08739837398373644,
            0.0559357875349603,
            51.67920094007053
        ],
        [
            0.12639393360556225,
            0.0030969989422595643,
            172.85519111701564
        ],
        [
            0.12770001372459663,
            0.010241167046072622,
            160.60400866738038
        ],
        [
            0.6889617292628237,
            0.001970701355248017,
            186.61334462761454
        ],
        [
            0.09501031213714657,
            0.06701930816754849,
            108.74460022735826
        ],
        [
            0.09532179556512588,
            0.03367627338978403,
            138.0826784030186
        ],
        [
            0.5734473340459938,
            0.008691694121722009,
            245.49752945648044
        ],
        [
            0.660753780859428,
            0.015863345184938416,
            220.80600921273032
        ],
        [
            0.08078880484725391,
            0.0737889596044395,
            0.08945171771755156
        ],
        [
            0.6595757359072639,
            0.012130299890990716,
            204.61863560732112
        ]
    ]
}