{
    "rgb_colors": [
        [
            34.1870709382151,
            39.17889833278856,
            36.99027459954233
        ],
        [
            113.24277804525758,
            102.21449205585039,
            89.78249879634087
        ],
        [
            164.875,
            90.0228382147829,
            81.59902370990237
        ],
        [
            0.15629560599933257,
            0.1470996782317613,
            0.12483955479753206
        ],
        [
            135.8205006186352,
            125.80003806985405,
            114.40201770248406
        ],
        [
            204.9718909710392,
            190.69688488683292,
            174.86882453151617
        ],
        [
            85.54974920200638,
            74.60811673506578,
            69.2999544003648
        ],
        [
            131.42439165701043,
            60.100811123986276,
            54.998551564310546
        ],
        [
            172.71226301895848,
            150.29265658747147,
            131.50359971202303
        ],
        [
            71.02436931525656,
            49.98532692637766,
            41.121245924146216
        ]
    ],
    "hex_colors": [
        "#222724",
        "#716659",
        "#a45a51",
        "#000000",
        "#877d72",
        "#ccbeae",
        "#554a45",
        "#833c36",
        "#ac9683",
        "#473129"
    ],
    "hsl_color_values": [
        [
            0.4269264352761392,
            0.12741112198134052,
            39.17889833278856
        ],
        [
            0.08831944643969207,
            0.2071679947620217,
            113.24277804525758
        ],
        [
            0.016859232958805925,
            0.5050855271575292,
            164.875
        ],
        [
            0.11794298491474929,
            0.20125998425019595,
            0.15629560599933257
        ],
        [
            0.08869302595637334,
            0.15769698107866076,
            135.8205006186352
        ],
        [
            0.08763260262934387,
            0.14686436416677412,
            204.9718909710392
        ],
        [
            0.054443378101044694,
            0.18994555744718047,
            85.54974920200638
        ],
        [
            0.01112682035614961,
            0.5815194510632014,
            131.42439165701043
        ],
        [
            0.07599153255510648,
            0.2385972054712294,
            172.71226301895848
        ],
        [
            0.049404432252198406,
            0.4210262432374311,
            71.02436931525656
        ]
    ]
}