{
    "rgb_colors": [
        [
            0.07739754042091818,
            0.053259891473291354,
            0.04359610612589648
        ],
        [
            191.44529750479828,
            177.73512476007676,
            155.90403071017434
        ],
        [
            118.3140243902465,
            40.84679878048781,
            41.8379065040648
        ],
        [
            137.43512176559932,
            50.775684931506845,
            48.72792998478013
        ],
        [
            90.37900355871864,
            47.55338078291815,
            45.523131672597756
        ],
        [
            24.382246376811555,
            16.143115942028984,
            15.1050724637681
        ],
        [
            152.49712643678134,
            110.70977011494253,
            99.18965517241358
        ],
        [
            56.418181818182006,
            32.111363636363635,
            30.986363636363677
        ],
        [
            173.13740458015286,
            150.63740458015266,
            133.72900763358786
        ],
        [
            123.36192109777008,
            73.03602058319039,
            65.51801029159513
        ]
    ],
    "hex_colors": [
        "#000000",
        "#bfb19b",
        "#762829",
        "#893230",
        "#5a2f2d",
        "#18100f",
        "#986e63",
        "#38201e",
        "#ad9685",
        "#7b4941"
    ],
    "hsl_color_values": [
        [
            0.047649779508607826,
            0.4367249154326641,
            0.07739754042091818
        ],
        [
            0.10237439470036301,
            0.18564711308060805,
            191.44529750479828
        ],
        [
            0.9978676837940694,
            0.6547594506145873,
            118.3140243902465
        ],
        [
            0.003847404976638158,
            0.6454477621238084,
            137.43512176559932
        ],
        [
            0.0075436021526707475,
            0.4963085464532514,
            90.37900355871864
        ],
        [
            0.01864870142550316,
            0.38048889219109855,
            24.382246376811555
        ],
        [
            0.03601782473541478,
            0.34956377546213446,
            152.49712643678134
        ],
        [
            0.00737265415549565,
            0.45077344505317546,
            56.418181818182006
        ],
        [
            0.07150928167877264,
            0.22761342092500375,
            173.13740458015286
        ],
        [
            0.02166177386353546,
            0.468895995550612,
            123.36192109777008
        ]
    ]
}