{
    "rgb_colors": [
        [
            38.62350572543098,
            35.36026173398767,
            18.791871146342842
        ],
        [
            180.59915248150543,
            164.69403145873736,
            145.7366228542734
        ],
        [
            77.29926665626462,
            65.56498673740053,
            46.84833827430178
        ],
        [
            147.86300578034684,
            62.87861271676301,
            50.194797687861325
        ],
        [
            142.55521010931702,
            124.27860796309297,
            102.70263764918167
        ],
        [
            245.12586286240222,
            224.9144040497009,
            194.2130694891812
        ],
        [
            0.12962155973101375,
            0.10451752924388558,
            0.07479087096206172
        ],
        [
            163.85326121139695,
            145.23636706711113,
            125.26712371847557
        ],
        [
            109.43802183686577,
            95.9538856775851,
            77.02504816955727
        ],
        [
            211.52874359329547,
            191.6863831555617,
            166.99293530960153
        ]
    ],
    "hex_colors": [
        "#262312",
        "#b4a491",
        "#4d412e",
        "#933e32",
        "#8e7c66",
        "#f5e0c2",
        "#000000",
        "#a3917d",
        "#6d5f4d",
        "#d3bfa6"
    ],
    "hsl_color_values": [
        [
            0.13924209929654258,
            0.5134602415448357,
            38.62350572543098
        ],
        [
            0.09062934143126468,
            0.1930381684975082,
            180.59915248150543
        ],
        [
            0.10244158639065382,
            0.39393554038969636,
            77.29926665626462
        ],
        [
            0.021644393941187296,
            0.6605317373134793,
            147.86300578034684
        ],
        [
            0.09023244499249412,
            0.27955886305084754,
            142.55521010931702
        ],
        [
            0.10050301219793838,
            0.2077006186891024,
            245.12586286240222
        ],
        [
            0.0903589423771037,
            0.42300593267612896,
            0.12962155973101375
        ],
        [
            0.08625396168204584,
            0.23549203236876123,
            163.85326121139695
        ],
        [
            0.09733158961961852,
            0.29617653100149266,
            109.43802183686577
        ],
        [
            0.0924104624929467,
            0.21054258408172916,
            211.52874359329547
        ]
    ]
}