{
    "rgb_colors": [
        [
            0.1231887144451349,
            0.12007087546777484,
            0.11624598556934984
        ],
        [
            203.38674607676307,
            196.0094535829058,
            181.86982416335792
        ],
        [
            219.22948237059265,
            211.75738934733607,
            197.93578394598651
        ],
        [
            158.45955463490418,
            150.21791817710806,
            136.32325220093216
        ],
        [
            50.28248113998323,
            48.605196982397295,
            45.78206202849958
        ],
        [
            137.45635964912282,
            128.95131578947502,
            114.33881578947368
        ],
        [
            170.97815349544072,
            163.187974924012,
            149.19538373860183
        ],
        [
            188.06130937525995,
            179.75883869894045,
            164.57773895682556
        ],
        [
            231.12064054687005,
            223.27856193430688,
            210.4554718653079
        ],
        [
            107.78778135048232,
            100.73504823151123,
            90.4032154340836
        ]
    ],
    "hex_colors": [
        "#000000",
        "#cbc4b5",
        "#dbd3c5",
        "#9e9688",
        "#32302d",
        "#898072",
        "#aaa395",
        "#bcb3a4",
        "#e7dfd2",
        "#6b645a"
    ],
    "hsl_color_values": [
        [
            0.09182004095837822,
            0.05635848143278724,
            0.1231887144451349
        ],
        [
            0.1095233283246616,
            0.10579313710680119,
            203.38674607676307
        ],
        [
            0.10818228258379853,
            0.09712972084936357,
            219.22948237059265
        ],
        [
            0.10461447523151013,
            0.13969686135351547,
            158.45955463490418
        ],
        [
            0.10455081641522242,
            0.08950272559054456,
            50.28248113998323
        ],
        [
            0.10534928284132399,
            0.16818096971766164,
            137.45635964912282
        ],
        [
            0.10706161598983578,
            0.1274008948600544,
            170.97815349544072
        ],
        [
            0.10774270033343443,
            0.1248718861760926,
            188.06130937525995
        ],
        [
            0.10341951285756157,
            0.08941290848218876,
            231.12064054687005
        ],
        [
            0.09905177622412085,
            0.16128512618578844,
            107.78778135048232
        ]
    ]
}