{
    "rgb_colors": [
        [
            0.026824578943320687,
            0.026716911481965644,
            0.027244994744802464
        ],
        [
            166.85844748858446,
            168.1095890410959,
            181.52511415525115
        ],
        [
            46.151162790697676,
            48.2093023255814,
            58.127906976744185
        ],
        [
            142.6793893129771,
            121.74809160305342,
            83.99236641221374
        ],
        [
            89.38020833333333,
            92.32291666666666,
            108.27083333333333
        ],
        [
            185.5566037735849,
            165.54716981132074,
            132.95283018867923
        ],
        [
            18.954545454545457,
            18.681818181818183,
            19.056818181818183
        ],
        [
            67.8952380952381,
            70.89047619047619,
            86.91904761904763
        ],
        [
            112.59685863874346,
            115.09424083769635,
            129.7434554973822
        ],
        [
            141.63253012048193,
            141.59036144578315,
            151.32530120481928
        ]
    ],
    "hex_colors": [
        "#000000",
        "#a6a8b5",
        "#2e303a",
        "#8e7953",
        "#595c6c",
        "#b9a584",
        "#121213",
        "#434656",
        "#707381",
        "#8d8d97"
    ],
    "hsl_color_values": [
        [
            0.7006472491909269,
            0.01938276251411511,
            0.027244994744802464
        ],
        [
            0.6524491490244914,
            0.08079690094078594,
            181.52511415525115
        ],
        [
            0.6380258899676375,
            0.2060412082416483,
            58.127906976744185
        ],
        [
            0.10722337842525147,
            0.4113209566101332,
            142.6793893129771
        ],
        [
            0.6407039794136568,
            0.17447565903405812,
            108.27083333333333
        ],
        [
            0.10326996652319465,
            0.2834917891097667,
            185.5566037735849
        ],
        [
            0.7878787878787882,
            0.019677996422182466,
            19.056818181818183
        ],
        [
            0.6404255319148936,
            0.2188681312660933,
            86.91904761904763
        ],
        [
            0.6423918575063613,
            0.13215770146483194,
            129.7434554973822
        ],
        [
            0.667388613861386,
            0.06433121019108276,
            151.32530120481928
        ]
    ]
}