{
    "rgb_colors": [
        [
            0.03101328169294959,
            0.030952138327705825,
            0.03056489689867803
        ],
        [
            157.1284824046907,
            155.59769061583705,
            151.3869134897353
        ],
        [
            140.40205641971608,
            138.79409438439663,
            134.75164777220806
        ],
        [
            82.24147551146908,
            80.25790452572863,
            76.36143831370107
        ],
        [
            112.91216512955376,
            110.87439613526806,
            106.74099692577788
        ],
        [
            174.9787234042564,
            173.61295720774442,
            169.40855845087427
        ],
        [
            99.09116886651583,
            97.07034970743996,
            93.09919716968591
        ],
        [
            41.95883777239708,
            41.59322033898306,
            40.341404358353515
        ],
        [
            126.10221307256228,
            124.46268656716992,
            120.73679876479133
        ],
        [
            195.2473706352566,
            194.56037021455407,
            190.52376945730117
        ]
    ],
    "hex_colors": [
        "#000000",
        "#9d9b97",
        "#8c8a86",
        "#52504c",
        "#706e6a",
        "#aeada9",
        "#63615d",
        "#292928",
        "#7e7c78",
        "#c3c2be"
    ],
    "hsl_color_values": [
        [
            0.1439393998098226,
            0.014457831283733348,
            0.03101328169294959
        ],
        [
            0.12223073485291065,
            0.03654059930501813,
            157.1284824046907
        ],
        [
            0.11923758865273693,
            0.0402444863814299,
            140.40205641971608
        ],
        [
            0.11044335494755647,
            0.07149722401257255,
            82.24147551146908
        ],
        [
            0.11163200313140943,
            0.05465459099730459,
            112.91216512955376
        ],
        [
            0.12580114449205795,
            0.031833384339610804,
            174.9787234042564
        ],
        [
            0.11045759055278935,
            0.060469280616738036,
            99.09116886651583
        ],
        [
            0.12899201596806562,
            0.03854809856310194,
            41.95883777239708
        ],
        [
            0.11573780975255533,
            0.042548137554759315,
            126.10221307256228
        ],
        [
            0.14242667141654927,
            0.024192905454177065,
            195.2473706352566
        ]
    ]
}