{
    "rgb_colors": [
        [
            81.37089755213091,
            69.96799637352674,
            65.68395285584907
        ],
        [
            153.75465838509666,
            139.7413487133984,
            131.79558562555766
        ],
        [
            108.7456831831818,
            84.9366554054054,
            78.50422297297241
        ],
        [
            57.74089881998573,
            53.22336597204787,
            50.63001087957211
        ],
        [
            31.69568615192216,
            31.538136917786808,
            30.825101594248213
        ],
        [
            173.69828326180212,
            159.66652360515022,
            150.22303290415178
        ],
        [
            204.5322543879651,
            202.82493731479371,
            196.93480738545765
        ],
        [
            0.10567791976440333,
            0.10421120668224404,
            0.10053199423985859
        ],
        [
            127.85603629522996,
            106.45557153922762,
            98.81398694256788
        ],
        [
            161.53672491108935,
            119.75289933508581,
            105.96350703571753
        ]
    ],
    "hex_colors": [
        "#514541",
        "#998b83",
        "#6c544e",
        "#393532",
        "#1f1f1e",
        "#ad9f96",
        "#cccac4",
        "#000000",
        "#7f6a62",
        "#a17769"
    ],
    "hsl_color_values": [
        [
            0.045516017731325,
            0.19278323292712699,
            81.37089755213091
        ],
        [
            0.06030736645736481,
            0.1428189102702821,
            153.75465838509666
        ],
        [
            0.035450406978371964,
            0.27809343161942096,
            108.7456831831818
        ],
        [
            0.060783667576797575,
            0.12315166694205222,
            57.74089881998573
        ],
        [
            0.1365050867744356,
            0.027466973060658952,
            31.69568615192216
        ],
        [
            0.06704572231836287,
            0.13514958188888887,
            173.69828326180212
        ],
        [
            0.12921292129211492,
            0.03714547138416769,
            204.5322543879651
        ],
        [
            0.11916264057963773,
            0.04869442487150562,
            0.10567791976440333
        ],
        [
            0.04385356616233014,
            0.2271464859555135,
            127.85603629522996
        ],
        [
            0.041355029234562524,
            0.3440283805800793,
            161.53672491108935
        ]
    ]
}