{
    "rgb_colors": [
        [
            0.7488523566745187,
            0.6349891089179138,
            0.579689373571675
        ],
        [
            221.3268426954825,
            146.48761341625038,
            103.23937200530072
        ],
        [
            224.9542539546854,
            161.27725523728088,
            65.21269773407332
        ],
        [
            99.22686116700194,
            55.089285714285715,
            37.14109657947682
        ],
        [
            211.19395406967237,
            124.06006873925949,
            73.20129667239745
        ],
        [
            141.66997427416288,
            79.72344726203602,
            45.726203601617485
        ],
        [
            166.82986111111006,
            113.07093253968253,
            65.24355158730187
        ],
        [
            197.3665527505225,
            97.87278139124683,
            54.983133061404914
        ],
        [
            229.21692663200636,
            185.5953206239168,
            135.79953783940078
        ],
        [
            50.49895615866389,
            33.218789144050106,
            25.419624217118912
        ]
    ],
    "hex_colors": [
        "#000000",
        "#dd9267",
        "#e0a141",
        "#633725",
        "#d37c49",
        "#8d4f2d",
        "#a67141",
        "#c56136",
        "#e5b987",
        "#322119"
    ],
    "hsl_color_values": [
        [
            0.054483684247298735,
            0.22589630865830157,
            0.7488523566745187
        ],
        [
            0.06103983930750393,
            0.5335433752726282,
            221.3268426954825
        ],
        [
            0.10022914489299306,
            0.710106848002929,
            224.9542539546854
        ],
        [
            0.048181171250366396,
            0.6256951379630241,
            99.22686116700194
        ],
        [
            0.061426906119651736,
            0.6533930291951041,
            211.19395406967237
        ],
        [
            0.05905758380161127,
            0.6772343339801339,
            141.66997427416288
        ],
        [
            0.07846756315979703,
            0.6089216213885768,
            166.82986111111006
        ],
        [
            0.05020440397658651,
            0.7214161553963739,
            197.3665527505225
        ],
        [
            0.08884103096884673,
            0.4075501323799766,
            229.21692663200636
        ],
        [
            0.05182996198562708,
            0.4966306999049172,
            50.49895615866389
        ]
    ]
}