{
    "rgb_colors": [
        [
            0.09886628088590044,
            0.09364582677193312,
            0.08591735328633376
        ],
        [
            184.26494676494858,
            176.82200382200537,
            166.32896532896618
        ],
        [
            143.10225806451677,
            138.30258064516198,
            135.70483870967766
        ],
        [
            198.64693176239916,
            190.38409425626355,
            177.24860088365585
        ],
        [
            73.37346938775511,
            69.42448979591836,
            63.521428571428565
        ],
        [
            164.10455104550817,
            157.67404674046543,
            151.69290692906765
        ],
        [
            32.70460251046014,
            30.95815899581578,
            28.40585774058566
        ],
        [
            209.0392549569333,
            201.87615995726776,
            194.6214700580764
        ],
        [
            113.6945010183298,
            107.85336048879824,
            99.71995926680238
        ],
        [
            220.4075840409651,
            211.8690240781853,
            203.13101469506506
        ]
    ],
    "hex_colors": [
        "#000000",
        "#b8b0a6",
        "#8f8a87",
        "#c6beb1",
        "#49453f",
        "#a49d97",
        "#201e1c",
        "#d1c9c2",
        "#716b63",
        "#dcd3cb"
    ],
    "hsl_color_values": [
        [
            0.09947379073381052,
            0.13097415502572377,
            0.09886628088590044
        ],
        [
            0.09750454721877767,
            0.09733800025927793,
            184.26494676494858
        ],
        [
            0.058528112099547634,
            0.051693239889366624,
            143.10225806451677
        ],
        [
            0.10230933000523766,
            0.10772041978648716,
            198.64693176239916
        ],
        [
            0.09986190229587422,
            0.13427252245987834,
            73.37346938775511
        ],
        [
            0.08031624383368535,
            0.07563254058078273,
            164.10455104550817
        ],
        [
            0.09895529167477742,
            0.13144158436108752,
            32.70460251046014
        ],
        [
            0.08386274255585713,
            0.06897166229293764,
            209.0392549569333
        ],
        [
            0.097002599042969,
            0.12291308397821679,
            113.6945010183298
        ],
        [
            0.08429537531606728,
            0.0783846409871677,
            220.4075840409651
        ]
    ]
}