{
    "rgb_colors": [
        [
            0.037097392638038684,
            0.03125599118603617,
            0.025576351610889336
        ],
        [
            174.04147597254004,
            88.65446224256615,
            2.7694508009154486
        ],
        [
            238.44172569220862,
            132.61509980682928,
            21.93786220218774
        ],
        [
            228.34620334620334,
            120.8073788073745,
            3.660231660231646
        ],
        [
            211.09002111932418,
            111.04487856388695,
            6.080517423442509
        ],
        [
            116.36404833836858,
            78.21903323262848,
            42.990936555891324
        ],
        [
            246.95618698441797,
            133.98863428047272,
            4.063428047662712
        ],
        [
            191.92964591529739,
            98.49872714649507,
            1.9391344596158948
        ],
        [
            50.93560606060606,
            39.356060606060595,
            29.170454545454486
        ],
        [
            179.01048951048952,
            113.00699300699287,
            46.00349650349656
        ]
    ],
    "hex_colors": [
        "#000000",
        "#ae5802",
        "#ee8415",
        "#e47803",
        "#d36f06",
        "#744e2a",
        "#f68504",
        "#bf6201",
        "#32271d",
        "#b3712e"
    ],
    "hsl_color_values": [
        [
            0.08216328660119566,
            0.310562015491514,
            0.037097392638038684
        ],
        [
            0.08357563682256235,
            0.9840874091337147,
            174.04147597254004
        ],
        [
            0.08520035610491765,
            0.9079948690251214,
            238.44172569220862
        ],
        [
            0.08689694500292128,
            0.9839706918416232,
            228.34620334620334
        ],
        [
            0.08533292298500161,
            0.9711946713956444,
            211.09002111932418
        ],
        [
            0.08002045031876427,
            0.6305479469837595,
            116.36404833836858
        ],
        [
            0.08915128278665574,
            0.9835459556722136,
            246.95618698441797
        ],
        [
            0.08470562726795555,
            0.9898966392066826,
            191.92964591529739
        ],
        [
            0.07799628727230552,
            0.4273072060682692,
            50.93560606060606
        ],
        [
            0.08395986680686975,
            0.7430122858761252,
            179.01048951048952
        ]
    ]
}