{
    "rgb_colors": [
        [
            0.02538749660957329,
            0.026330055928749374,
            0.025578472688859932
        ],
        [
            41.33313731255557,
            111.25169067921182,
            118.91267274331095
        ],
        [
            53.92839756592331,
            132.20202839756914,
            143.40182555780535
        ],
        [
            40.20565029269372,
            133.1015525579079,
            157.59378976838133
        ],
        [
            49.0849721706862,
            123.02115027829531,
            131.25176252318863
        ],
        [
            51.050997782705004,
            65.14855875831495,
            64.72062084257198
        ],
        [
            26.47457627118648,
            29.47669491525424,
            28.758474576271187
        ],
        [
            59.81549680948378,
            144.3451230628989,
            158.39380127621098
        ],
        [
            65.67751060820383,
            97.97312588401695,
            99.31683168316832
        ],
        [
            49.954196869420976,
            144.07658367475125,
            168.31347830655213
        ]
    ],
    "hex_colors": [
        "#000000",
        "#296f76",
        "#35848f",
        "#28859d",
        "#317b83",
        "#334140",
        "#1a1d1c",
        "#3b909e",
        "#416163",
        "#3190a8"
    ],
    "hsl_color_values": [
        [
            0.3671023979430776,
            0.03579784721030228,
            0.026330055928749374
        ],
        [
            0.5164583396501023,
            0.6524076336104334,
            118.91267274331095
        ],
        [
            0.5208624270013297,
            0.6239350694724263,
            143.40182555780535
        ],
        [
            0.5347738668771077,
            0.7448779526668865,
            157.59378976838133
        ],
        [
            0.5166949287126492,
            0.626024281677633,
            131.25176252318863
        ],
        [
            0.49494075705148166,
            0.21639098767953427,
            65.14855875831495
        ],
        [
            0.4601270289343678,
            0.10184719327247774,
            29.47669491525424
        ],
        [
            0.5237521469003927,
            0.6223621358440911,
            158.39380127621098
        ],
        [
            0.5066574163618273,
            0.3387071506900023,
            99.31683168316832
        ],
        [
            0.5341289875165315,
            0.7032073879523864,
            168.31347830655213
        ]
    ]
}