{
    "rgb_colors": [
        [
            0.14921269255729896,
            0.13821429791957485,
            0.12485910441705528
        ],
        [
            222.61288433382137,
            210.34227149131294,
            193.82986822839842
        ],
        [
            202.5637739450542,
            190.77578567046436,
            174.49717090462872
        ],
        [
            107.33163265306122,
            100.44241982507297,
            91.45335276967943
        ],
        [
            173.32174078297226,
            162.11003420752604,
            147.11307487647485
        ],
        [
            189.4346001678456,
            178.38244814770155,
            162.59585181632798
        ],
        [
            146.2800875273523,
            136.3495623632387,
            123.1619256017505
        ],
        [
            213.1483565433488,
            200.98251043278572,
            184.61218174145802
        ],
        [
            32.236174365647365,
            30.111255692908287,
            27.441769681197172
        ],
        [
            69.78554408260524,
            65.32962668784748,
            59.61159650516281
        ]
    ],
    "hex_colors": [
        "#000000",
        "#ded2c1",
        "#cabeae",
        "#6b645b",
        "#ada293",
        "#bdb2a2",
        "#92887b",
        "#d5c8b8",
        "#201e1b",
        "#45413b"
    ],
    "hsl_color_values": [
        [
            0.09139784950518544,
            0.16321391781662073,
            0.14921269255729896
        ],
        [
            0.09561427476557059,
            0.12929627227802812,
            222.61288433382137
        ],
        [
            0.09666657760701618,
            0.13855687270142691,
            202.5637739450542
        ],
        [
            0.09435391324305753,
            0.14793662866106536,
            107.33163265306122
        ],
        [
            0.09536896043312963,
            0.1512139549724176,
            173.32174078297226
        ],
        [
            0.09803360999185662,
            0.14167817456651294,
            189.4346001678456
        ],
        [
            0.0950741441867818,
            0.15804038893044162,
            146.2800875273523
        ],
        [
            0.09561155740609295,
            0.13387940336329673,
            213.1483565433488
        ],
        [
            0.09279866105758387,
            0.14872747088622815,
            32.236174365647365
        ],
        [
            0.09367111666276301,
            0.14578875483724132,
            69.78554408260524
        ]
    ]
}