{
    "rgb_colors": [
        [
            32.944053483462355,
            32.74419422941588,
            31.919071076706704
        ],
        [
            193.21379928315116,
            192.35143369175336,
            186.57419354838981
        ],
        [
            122.96909601718536,
            119.76979011733295,
            113.75838704346853
        ],
        [
            106.78148832909757,
            103.06366997920244,
            96.12237115784484
        ],
        [
            168.74128018397712,
            167.95170563434132,
            162.90398620161088
        ],
        [
            214.81915428243826,
            214.93876085864628,
            211.4225716131754
        ],
        [
            0.27809492614392894,
            0.2759268791019167,
            0.2678941868291602
        ],
        [
            137.84922609176004,
            135.95619126588957,
            131.5129906025458
        ],
        [
            230.5050890585207,
            230.83918575063268,
            228.24083969465963
        ],
        [
            65.68736141906874,
            71.37069139286436,
            73.26143922596212
        ]
    ],
    "hex_colors": [
        "#20201f",
        "#c1c0ba",
        "#7a7771",
        "#6a6760",
        "#a8a7a2",
        "#d6d6d3",
        "#000000",
        "#898783",
        "#e6e6e4",
        "#414749"
    ],
    "hsl_color_values": [
        [
            0.13416866918410794,
            0.031112820019861362,
            32.944053483462355
        ],
        [
            0.14501965865023858,
            0.03436403486394432,
            193.21379928315116
        ],
        [
            0.10877561273184326,
            0.07490263222256757,
            122.96909601718536
        ],
        [
            0.10853461110391092,
            0.09982177002816846,
            106.78148832909757
        ],
        [
            0.14412270046072118,
            0.03459315927911592,
            168.74128018397712
        ],
        [
            0.17233599444635864,
            0.016359028178185568,
            214.93876085864628
        ],
        [
            0.1312436289319848,
            0.036680781833068395,
            0.27809492614392894
        ],
        [
            0.11687277803219108,
            0.04596496961830228,
            137.84922609176004
        ],
        [
            0.18809675366014508,
            0.011256087425208446,
            230.83918575063268
        ],
        [
            0.5416056775338145,
            0.1033842344201356,
            73.26143922596212
        ]
    ]
}