{
    "rgb_colors": [
        [
            0.054646966677729836,
            0.05210049706580122,
            0.04852590726492423
        ],
        [
            217.45171434367998,
            217.42067356461783,
            214.1371474944208
        ],
        [
            227.2592377314631,
            228.4701486340608,
            225.4219878767749
        ],
        [
            191.76131066630384,
            191.90348231422806,
            189.1058404167809
        ],
        [
            127.01265822784836,
            126.82278481012631,
            124.67088607594935
        ],
        [
            238.46151822128658,
            239.8351532693072,
            237.8327851598474
        ],
        [
            79.81766917293234,
            78.52443609022556,
            75.5845864661654
        ],
        [
            161.61380323054368,
            161.12408223201138,
            158.7848751835536
        ],
        [
            32.114161849711024,
            31.027456647398814,
            29.04335260115607
        ],
        [
            206.45865221088755,
            206.1017219387724,
            202.92251275510205
        ]
    ],
    "hex_colors": [
        "#000000",
        "#d9d9d6",
        "#e3e4e1",
        "#bfbfbd",
        "#7f7e7c",
        "#eeefed",
        "#4f4e4b",
        "#a1a19e",
        "#201f1d",
        "#cececa"
    ],
    "hsl_color_values": [
        [
            0.09733036826377761,
            0.11201096391870018,
            0.054646966677729836
        ],
        [
            0.1651058403468772,
            0.015242771754011368,
            217.45171434367998
        ],
        [
            0.23287658793931776,
            0.013341614979067218,
            228.4701486340608
        ],
        [
            0.17513639779117463,
            0.014578380046622751,
            191.90348231422806
        ],
        [
            0.1531531531531166,
            0.01843731313534196,
            127.01265822784836
        ],
        [
            0.2810008760403193,
            0.008348935017092263,
            239.8351532693072
        ],
        [
            0.11574896388395482,
            0.05303440642441678,
            79.81766917293234
        ],
        [
            0.13781468985202375,
            0.017504247721678773,
            161.61380323054368
        ],
        [
            0.10768627450980085,
            0.0956216532421377,
            32.114161849711024
        ],
        [
            0.14984369363925207,
            0.017127591495528637,
            206.45865221088755
        ]
    ]
}