{
    "rgb_colors": [
        [
            0.13413623619419468,
            0.1356232334806604,
            0.13551539780134858
        ],
        [
            39.18111917983768,
            41.81717214865407,
            34.307988039298756
        ],
        [
            83.23628691983122,
            80.70886075949349,
            70.90717299578105
        ],
        [
            16.115553388590932,
            17.058020477815777,
            16.28522671867374
        ],
        [
            106.20258620689656,
            102.51939655172451,
            91.78232758620678
        ],
        [
            30.582423580786024,
            33.0996179039295,
            27.822052401746564
        ],
        [
            6.340694731999079,
            6.652634000460168,
            6.861743731308825
        ],
        [
            50.702734147760324,
            51.210587550901586,
            42.335660267596516
        ],
        [
            23.582927395035956,
            26.56483414521035,
            22.859661331476996
        ],
        [
            63.515819750719075,
            62.91083413231149,
            52.46021093000894
        ]
    ],
    "hex_colors": [
        "#000000",
        "#272922",
        "#535046",
        "#101110",
        "#6a665b",
        "#1e211b",
        "#060606",
        "#32332a",
        "#171a16",
        "#3f3e34"
    ],
    "hsl_color_values": [
        [
            0.48791348620322283,
            0.01096417810063327,
            0.1356232334806604
        ],
        [
            0.22517397652500995,
            0.17957178172309787,
            41.81717214865407
        ],
        [
            0.13250057038557703,
            0.1481218634358944,
            83.23628691983122
        ],
        [
            0.36333850663905953,
            0.05525067169725457,
            17.058020477815777
        ],
        [
            0.12409704578289708,
            0.1357806729169215,
            106.20258620689656
        ],
        [
            0.24616021099445376,
            0.15944490711345632,
            33.0996179039295
        ],
        [
            0.5668874172184935,
            0.07593536274639617,
            6.861743731308825
        ],
        [
            0.17620389791994132,
            0.17330258658883171,
            51.210587550901586
        ],
        [
            0.3007992654270561,
            0.13947660254454852,
            26.56483414521035
        ],
        [
            0.15754632440090377,
            0.17406071218320332,
            63.515819750719075
        ]
    ]
}