{
    "rgb_colors": [
        [
            37.978050921861296,
            36.81474978050923,
            34.40649692712905
        ],
        [
            164.90581657105776,
            162.67642146540072,
            157.2414494226976
        ],
        [
            186.84430107526475,
            185.01123655913594,
            181.04822580645512
        ],
        [
            0.08375994670650755,
            0.08209007880653019,
            0.07722943042445252
        ],
        [
            198.03670956911384,
            196.69792949077018,
            193.54124230553657
        ],
        [
            150.80822873082238,
            147.80299860529956,
            140.78451882845158
        ],
        [
            217.86698648059468,
            216.69864805931252,
            214.43480156999408
        ],
        [
            82.50619834710747,
            80.4163223140496,
            75.78719008264464
        ],
        [
            175.27357246472917,
            173.42212844521202,
            169.305749703278
        ],
        [
            118.15296523517347,
            116.0261758691203,
            112.95010224948908
        ]
    ],
    "hex_colors": [
        "#252422",
        "#a4a29d",
        "#bab9b5",
        "#000000",
        "#c6c4c1",
        "#96938c",
        "#d9d8d6",
        "#52504b",
        "#afada9",
        "#767470"
    ],
    "hsl_color_values": [
        [
            0.11238118649623108,
            0.09404258270337816,
            37.978050921861296
        ],
        [
            0.11818701482452625,
            0.04647723960093056,
            164.90581657105776
        ],
        [
            0.11395673131917765,
            0.031020883352898473,
            186.84430107526475
        ],
        [
            0.12404962007455339,
            0.07796705393017708,
            0.08375994670650755
        ],
        [
            0.11703222379904783,
            0.02270017146496959,
            198.03670956911384
        ],
        [
            0.11669797319234036,
            0.06646659792193513,
            150.80822873082238
        ],
        [
            0.10993223210509218,
            0.015753579585617027,
            217.86698648059468
        ],
        [
            0.1148267732677322,
            0.08143640598001672,
            82.50619834710747
        ],
        [
            0.11496037182726986,
            0.03404861712767392,
            175.27357246472917
        ],
        [
            0.0985378507978842,
            0.0440349759765109,
            118.15296523517347
        ]
    ]
}