{
    "rgb_colors": [
        [
            0.21977520533382489,
            0.2175416686680407,
            0.2127063419632691
        ],
        [
            137.65127648017645,
            136.84073872895166,
            136.65909831613254
        ],
        [
            160.61058009229362,
            160.54795649307846,
            160.69764886838058
        ],
        [
            65.31730168644597,
            63.72735790131168,
            61.48063710181137
        ],
        [
            148.77204212264692,
            148.4340973225962,
            148.407116800881
        ],
        [
            112.50730031491514,
            111.64042370455195,
            110.82336100772974
        ],
        [
            175.60989438577406,
            175.7012784880489,
            176.79955530850472
        ],
        [
            26.728278555157445,
            26.53107712333225,
            26.10087862024081
        ],
        [
            190.2520253610396,
            190.48485382176824,
            192.3458964424093
        ],
        [
            86.9819379115701,
            86.04026340545626,
            83.98889934148636
        ]
    ],
    "hex_colors": [
        "#000000",
        "#898888",
        "#a0a0a0",
        "#413f3d",
        "#949494",
        "#706f6e",
        "#afafb0",
        "#1a1a1a",
        "#bebec0",
        "#565653"
    ],
    "hsl_color_values": [
        [
            0.11400528513330675,
            0.03216406218262258,
            0.21977520533382489
        ],
        [
            0.0305120624839517,
            0.007207911102711734,
            137.65127648017645
        ],
        [
            0.7363914373157671,
            0.0009315156528813256,
            160.69764886838058
        ],
        [
            0.09759869759869744,
            0.05873887141040232,
            65.31730168644597
        ],
        [
            0.012322394065277945,
            0.0024529159952316917,
            148.77204212264692
        ],
        [
            0.08086818542447709,
            0.014967378138769161,
            112.50730031491514
        ],
        [
            0.6538641248486883,
            0.006728868297517939,
            176.79955530850472
        ],
        [
            0.11428077455055347,
            0.02347326385505561,
            26.728278555157445
        ],
        [
            0.6481341295873603,
            0.010885967000583321,
            192.3458964424093
        ],
        [
            0.11422973765823678,
            0.0344098860285983,
            86.9819379115701
        ]
    ]
}