{
    "rgb_colors": [
        [
            166.87678359096313,
            97.98810939357992,
            78.95778834720512
        ],
        [
            0.9259501015375662,
            0.7424390774526444,
            0.6717072816904945
        ],
        [
            67.9946711074105,
            67.51673605328902,
            60.02614487926734
        ],
        [
            229.45618996798294,
            230.02801494129722,
            224.5361259338267
        ],
        [
            27.536478745854687,
            25.70183901115226,
            23.452215857700722
        ],
        [
            210.09179572632817,
            209.23745344050525,
            198.4168300333288
        ],
        [
            123.31393618779964,
            122.6055546371284,
            93.81715986113488
        ],
        [
            107.12023500478207,
            82.65432436125087,
            70.8961606776887
        ],
        [
            184.15210130809908,
            174.82104091288682,
            157.27873643195048
        ],
        [
            159.89542754524106,
            146.90095317032802,
            120.75383340240214
        ]
    ],
    "hex_colors": [
        "#a6614e",
        "#000000",
        "#43433c",
        "#e5e6e0",
        "#1b1917",
        "#d2d1c6",
        "#7b7a5d",
        "#6b5246",
        "#b8ae9d",
        "#9f9278"
    ],
    "hsl_color_values": [
        [
            0.03607548250070547,
            0.5268497711416765,
            166.87678359096313
        ],
        [
            0.04636761279675822,
            0.2745750763727919,
            0.9259501015375662
        ],
        [
            0.15667035868285764,
            0.11719339322276233,
            67.9946711074105
        ],
        [
            0.18402028799612288,
            0.02387487023644507,
            230.02801494129722
        ],
        [
            0.09180045518847336,
            0.1483219014983463,
            27.536478745854687
        ],
        [
            0.1544704525864944,
            0.055570783488411525,
            210.09179572632817
        ],
        [
            0.16266407362154767,
            0.2392006713802644,
            123.31393618779964
        ],
        [
            0.05409921395271189,
            0.33816276005627,
            107.12023500478207
        ],
        [
            0.10879610450585327,
            0.14593026463047315,
            184.15210130809908
        ],
        [
            0.11133561087857728,
            0.24479495595184636,
            159.89542754524106
        ]
    ]
}