{
    "rgb_colors": [
        [
            0.254598090389905,
            0.25255301913603034,
            0.237467298789781
        ],
        [
            145.35814550413,
            137.04291329108847,
            127.98732654207114
        ],
        [
            72.64787716405617,
            70.69126133553173,
            68.07831821929109
        ],
        [
            107.48260447035918,
            104.40787172011662,
            97.66180758017444
        ],
        [
            117.68528082633983,
            56.385167850225955,
            51.30334086507415
        ],
        [
            211.84172248803793,
            210.84867623604467,
            203.87221690589965
        ],
        [
            154.43304584657255,
            101.9302088061734,
            82.77700862460279
        ],
        [
            168.59455835280414,
            164.1388095856043,
            155.13855004758784
        ],
        [
            43.342215845034346,
            38.015681049502916,
            34.9364558778311
        ],
        [
            189.75851231011507,
            187.21608171817707,
            178.85636458879446
        ]
    ],
    "hex_colors": [
        "#000000",
        "#91897f",
        "#484644",
        "#6b6861",
        "#753833",
        "#d3d2cb",
        "#9a6552",
        "#a8a49b",
        "#2b2622",
        "#bdbbb2"
    ],
    "hsl_color_values": [
        [
            0.14677002575623485,
            0.06728562486030033,
            0.254598090389905
        ],
        [
            0.08688504908525456,
            0.11950358132193768,
            145.35814550413
        ],
        [
            0.09530252802020245,
            0.0629001028405266,
            72.64787716405617
        ],
        [
            0.11448602754908888,
            0.09137103569994948,
            107.48260447035918
        ],
        [
            0.012759060140245693,
            0.5640632328457541,
            117.68528082633983
        ],
        [
            0.14589904100159537,
            0.037620094325792205,
            211.84172248803793
        ],
        [
            0.04454893340491676,
            0.46399419780374734,
            154.43304584657255
        ],
        [
            0.11147758104121967,
            0.07981282691851777,
            168.59455835280414
        ],
        [
            0.06105387225914192,
            0.19393932228239505,
            43.342215845034346
        ],
        [
            0.1277992395485228,
            0.057452746591434276,
            189.75851231011507
        ]
    ]
}