{
    "rgb_colors": [
        [
            39.25638325875218,
            37.121610950250066,
            34.97209792050539
        ],
        [
            19.985785536159845,
            18.55586034912718,
            17.06508728179551
        ],
        [
            6.876507336917003,
            6.365877282192843,
            5.777374206983389
        ],
        [
            0.45336725769199226,
            0.3841734912936312,
            0.351683628846307
        ],
        [
            52.079883097905814,
            49.65221626887482,
            46.53531417437896
        ],
        [
            12.392197892534035,
            11.551827217696733,
            10.574919662207607
        ],
        [
            66.64120603015057,
            65.00603015075377,
            62.95577889447237
        ],
        [
            93.0062893081762,
            90.9308176100629,
            91.77672955974843
        ],
        [
            2.9557618655156945,
            2.7310806224850923,
            2.4499200077568237
        ],
        [
            28.780916168749037,
            26.962520369364476,
            25.361578852073148
        ]
    ],
    "hex_colors": [
        "#272522",
        "#131211",
        "#060605",
        "#000000",
        "#34312e",
        "#0c0b0a",
        "#42413e",
        "#5d5a5b",
        "#020202",
        "#1c1a19"
    ],
    "hsl_color_values": [
        [
            0.08362005406734092,
            0.10913601770207935,
            39.25638325875218
        ],
        [
            0.08506944444443724,
            0.146138776936237,
            19.985785536159845
        ],
        [
            0.08923745740806342,
            0.15983886529617186,
            6.876507336917003
        ],
        [
            0.05325318476558096,
            0.22428533847666363,
            0.45336725769199226
        ],
        [
            0.09369234823859614,
            0.10646277590722561,
            52.079883097905814
        ],
        [
            0.0895943852723136,
            0.146646966590268,
            12.392197892534035
        ],
        [
            0.09271884374148276,
            0.05530252759847715,
            66.64120603015057
        ],
        [
            0.9320707070707106,
            0.022315390857453002,
            93.0062893081762
        ],
        [
            0.09263785061664297,
            0.17113755463876523,
            2.9557618655156945
        ],
        [
            0.07803371282322451,
            0.11880571475305163,
            28.780916168749037
        ]
    ]
}