{
    "rgb_colors": [
        [
            0.07524183131820905,
            0.07336565875325363,
            0.06768028717041119
        ],
        [
            154.47911741528642,
            146.7366036249027,
            136.34338061465607
        ],
        [
            107.59735001840271,
            79.71144644828838,
            68.12035333087964
        ],
        [
            187.11179687499427,
            181.1922656250056,
            170.36929687499497
        ],
        [
            219.60637373250077,
            217.06296475132342,
            206.55528730082384
        ],
        [
            170.23439913499686,
            164.4551282051325,
            153.66550818658922
        ],
        [
            40.90383291255446,
            34.627955014918655,
            25.970851503328042
        ],
        [
            80.63935721812416,
            55.528187565858836,
            43.954952581664855
        ],
        [
            125.98537604456862,
            114.26880222841211,
            104.86420612813372
        ],
        [
            201.50608705020474,
            197.11156000861848,
            186.87448825684265
        ]
    ],
    "hex_colors": [
        "#000000",
        "#9a9288",
        "#6b4f44",
        "#bbb5aa",
        "#dbd9ce",
        "#aaa499",
        "#282219",
        "#50372b",
        "#7d7268",
        "#c9c5ba"
    ],
    "hsl_color_values": [
        [
            0.12531328415898976,
            0.10049654580865995,
            0.07524183131820905
        ],
        [
            0.09551328705767818,
            0.11739927767632197,
            154.47911741528642
        ],
        [
            0.04893606441728202,
            0.36689562225065203,
            107.59735001840271
        ],
        [
            0.10773947289842305,
            0.08947859130006984,
            187.11179687499427
        ],
        [
            0.13418649736566354,
            0.059429451931910994,
            219.60637373250077
        ],
        [
            0.10853291319799345,
            0.09732986419077624,
            170.23439913499686
        ],
        [
            0.09662173585601797,
            0.3650753571468628,
            40.90383291255446
        ],
        [
            0.05258017723009811,
            0.4549193582636132,
            80.63935721812416
        ],
        [
            0.07421145180788846,
            0.16764779039880848,
            125.98537604456862
        ],
        [
            0.11660917233939007,
            0.07261120002651165,
            201.50608705020474
        ]
    ]
}