{
    "rgb_colors": [
        [
            0.036001205059386976,
            0.0346343531713611,
            0.032514337997263
        ],
        [
            161.83086375135312,
            159.72027466570088,
            166.9288037585808
        ],
        [
            130.9532312925173,
            125.23724489795934,
            116.87840136054406
        ],
        [
            175.5342261904779,
            174.11036706349375,
            185.48586309524052
        ],
        [
            185.80127118643992,
            178.45720338982906,
            163.64406779660774
        ],
        [
            41.80360360360362,
            40.21801801801805,
            38.24864864864874
        ],
        [
            159.3963466440073,
            152.0785896346617,
            138.57434154630198
        ],
        [
            91.21301775147906,
            87.44497041420102,
            82.96686390532552
        ],
        [
            224.26194144838405,
            219.19876733436243,
            210.85208012326842
        ],
        [
            203.04188880426676,
            196.34615384615523,
            183.45239908606302
        ]
    ],
    "hex_colors": [
        "#000000",
        "#a19fa6",
        "#827d74",
        "#afaeb9",
        "#b9b2a3",
        "#292826",
        "#9f988a",
        "#5b5752",
        "#e0dbd2",
        "#cbc4b7"
    ],
    "hsl_color_values": [
        [
            0.10133333334895012,
            0.09685417630804581,
            0.036001205059386976
        ],
        [
            0.7154650890738335,
            0.04318325496003191,
            166.9288037585808
        ],
        [
            0.09898098920573602,
            0.10747982155960348,
            130.9532312925173
        ],
        [
            0.6875281617465361,
            0.06132810254065477,
            185.48586309524052
        ],
        [
            0.11142452812147303,
            0.11925216253014122,
            185.80127118643992
        ],
        [
            0.09232978543672837,
            0.08503943795525873,
            41.80360360360362
        ],
        [
            0.10809276071950723,
            0.13063037852560566,
            159.3963466440073
        ],
        [
            0.09050899349406667,
            0.09040544923775222,
            91.21301775147906
        ],
        [
            0.10373817457581647,
            0.05979552856141679,
            224.26194144838405
        ],
        [
            0.10969959695709135,
            0.09648004081112586,
            203.04188880426676
        ]
    ]
}