{
    "rgb_colors": [
        [
            0.07777652671940416,
            0.0741042274642183,
            0.06662971271737206
        ],
        [
            197.03653726385832,
            189.28607016815516,
            177.19908656840352
        ],
        [
            163.69905362776092,
            157.70536277602582,
            148.45173501577233
        ],
        [
            220.7889901052214,
            211.57550651797246,
            194.80316475578348
        ],
        [
            124.8622366288493,
            119.1037277147488,
            108.41653160453811
        ],
        [
            181.22073279713706,
            175.427167113491,
            164.1948168007179
        ],
        [
            226.32657189869485,
            216.2943651714291,
            199.29414938094325
        ],
        [
            76.68549618320613,
            73.12671755725194,
            66.21679389312975
        ],
        [
            32.98232323232316,
            31.457070707070663,
            28.373737373737377
        ],
        [
            210.59837877671416,
            201.53854089904223,
            186.98172439204205
        ]
    ],
    "hex_colors": [
        "#000000",
        "#c5bdb1",
        "#a39d94",
        "#dcd3c2",
        "#7c776c",
        "#b5afa4",
        "#e2d8c7",
        "#4c4942",
        "#201f1c",
        "#d2c9ba"
    ],
    "hsl_color_values": [
        [
            0.11175861170560501,
            0.14331848530915597,
            0.07777652671940416
        ],
        [
            0.10155020912474606,
            0.10067904649019385,
            197.03653726385832
        ],
        [
            0.10115032896098415,
            0.09314237482801715,
            163.69905362776092
        ],
        [
            0.1075736581812526,
            0.11769529511889991,
            220.7889901052214
        ],
        [
            0.10830787424854625,
            0.13171079958463142,
            124.8622366288493
        ],
        [
            0.109953460704018,
            0.0939512589626177,
            181.22073279713706
        ],
        [
            0.10481373974358736,
            0.11943989736146171,
            226.32657189869485
        ],
        [
            0.11000923630353447,
            0.1365147623882623,
            76.68549618320613
        ],
        [
            0.1115068493150686,
            0.13972896409156835,
            32.98232323232316
        ],
        [
            0.1027298805742215,
            0.11214072264873197,
            210.59837877671416
        ]
    ]
}