{
    "rgb_colors": [
        [
            0.00010835893587135548,
            -8.271161533457416e-14,
            0.0
        ],
        [
            119.8333333333333,
            122.3888888888889,
            124.77777777777777
        ],
        [
            10.651655629139118,
            10.66357615894035,
            10.694039735099338
        ],
        [
            58.6913580246914,
            59.88888888888884,
            60.82716049382716
        ],
        [
            2.291139240506392,
            2.282114392873828,
            2.2474214721050165
        ],
        [
            38.80952380952383,
            39.36734693877548,
            39.755102040816325
        ],
        [
            1.001985805170439,
            1.003419997793558,
            0.9999632258301769
        ],
        [
            21.89830508474579,
            22.372881355932172,
            22.622881355932204
        ],
        [
            85.33333333333333,
            87.18518518518518,
            89.14814814814814
        ],
        [
            4.931942919868251,
            4.867178924259094,
            4.859495060373216
        ]
    ],
    "hex_colors": [
        "#000000",
        "#777a7c",
        "#0a0a0a",
        "#3a3b3c",
        "#020202",
        "#262727",
        "#010100",
        "#151616",
        "#555759",
        "#040404"
    ],
    "hsl_color_values": [
        [
            0.9999999998727814,
            1.0000000007633114,
            0.00010835893587135548
        ],
        [
            0.5805243445692874,
            0.039626001780944116,
            124.77777777777777
        ],
        [
            0.6197916666669805,
            0.003963339113198708,
            10.694039735099338
        ],
        [
            0.5732177263969219,
            0.03511264461132468,
            60.82716049382716
        ],
        [
            0.13226094727393914,
            0.019081235932091514,
            2.291139240506392
        ],
        [
            0.5683453237410134,
            0.023785078713209548,
            39.755102040816325
        ],
        [
            0.23581560283756575,
            0.0034449901048237957,
            1.003419997793558
        ],
        [
            0.5575048732943565,
            0.03202846975088852,
            22.622881355932204
        ],
        [
            0.5857605177993528,
            0.042791857083506385,
            89.14814814814814
        ],
        [
            0.0176767676768629,
            0.01468951702648068,
            4.931942919868251
        ]
    ]
}