{
    "rgb_colors": [
        [
            42.22492239467943,
            35.4321064301551,
            33.82545454545512
        ],
        [
            137.457593915647,
            45.08913344088605,
            38.41253745102691
        ],
        [
            101.21462552670916,
            89.0161750713608,
            83.11485659915722
        ],
        [
            72.28656716417883,
            53.026712590892174,
            55.27455032529686
        ],
        [
            208.43155982655833,
            204.4424000937596,
            186.1830540255508
        ],
        [
            138.56670617674038,
            129.43250362175647,
            116.69300671671132
        ],
        [
            1.3865697781117916,
            1.3207909663782544,
            1.2819614711136182
        ],
        [
            191.2097034496786,
            184.19790195684016,
            166.41103490015234
        ],
        [
            170.26771034816727,
            160.66023936170836,
            144.04478965184205
        ],
        [
            168.57512487512088,
            85.71548451548462,
            76.14385614385671
        ]
    ],
    "hex_colors": [
        "#2a2321",
        "#892d26",
        "#655953",
        "#483537",
        "#d0ccba",
        "#8a8174",
        "#010101",
        "#bfb8a6",
        "#aaa090",
        "#a8554c"
    ],
    "hsl_color_values": [
        [
            0.03188003322631827,
            0.19892204349634723,
            42.22492239467943
        ],
        [
            0.011234947386872862,
            0.7205499066526703,
            137.457593915647
        ],
        [
            0.05434064283568877,
            0.17882562755493922,
            101.21462552670916
        ],
        [
            0.9805481593344737,
            0.2664375322948074,
            72.28656716417883
        ],
        [
            0.13678331353666248,
            0.10674250012580208,
            208.43155982655833
        ],
        [
            0.09706860460682996,
            0.1578568190264217,
            138.56670617674038
        ],
        [
            0.06186490088420069,
            0.07544395431770283,
            1.3865697781117916
        ],
        [
            0.11954181478980784,
            0.12969356733536605,
            191.2097034496786
        ],
        [
            0.10560385894387131,
            0.15400994494319561,
            170.26771034816727
        ],
        [
            0.0172590013873923,
            0.5483090627975896,
            168.57512487512088
        ]
    ]
}