{
    "rgb_colors": [
        [
            31.99889294086934,
            54.06323261266037,
            74.582443344621
        ],
        [
            52.021996864589426,
            87.39609053497983,
            113.27140897511268
        ],
        [
            221.6891025641048,
            192.3060897435892,
            40.177083333333336
        ],
        [
            83.97216699801126,
            58.43317870554395,
            32.861055886900814
        ],
        [
            85.61257485029961,
            142.39129433440925,
            180.66112390603408
        ],
        [
            145.93125829768468,
            163.86679451246604,
            168.24679156217732
        ],
        [
            108.68093790012938,
            120.69998399488007,
            121.79161331626119
        ],
        [
            0.5498585778528309,
            0.4104035477586194,
            0.3042030891716081
        ],
        [
            204.9019635541732,
            210.28337335781896,
            205.02217827376748
        ],
        [
            62.02105462822375,
            112.92066578148416,
            148.09246965098635
        ]
    ],
    "hex_colors": [
        "#1f364a",
        "#345771",
        "#ddc028",
        "#533a20",
        "#558eb4",
        "#91a3a8",
        "#6c7879",
        "#000000",
        "#ccd2cd",
        "#3e7094"
    ],
    "hsl_color_values": [
        [
            0.5803096130524964,
            0.5709594442620637,
            74.582443344621
        ],
        [
            0.5704097055751909,
            0.5407314402170155,
            113.27140897511268
        ],
        [
            0.13968680701785144,
            0.8187683432850944,
            221.6891025641048
        ],
        [
            0.08338735701731566,
            0.6086672874873043,
            83.97216699801126
        ],
        [
            0.5671057579728443,
            0.5261151209552497,
            180.66112390603408
        ],
        [
            0.532712617692482,
            0.13263571362813006,
            168.24679156217732
        ],
        [
            0.5138771050655654,
            0.10764842552899594,
            121.79161331626119
        ],
        [
            0.07205243622354895,
            0.44676121929477697,
            0.5498585778528309
        ],
        [
            0.33705648160304397,
            0.025591228244606575,
            210.28337335781896
        ],
        [
            0.5681058550046312,
            0.5812004838977262,
            148.09246965098635
        ]
    ]
}