{
    "rgb_colors": [
        [
            44.659894657637324,
            42.52144469525959,
            39.16102332580886
        ],
        [
            210.22107243650146,
            207.63043635574098,
            203.76163253491666
        ],
        [
            159.3911234396681,
            151.4597780859919,
            144.13742487286032
        ],
        [
            188.2187321530484,
            181.98572244432424,
            175.26848943460232
        ],
        [
            97.11242270938719,
            90.21191680719511,
            80.24957841483973
        ],
        [
            174.35740153916026,
            166.7351742870056,
            158.83420099592763
        ],
        [
            0.1359557560655702,
            0.13081248528735046,
            0.12250412470204708
        ],
        [
            135.50741116751328,
            126.95005076142003,
            119.29299492385894
        ],
        [
            228.69105058364704,
            224.90250138967212,
            216.6878265703054
        ],
        [
            197.80832633007373,
            193.3418449802893,
            188.0162260003813
        ]
    ],
    "hex_colors": [
        "#2c2a27",
        "#d2cfcb",
        "#9f9790",
        "#bcb5af",
        "#615a50",
        "#aea69e",
        "#000000",
        "#877e77",
        "#e4e0d8",
        "#c5c1bc"
    ],
    "hsl_color_values": [
        [
            0.10185185185185186,
            0.12312772732633606,
            44.659894657637324
        ],
        [
            0.09982299496986646,
            0.030726890633363663,
            210.22107243650146
        ],
        [
            0.080006314327214,
            0.09569979957247444,
            159.3911234396681
        ],
        [
            0.08644925499033344,
            0.06880421821094673,
            188.2187321530484
        ],
        [
            0.09846439325755448,
            0.1736425044714433,
            97.11242270938719
        ],
        [
            0.08482972813363561,
            0.08903092387360544,
            174.35740153916026
        ],
        [
            0.10294117693205616,
            0.09894124200990448,
            0.1359557560655702
        ],
        [
            0.07870625459157626,
            0.11965704387644302,
            135.50741116751328
        ],
        [
            0.11406206102399485,
            0.052486636371244004,
            228.69105058364704
        ],
        [
            0.0906448191330858,
            0.04950297346610577,
            197.80832633007373
        ]
    ]
}