{
    "rgb_colors": [
        [
            0.05065566759211748,
            0.049764046654246386,
            0.04570463425339
        ],
        [
            210.1553233549845,
            205.21942953967806,
            188.7661677492231
        ],
        [
            186.6126422597011,
            180.784176607706,
            160.1221719457027
        ],
        [
            89.56828703703704,
            86.77777777777777,
            76.87962962962966
        ],
        [
            199.07589967284625,
            193.41057797164666,
            173.4977099236705
        ],
        [
            129.18972081218274,
            125.25634517766497,
            111.5057106598986
        ],
        [
            34.80325960419092,
            33.82188591385332,
            30.2013969732247
        ],
        [
            223.40998000521603,
            220.8210032165522,
            211.3981570025221
        ],
        [
            216.59985820630982,
            213.2929457639135,
            201.40311946117382
        ],
        [
            160.65803303303304,
            156.23123123123122,
            141.13851351351445
        ]
    ],
    "hex_colors": [
        "#000000",
        "#d2cdbc",
        "#bab4a0",
        "#59564c",
        "#c7c1ad",
        "#817d6f",
        "#22211e",
        "#dfdcd3",
        "#d8d5c9",
        "#a09c8d"
    ],
    "hsl_color_values": [
        [
            0.13665202538303986,
            0.09773898112632738,
            0.05065566759211748
        ],
        [
            0.128205636021953,
            0.10177784347452311,
            210.1553233549845
        ],
        [
            0.1299964629864452,
            0.14195431774194972,
            186.6126422597011
        ],
        [
            0.13001307428015427,
            0.14166462067272245,
            89.56828703703704
        ],
        [
            0.12975161158292323,
            0.12848461210628695,
            199.07589967284625
        ],
        [
            0.1295957421361078,
            0.13688403412523298,
            129.18972081218274
        ],
        [
            0.13112404081288473,
            0.13222504682900665,
            34.80325960419092
        ],
        [
            0.13074404848063473,
            0.053765829988496806,
            223.40998000521603
        ],
        [
            0.1303988803359235,
            0.07016042794756226,
            216.59985820630982
        ],
        [
            0.1288685897435878,
            0.12149731420840411,
            160.65803303303304
        ]
    ]
}