{
    "rgb_colors": [
        [
            0.23635293424585768,
            0.21399729236564724,
            0.17604332214125407
        ],
        [
            186.0432595573413,
            176.2122736418511,
            168.36509968904167
        ],
        [
            43.817712388836796,
            43.35998524650629,
            44.427523462153296
        ],
        [
            104.9162640901763,
            99.68031926065953,
            93.22656304697662
        ],
        [
            25.97789755160043,
            25.99281357065263,
            25.74053647530757
        ],
        [
            236.9405479452049,
            227.8558904109589,
            209.24410958903937
        ],
        [
            69.84568086382718,
            70.69158668266347,
            69.65289442111636
        ],
        [
            172.42154065620437,
            99.82025677603424,
            71.62749643366591
        ],
        [
            143.90651783934783,
            137.6942395854096,
            130.48554913294922
        ],
        [
            103.4428232719307,
            57.93306583986869,
            43.180010942914464
        ]
    ],
    "hex_colors": [
        "#000000",
        "#bab0a8",
        "#2b2b2c",
        "#68635d",
        "#191919",
        "#ece3d1",
        "#454645",
        "#ac6347",
        "#8f8982",
        "#67392b"
    ],
    "hsl_color_values": [
        [
            0.1048864597751686,
            0.2551676047392274,
            0.23635293424585768
        ],
        [
            0.07398181344730863,
            0.09502177026118458,
            186.0432595573413
        ],
        [
            0.7381281431149344,
            0.02402875813135104,
            44.427523462153296
        ],
        [
            0.09201484551562152,
            0.111419341363054,
            104.9162640901763
        ],
        [
            0.17652092304283892,
            0.009705647857602178,
            25.99281357065263
        ],
        [
            0.11199864150147625,
            0.11689193173711511,
            236.9405479452049
        ],
        [
            0.30239917220145096,
            0.014693293930575233,
            70.69158668266347
        ],
        [
            0.04661776820880881,
            0.5845791879537501,
            172.42154065620437
        ],
        [
            0.08952024514971062,
            0.09326171536845404,
            143.90651783934783
        ],
        [
            0.040801986960070626,
            0.5825712255609772,
            103.4428232719307
        ]
    ]
}