{
    "rgb_colors": [
        [
            55.35346756152104,
            50.25727069351219,
            46.5436241610738
        ],
        [
            1.9949577541564008,
            1.2435268465522071,
            1.2183156173344356
        ],
        [
            84.87654320987646,
            75.1234567901234,
            69.09876543209873
        ],
        [
            13.286233080224225,
            6.872895344998526,
            6.602509078904162
        ],
        [
            18.621035058430785,
            15.370617696160455,
            14.629382303839893
        ],
        [
            31.19193154034214,
            24.001222493887656,
            22.75427872860658
        ],
        [
            41.37331081081065,
            36.72297297297292,
            34.258445945945994
        ],
        [
            6.447868852458995,
            3.855081967213178,
            3.6408743169399305
        ],
        [
            0.036251344220794346,
            0.00381964236377752,
            0.0018040464700836978
        ],
        [
            26.7163886162902,
            9.29636898920503,
            9.19234543670257
        ]
    ],
    "hex_colors": [
        "#37322e",
        "#010101",
        "#544b45",
        "#0d0606",
        "#120f0e",
        "#1f1816",
        "#292422",
        "#060303",
        "#000000",
        "#1a0909"
    ],
    "hsl_color_values": [
        [
            0.07025562891484656,
            0.15915612496463372,
            55.35346756152104
        ],
        [
            0.005410305901620782,
            0.3893025479882307,
            1.9949577541564008
        ],
        [
            0.06364110589462697,
            0.1858909090909087,
            84.87654320987646
        ],
        [
            0.006742405532229286,
            0.5030563562269875,
            13.286233080224225
        ],
        [
            0.03094939355918212,
            0.21436256051640087,
            18.621035058430785
        ],
        [
            0.024630541871920392,
            0.2705075445816078,
            31.19193154034214
        ],
        [
            0.057731877176320924,
            0.17196750091862545,
            41.37331081081065
        ],
        [
            0.012718683486478347,
            0.4353367910776556,
            6.447868852458995
        ],
        [
            0.009752075514894062,
            0.9502350462069523,
            0.036251344220794346
        ],
        [
            0.0009893412480633985,
            0.6559285924184537,
            26.7163886162902
        ]
    ]
}