{
    "rgb_colors": [
        [
            43.422413793103445,
            42.76175548589344,
            41.65282131661442
        ],
        [
            163.76958564000617,
            161.62833417210496,
            158.13051501425934
        ],
        [
            203.6276038338509,
            199.71686900959867,
            191.7203194888179
        ],
        [
            131.69780545670244,
            129.21708185053373,
            125.9626334519573
        ],
        [
            148.5321907600592,
            147.10745156482892,
            146.1210134128167
        ],
        [
            176.86548288197213,
            174.26909810934143,
            169.57096320899336
        ],
        [
            0.1223295047173707,
            0.1206969054622391,
            0.1167473346581005
        ],
        [
            190.44662412353983,
            187.031198298268,
            180.82919719530452
        ],
        [
            92.3124306326301,
            91.2547169811324,
            90.19089900110988
        ],
        [
            215.41021126760262,
            211.18469910371618,
            202.52880921895004
        ]
    ],
    "hex_colors": [
        "#2b2a29",
        "#a3a19e",
        "#cbc7bf",
        "#83817d",
        "#949392",
        "#b0aea9",
        "#000000",
        "#bebbb4",
        "#5c5b5a",
        "#d7d3ca"
    ],
    "hsl_color_values": [
        [
            0.10444346028934377,
            0.040752973451007896,
            43.422413793103445
        ],
        [
            0.10338048560328646,
            0.03443295410261632,
            163.76958564000617
        ],
        [
            0.11192797743336048,
            0.05847578678354787,
            203.6276038338509
        ],
        [
            0.09457572780391414,
            0.04354796942026994,
            131.69780545670244
        ],
        [
            0.06818509590624879,
            0.016233365541194682,
            148.5321907600592
        ],
        [
            0.10734394017633679,
            0.04124331980506692,
            176.86548288197213
        ],
        [
            0.1179222047520041,
            0.04563224605680541,
            0.1223295047173707
        ],
        [
            0.10747852395521978,
            0.050499330048489804,
            190.44662412353983
        ],
        [
            0.08357311012297804,
            0.022982079628724516,
            92.3124306326301
        ],
        [
            0.11199466554019982,
            0.059799403068455735,
            215.41021126760262
        ]
    ]
}