{
    "rgb_colors": [
        [
            0.20536533413930158,
            0.18602566670333687,
            0.16217270723311827
        ],
        [
            147.82608695651987,
            85.97858259031129,
            61.14955418696573
        ],
        [
            159.533020637897,
            119.6532833020645,
            85.99118198874409
        ],
        [
            173.81344537815278,
            158.43254392666026,
            138.4838808250572
        ],
        [
            117.50730190861714,
            70.77486986697528,
            46.935584152689366
        ],
        [
            186.84276073619395,
            177.48478527607702,
            160.30570552147034
        ],
        [
            125.47118084227914,
            105.68769611890906,
            82.94574731626875
        ],
        [
            81.15387216773772,
            50.87025138090415,
            30.43602750535432
        ],
        [
            89.35131396957132,
            82.69940064545847,
            71.3197325956665
        ],
        [
            152.51748311532717,
            135.7638710780562,
            113.91587586560357
        ]
    ],
    "hex_colors": [
        "#000000",
        "#93553d",
        "#9f7755",
        "#ad9e8a",
        "#75462e",
        "#bab1a0",
        "#7d6952",
        "#51321e",
        "#595247",
        "#988771"
    ],
    "hsl_color_values": [
        [
            0.09204101555738704,
            0.21032092435272093,
            0.20536533413930158
        ],
        [
            0.04774269653309391,
            0.5863412510881678,
            147.82608695651987
        ],
        [
            0.07628786989746218,
            0.46098192308459984,
            159.533020637897
        ],
        [
            0.09410750530490734,
            0.2032614017645856,
            173.81344537815278
        ],
        [
            0.05630037658224046,
            0.6005730419272997,
            117.50730190861714
        ],
        [
            0.10789365797876958,
            0.14202881133934683,
            186.84276073619395
        ],
        [
            0.08913077389609032,
            0.33892590506074916,
            125.47118084227914
        ],
        [
            0.06715001400255206,
            0.6249590229971307,
            81.15387216773772
        ],
        [
            0.10518275143503264,
            0.20180544160822864,
            89.35131396957132
        ],
        [
            0.09433111196256853,
            0.25309627762828163,
            152.51748311532717
        ]
    ]
}