{
    "rgb_colors": [
        [
            0.14568379561826816,
            0.13961457062701754,
            0.1295029282330944
        ],
        [
            200.9584413180346,
            191.81099592743817,
            178.6027397260274
        ],
        [
            121.71184333229823,
            109.4566366179674,
            96.82615791109728
        ],
        [
            35.779646077698374,
            30.18706352972931,
            26.120075937351682
        ],
        [
            232.78043061180642,
            226.79897676401288,
            215.23342570880408
        ],
        [
            143.15620224146977,
            133.13665308202025,
            121.29629393785022
        ],
        [
            175.0318166267536,
            94.06568593910356,
            81.61512145056449
        ],
        [
            96.48382593918724,
            79.45439096923087,
            68.07483158341931
        ],
        [
            70.4656824472992,
            50.56490879409435,
            44.18326353893108
        ],
        [
            171.50373460083463,
            158.70705209040588,
            146.13939276360463
        ]
    ],
    "hex_colors": [
        "#000000",
        "#c8bfb2",
        "#796d60",
        "#231e1a",
        "#e8e2d7",
        "#8f8579",
        "#af5e51",
        "#604f44",
        "#46322c",
        "#ab9e92"
    ],
    "hsl_color_values": [
        [
            0.1041522492091314,
            0.11106840892292591,
            0.14568379561826816
        ],
        [
            0.09847045168806134,
            0.1112453970352373,
            200.9584413180346
        ],
        [
            0.0845899861245118,
            0.20446395962682065,
            121.71184333229823
        ],
        [
            0.07017199063186713,
            0.2699738873707739,
            35.779646077698374
        ],
        [
            0.10985304062945711,
            0.07538006892110448,
            232.78043061180642
        ],
        [
            0.09027454110446798,
            0.15269969418961804,
            143.15620224146977
        ],
        [
            0.02221331077394073,
            0.5337126527995504,
            175.0318166267536
        ],
        [
            0.06676030862681785,
            0.2944430745695535,
            96.48382593918724
        ],
        [
            0.04046840384956224,
            0.3729818259835142,
            70.4656824472992
        ],
        [
            0.0825808886050306,
            0.14789381640151505,
            171.50373460083463
        ]
    ]
}