{
    "rgb_colors": [
        [
            0.04622532501709031,
            0.04369657407337613,
            0.039274284793933134
        ],
        [
            138.58529411764704,
            132.08647058823482,
            120.19235294117675
        ],
        [
            208.84156826779778,
            204.22687148916452,
            192.88409950705073
        ],
        [
            67.5389355742297,
            59.90644257703103,
            49.04089635854342
        ],
        [
            195.87101154107265,
            191.10952704232253,
            179.43041412083704
        ],
        [
            116.38610513372271,
            106.46787580694792,
            91.27974177682073
        ],
        [
            229.6348797250859,
            219.19823883161698,
            202.62328178694082
        ],
        [
            36.58409387222947,
            32.252064319860835,
            26.287700999565345
        ],
        [
            94.30836236933798,
            83.89163763066226,
            68.72125435540107
        ],
        [
            169.27465667915106,
            163.23283395755297,
            151.4600499375784
        ]
    ],
    "hex_colors": [
        "#000000",
        "#8a8478",
        "#d0ccc0",
        "#433b31",
        "#c3bfb3",
        "#746a5b",
        "#e5dbca",
        "#24201a",
        "#5e5344",
        "#a9a397"
    ],
    "hsl_color_values": [
        [
            0.10603423222686081,
            0.15037298754713477,
            0.04622532501709031
        ],
        [
            0.10777791991812206,
            0.1327192852140304,
            138.58529411764704
        ],
        [
            0.11846878883881724,
            0.07640944708998147,
            208.84156826779778
        ],
        [
            0.09789817983585399,
            0.2738870409847624,
            67.5389355742297
        ],
        [
            0.11839708561026767,
            0.08393583762540655,
            195.87101154107265
        ],
        [
            0.10082526233302407,
            0.21571615725138177,
            116.38610513372271
        ],
        [
            0.1022706189802358,
            0.11762846293421456,
            229.6348797250859
        ],
        [
            0.09654454386853395,
            0.28144452363982114,
            36.58409387222947
        ],
        [
            0.09881527881800285,
            0.27131324700274856,
            94.30836236933798
        ],
        [
            0.11014167747059378,
            0.1052408381210844,
            169.27465667915106
        ]
    ]
}