{
    "rgb_colors": [
        [
            59.5960938196736,
            48.4803353250685,
            38.57460090965789
        ],
        [
            229.3798295689584,
            217.57996194258234,
            202.7992057582528
        ],
        [
            0.22898161872099365,
            0.20724648658526235,
            0.16614555724527236
        ],
        [
            201.9776161163962,
            174.52033202761075,
            140.9964558850994
        ],
        [
            93.55399329682007,
            71.55088694514836,
            54.88375705060094
        ],
        [
            144.0779210047926,
            121.58717567344058,
            100.74723186249935
        ],
        [
            217.23828772802653,
            196.77674129353625,
            169.43200663350152
        ],
        [
            30.827921836689207,
            26.80860390816496,
            20.77019095029327
        ],
        [
            174.11043442955744,
            147.5515631343912,
            123.62170117742559
        ],
        [
            119.42259544358915,
            95.47453541715271,
            74.55936552367675
        ]
    ],
    "hex_colors": [
        "#3b3026",
        "#e5d9ca",
        "#000000",
        "#c9ae8c",
        "#5d4736",
        "#907964",
        "#d9c4a9",
        "#1e1a14",
        "#ae937b",
        "#775f4a"
    ],
    "hsl_color_values": [
        [
            0.07853655984229214,
            0.3527327306655824,
            59.5960938196736
        ],
        [
            0.09267876411022158,
            0.11588038870137299,
            229.3798295689584
        ],
        [
            0.10901629938479047,
            0.27441530820989135,
            0.22898161872099365
        ],
        [
            0.09162358782985293,
            0.3019203880302974,
            201.9776161163962
        ],
        [
            0.0718344456118022,
            0.41334671972290404,
            93.55399329682007
        ],
        [
            0.08015852129847717,
            0.3007448250232032,
            144.0779210047926
        ],
        [
            0.09533173617209884,
            0.22006379075486238,
            217.23828772802653
        ],
        [
            0.10006254601686938,
            0.32625393757246196,
            30.827921836689207
        ],
        [
            0.07899406598783164,
            0.28998108825326524,
            174.11043442955744
        ],
        [
            0.07769974776973139,
            0.3756678520783292,
            119.42259544358915
        ]
    ]
}