{
    "rgb_colors": [
        [
            76.72242336471166,
            64.47019068307989,
            52.09904256175074
        ],
        [
            180.59115100994057,
            166.01622314844502,
            149.35569092658332
        ],
        [
            0.21850365723611276,
            0.1758197303827842,
            0.12405016236059652
        ],
        [
            153.2520220456607,
            141.79435974518645,
            128.2329826068322
        ],
        [
            125.63513399273265,
            117.35472144729056,
            106.55473835488769
        ],
        [
            207.84865563599573,
            192.43934850051704,
            174.09415718717227
        ],
        [
            47.68431287813259,
            34.421564390665516,
            23.95970181504017
        ],
        [
            245.02133950379664,
            223.40519346959763,
            190.57668080730295
        ],
        [
            167.8625166444735,
            119.33988015978696,
            83.01165113182424
        ],
        [
            104.33738067325356,
            90.99104002679618,
            76.64637414168409
        ]
    ],
    "hex_colors": [
        "#4c4034",
        "#b4a695",
        "#000000",
        "#998d80",
        "#7d756a",
        "#cfc0ae",
        "#2f2217",
        "#f5dfbe",
        "#a77753",
        "#685a4c"
    ],
    "hsl_color_values": [
        [
            0.08373578091167684,
            0.32094112416014214,
            76.72242336471166
        ],
        [
            0.08889753385735409,
            0.17296229581945524,
            180.59115100994057
        ],
        [
            0.09134930738563762,
            0.4322742057056317,
            0.21850365723611276
        ],
        [
            0.09034037971702706,
            0.16325422075915064,
            153.2520220456607
        ],
        [
            0.09433751879321335,
            0.1518714951101868,
            125.63513399273265
        ],
        [
            0.09058146398451478,
            0.16239940713370565,
            207.84865563599573
        ],
        [
            0.07349514636793152,
            0.49753492566256985,
            47.68431287813259
        ],
        [
            0.10049505145307268,
            0.22220374277094368,
            245.02133950379664
        ],
        [
            0.0713570191819808,
            0.5054783355378867,
            167.8625166444735
        ],
        [
            0.08633769396547746,
            0.26539871283799576,
            104.33738067325356
        ]
    ]
}