{
    "rgb_colors": [
        [
            0.33759096736661576,
            0.3121117753834284,
            0.21066129327062555
        ],
        [
            201.63817663817764,
            218.26834045584047,
            192.41328347578468
        ],
        [
            14.274719358772671,
            97.4098059936594,
            52.78828783921236
        ],
        [
            41.48276506305652,
            124.47561886968705,
            71.80756655768417
        ],
        [
            109.3719841555631,
            132.11499219781538,
            96.6551434401621
        ],
        [
            196.45368388871643,
            126.10954855803527,
            53.86670742892056
        ],
        [
            235.95313442842044,
            173.8688568555146,
            73.96821991284057
        ],
        [
            117.52549211395231,
            82.04095855239026,
            44.13705832008804
        ],
        [
            52.242199108469386,
            46.819071759461586,
            32.72860763919195
        ],
        [
            160.38367407849702,
            172.0358155499179,
            138.44799283689045
        ]
    ],
    "hex_colors": [
        "#000000",
        "#c9dac0",
        "#0e6134",
        "#297c47",
        "#6d8460",
        "#c47e35",
        "#ebad49",
        "#75522c",
        "#342e20",
        "#a0ac8a"
    ],
    "hsl_color_values": [
        [
            0.13321088079592955,
            0.3759865824791088,
            0.33759096736661576
        ],
        [
            0.2738678989729237,
            0.11845536978042276,
            218.26834045584047
        ],
        [
            0.41054415177229125,
            0.8534570599627122,
            97.4098059936594
        ],
        [
            0.39423175230099333,
            0.6667398367668721,
            124.47561886968705
        ],
        [
            0.27356225345501356,
            0.2684013991732244,
            132.11499219781538
        ],
        [
            0.08444301029774677,
            0.7258045440398359,
            196.45368388871643
        ],
        [
            0.1027880047157781,
            0.6865130862023796,
            235.95313442842044
        ],
        [
            0.0860805494654373,
            0.6244469389050258,
            117.52549211395231
        ],
        [
            0.12034743529447094,
            0.3735216319811073,
            52.242199108469386
        ],
        [
            0.22448594227624374,
            0.19523738476004504,
            172.0358155499179
        ]
    ]
}