{
    "rgb_colors": [
        [
            85.84088281660269,
            70.95323173935941,
            51.44487651077209
        ],
        [
            14.624405415296522,
            13.641907549699923,
            12.765184778633316
        ],
        [
            135.88994374120844,
            125.75632911392634,
            100.0144163150509
        ],
        [
            34.6546558437272,
            33.33003365670175,
            28.612947931102912
        ],
        [
            195.4301318267446,
            192.67834274952654,
            153.69811676082537
        ],
        [
            227.47860465116307,
            225.49767441860436,
            196.8976744186063
        ],
        [
            105.28236214313316,
            95.79259548950867,
            77.35745013687989
        ],
        [
            2.8358218038674323,
            2.669128088615821,
            2.4757069825983713
        ],
        [
            56.29537477575827,
            51.83090242570722,
            43.27821542781292
        ],
        [
            165.4926257952629,
            158.01648351647816,
            128.03209947946627
        ]
    ],
    "hex_colors": [
        "#554633",
        "#0e0d0c",
        "#877d64",
        "#22211c",
        "#c3c099",
        "#e3e1c4",
        "#695f4d",
        "#020202",
        "#38332b",
        "#a59e80"
    ],
    "hsl_color_values": [
        [
            0.09452819926791127,
            0.40069492737297413,
            85.84088281660269
        ],
        [
            0.07859231925624538,
            0.12713136595068258,
            14.624405415296522
        ],
        [
            0.11958900976838098,
            0.2640042849269231,
            135.88994374120844
        ],
        [
            0.13012561441835513,
            0.17434043898369544,
            34.6546558437272
        ],
        [
            0.15567674652633243,
            0.2135393077609755,
            195.4301318267446
        ],
        [
            0.1558705582340887,
            0.13443431429277677,
            227.47860465116307
        ],
        [
            0.11002807187897656,
            0.26523827389329346,
            105.28236214313316
        ],
        [
            0.08951825667520201,
            0.1269878173508449,
            2.8358218038674323
        ],
        [
            0.10950529181371503,
            0.23122964186306047,
            56.29537477575827
        ],
        [
            0.13340435468987635,
            0.226357676880059,
            165.4926257952629
        ]
    ]
}