{
    "rgb_colors": [
        [
            0.07014637822312864,
            0.06658467401036461,
            0.06032147757684925
        ],
        [
            196.83512064343165,
            187.52010723860792,
            175.9380697050922
        ],
        [
            110.8833746898263,
            103.86186931348232,
            92.79487179487163
        ],
        [
            229.97252480705623,
            218.9434619624945,
            205.35889746418334
        ],
        [
            68.32042594385285,
            64.43368828654404,
            58.4646660212972
        ],
        [
            211.13869819476224,
            201.41584032544483,
            189.31133994406892
        ],
        [
            144.84444444444443,
            135.93046594982093,
            124.04372759856622
        ],
        [
            173.20012706480304,
            163.47776365946632,
            150.75540025412946
        ],
        [
            30.392857142857146,
            28.787698412698358,
            26.01190476190483
        ],
        [
            223.15781300549986,
            212.47395664834173,
            198.39922355223476
        ]
    ],
    "hex_colors": [
        "#000000",
        "#c4bbaf",
        "#6e675c",
        "#e5dacd",
        "#44403a",
        "#d3c9bd",
        "#90877c",
        "#ada396",
        "#1e1c1a",
        "#dfd4c6"
    ],
    "hsl_color_values": [
        [
            0.10624698506726009,
            0.14006283567524128,
            0.07014637822312864
        ],
        [
            0.09237378013840825,
            0.10616525582441468,
            196.83512064343165
        ],
        [
            0.10197082628378225,
            0.163130883647378,
            110.8833746898263
        ],
        [
            0.09198538888691872,
            0.10702855640482871,
            229.97252480705623
        ],
        [
            0.10093965884163299,
            0.1442578816861494,
            68.32042594385285
        ],
        [
            0.0924260603165405,
            0.10337924045813217,
            211.13869819476224
        ],
        [
            0.09524301846044418,
            0.1436072810777109,
            144.84444444444443
        ],
        [
            0.09447180706521785,
            0.12958839690848417,
            173.20012706480304
        ],
        [
            0.10560084541062491,
            0.14414414414414198,
            30.392857142857146
        ],
        [
            0.0947464658186254,
            0.11094654997651779,
            223.15781300549986
        ]
    ]
}