{
    "rgb_colors": [
        [
            0.10888798370672248,
            0.10313645621181422,
            0.09291242362526475
        ],
        [
            212.59714512291833,
            206.72103946806564,
            196.79759653510646
        ],
        [
            161.1649093209616,
            153.9154365246731,
            141.29396878954026
        ],
        [
            191.77528770442154,
            186.16020593579648,
            176.74719866747427
        ],
        [
            88.67261904761905,
            84.0404761904762,
            74.76428571428572
        ],
        [
            179.25634548297847,
            173.3774810537712,
            163.19896547576087
        ],
        [
            40.41332027424094,
            38.236043095004895,
            34.33202742409402
        ],
        [
            204.3576910462447,
            197.50259101344705,
            185.25726467694327
        ],
        [
            222.70947559068082,
            216.97843088828517,
            207.67876842018606
        ],
        [
            133.7352488455618,
            127.63878912262699,
            115.45818368394049
        ]
    ],
    "hex_colors": [
        "#000000",
        "#d4cec4",
        "#a1998d",
        "#bfbab0",
        "#58544a",
        "#b3ada3",
        "#282622",
        "#ccc5b9",
        "#ded8cf",
        "#857f73"
    ],
    "hsl_color_values": [
        [
            0.10666326704059392,
            0.14671554690998873,
            0.10888798370672248
        ],
        [
            0.10468065883661115,
            0.07431684267762376,
            212.59714512291833
        ],
        [
            0.10586202261182089,
            0.12329570137286006,
            161.1649093209616
        ],
        [
            0.10439348215620194,
            0.07836301129741856,
            191.77528770442154
        ],
        [
            0.11115866358526638,
            0.15685037255823317,
            88.67261904761905
        ],
        [
            0.10564732616648542,
            0.08957774947354571,
            179.25634548297847
        ],
        [
            0.10699522198958504,
            0.1504774368668509,
            40.41332027424094
        ],
        [
            0.10685037513250402,
            0.09346565950864624,
            204.3576910462447
        ],
        [
            0.10311848451985818,
            0.06749020054323956,
            222.70947559068082
        ],
        [
            0.11107368105852196,
            0.13666602723959317,
            133.7352488455618
        ]
    ]
}