{
    "rgb_colors": [
        [
            0.5165661355511588,
            0.39646933082592284,
            0.24615176718496912
        ],
        [
            207.60018378130025,
            195.47976108431817,
            175.80294050079766
        ],
        [
            82.47630147630147,
            65.64199689199695,
            50.4078282828286
        ],
        [
            54.991169635941134,
            35.72486444616564,
            24.264910921766692
        ],
        [
            170.81514027208226,
            153.43643819566427,
            131.57710082666057
        ],
        [
            150.6042172203163,
            123.80696176052193,
            100.5585306668907
        ],
        [
            124.15465838509317,
            96.18979591836761,
            72.50266193433892
        ],
        [
            129.59994983697015,
            54.658891397041074,
            35.70504138449984
        ],
        [
            235.77892561983472,
            220.34602000869899,
            194.6673553719029
        ],
        [
            188.56240186258054,
            175.44609886836952,
            156.47604093346143
        ]
    ],
    "hex_colors": [
        "#000000",
        "#cfc3af",
        "#524132",
        "#362318",
        "#aa9983",
        "#967b64",
        "#7c6048",
        "#813623",
        "#ebdcc2",
        "#bcaf9c"
    ],
    "hsl_color_values": [
        [
            0.0926464352647346,
            0.5234845061565381,
            0.5165661355511588
        ],
        [
            0.1031369313472631,
            0.15316577616328078,
            207.60018378130025
        ],
        [
            0.07917521006409639,
            0.3888204565366858,
            82.47630147630147
        ],
        [
            0.062161562585079246,
            0.5587489576525095,
            54.991169635941134
        ],
        [
            0.09284925919658919,
            0.22971054780578307,
            170.81514027208226
        ],
        [
            0.07742402557448742,
            0.3322993703437575,
            150.6042172203163
        ],
        [
            0.07643181164872732,
            0.4160294677831914,
            124.15465838509317
        ],
        [
            0.03364373057234813,
            0.7244980308293723,
            129.59994983697015
        ],
        [
            0.10410153184750504,
            0.17436490619275838,
            235.77892561983472
        ],
        [
            0.09853645695343989,
            0.17016308984281409,
            188.56240186258054
        ]
    ]
}