{
    "rgb_colors": [
        [
            92.41887488472076,
            73.33071011374116,
            62.96753765754674
        ],
        [
            191.14084737444358,
            180.10960248650417,
            165.98871257974508
        ],
        [
            0.1758180125417539,
            0.1723294708858205,
            0.16285095737332256
        ],
        [
            64.63716604933389,
            49.06698715422807,
            43.5257309480657
        ],
        [
            34.011281022813854,
            28.8302832790173,
            25.02548675524411
        ],
        [
            161.81554836970787,
            151.05982215036377,
            138.02748585286702
        ],
        [
            193.6238038277511,
            106.42822966507177,
            93.26345693779916
        ],
        [
            115.85658986175227,
            99.15806451612903,
            85.84986175115137
        ],
        [
            137.77748557235498,
            126.06253195996786,
            113.34041931477638
        ],
        [
            218.72697453604138,
            210.67837721191196,
            198.2754423823945
        ]
    ],
    "hex_colors": [
        "#5c493e",
        "#bfb4a5",
        "#000000",
        "#40312b",
        "#221c19",
        "#a1978a",
        "#c16a5d",
        "#736355",
        "#897e71",
        "#dad2c6"
    ],
    "hsl_color_values": [
        [
            0.058645738087983866,
            0.31867231952250363,
            92.41887488472076
        ],
        [
            0.09356985680684948,
            0.13158953274610968,
            191.14084737444358
        ],
        [
            0.1218281430566398,
            0.07375271157357592,
            0.1758180125417539
        ],
        [
            0.04374608815539897,
            0.3266144911915696,
            64.63716604933389
        ],
        [
            0.07057058453372572,
            0.2642004063752352,
            34.011281022813854
        ],
        [
            0.09130865735892013,
            0.1470072731360222,
            161.81554836970787
        ],
        [
            0.021862507014694704,
            0.5183264914020236,
            193.6238038277511
        ],
        [
            0.07391788221586704,
            0.2589988894581388,
            115.85658986175227
        ],
        [
            0.08676786669816938,
            0.17736617964874432,
            137.77748557235498
        ],
        [
            0.10107584064556097,
            0.09350256042734653,
            218.72697453604138
        ]
    ]
}