{
    "rgb_colors": [
        [
            0.059848635718644516,
            0.05955818893978204,
            0.0582636260925824
        ],
        [
            111.02728139904173,
            110.87618441971382,
            110.1980922098526
        ],
        [
            151.37181270282957,
            152.22160407974036,
            153.92489568845798
        ],
        [
            64.89528023598798,
            62.25172074729597,
            58.19272369714861
        ],
        [
            103.6606329557421,
            103.25353264042977,
            102.067149363543
        ],
        [
            118.37341772151478,
            118.32859608745684,
            117.86749136938593
        ],
        [
            30.264499121265338,
            30.014059753954307,
            29.23462214411243
        ],
        [
            127.01094647716613,
            127.05322044148775,
            126.29543392802753
        ],
        [
            86.99830909705817,
            86.01014541765304,
            83.97125464998338
        ],
        [
            135.95257410296176,
            136.41404056162247,
            137.0936037441471
        ]
    ],
    "hex_colors": [
        "#000000",
        "#6f6e6e",
        "#979899",
        "#403e3a",
        "#676766",
        "#767675",
        "#1e1e1d",
        "#7f7f7e",
        "#565653",
        "#878889"
    ],
    "hsl_color_values": [
        [
            0.1361256556336006,
            0.02648363838255953,
            0.059848635718644516
        ],
        [
            0.13629623948754419,
            0.0074683373198065105,
            111.02728139904173
        ],
        [
            0.6111918164761089,
            0.01658655004578216,
            153.92489568845798
        ],
        [
            0.10093156311890468,
            0.10328265036326079,
            64.89528023598798
        ],
        [
            0.1240869671427962,
            0.015372119065484042,
            103.6606329557421
        ],
        [
            0.15190113347877038,
            0.004273986185978805,
            118.37341772151478
        ],
        [
            0.12613765642776578,
            0.03402920937255052,
            30.264499121265338
        ],
        [
            0.17596435222205944,
            0.005964323539592637,
            127.05322044148775
        ],
        [
            0.11225933787657005,
            0.034794405529166184,
            86.99830909705817
        ],
        [
            0.599261689909398,
            0.00832299691614198,
            137.0936037441471
        ]
    ]
}