{
    "rgb_colors": [
        [
            225.33419431750448,
            223.50009934433348,
            217.9493343930119
        ],
        [
            107.10326981886615,
            96.62314749470742,
            85.07268877911058
        ],
        [
            142.65294946017838,
            137.6196213425132,
            127.34439054921049
        ],
        [
            190.766391184573,
            187.82865013774034,
            180.99325068870542
        ],
        [
            74.61960246744346,
            66.23577793008837,
            56.76370801919185
        ],
        [
            0.12734579332200724,
            0.11796262004175162,
            0.10056127222526356
        ],
        [
            242.06339385333197,
            241.45521858201027,
            237.26696419515554
        ],
        [
            37.623855681206244,
            35.28311793214633,
            30.584006462033223
        ],
        [
            207.9512624330528,
            205.77153787299073,
            199.7635042081099
        ],
        [
            169.62245390481706,
            165.6744859542424,
            156.43334298677425
        ]
    ],
    "hex_colors": [
        "#e1dfd9",
        "#6b6055",
        "#8e897f",
        "#bebbb4",
        "#4a4238",
        "#000000",
        "#f2f1ed",
        "#25231e",
        "#cfcdc7",
        "#a9a59c"
    ],
    "hsl_color_values": [
        [
            0.12527353278816533,
            0.03277292177896018,
            225.33419431750448
        ],
        [
            0.08738200999445056,
            0.20569475681754495,
            107.10326981886615
        ],
        [
            0.11186803901727782,
            0.1073133010491401,
            142.65294946017838
        ],
        [
            0.11656777491201807,
            0.0512309345224848,
            190.766391184573
        ],
        [
            0.088412166809002,
            0.23929227519058593,
            74.61960246744346
        ],
        [
            0.10827987648559963,
            0.21032906072536053,
            0.12734579332200724
        ],
        [
            0.14553375063453197,
            0.019814766627136646,
            242.06339385333197
        ],
        [
            0.11125028685072508,
            0.18711131785170934,
            37.623855681206244
        ],
        [
            0.12229708262468753,
            0.03937344803366522,
            207.9512624330528
        ],
        [
            0.11677743133322459,
            0.0777556898536784,
            169.62245390481706
        ]
    ]
}