{
    "rgb_colors": [
        [
            0.06343040598701322,
            0.06278678842397056,
            0.06040918932490058
        ],
        [
            191.93003132926248,
            191.68954199612114,
            188.8711770848948
        ],
        [
            61.35316901408453,
            67.90352112676057,
            53.63063380281686
        ],
        [
            165.0414592274768,
            162.84824034334764,
            154.63879828326898
        ],
        [
            177.8326971316397,
            176.89289998909368,
            171.59810230123244
        ],
        [
            124.15925337569544,
            124.17553613979348,
            117.50555996822908
        ],
        [
            30.629207383278978,
            30.55917480998914,
            29.459283387622172
        ],
        [
            149.9027488151603,
            147.37554502369667,
            136.89336492890607
        ],
        [
            96.63148532463723,
            96.7675659650163,
            91.63089238067045
        ],
        [
            207.48412007831413,
            207.89242984555145,
            207.42005655862604
        ]
    ],
    "hex_colors": [
        "#000000",
        "#bfbfbc",
        "#3d4335",
        "#a5a29a",
        "#b1b0ab",
        "#7c7c75",
        "#1e1e1d",
        "#959388",
        "#60605b",
        "#cfcfcf"
    ],
    "hsl_color_values": [
        [
            0.13116123761695656,
            0.04763041659754159,
            0.06343040598701322
        ],
        [
            0.1535632127844296,
            0.015937340410892224,
            191.93003132926248
        ],
        [
            0.24315612022531927,
            0.21019362600209557,
            67.90352112676057
        ],
        [
            0.13152791873970263,
            0.06303059239115072,
            165.0414592274768
        ],
        [
            0.14154348523279459,
            0.03505876551932473,
            177.8326971316397
        ],
        [
            0.16707353378980705,
            0.05371409199357529,
            124.17553613979348
        ],
        [
            0.1566898685228238,
            0.03819635229266454,
            30.629207383278978
        ],
        [
            0.13428998875529793,
            0.08678549252152562,
            149.9027488151603
        ],
        [
            0.17108199622916107,
            0.053082595734637805,
            96.7675659650163
        ],
        [
            0.3107299101998093,
            0.0022722005186833483,
            207.89242984555145
        ]
    ]
}