{
    "rgb_colors": [
        [
            41.17373016961471,
            31.74895990490559,
            21.777259635165727
        ],
        [
            147.69620808066315,
            90.92949514137503,
            60.96281142690074
        ],
        [
            143.59026548672423,
            127.26700379266751,
            96.0826801517068
        ],
        [
            68.67624289613843,
            48.820870810399605,
            33.5641920615743
        ],
        [
            94.98701457797452,
            84.41014332965821,
            65.82065417126014
        ],
        [
            0.2070226059789846,
            0.1695556905454083,
            0.11683733240520056
        ],
        [
            196.26887155257845,
            129.08076035600482,
            78.21206460828445
        ],
        [
            188.03490870032098,
            177.6922663802363,
            158.5332975295393
        ],
        [
            218.40500266098954,
            213.868547099521,
            198.78259712613158
        ],
        [
            112.3965819091265,
            60.87561483951646,
            37.568736973738766
        ]
    ],
    "hex_colors": [
        "#291f15",
        "#935a3c",
        "#8f7f60",
        "#443021",
        "#5e5441",
        "#000000",
        "#c4814e",
        "#bcb19e",
        "#dad5c6",
        "#703c25"
    ],
    "hsl_color_values": [
        [
            0.08568311652395459,
            0.4710884939145772,
            41.17373016961471
        ],
        [
            0.057583900532379995,
            0.5872418647768779,
            147.69620808066315
        ],
        [
            0.1094012090246671,
            0.33085519532944796,
            143.59026548672423
        ],
        [
            0.07241900518575757,
            0.5112692447032281,
            68.67624289613843
        ],
        [
            0.10622676775101147,
            0.30705629118148364,
            94.98701457797452
        ],
        [
            0.09742602838787724,
            0.43563007598763864,
            0.2070226059789846
        ],
        [
            0.07181386806398937,
            0.6015055062497151,
            196.26887155257845
        ],
        [
            0.10823685040899277,
            0.1568943308170485,
            188.03490870032098
        ],
        [
            0.12813541087500033,
            0.08984412122334055,
            218.40500266098954
        ],
        [
            0.05191222128140197,
            0.6657484032378015,
            112.3965819091265
        ]
    ]
}