{
    "rgb_colors": [
        [
            0.8951584584300996,
            0.869194978491791,
            0.8382202323471759
        ],
        [
            178.12664576801816,
            174.91724137931035,
            167.34780564263323
        ],
        [
            47.17099607549996,
            45.86170809194543,
            44.08054569239395
        ],
        [
            111.6747863247826,
            128.56153846153848,
            146.53344017094017
        ],
        [
            89.77235901509076,
            110.0768864177919,
            130.34265289912628
        ],
        [
            200.7741845553431,
            196.10538054084194,
            186.84750487872876
        ],
        [
            131.82883135059086,
            147.07403778866342,
            163.50454863540938
        ],
        [
            18.47978757133778,
            18.082355738744454,
            17.516328471781865
        ],
        [
            155.72930421534156,
            151.4944134078212,
            142.4964448958862
        ],
        [
            82.68516399694994,
            80.72616323417239,
            78.11365369946606
        ]
    ],
    "hex_colors": [
        "#000000",
        "#b2aea7",
        "#2f2d2c",
        "#6f8092",
        "#596e82",
        "#c8c4ba",
        "#8393a3",
        "#121211",
        "#9b978e",
        "#52504e"
    ],
    "hsl_color_values": [
        [
            0.09066769455112067,
            0.06360686819938013,
            0.8951584584300996
        ],
        [
            0.11704159335366959,
            0.06051222757218855,
            178.12664576801816
        ],
        [
            0.09605732599624922,
            0.06551590257198643,
            47.17099607549996
        ],
        [
            0.5859274992312166,
            0.23788872905387895,
            146.53344017094017
        ],
        [
            0.5832537165381039,
            0.3112587704919076,
            130.34265289912628
        ],
        [
            0.11079304707566656,
            0.06936489224178861,
            200.7741845553431
        ],
        [
            0.5864516642144083,
            0.19372988427037963,
            163.50454863540938
        ],
        [
            0.09791580968053655,
            0.05213583196433732,
            18.47978757133778
        ],
        [
            0.11332859984772803,
            0.08497346974052504,
            155.72930421534156
        ],
        [
            0.09524604068463745,
            0.055288156623266964,
            82.68516399694994
        ]
    ]
}