{
    "rgb_colors": [
        [
            47.67712889117571,
            34.24723437098037,
            8.775147928994375
        ],
        [
            117.1331379861481,
            92.83159296749906,
            44.204262120404906
        ],
        [
            179.98995176848874,
            169.705385852089,
            138.42242765273443
        ],
        [
            210.39298669891173,
            215.45586457073642,
            209.62273276904622
        ],
        [
            0.07752068309515892,
            0.07105251514629174,
            0.05865593062471319
        ],
        [
            133.13666254635353,
            106.6958220024706,
            53.36425216316374
        ],
        [
            78.18134836739488,
            60.84378670425173,
            26.276955602537026
        ],
        [
            155.51852995676344,
            140.03026559604612,
            103.02007411982733
        ],
        [
            102.35227461168537,
            80.50682659885994,
            36.83290033718451
        ],
        [
            147.3017781541067,
            118.77256562235169,
            61.003556308212154
        ]
    ],
    "hex_colors": [
        "#2f2208",
        "#755c2c",
        "#b3a98a",
        "#d2d7d1",
        "#000000",
        "#856a35",
        "#4e3c1a",
        "#9b8c67",
        "#665024",
        "#93763d"
    ],
    "hsl_color_values": [
        [
            0.10912934599546809,
            0.8159463849212927,
            47.67712889117571
        ],
        [
            0.11112957720755579,
            0.6226152318600702,
            117.1331379861481
        ],
        [
            0.12543028427769715,
            0.23094358161293554,
            179.98995176848874
        ],
        [
            0.31132531785520096,
            0.027073441761781898,
            215.45586457073642
        ],
        [
            0.10952157593903881,
            0.24335121566574283,
            0.07752068309515892
        ],
        [
            0.11142442519313518,
            0.5991768822912759,
            133.13666254635353
        ],
        [
            0.11099520117790608,
            0.6638973853577627,
            78.18134836739488
        ],
        [
            0.1174961272231671,
            0.33757042232543927,
            155.51852995676344
        ],
        [
            0.11109672201360003,
            0.6401359864553575,
            102.35227461168537
        ],
        [
            0.11156855857605712,
            0.5858600142328872,
            147.3017781541067
        ]
    ]
}