{
    "rgb_colors": [
        [
            0.09267521519586808,
            0.09000526960778643,
            0.07722641842601519
        ],
        [
            180.879409299026,
            176.58012510479125,
            157.60553298510652
        ],
        [
            147.71608257321458,
            142.2411905904919,
            122.25962554008777
        ],
        [
            132.6026105873822,
            127.5196519216823,
            106.29108049311134
        ],
        [
            93.13820156910094,
            88.96167773083856,
            67.08901629450797
        ],
        [
            192.0000000000041,
            188.3984384384345,
            171.0301501501532
        ],
        [
            43.732012513034434,
            42.12408759124085,
            35.32950990615226
        ],
        [
            160.08974172954254,
            155.43913232733544,
            136.1984910040621
        ],
        [
            113.98115486832515,
            109.73326890553335,
            86.94539743899473
        ],
        [
            172.06692426584203,
            167.41524987120036,
            146.92189592993594
        ]
    ],
    "hex_colors": [
        "#000000",
        "#b4b09d",
        "#938e7a",
        "#847f6a",
        "#5d5843",
        "#c0bcab",
        "#2b2a23",
        "#a09b88",
        "#716d56",
        "#aca792"
    ],
    "hsl_color_values": [
        [
            0.13786242139267188,
            0.16669825624037693,
            0.09267521519586808
        ],
        [
            0.13587904211968713,
            0.1286706784598329,
            180.879409299026
        ],
        [
            0.1308218515011854,
            0.1723336862830049,
            147.71608257321458
        ],
        [
            0.13446938378036605,
            0.1984239222570369,
            132.6026105873822
        ],
        [
            0.1399446291426758,
            0.27968314650424725,
            93.13820156910094
        ],
        [
            0.13804174733917493,
            0.10921796796797112,
            192.0000000000041
        ],
        [
            0.13477289650037136,
            0.1921361978111066,
            43.732012513034434
        ],
        [
            0.13422376210965004,
            0.1492366123361145,
            160.08974172954254
        ],
        [
            0.1404798288963824,
            0.23719497719217733,
            113.98115486832515
        ],
        [
            0.13583436632415544,
            0.14613516480981098,
            172.06692426584203
        ]
    ]
}