{
    "rgb_colors": [
        [
            90.68710625787489,
            111.66862662746715,
            128.74128517429665
        ],
        [
            0.17664749134669577,
            0.17485411579443166,
            0.16748748084229703
        ],
        [
            31.85291288815625,
            81.49670239076724,
            119.99670239076781
        ],
        [
            214.42392619480242,
            223.5933151845191,
            242.92180883242037
        ],
        [
            125.70566572238013,
            169.21218130311695,
            207.21529745042375
        ],
        [
            23.785038863309577,
            61.121243625921984,
            91.69884647754873
        ],
        [
            36.24181655943257,
            108.30559338750052,
            153.85065514487962
        ],
        [
            68.03329273243949,
            137.41948842874672,
            189.3217214778714
        ],
        [
            42.377588641355075,
            124.8910417320362,
            173.6990116096731
        ],
        [
            14.143259852285311,
            43.52173422788408,
            67.27704797880182
        ]
    ],
    "hex_colors": [
        "#5a6f80",
        "#000000",
        "#1f5177",
        "#d6dff2",
        "#7da9cf",
        "#173d5b",
        "#246c99",
        "#4489bd",
        "#2a7cad",
        "#0e2b43"
    ],
    "hsl_color_values": [
        [
            0.5747734722482828,
            0.2955864458312812,
            128.74128517429665
        ],
        [
            0.13403614454730683,
            0.05185474435309653,
            0.17664749134669577
        ],
        [
            0.5727977172626172,
            0.734551764727437,
            119.99670239076781
        ],
        [
            0.6130405247627482,
            0.11731298550175549,
            242.92180883242037
        ],
        [
            0.5777068004962979,
            0.3933572121891473,
            207.21529745042375
        ],
        [
            0.5750402211415588,
            0.7406179054920495,
            91.69884647754873
        ],
        [
            0.5645431390831637,
            0.7644350846260354,
            153.85065514487962
        ],
        [
            0.5713206714303314,
            0.6406471893380101,
            189.3217214778714
        ],
        [
            0.5619446657095343,
            0.7560286138151224,
            173.6990116096731
        ],
        [
            0.5745141481171833,
            0.789775855552674,
            67.27704797880182
        ]
    ]
}