{
    "rgb_colors": [
        [
            0.3795300382477791,
            0.36892208862923326,
            0.3488050208178066
        ],
        [
            135.14955268783154,
            131.85511835958675,
            128.85701844667392
        ],
        [
            169.00112939657953,
            164.2087770248488,
            159.37576637625233
        ],
        [
            67.52872606161532,
            65.7137385512074,
            63.19150707743558
        ],
        [
            211.1215830957572,
            206.35837665605362,
            198.3010229750198
        ],
        [
            92.05616958099637,
            89.55229297261523,
            86.28439458924329
        ],
        [
            188.141602310912,
            184.42244885928355,
            178.9761245062815
        ],
        [
            36.01796230859836,
            34.85394581861005,
            33.23881036513535
        ],
        [
            111.3040864159788,
            108.03026597370834,
            103.67695913583964
        ],
        [
            152.50798275966733,
            148.58598919444734,
            145.53894251199708
        ]
    ],
    "hex_colors": [
        "#000000",
        "#878380",
        "#a9a49f",
        "#43413f",
        "#d3cec6",
        "#5c5956",
        "#bcb8b2",
        "#242221",
        "#6f6c67",
        "#989491"
    ],
    "hsl_color_values": [
        [
            0.1091242549456473,
            0.08095542996234044,
            0.3795300382477791
        ],
        [
            0.07940891533819927,
            0.046559785926129714,
            135.14955268783154
        ],
        [
            0.08368533977004215,
            0.05695443015496209,
            169.00112939657953
        ],
        [
            0.09692199398477103,
            0.06422776257058842,
            67.52872606161532
        ],
        [
            0.10474521140462197,
            0.06072595673424084,
            211.1215830957572
        ],
        [
            0.09436433875890969,
            0.06269840487632644,
            92.05616958099637
        ],
        [
            0.09903692364425902,
            0.0487158485526457,
            188.141602310912
        ],
        [
            0.09686021049657179,
            0.07716016579870637,
            36.01796230859836
        ],
        [
            0.09512770837509155,
            0.06852513259606804,
            111.3040864159788
        ],
        [
            0.0728710260945158,
            0.045696232561495145,
            152.50798275966733
        ]
    ]
}