{
    "rgb_colors": [
        [
            0.09615983625148061,
            0.09025645589522213,
            0.07810854505234488
        ],
        [
            156.71834837298144,
            146.8471424665026,
            130.94558381186894
        ],
        [
            221.12365971485525,
            208.6712619300106,
            182.9422057264138
        ],
        [
            192.84631422189224,
            182.92717795979152,
            162.93983618764062
        ],
        [
            95.08622078968568,
            87.61482675261885,
            73.60757453666398
        ],
        [
            131.05072463768107,
            121.85592497868713,
            104.50341005967638
        ],
        [
            208.4395875561853,
            197.45712523133867,
            172.40653917334512
        ],
        [
            175.01459540674122,
            165.22644344279888,
            148.74801459540708
        ],
        [
            42.5784408084697,
            39.642925890279116,
            34.20789220404235
        ],
        [
            225.22578306264325,
            214.42669663573085,
            196.68619489559526
        ]
    ],
    "hex_colors": [
        "#000000",
        "#9c9282",
        "#ddd0b6",
        "#c0b6a2",
        "#5f5749",
        "#837968",
        "#d0c5ac",
        "#afa594",
        "#2a2722",
        "#e1d6c4"
    ],
    "hsl_color_values": [
        [
            0.11216105179462983,
            0.18772173396726005,
            0.09615983625148061
        ],
        [
            0.10283180019310566,
            0.16445275762972356,
            156.71834837298144
        ],
        [
            0.11231044357899372,
            0.17267014320257473,
            221.12365971485525
        ],
        [
            0.11138802853604479,
            0.15507933431302565,
            192.84631422189224
        ],
        [
            0.10869130244481988,
            0.22588600193217026,
            95.08622078968568
        ],
        [
            0.10894080496681617,
            0.20257281790238593,
            131.05072463768107
        ],
        [
            0.11586856687708223,
            0.172870464796556,
            208.4395875561853
        ],
        [
            0.10455890043798727,
            0.15008223028650558,
            175.01459540674122
        ],
        [
            0.10821739297075599,
            0.1965912430208642,
            42.5784408084697
        ],
        [
            0.1036017153687061,
            0.1267154576130838,
            225.22578306264325
        ]
    ]
}