{
    "rgb_colors": [
        [
            37.957568081064274,
            37.640067553304064,
            36.545704032087606
        ],
        [
            0.4997138468022788,
            0.46602809321526273,
            0.4359167444807559
        ],
        [
            18.37578475336325,
            18.140970240521852,
            17.522951487973824
        ],
        [
            51.72050369559418,
            51.14399124007815,
            49.52997536271414
        ],
        [
            67.66725429704825,
            66.58395769061367,
            64.22520934332208
        ],
        [
            4.718433267026384,
            4.508169934640258,
            4.144951217202156
        ],
        [
            89.97063369397253,
            88.34389489953662,
            84.86939721792872
        ],
        [
            27.108861951276808,
            26.906672943391655,
            26.235024126162372
        ],
        [
            122.02812499999992,
            118.61562499999987,
            112.74375000000016
        ],
        [
            10.819615596836575,
            10.52993378701496,
            9.922705536141267
        ]
    ],
    "hex_colors": [
        "#252524",
        "#000000",
        "#121211",
        "#333331",
        "#434240",
        "#040404",
        "#595854",
        "#1b1a1a",
        "#7a7670",
        "#0a0a09"
    ],
    "hsl_color_values": [
        [
            0.12918660287082445,
            0.03719585106088496,
            37.957568081064274
        ],
        [
            0.07866435840808898,
            0.12766726943783377,
            0.4997138468022788
        ],
        [
            0.12077756532824463,
            0.04641071262185599,
            18.37578475336325
        ],
        [
            0.12280263267522241,
            0.04235319025067118,
            51.72050369559418
        ],
        [
            0.11421254801539533,
            0.05086721767394536,
            67.66725429704825
        ],
        [
            0.10555945547886765,
            0.12154077791708266,
            4.718433267026384
        ],
        [
            0.11351815381508241,
            0.056698905705112976,
            89.97063369397253
        ],
        [
            0.1281032547699045,
            0.0322343972493201,
            27.108861951276808
        ],
        [
            0.10540783125771092,
            0.07608389459396972,
            122.02812499999992
        ],
        [
            0.11283707577155751,
            0.08289666602920216,
            10.819615596836575
        ]
    ]
}