{
    "rgb_colors": [
        [
            54.10705462530757,
            48.387409644066246,
            31.07978772074247
        ],
        [
            114.90554585516199,
            56.433441423463876,
            39.751725284776455
        ],
        [
            149.80799245347413,
            94.34714003944774,
            62.27441900351609
        ],
        [
            198.38782182263913,
            187.05149162239476,
            166.2068655496503
        ],
        [
            194.27344188657776,
            151.6031723750702,
            99.77596855699024
        ],
        [
            0.1162715358689752,
            0.10846708879399358,
            0.09274039168960968
        ],
        [
            95.03401592719041,
            87.80273037542662,
            69.15472127417527
        ],
        [
            221.1259882944833,
            217.24242735393779,
            200.96919601601556
        ],
        [
            169.21876629017922,
            158.0671589921807,
            141.18609904430718
        ],
        [
            142.1051454138719,
            124.13003355704697,
            104.93502982848818
        ]
    ],
    "hex_colors": [
        "#36301f",
        "#723827",
        "#955e3e",
        "#c6bba6",
        "#c29763",
        "#000000",
        "#5f5745",
        "#ddd9c8",
        "#a99e8d",
        "#8e7c68"
    ],
    "hsl_color_values": [
        [
            0.1252690415168389,
            0.42558714504105577,
            54.10705462530757
        ],
        [
            0.03699460655510767,
            0.6540486798184366,
            114.90554585516199
        ],
        [
            0.06106746583406131,
            0.5843050962527473,
            149.80799245347413
        ],
        [
            0.10795528622539441,
            0.16221235747907423,
            198.38782182263913
        ],
        [
            0.09140844721727365,
            0.48641477914803083,
            194.27344188657776
        ],
        [
            0.1113892364980043,
            0.20238095251345478,
            0.1162715358689752
        ],
        [
            0.1200960674758235,
            0.27231612176467807,
            95.03401592719041
        ],
        [
            0.13455539877167452,
            0.09115523884792796,
            221.1259882944833
        ],
        [
            0.1003654046414923,
            0.16565932881109144,
            169.21876629017922
        ],
        [
            0.08606826311164688,
            0.2615676967721907,
            142.1051454138719
        ]
    ]
}