{
    "rgb_colors": [
        [
            0.5498468750509744,
            0.3876028674575167,
            0.17228695101753289
        ],
        [
            90.61882650907414,
            66.00168847614948,
            41.79907133811801
        ],
        [
            33.660223497432995,
            23.690526527736118,
            12.528943924292747
        ],
        [
            60.991845417478686,
            43.79914908704163,
            26.082786739939777
        ],
        [
            15.744528875380075,
            11.136626139817555,
            5.878951367781122
        ],
        [
            42.093730491394346,
            29.65825381253832,
            15.977793632391087
        ],
        [
            23.334491660047444,
            16.32992454328841,
            8.444499602859308
        ],
        [
            72.08449477351834,
            53.09102787456394,
            33.61846689895529
        ],
        [
            8.205946655006922,
            5.846378078997257,
            3.1587232181896856
        ],
        [
            51.12000444049789,
            36.36645204262828,
            20.513432504440818
        ]
    ],
    "hex_colors": [
        "#000000",
        "#5a4229",
        "#21170c",
        "#3c2b1a",
        "#0f0b05",
        "#2a1d0f",
        "#171008",
        "#483521",
        "#080503",
        "#332414"
    ],
    "hsl_color_values": [
        [
            0.0950471270625431,
            0.6866637625219553,
            0.5498468750509744
        ],
        [
            0.08262576305186015,
            0.5387374461979768,
            90.61882650907414
        ],
        [
            0.0880336546020206,
            0.6277819151958919,
            33.660223497432995
        ],
        [
            0.08458340527383353,
            0.5723561639854051,
            60.991845417478686
        ],
        [
            0.08882187869871638,
            0.6266035386442007,
            15.744528875380075
        ],
        [
            0.08730595073043175,
            0.6204234348947145,
            42.093730491394346
        ],
        [
            0.08826314245326072,
            0.638110839272419,
            23.334491660047444
        ],
        [
            0.08437124934894187,
            0.533624158640761,
            72.08449477351834
        ],
        [
            0.08875027674299536,
            0.6150690041029738,
            8.205946655006922
        ],
        [
            0.08632688197003043,
            0.5987200562879875,
            51.12000444049789
        ]
    ]
}