{
    "rgb_colors": [
        [
            0.04326294710848444,
            0.04261544180327448,
            0.03900020384790892
        ],
        [
            182.1866009042384,
            177.22503082613528,
            158.16296752979414
        ],
        [
            193.2247439244842,
            188.4408515766196,
            169.1797549708727
        ],
        [
            86.0989761092149,
            84.58532423208203,
            76.45904436860084
        ],
        [
            221.1108679795763,
            219.58886457573598,
            210.41648431801536
        ],
        [
            151.9990069513399,
            149.88679245283095,
            137.9821251241317
        ],
        [
            211.24843215507354,
            209.5386259977198,
            196.6640535917881
        ],
        [
            38.41062801932367,
            37.74718196457327,
            34.355877616747165
        ],
        [
            122.49024110218129,
            120.70034443168781,
            110.61423650975895
        ],
        [
            203.08410078192534,
            199.70599478714473,
            182.58019113814174
        ]
    ],
    "hex_colors": [
        "#000000",
        "#b6b19e",
        "#c1bca9",
        "#56544c",
        "#dddbd2",
        "#979589",
        "#d3d1c4",
        "#262522",
        "#7a786e",
        "#cbc7b6"
    ],
    "hsl_color_values": [
        [
            0.14135021097804593,
            0.09853104204589748,
            0.04326294710848444
        ],
        [
            0.1322452145298644,
            0.13186278933362194,
            182.1866009042384
        ],
        [
            0.1335073504844477,
            0.12444052694932654,
            193.2247439244842
        ],
        [
            0.14049684309907687,
            0.11196337257699779,
            86.0989761092149
        ],
        [
            0.14294699828735183,
            0.04836661245682764,
            221.1108679795763
        ],
        [
            0.1415515409139364,
            0.09221693028360042,
            151.9990069513399
        ],
        [
            0.14712742530264553,
            0.06903899079629296,
            211.24843215507354
        ],
        [
            0.13939634630659295,
            0.10556324152098302,
            38.41062801932367
        ],
        [
            0.14154743490590616,
            0.09695470010966324,
            122.49024110218129
        ],
        [
            0.13920762711869125,
            0.10096265323005761,
            203.08410078192534
        ]
    ]
}