{
    "rgb_colors": [
        [
            0.10361044786172258,
            0.10137782050089328,
            0.09723298914914835
        ],
        [
            44.07405067289829,
            81.69425665002844,
            120.00871927717725
        ],
        [
            224.61907270811204,
            229.72655426765016,
            222.97734457323443
        ],
        [
            37.49462365591398,
            42.638440860215056,
            47.33422939068098
        ],
        [
            77.11371428571405,
            90.22285714285715,
            102.09542857142817
        ],
        [
            41.683289516924376,
            71.70616989812686,
            106.85203746303321
        ],
        [
            125.7609329446065,
            139.32361516034985,
            148.43537414965985
        ],
        [
            41.167060745454464,
            64.0433773268561,
            92.83504578479105
        ],
        [
            186.09009009008864,
            193.26056826056825,
            190.2210672210668
        ],
        [
            39.428571428572255,
            56.46571927200199,
            79.16504612315859
        ]
    ],
    "hex_colors": [
        "#000000",
        "#2c5178",
        "#e0e5de",
        "#252a2f",
        "#4d5a66",
        "#29476a",
        "#7d8b94",
        "#29405c",
        "#bac1be",
        "#27384f"
    ],
    "hsl_color_values": [
        [
            0.1083198271325196,
            0.06155227435253937,
            0.10361044786172258
        ],
        [
            0.5840952346084465,
            0.6327429295274538,
            120.00871927717725
        ],
        [
            0.29279208951343416,
            0.02937931888601936,
            229.72655426765016
        ],
        [
            0.5795389005251493,
            0.20787505915759535,
            47.33422939068098
        ],
        [
            0.5792084114857321,
            0.24468984199656277,
            102.09542857142817
        ],
        [
            0.5898842586172597,
            0.6098971015752018,
            106.85203746303321
        ],
        [
            0.5669752557288991,
            0.1527563179258865,
            148.43537414965985
        ],
        [
            0.5928739800091387,
            0.5565568972639127,
            92.83504578479105
        ],
        [
            0.4293515028510724,
            0.03710264455401911,
            193.26056826056825
        ],
        [
            0.5952077699629167,
            0.5019446920142955,
            79.16504612315859
        ]
    ]
}