{
    "rgb_colors": [
        [
            33.97423887587822,
            33.70023419203749,
            32.90398126463698
        ],
        [
            124.5098703309464,
            123.15347396942462,
            118.2457905941524
        ],
        [
            199.26909090909092,
            197.9740259740233,
            193.56155844156103
        ],
        [
            99.09367007672635,
            97.15041560102271,
            91.69453324808174
        ],
        [
            152.71213942307693,
            151.40444711538495,
            146.61418269230714
        ],
        [
            0.04991618672423925,
            0.04974008100194993,
            0.048918254343366385
        ],
        [
            112.60972507582429,
            110.9253497700826,
            105.62166128558776
        ],
        [
            179.4827018121911,
            177.4206479956066,
            172.56727073036805
        ],
        [
            72.68184541641702,
            70.76093469143223,
            66.94427801078474
        ],
        [
            136.71930844108675,
            135.41682405927614,
            130.70347232311536
        ]
    ],
    "hex_colors": [
        "#212120",
        "#7c7b76",
        "#c7c5c1",
        "#63615b",
        "#989792",
        "#000000",
        "#706e69",
        "#b3b1ac",
        "#484642",
        "#888782"
    ],
    "hsl_color_values": [
        [
            0.12399708242159402,
            0.03150203350106907,
            33.97423887587822
        ],
        [
            0.13057739741203692,
            0.05030990491070403,
            124.5098703309464
        ],
        [
            0.12884924607860374,
            0.028642337060360935,
            199.26909090909092
        ],
        [
            0.12289456818393936,
            0.07466810768957899,
            99.09367007672635
        ],
        [
            0.13092539666897848,
            0.03993105429474658,
            152.71213942307693
        ],
        [
            0.13725490062174253,
            0.019992159785480426,
            0.04991618672423925
        ],
        [
            0.1264939913662725,
            0.062055597645151894,
            112.60972507582429
        ],
        [
            0.1169697450964764,
            0.03852979151750948,
            179.4827018121911
        ],
        [
            0.11086744639377037,
            0.07894086030369701,
            72.68184541641702
        ],
        [
            0.1305817856883977,
            0.04400136444929176,
            136.71930844108675
        ]
    ]
}