{
    "rgb_colors": [
        [
            0.12002196430064771,
            0.11761147356371282,
            0.1103241598183331
        ],
        [
            193.28110792473612,
            191.7323914107855,
            186.03266419528575
        ],
        [
            149.76112482991402,
            146.80310436929898,
            139.6269213324598
        ],
        [
            209.49478207488585,
            207.8853591160221,
            202.8774554941682
        ],
        [
            83.5056,
            77.9228,
            68.764
        ],
        [
            179.57029748635819,
            176.95157198862324,
            170.5907448689369
        ],
        [
            39.53985209531634,
            38.3607230895645,
            35.49958915365654
        ],
        [
            164.58173299397737,
            161.6753239241092,
            153.86198519204072
        ],
        [
            229.94544174586758,
            228.88278775079198,
            224.9850404787047
        ],
        [
            116.76711731356232,
            113.46620148277367,
            107.4709986916703
        ]
    ],
    "hex_colors": [
        "#000000",
        "#c1bfba",
        "#95928b",
        "#d1cfca",
        "#534d44",
        "#b3b0aa",
        "#272623",
        "#a4a199",
        "#e5e4e0",
        "#74716b"
    ],
    "hsl_color_values": [
        [
            0.12523992343953075,
            0.0808002480114573,
            0.12002196430064771
        ],
        [
            0.13105634414418768,
            0.037502080815228586,
            193.28110792473612
        ],
        [
            0.1180191917835786,
            0.0676691197997063,
            149.76112482991402
        ],
        [
            0.1261310883574072,
            0.03158707112023545,
            209.49478207488585
        ],
        [
            0.10354823537924418,
            0.17653426836044536,
            83.5056
        ],
        [
            0.11806132203338031,
            0.05000577903538563,
            179.57029748635819
        ],
        [
            0.11802589654938668,
            0.10218204488778021,
            39.53985209531634
        ],
        [
            0.12147889540611677,
            0.06513327820122615,
            164.58173299397737
        ],
        [
            0.13096209567727865,
            0.021572079139733757,
            229.94544174586758
        ],
        [
            0.1074857696878796,
            0.07961246998098402,
            116.76711731356232
        ]
    ]
}