{
    "rgb_colors": [
        [
            77.44766415900436,
            43.09937772824292,
            33.60657564781276
        ],
        [
            202.5792979902592,
            197.5711246711108,
            188.6489951295975
        ],
        [
            223.83411746850814,
            222.03376840188577,
            215.25838518743362
        ],
        [
            138.6476853316461,
            134.39533902773692,
            127.77971106190024
        ],
        [
            0.20887298279305355,
            0.2058287597097035,
            0.19549585920196222
        ],
        [
            199.36810187992722,
            153.7098241358411,
            119.78684050939964
        ],
        [
            159.73160621761656,
            104.97578897786255,
            73.4062176165803
        ],
        [
            98.51259101941747,
            91.72982402912645,
            83.110588592233
        ],
        [
            168.29260719979862,
            168.26239825458873,
            164.6380800537048
        ],
        [
            134.4862937374638,
            53.08691776242438,
            41.169043904613325
        ]
    ],
    "hex_colors": [
        "#4d2b21",
        "#cac5bc",
        "#dfded7",
        "#8a867f",
        "#000000",
        "#c79977",
        "#9f6849",
        "#625b53",
        "#a8a8a4",
        "#863529"
    ],
    "hsl_color_values": [
        [
            0.03608791966166195,
            0.5660737349183754,
            77.44766415900436
        ],
        [
            0.10674725489647985,
            0.06876469115482631,
            202.5792979902592
        ],
        [
            0.1316774473282105,
            0.0383128916094798,
            223.83411746850814
        ],
        [
            0.10145447841574286,
            0.07838554422130883,
            138.6476853316461
        ],
        [
            0.12873844462126618,
            0.06404429817687371,
            0.20887298279305355
        ],
        [
            0.07104474730656596,
            0.3991674727307016,
            199.36810187992722
        ],
        [
            0.06095072738331366,
            0.5404402462680273,
            159.73160621761656
        ],
        [
            0.09326964115696772,
            0.15634552160087473,
            98.51259101941747
        ],
        [
            0.16528897155034217,
            0.021715316001701266,
            168.29260719979862
        ],
        [
            0.021285585603873374,
            0.6938792589155509,
            134.4862937374638
        ]
    ]
}