{
    "rgb_colors": [
        [
            0.7996803008887099,
            0.7582322519981091,
            0.6887635166901731
        ],
        [
            191.42771876580875,
            177.81375821952452,
            155.06322711178552
        ],
        [
            89.24281727138421,
            55.93110053083785,
            36.928583155475295
        ],
        [
            225.56773009887308,
            214.4376720008154,
            192.5914789521965
        ],
        [
            188.74199388226273,
            100.70322741744178,
            63.359073600099876
        ],
        [
            132.05059887558062,
            104.98362258616476,
            79.87191395746761
        ],
        [
            133.71197228185213,
            64.44891349376718,
            47.864233796557826
        ],
        [
            195.28187646739775,
            175.95561675997834,
            50.259301065558965
        ],
        [
            42.77005015312314,
            33.1131330167325,
            27.20846833251964
        ],
        [
            181.91665835908952,
            142.43415412222112,
            100.86970391785465
        ]
    ],
    "hex_colors": [
        "#000000",
        "#bfb19b",
        "#593724",
        "#e1d6c0",
        "#bc643f",
        "#84684f",
        "#85402f",
        "#c3af32",
        "#2a211b",
        "#b58e64"
    ],
    "hsl_color_values": [
        [
            0.10438566746217837,
            0.1387014086445189,
            0.7996803008887099
        ],
        [
            0.1042708150769285,
            0.1899646085137298,
            191.42771876580875
        ],
        [
            0.06053966540368355,
            0.5862010603813997,
            89.24281727138421
        ],
        [
            0.1104137689446476,
            0.14619223739238812,
            225.56773009887308
        ],
        [
            0.04964013936042522,
            0.6643085500112748,
            188.74199388226273
        ],
        [
            0.08021062198132688,
            0.3951415999807489,
            132.05059887558062
        ],
        [
            0.03219785787766229,
            0.6420347932968592,
            133.71197228185213
        ],
        [
            0.1444560330763804,
            0.7426320251795115,
            195.28187646739775
        ],
        [
            0.06323976521456082,
            0.3638429640575758,
            42.77005015312314
        ],
        [
            0.08547401213474719,
            0.44551694810298464,
            181.91665835908952
        ]
    ]
}