{
    "rgb_colors": [
        [
            0.11974449141622046,
            0.11680223541288726,
            0.11260493255952753
        ],
        [
            111.87646432374922,
            99.95207667731707,
            94.3248136315222
        ],
        [
            185.89799412915468,
            178.32509784735305,
            166.90288649707122
        ],
        [
            200.7328336557085,
            192.40522243713863,
            180.97026112185742
        ],
        [
            146.29550735863808,
            135.40472501936586,
            126.0538342370247
        ],
        [
            162.36961359497718,
            151.6611369613542,
            140.33400768764403
        ],
        [
            29.135281385281388,
            27.929653679653708,
            26.550865800865733
        ],
        [
            213.2096933729045,
            205.1092977250301,
            193.4584569732901
        ],
        [
            173.9005355776581,
            165.2327850038235,
            154.25478194338606
        ],
        [
            75.87717121588067,
            63.78908188585579,
            60.13895781637744
        ]
    ],
    "hex_colors": [
        "#000000",
        "#6f635e",
        "#b9b2a6",
        "#c8c0b4",
        "#92877e",
        "#a2978c",
        "#1d1b1a",
        "#d5cdc1",
        "#ada59a",
        "#4b3f3c"
    ],
    "hsl_color_values": [
        [
            0.09798231089644514,
            0.05962327596245327,
            0.11974449141622046
        ],
        [
            0.05343526889550595,
            0.1568842097247181,
            111.87646432374922
        ],
        [
            0.10022064252472111,
            0.10218027214907117,
            185.89799412915468
        ],
        [
            0.09643617411729839,
            0.0984521175431983,
            200.7328336557085
        ],
        [
            0.07699372416960754,
            0.13836154976373713,
            146.29550735863808
        ],
        [
            0.08567292802797144,
            0.135712621465614,
            162.36961359497718
        ],
        [
            0.08891680625349342,
            0.08870398573604492,
            29.135281385281388
        ],
        [
            0.09831317658648327,
            0.09263760989079142,
            213.2096933729045
        ],
        [
            0.09313295945785023,
            0.11297120833477198,
            173.9005355776581
        ],
        [
            0.03865457889895737,
            0.20741697597984918,
            75.87717121588067
        ]
    ]
}