{
    "rgb_colors": [
        [
            67.7703260965105,
            36.803463127362264,
            19.773578271951386
        ],
        [
            83.91507190578643,
            68.0805118333145,
            55.058996716113725
        ],
        [
            179.60266704903927,
            154.073989102379,
            86.08158875824435
        ],
        [
            115.1677294848129,
            100.22403087766477,
            83.35291156234183
        ],
        [
            186.95598144261572,
            173.27134651496618,
            155.0653926875068
        ],
        [
            166.26016939043302,
            152.4880710962688,
            134.44244303948167
        ],
        [
            142.7372730509078,
            127.38654325382493,
            108.93577785689058
        ],
        [
            150.66220169361048,
            120.40585065435005,
            57.47344110854518
        ],
        [
            117.20362903225806,
            78.41604262672843,
            39.86175115207372
        ],
        [
            0.25854422397847543,
            0.1977888010902049,
            0.14528333613160527
        ]
    ],
    "hex_colors": [
        "#432413",
        "#534437",
        "#b39a56",
        "#736453",
        "#baad9b",
        "#a69886",
        "#8e7f6c",
        "#967839",
        "#754e27",
        "#000000"
    ],
    "hsl_color_values": [
        [
            0.05913555128658452,
            0.7082266028380594,
            67.7703260965105
        ],
        [
            0.07520955311033338,
            0.34387237637203183,
            83.91507190578643
        ],
        [
            0.12117125819258041,
            0.5207109661977326,
            179.60266704903927
        ],
        [
            0.08838187369396999,
            0.2762476786230857,
            115.1677294848129
        ],
        [
            0.09514799683413788,
            0.17057806072333354,
            186.95598144261572
        ],
        [
            0.09452607150357438,
            0.19137311400322807,
            166.26016939043302
        ],
        [
            0.09097608104330294,
            0.23680917024358294,
            142.7372730509078
        ],
        [
            0.11255364765503455,
            0.6185278028431824,
            150.66220169361048
        ],
        [
            0.08308196570724989,
            0.6598932005671724,
            117.20362903225806
        ],
        [
            0.07726330768539084,
            0.4380716231212323,
            0.25854422397847543
        ]
    ]
}