{
    "rgb_colors": [
        [
            0.17545473712456072,
            0.2315182182217086,
            0.25645448794349335
        ],
        [
            132.39955865354304,
            130.0841360468031,
            116.04753231286878
        ],
        [
            71.04025274982448,
            56.75661128013104,
            43.379475778141746
        ],
        [
            118.82757867132867,
            83.35686188811235,
            59.4873251748249
        ],
        [
            164.3132690389092,
            120.88826072497528,
            93.68274027269592
        ],
        [
            159.11778723404257,
            158.42042553191632,
            150.39625531914982
        ],
        [
            210.33648989898992,
            201.53440656565942,
            189.25410353535605
        ],
        [
            33.637191260291324,
            29.2797656744774,
            24.51266624445817
        ],
        [
            117.68264752616295,
            115.74549339761609,
            103.76083502273252
        ],
        [
            91.97153303734657,
            91.25293810394297,
            82.14716636197396
        ]
    ],
    "hex_colors": [
        "#000000",
        "#848274",
        "#47382b",
        "#76533b",
        "#a4785d",
        "#9f9e96",
        "#d2c9bd",
        "#211d18",
        "#757367",
        "#5b5b52"
    ],
    "hsl_color_values": [
        [
            0.5513093548018592,
            0.31584454406888735,
            0.25645448794349335
        ],
        [
            0.14306691457783313,
            0.12350514236579499,
            132.39955865354304
        ],
        [
            0.08060231229033515,
            0.38936765989688954,
            71.04025274982448
        ],
        [
            0.06704144125565008,
            0.49938115511581727,
            118.82757867132867
        ],
        [
            0.0641967926322849,
            0.42985286081483803,
            164.3132690389092
        ],
        [
            0.15334022912237394,
            0.05481179738921618,
            159.11778723404257
        ],
        [
            0.0970818547964627,
            0.10023171145319713,
            210.33648989898992
        ],
        [
            0.08707484173600293,
            0.2712629881973721,
            33.637191260291324
        ],
        [
            0.14347579110036215,
            0.11829962017412433,
            117.68264752616295
        ],
        [
            0.1544759752774538,
            0.10681964680727099,
            91.97153303734657
        ]
    ]
}