{
    "rgb_colors": [
        [
            181.31331842861127,
            177.61811987650378,
            169.04844032790882
        ],
        [
            0.08917453729955582,
            0.08252509423574139,
            0.08075332119176437
        ],
        [
            78.34011857707465,
            75.4604743083004,
            74.654545454546
        ],
        [
            137.96085508050868,
            132.3771515824542,
            125.7620766240995
        ],
        [
            46.280884541781916,
            45.0391239634276,
            50.02700403997447
        ],
        [
            201.32984554061287,
            200.59641255605382,
            191.96595249957878
        ],
        [
            163.03110589419285,
            157.28121069841535,
            147.22838936865617
        ],
        [
            111.94566526189044,
            105.47877784467188,
            99.95273931366589
        ],
        [
            116.08614564831299,
            71.74333925399645,
            55.380550621669485
        ],
        [
            159.46950517836578,
            124.15937859608746,
            86.26985040276159
        ]
    ],
    "hex_colors": [
        "#b5b1a9",
        "#000000",
        "#4e4b4a",
        "#89847d",
        "#2e2d32",
        "#c9c8bf",
        "#a39d93",
        "#6f6963",
        "#744737",
        "#9f7c56"
    ],
    "hsl_color_values": [
        [
            0.11645284307261278,
            0.06764466177663343,
            181.31331842861127
        ],
        [
            0.03506566077271086,
            0.09443520945337608,
            0.08917453729955582
        ],
        [
            0.03644520707096366,
            0.04704579453632833,
            78.34011857707465
        ],
        [
            0.09037892580792461,
            0.08842202702564023,
            137.96085508050868
        ],
        [
            0.7081592633643132,
            0.09970375344806312,
            50.02700403997447
        ],
        [
            0.15361239210114455,
            0.04651020824006531,
            201.32984554061287
        ],
        [
            0.10602419013965254,
            0.09693068349663678,
            163.03110589419285
        ],
        [
            0.0767958066122037,
            0.10713166892320299,
            111.94566526189044
        ],
        [
            0.0449238894293719,
            0.522935744723175,
            116.08614564831299
        ],
        [
            0.0862698244262613,
            0.4590197648994444,
            159.46950517836578
        ]
    ]
}