{
    "rgb_colors": [
        [
            33.954106280193216,
            32.99758454106278,
            32.47463768115944
        ],
        [
            178.06442006268733,
            176.6108150470135,
            175.38526645768866
        ],
        [
            68.73461538461541,
            67.17884615384617,
            71.27307692307693
        ],
        [
            167.3399859592764,
            166.30889579780785,
            166.1084645471922
        ],
        [
            158.99589340322905,
            156.55482743555788,
            154.57728265618505
        ],
        [
            227.98024459078025,
            224.03292568203156,
            217.14205079962386
        ],
        [
            0.05945599493844611,
            0.057814041591043974,
            0.054983832510785646
        ],
        [
            145.73763853367473,
            142.76641091219136,
            140.1543052003406
        ],
        [
            192.97106773823694,
            190.9428243398447,
            188.5772675086049
        ],
        [
            109.42118226600996,
            106.13054187192132,
            104.005541871921
        ]
    ],
    "hex_colors": [
        "#212020",
        "#b2b0af",
        "#444347",
        "#a7a6a6",
        "#9e9c9a",
        "#e3e0d9",
        "#000000",
        "#918e8c",
        "#c0bebc",
        "#6d6a68"
    ],
    "hsl_color_values": [
        [
            0.05891156462584687,
            0.043572597282491445,
            33.954106280193216
        ],
        [
            0.07623978626671768,
            0.015045979449771506,
            178.06442006268733
        ],
        [
            0.7299984343197125,
            0.0574442825535588,
            71.27307692307693
        ],
        [
            0.027125154388836652,
            0.007359397128095211,
            167.3399859592764
        ],
        [
            0.07459149842122474,
            0.027790722467516647,
            158.99589340322905
        ],
        [
            0.10596591731041678,
            0.0475400568615527,
            227.98024459078025
        ],
        [
            0.10547504054389871,
            0.07521802355322497,
            0.05945599493844611
        ],
        [
            0.07797330483135513,
            0.03831085359630025,
            145.73763853367473
        ],
        [
            0.08973085968141876,
            0.02276921758857745,
            192.97106773823694
        ],
        [
            0.0653970058745564,
            0.049493528418685845,
            109.42118226600996
        ]
    ]
}