{
    "rgb_colors": [
        [
            0.11473813629949348,
            0.11337662661397019,
            0.11075262605358205
        ],
        [
            214.5896994364433,
            194.54242329368515,
            101.63087038196336
        ],
        [
            143.99855398457584,
            141.9315552699241,
            137.74726863753176
        ],
        [
            164.05139827904117,
            162.85563921328333,
            159.98570989550467
        ],
        [
            216.83522659332775,
            215.88616525170386,
            213.26138945354404
        ],
        [
            44.39171974522293,
            43.32484076433133,
            41.25557324840755
        ],
        [
            186.68207088255733,
            166.13203613621437,
            76.22967338429547
        ],
        [
            178.92882445552348,
            178.13933350826522,
            176.2825373917645
        ],
        [
            100.54971765283574,
            92.91357721581136,
            76.81119567886086
        ],
        [
            192.74404713198595,
            192.02225677113952,
            190.50912363963008
        ]
    ],
    "hex_colors": [
        "#000000",
        "#d6c265",
        "#8f8d89",
        "#a4a29f",
        "#d8d7d5",
        "#2c2b29",
        "#baa64c",
        "#b2b2b0",
        "#645c4c",
        "#c0c0be"
    ],
    "hsl_color_values": [
        [
            0.10973084994073197,
            0.03473570666607579,
            0.11473813629949348
        ],
        [
            0.13708763580712907,
            0.5263944604570167,
            214.5896994364433
        ],
        [
            0.11155803433744726,
            0.04341213973380365,
            143.99855398457584
        ],
        [
            0.11764835566346239,
            0.024783015726699355,
            164.05139827904117
        ],
        [
            0.12240698608138369,
            0.016481810616899444,
            216.83522659332775
        ],
        [
            0.1099686891766179,
            0.07064710524428071,
            44.39171974522293
        ],
        [
            0.13565778076981633,
            0.5916604469625154,
            186.68207088255733
        ],
        [
            0.11694348041636844,
            0.014789607386130122,
            178.92882445552348
        ],
        [
            0.1130538059235809,
            0.23608740559507083,
            100.54971765283574
        ],
        [
            0.11284003954235484,
            0.011595291920094735,
            192.74404713198595
        ]
    ]
}