{
    "rgb_colors": [
        [
            40.00581301469401,
            33.56305506216668,
            25.393670272888414
        ],
        [
            202.956608811749,
            193.4418558077441,
            179.34238985313615
        ],
        [
            143.2910632621951,
            129.46150914634399,
            113.60499237804996
        ],
        [
            0.17317761877346527,
            0.15063373267240365,
            0.1162559055470922
        ],
        [
            182.73523421588595,
            174.58055815489678,
            163.68140034127697
        ],
        [
            77.43054158885218,
            66.31489728487287,
            54.31288607958638
        ],
        [
            241.425126729689,
            229.58377859981158,
            206.3126455678873
        ],
        [
            163.80103435537495,
            155.3217584041356,
            145.07114887328962
        ],
        [
            141.22645641699518,
            77.6408234778801,
            55.810337275514655
        ],
        [
            105.19303318188076,
            102.0115654688139,
            90.44182844554562
        ]
    ],
    "hex_colors": [
        "#282119",
        "#cac1b3",
        "#8f8171",
        "#000000",
        "#b6aea3",
        "#4d4236",
        "#f1e5ce",
        "#a39b91",
        "#8d4d37",
        "#69665a"
    ],
    "hsl_color_values": [
        [
            0.09318031965639913,
            0.3652504883837407,
            40.00581301469401
        ],
        [
            0.0995125435464624,
            0.1163510717727652,
            202.956608811749
        ],
        [
            0.08902332696804016,
            0.2071732193781363,
            143.2910632621951
        ],
        [
            0.10065821159374222,
            0.32868977890747375,
            0.17317761877346527
        ],
        [
            0.09533652461884112,
            0.10427016966032134,
            182.73523421588595
        ],
        [
            0.08652846306492139,
            0.29855990975780666,
            77.43054158885218
        ],
        [
            0.11045992888155003,
            0.14543838761702418,
            241.425126729689
        ],
        [
            0.09121438160643003,
            0.11434534315241175,
            163.80103435537495
        ],
        [
            0.042596343683495554,
            0.6048166987159607,
            141.22645641699518
        ],
        [
            0.1307208148991578,
            0.14022986399517567,
            105.19303318188076
        ]
    ]
}