{
    "rgb_colors": [
        [
            169.96933025404158,
            166.10568129330255,
            164.14023094688224
        ],
        [
            219.4245973645681,
            218.2251830161054,
            213.899560761347
        ],
        [
            124.67588532883642,
            121.09072512647555,
            117.21736930860034
        ],
        [
            199.2450404697667,
            196.8454213616886,
            194.28709728614504
        ],
        [
            19.93077501881114,
            19.50112866817156,
            18.742162026586414
        ],
        [
            60.47256535478311,
            58.50244182706119,
            56.94857799482907
        ],
        [
            185.32342342342343,
            182.28770913770913,
            181.9672458172458
        ],
        [
            0.5037552681819761,
            0.4971903029429683,
            0.4800259356651395
        ],
        [
            88.81223552170233,
            86.24942570426792,
            84.29887558940878
        ],
        [
            150.10796773124102,
            145.1591336059233,
            141.61968173278814
        ]
    ],
    "hex_colors": [
        "#a9a6a4",
        "#dbdad5",
        "#7c7975",
        "#c7c4c2",
        "#131312",
        "#3c3a38",
        "#b9b6b5",
        "#000000",
        "#585654",
        "#96918d"
    ],
    "hsl_color_values": [
        [
            0.056196513470681254,
            0.03429500662529517,
            169.96933025404158
        ],
        [
            0.13048547805808725,
            0.025179659297910807,
            219.4245973645681
        ],
        [
            0.08655331720515204,
            0.05982324489265919,
            124.67588532883642
        ],
        [
            0.08600085360648717,
            0.02488364664903155,
            199.2450404697667
        ],
        [
            0.10642188928747241,
            0.05963706835799838,
            19.93077501881114
        ],
        [
            0.07348985081927127,
            0.05827415025771357,
            60.47256535478311
        ],
        [
            0.01591410219537896,
            0.018109840322286155,
            185.32342342342343
        ],
        [
            0.12055660974063905,
            0.047104882103713615,
            0.5037552681819761
        ],
        [
            0.07202875256719332,
            0.05081912312848673,
            88.81223552170233
        ],
        [
            0.06949679188826191,
            0.0565478710207484,
            150.10796773124102
        ]
    ]
}