{
    "rgb_colors": [
        [
            0.31678254674018547,
            0.30796255804847306,
            0.2891064540776256
        ],
        [
            215.47658141647116,
            214.22631658595083,
            206.1621141041117
        ],
        [
            110.51822247597286,
            110.17280426301237,
            100.6384051765151
        ],
        [
            74.98060095756956,
            63.93107148753555,
            48.366600627374545
        ],
        [
            171.21440939546463,
            158.6430023338121,
            140.92411352856993
        ],
        [
            165.14265500385966,
            117.49292513506586,
            93.68600463082043
        ],
        [
            174.1437098255288,
            151.1030762167137,
            39.10629017447206
        ],
        [
            190.2786892717216,
            186.98172454652604,
            177.83374350560007
        ],
        [
            141.6479750778814,
            67.5191438046433,
            51.83077077680657
        ],
        [
            39.173057346456424,
            68.364551521322,
            99.10700147042266
        ]
    ],
    "hex_colors": [
        "#000000",
        "#d7d6ce",
        "#6e6e64",
        "#4a3f30",
        "#ab9e8c",
        "#a5755d",
        "#ae9727",
        "#bebab1",
        "#8d4333",
        "#274463"
    ],
    "hsl_color_values": [
        [
            0.11355230066101984,
            0.08736621681767996,
            0.31678254674018547
        ],
        [
            0.14429528838324177,
            0.04322728368497984,
            215.47658141647116
        ],
        [
            0.16083966598283395,
            0.08939536918091195,
            110.51822247597286
        ],
        [
            0.09747044579955078,
            0.35494514568182106,
            74.98060095756956
        ],
        [
            0.09749485931679602,
            0.17691440792773058,
            171.21440939546463
        ],
        [
            0.05552765296619575,
            0.4326965093989143,
            165.14265500385966
        ],
        [
            0.13822932232617052,
            0.7754366769052302,
            174.1437098255288
        ],
        [
            0.12251266783110763,
            0.06540378123138058,
            190.2786892717216
        ],
        [
            0.02911167028989235,
            0.6340874569628773,
            141.6479750778814
        ],
        [
            0.5854898127109004,
            0.6047397583898533,
            99.10700147042266
        ]
    ]
}