{
    "rgb_colors": [
        [
            20.49461183197714,
            28.967011216186382,
            28.523202111282163
        ],
        [
            7.629391010889655,
            70.02515723270817,
            88.06488725264612
        ],
        [
            71.18517699115053,
            73.08340707964501,
            57.13075221238938
        ],
        [
            161.49702901083762,
            144.09681929395305,
            129.7280671094023
        ],
        [
            187.81105032823208,
            97.72680525164107,
            62.80798687089716
        ],
        [
            0.7240533171950503,
            0.9474477431043162,
            0.8716601029990905
        ],
        [
            139.44135061610191,
            66.44311089774295,
            53.922387582013116
        ],
        [
            97.35482324745216,
            102.24110245656063,
            63.964649490713
        ],
        [
            114.2022611946889,
            111.98593430072879,
            100.27953351731504
        ],
        [
            165.62372243141675,
            87.63322574860779,
            56.383718845257306
        ]
    ],
    "hex_colors": [
        "#141c1c",
        "#074658",
        "#474939",
        "#a19081",
        "#bb613e",
        "#000000",
        "#8b4235",
        "#61663f",
        "#726f64",
        "#a55738"
    ],
    "hsl_color_values": [
        [
            0.49126951164642163,
            0.29248441687608345,
            28.967011216186382
        ],
        [
            0.5373792891256985,
            0.913366254713959,
            88.06488725264612
        ],
        [
            0.18649858079308154,
            0.21828011999865726,
            73.08340707964501
        ],
        [
            0.07538150091867689,
            0.19671545721936093,
            161.49702901083762
        ],
        [
            0.04655728349764554,
            0.6655788529954472,
            187.81105032823208
        ],
        [
            0.4434575267513556,
            0.23578548530530374,
            0.9474477431043162
        ],
        [
            0.024401456066024674,
            0.613297007352807,
            139.44135061610191
        ],
        [
            0.18794292935776244,
            0.37437441543737476,
            102.24110245656063
        ],
        [
            0.14013538456306568,
            0.12191288974251369,
            114.2022611946889
        ],
        [
            0.04767714188557837,
            0.6595673734563883,
            165.62372243141675
        ]
    ]
}