{
    "rgb_colors": [
        [
            45.997420781134856,
            43.00847457627148,
            36.72107590272633
        ],
        [
            161.41330166270785,
            156.11143535798973,
            142.05089921954752
        ],
        [
            146.93237276318848,
            140.93415446587562,
            125.38391819660649
        ],
        [
            220.29062354878204,
            211.84510490985951,
            198.65339637776503
        ],
        [
            187.98855090358066,
            183.964586373332,
            174.05887304972273
        ],
        [
            102.1329426280074,
            96.10579888957425,
            80.86273904996916
        ],
        [
            203.34921145799808,
            198.15196867289472,
            187.73801094302672
        ],
        [
            129.87809732311672,
            124.04816399641798,
            106.92735595581682
        ],
        [
            173.62490134175218,
            169.57899237042892,
            158.42541436464137
        ],
        [
            0.5473018245541681,
            0.49984537675152296,
            0.4228301206139804
        ]
    ],
    "hex_colors": [
        "#2d2b24",
        "#a19c8e",
        "#928c7d",
        "#dcd3c6",
        "#bbb7ae",
        "#666050",
        "#cbc6bb",
        "#817c6a",
        "#ada99e",
        "#000000"
    ],
    "hsl_color_values": [
        [
            0.11296472831268566,
            0.20167097895656536,
            45.997420781134856
        ],
        [
            0.12102954148482598,
            0.11995543269178868,
            161.41330166270785
        ],
        [
            0.12027340693366877,
            0.1466555950968799,
            146.93237276318848
        ],
        [
            0.10161274692477489,
            0.09822128069933747,
            220.29062354878204
        ],
        [
            0.11852048826414896,
            0.07409854369802796,
            187.98855090358066
        ],
        [
            0.11943985227723082,
            0.20825997010102218,
            102.1329426280074
        ],
        [
            0.11118040665611496,
            0.07677040104085116,
            203.34921145799808
        ],
        [
            0.12433010163377411,
            0.1767098674859856,
            129.87809732311672
        ],
        [
            0.1223021323305619,
            0.087542091368525,
            173.62490134175218
        ],
        [
            0.10312284331780157,
            0.2274278987496201,
            0.5473018245541681
        ]
    ]
}