{
    "rgb_colors": [
        [
            0.18336318055233392,
            0.17502686249908095,
            0.16025250716333517
        ],
        [
            186.23686118159634,
            183.0578108010232,
            180.2805968346019
        ],
        [
            136.35772357723454,
            133.00554323724936,
            129.0040650406504
        ],
        [
            236.7482456140351,
            235.1380116959064,
            232.3204678362573
        ],
        [
            173.7338004484364,
            170.0422085201846,
            164.21244394618833
        ],
        [
            50.383473208521636,
            47.67462879276955,
            43.16010329244674
        ],
        [
            216.99498891780348,
            215.19157752722828,
            212.64411679676206
        ],
        [
            162.05071831559272,
            157.9531204559977,
            150.67818298144596
        ],
        [
            101.23046291687388,
            98.20209059233422,
            95.0059731209557
        ],
        [
            200.69239457831867,
            198.1065512048243,
            195.42974397590362
        ]
    ],
    "hex_colors": [
        "#000000",
        "#bab7b4",
        "#888581",
        "#ecebe8",
        "#adaaa4",
        "#322f2b",
        "#d8d7d4",
        "#a29d96",
        "#65625f",
        "#c8c6c3"
    ],
    "hsl_color_values": [
        [
            0.10654784975368957,
            0.1260376991683055,
            0.18336318055233392
        ],
        [
            0.07771129141323567,
            0.0319821989546236,
            186.23686118159634
        ],
        [
            0.09069132452215839,
            0.053929167660377815,
            136.35772357723454
        ],
        [
            0.10605560324902467,
            0.018702473449354735,
            236.7482456140351
        ],
        [
            0.10204716405377423,
            0.054804283781692636,
            173.7338004484364
        ],
        [
            0.1041648047189208,
            0.14336784378043166,
            50.383473208521636
        ],
        [
            0.0975842949641575,
            0.020050564958850298,
            216.99498891780348
        ],
        [
            0.10661559128784404,
            0.07017886407636172,
            162.05071831559272
        ],
        [
            0.08557910169265139,
            0.06148830714159095,
            101.23046291687388
        ],
        [
            0.08477373321130538,
            0.026222471526499928,
            200.69239457831867
        ]
    ]
}