{
    "rgb_colors": [
        [
            0.03319019384619892,
            0.030670850062300303,
            0.02774601824031464
        ],
        [
            111.67104585265425,
            86.74420401854753,
            57.28593508500773
        ],
        [
            134.44594594594503,
            110.99443561208308,
            79.38394276629572
        ],
        [
            59.70796460176986,
            52.99292035398234,
            44.59646017699115
        ],
        [
            80.80084060782217,
            57.209613104858164,
            30.90742536911305
        ],
        [
            27.411306042884995,
            25.031189083820657,
            22.099415204678362
        ],
        [
            102.00361532899332,
            77.19583032055783,
            50.03229693902145
        ],
        [
            94.67519750751123,
            70.2367864693441,
            43.809725158562365
        ],
        [
            87.64938673821527,
            63.363261786123374,
            36.85645841318513
        ],
        [
            122.92654028435959,
            97.87000677048127,
            66.71767095463778
        ]
    ],
    "hex_colors": [
        "#000000",
        "#6f5639",
        "#866e4f",
        "#3b342c",
        "#50391e",
        "#1b1916",
        "#664d32",
        "#5e462b",
        "#573f24",
        "#7a6142"
    ],
    "hsl_color_values": [
        [
            0.08954008937626197,
            0.16402964174033505,
            0.03319019384619892
        ],
        [
            0.09027675809835932,
            0.4870117437550073,
            111.67104585265425
        ],
        [
            0.09568150757444797,
            0.4095475158602952,
            134.44594594594503
        ],
        [
            0.0926056063090505,
            0.2530902623388166,
            59.70796460176986
        ],
        [
            0.08786125253170658,
            0.617486338797805,
            80.80084060782217
        ],
        [
            0.09198776758409759,
            0.19378466789930324,
            27.411306042884995
        ],
        [
            0.08711065456563354,
            0.5095046702251507,
            102.00361532899332
        ],
        [
            0.08659135588573064,
            0.5372629124424415,
            94.67519750751123
        ],
        [
            0.08697668568912446,
            0.5795012402851684,
            87.64938673821527
        ],
        [
            0.09237075983241354,
            0.4572557659208235,
            122.92654028435959
        ]
    ]
}