{
    "rgb_colors": [
        [
            60.25579399141647,
            47.42918454935622,
            43.803433476394844
        ],
        [
            153.59285448455546,
            134.81577967994048,
            131.98511350949013
        ],
        [
            177.2792591409817,
            151.06913619671084,
            135.87513970940444
        ],
        [
            131.97998903508375,
            103.81907894736841,
            89.71354166666666
        ],
        [
            162.5119945167915,
            129.67666209732693,
            111.84201507882112
        ],
        [
            0.05947538404789299,
            0.05734159344520151,
            0.05528516080787682
        ],
        [
            189.50205761317343,
            170.35229915906243,
            161.99409554482017
        ],
        [
            145.30028138817792,
            117.91410960739648,
            105.13292241725847
        ],
        [
            107.68723504474764,
            88.88082901554404,
            79.56900612341028
        ],
        [
            205.69441723799707,
            188.333986287953,
            178.83741429970615
        ]
    ],
    "hex_colors": [
        "#3c2f2b",
        "#998683",
        "#b19787",
        "#836759",
        "#a2816f",
        "#000000",
        "#bdaaa1",
        "#917569",
        "#6b584f",
        "#cdbcb2"
    ],
    "hsl_color_values": [
        [
            0.03672979600354744,
            0.2730419670076091,
            60.25579399141647
        ],
        [
            0.021833735216442756,
            0.14068194153679262,
            153.59285448455546
        ],
        [
            0.061161371927477635,
            0.2335530937584219,
            177.2792591409817
        ],
        [
            0.05562149237727624,
            0.3202489080157565,
            131.97998903508375
        ],
        [
            0.05866276644911208,
            0.31179224394255356,
            162.5119945167915
        ],
        [
            0.08179487183745514,
            0.07045306738401148,
            0.05947538404789299
        ],
        [
            0.05064111736978396,
            0.14515917354578117,
            189.50205761317343
        ],
        [
            0.053033057676638205,
            0.27644377964836886,
            145.30028138817792
        ],
        [
            0.05519446073093848,
            0.2611101390954397,
            107.68723504474764
        ],
        [
            0.0589329346121694,
            0.13056748597710477,
            205.69441723799707
        ]
    ]
}