{
    "rgb_colors": [
        [
            38.52599673583586,
            35.346467708090465,
            32.20074609466076
        ],
        [
            128.5006729475101,
            118.01446837146703,
            113.03347913862719
        ],
        [
            107.1452448820938,
            97.57268722466961,
            90.59134490800726
        ],
        [
            0.09508058524318486,
            0.08921529405040829,
            0.0837357832771346
        ],
        [
            157.51726712712338,
            84.80100802688071,
            74.92869143177151
        ],
        [
            122.87130556202001,
            53.996392832208514,
            52.45706306725623
        ],
        [
            190.4427061310782,
            167.8380549682875,
            159.6735729386892
        ],
        [
            76.44702144559173,
            47.468467037331216,
            43.18332009531374
        ],
        [
            172.45388652836792,
            133.81654586353415,
            119.08922769307674
        ],
        [
            80.78830334190232,
            74.22005141388175,
            68.24267352185089
        ]
    ],
    "hex_colors": [
        "#262320",
        "#807671",
        "#6b615a",
        "#000000",
        "#9d544a",
        "#7a3534",
        "#bea79f",
        "#4c2f2b",
        "#ac8577",
        "#504a44"
    ],
    "hsl_color_values": [
        [
            0.08288793050487181,
            0.16418136264055494,
            38.52599673583586
        ],
        [
            0.05367262364445221,
            0.12036663664166923,
            128.5006729475101
        ],
        [
            0.07028899864071238,
            0.1544996233132232,
            107.1452448820938
        ],
        [
            0.08049958018470088,
            0.1193177549026858,
            0.09508058524318486
        ],
        [
            0.019922684043544654,
            0.5243144272475172,
            157.51726712712338
        ],
        [
            0.0036435094909166854,
            0.5730731204709287,
            122.87130556202001
        ],
        [
            0.044224417906892556,
            0.16156635146326465,
            190.4427061310782
        ],
        [
            0.021470585894282745,
            0.4351209598656786,
            76.44702144559173
        ],
        [
            0.045995853472716675,
            0.3094430627779034,
            172.45388652836792
        ],
        [
            0.07940850024759664,
            0.15529017569483244,
            80.78830334190232
        ]
    ]
}