{
    "rgb_colors": [
        [
            18.877538461538165,
            34.91015384615385,
            56.0
        ],
        [
            0.1343728998890923,
            0.13247069811944012,
            0.1536227261854588
        ],
        [
            94.68501529051943,
            106.34250764525994,
            131.20489296636086
        ],
        [
            21.88155241935458,
            25.074092741935484,
            29.980846774193548
        ],
        [
            5.9306787330313675,
            4.951221719457013,
            4.49683257918552
        ],
        [
            71.23870220162306,
            75.40324449594438,
            87.31402085747392
        ],
        [
            20.14081632653126,
            13.570408163265306,
            10.989795918367346
        ],
        [
            28.643617021276302,
            50.93404255319149,
            80.76808510638298
        ],
        [
            45.740947075209185,
            77.94428969359332,
            122.44568245125348
        ],
        [
            47.30192719486092,
            48.596359743040686,
            53.65310492505353
        ]
    ],
    "hex_colors": [
        "#122238",
        "#000000",
        "#5e6a83",
        "#15191d",
        "#050404",
        "#474b57",
        "#140d0a",
        "#1c3250",
        "#2d4d7a",
        "#2f3035"
    ],
    "hsl_color_values": [
        [
            0.5946859182635981,
            0.6629010989011042,
            56.0
        ],
        [
            0.681654999099181,
            0.13768814413879885,
            0.1536227261854588
        ],
        [
            0.6134650812259239,
            0.27834234570203586,
            131.20489296636086
        ],
        [
            0.60097081336735,
            0.2701489526243319,
            29.980846774193548
        ],
        [
            0.052817049566619034,
            0.24176763206881055,
            5.9306787330313675
        ],
        [
            0.6234892717268617,
            0.18410924726615482,
            87.31402085747392
        ],
        [
            0.047000446030326735,
            0.4543520113486852,
            20.14081632653126
        ],
        [
            0.5953935955262563,
            0.6453597112826359,
            80.76808510638298
        ],
        [
            0.5966941448475388,
            0.6264388734701283,
            122.44568245125348
        ],
        [
            0.6326983591818408,
            0.11837484035759695,
            53.65310492505353
        ]
    ]
}