{
    "rgb_colors": [
        [
            0.03888293543384336,
            0.03740725774952125,
            0.034016712635196455
        ],
        [
            161.007728494622,
            152.6454973118288,
            132.58635752688173
        ],
        [
            214.08557874762087,
            205.29373814042413,
            189.56375711574952
        ],
        [
            188.186188384574,
            180.0068326012724,
            162.8413860419717
        ],
        [
            93.31588785046706,
            89.02616822429928,
            79.49719626168225
        ],
        [
            228.03851146689945,
            219.3171787105125,
            202.9112938122025
        ],
        [
            43.81419624217119,
            41.95407098121084,
            37.84133611691023
        ],
        [
            174.71749824314173,
            166.34879362849048,
            147.5598500819864
        ],
        [
            203.1535641547807,
            194.71955193483177,
            178.85661914460286
        ],
        [
            134.4006054490409,
            127.64984863773991,
            112.35216952573158
        ]
    ],
    "hex_colors": [
        "#000000",
        "#a19884",
        "#d6cdbd",
        "#bcb4a2",
        "#5d594f",
        "#e4dbca",
        "#2b2925",
        "#aea693",
        "#cbc2b2",
        "#867f70"
    ],
    "hsl_color_values": [
        [
            0.11612514999202143,
            0.125150602554852,
            0.03888293543384336
        ],
        [
            0.11762944046409786,
            0.17652178087022455,
            161.007728494622
        ],
        [
            0.10691144986981804,
            0.11454214606757512,
            214.08557874762087
        ],
        [
            0.11287946621996443,
            0.13467939682591423,
            188.186188384574
        ],
        [
            0.11492853600252939,
            0.1480850893357883,
            93.31588785046706
        ],
        [
            0.1088188189911754,
            0.1101884830464009,
            228.03851146689945
        ],
        [
            0.1147617383199343,
            0.1363224853480727,
            43.81419624217119
        ],
        [
            0.11530787100935747,
            0.15543748298960866,
            174.71749824314173
        ],
        [
            0.1088129446149439,
            0.11959891085969938,
            203.1535641547807
        ],
        [
            0.11563691838291812,
            0.1640501235068407,
            134.4006054490409
        ]
    ]
}