{
    "rgb_colors": [
        [
            0.09097350955667949,
            0.0880694939167519,
            0.07599157266049517
        ],
        [
            187.93004484304933,
            187.50493273542602,
            176.7106128550075
        ],
        [
            60.41118258287977,
            137.27362691736766,
            158.06432459178626
        ],
        [
            133.6971565604659,
            140.52963343610827,
            140.6019184652278
        ],
        [
            8.033189344852413,
            108.31202303815694,
            134.84874010079193
        ],
        [
            33.9142220571853,
            49.076494615670256,
            77.18455254363164
        ],
        [
            125.47038724373576,
            186.60250569476082,
            204.7870159453303
        ],
        [
            213.84592655128745,
            214.48047699451246,
            205.4661249472351
        ],
        [
            191.945420906568,
            163.05735430157262,
            73.34320074005551
        ],
        [
            86.83718861209964,
            96.99599644128114,
            94.94261565836298
        ]
    ],
    "hex_colors": [
        "#000000",
        "#bbbbb0",
        "#3c899e",
        "#858c8c",
        "#086c86",
        "#21314d",
        "#7dbacc",
        "#d5d6cd",
        "#bfa349",
        "#56605e"
    ],
    "hsl_color_values": [
        [
            0.13436092342342373,
            0.16468460949997848,
            0.09097350955667949
        ],
        [
            0.16035155035661328,
            0.059700044223433224,
            187.93004484304933
        ],
        [
            0.5354839200028375,
            0.6178063409381183,
            158.06432459178626
        ],
        [
            0.5017448110477131,
            0.04910858955647544,
            140.6019184652278
        ],
        [
            0.5348757400077663,
            0.940428146834386,
            134.84874010079193
        ],
        [
            0.6082653233442321,
            0.560608684775183,
            77.18455254363164
        ],
        [
            0.5382107983917289,
            0.38731278121054713,
            204.7870159453303
        ],
        [
            0.1783988917505662,
            0.04202877657488607,
            214.48047699451246
        ],
        [
            0.12607149264092224,
            0.6178955434641168,
            191.945420906568
        ],
        [
            0.4663119790982469,
            0.10473430040312413,
            96.99599644128114
        ]
    ]
}