{
    "rgb_colors": [
        [
            0.5476155779792649,
            0.5344365915135327,
            0.4420561769093858
        ],
        [
            206.95009596929648,
            151.09632917466513,
            81.05482245681276
        ],
        [
            112.44139194139444,
            73.30832935180902,
            49.41391941391946
        ],
        [
            171.70251997540853,
            143.54302397050407,
            103.62302806802042
        ],
        [
            30.58271604938148,
            23.51058201058191,
            19.91772486772505
        ],
        [
            71.0965083303798,
            47.59127968805385,
            36.55671747607208
        ],
        [
            171.16774709172822,
            120.38167125477503,
            68.4179024953366
        ],
        [
            142.922260911812,
            97.18317272653485,
            59.86160822738659
        ],
        [
            206.15970628728724,
            206.44974759063754,
            195.39788893988015
        ],
        [
            197.8749838563799,
            171.6515562443555,
            129.66950794266
        ]
    ],
    "hex_colors": [
        "#000000",
        "#ce9751",
        "#704931",
        "#ab8f67",
        "#1e1713",
        "#472f24",
        "#ab7844",
        "#8e613b",
        "#cecec3",
        "#c5ab81"
    ],
    "hsl_color_values": [
        [
            0.14585849873442694,
            0.1927618667449157,
            0.5476155779792649
        ],
        [
            0.09272456484887692,
            0.6083363862327553,
            206.95009596929648
        ],
        [
            0.06318517142788671,
            0.5605362174840873,
            112.44139194139444
        ],
        [
            0.09772888228168326,
            0.3964967544864138,
            171.70251997540853
        ],
        [
            0.05614721227706376,
            0.34872609628379053,
            30.58271604938148
        ],
        [
            0.05324565252159291,
            0.48581557189565583,
            71.0965083303798
        ],
        [
            0.0842884790784123,
            0.6002874159541769,
            171.16774709172822
        ],
        [
            0.07488817567435747,
            0.5811596608849947,
            142.922260911812
        ],
        [
            0.17104061124491535,
            0.05353292401534811,
            206.44974759063754
        ],
        [
            0.10258718902766421,
            0.34468973583454227,
            197.8749838563799
        ]
    ]
}