{
    "rgb_colors": [
        [
            130.31474000859475,
            111.56201117318382,
            99.67872797593468
        ],
        [
            57.77044720285666,
            43.09301139262155,
            36.223006291447035
        ],
        [
            170.7903896286902,
            109.46699077009629,
            64.86916085394209
        ],
        [
            87.4507864028412,
            63.925587688144645,
            52.37273803483849
        ],
        [
            194.4554968114678,
            188.89856652313276,
            177.38769281081375
        ],
        [
            221.37627259505504,
            219.73834753098384,
            210.6429115589722
        ],
        [
            0.35682002965231163,
            0.3460710698470706,
            0.33037208857430045
        ],
        [
            199.9310922205049,
            138.41537867078716,
            87.40443070582174
        ],
        [
            128.0936516264428,
            80.90809723679632,
            55.78077999300454
        ],
        [
            163.88133102852203,
            153.95298184961334,
            143.53310285220397
        ]
    ],
    "hex_colors": [
        "#826f63",
        "#392b24",
        "#aa6d40",
        "#573f34",
        "#c2bcb1",
        "#dddbd2",
        "#000000",
        "#c78a57",
        "#805037",
        "#a3998f"
    ],
    "hsl_color_values": [
        [
            0.06464768317201747,
            0.23509245408953366,
            130.31474000859475
        ],
        [
            0.053138600305406146,
            0.37298379975746726,
            57.77044720285666
        ],
        [
            0.07017452250765811,
            0.6201826051514256,
            170.7903896286902
        ],
        [
            0.05489116503910352,
            0.4011175863692754,
            87.4507864028412
        ],
        [
            0.11240338546069838,
            0.08777228867539788,
            194.4554968114678
        ],
        [
            0.1412331133033895,
            0.048484694905476494,
            221.37627259505504
        ],
        [
            0.09893007818935211,
            0.07412123446035884,
            0.35682002965231163
        ],
        [
            0.07555386915765026,
            0.5628272234444506,
            199.9310922205049
        ],
        [
            0.05791342692802295,
            0.5645312684528893,
            128.0936516264428
        ],
        [
            0.08534632521908687,
            0.1241644063336088,
            163.88133102852203
        ]
    ]
}