{
    "rgb_colors": [
        [
            167.27312650517217,
            142.51537044907198,
            82.13061340133167
        ],
        [
            135.12342738033226,
            132.72329338197025,
            126.24477034169502
        ],
        [
            79.56952671755798,
            65.70326717557165,
            60.93697709923732
        ],
        [
            217.77776557178532,
            218.08568603756476,
            213.49747336043743
        ],
        [
            108.85525239759163,
            97.70269868411258,
            90.11233365548992
        ],
        [
            211.58192567567824,
            189.79201858108323,
            96.03378378378382
        ],
        [
            165.9777157433666,
            162.65105645665534,
            153.48471867931235
        ],
        [
            191.08343125734186,
            189.42605338257312,
            182.2035700296587
        ],
        [
            0.23641115511830435,
            0.21790494609334132,
            0.16737166508787027
        ],
        [
            43.62352750459636,
            47.4812493245453,
            41.61888036312394
        ]
    ],
    "hex_colors": [
        "#a78e52",
        "#87847e",
        "#4f413c",
        "#d9dad5",
        "#6c615a",
        "#d3bd60",
        "#a5a299",
        "#bfbdb6",
        "#000000",
        "#2b2f29"
    ],
    "hsl_color_values": [
        [
            0.11820330182583516,
            0.5090029395798246,
            167.27312650517217
        ],
        [
            0.12161229286671493,
            0.0657077548340042,
            135.12342738033226
        ],
        [
            0.04263408366871979,
            0.2341669026694005,
            79.56952671755798
        ],
        [
            0.1778518669268335,
            0.02103857781999054,
            218.08568603756476
        ],
        [
            0.0674954021575148,
            0.17218203374921748,
            108.85525239759163
        ],
        [
            0.1352368996191772,
            0.5461153712581835,
            211.58192567567824
        ],
        [
            0.12228634610714624,
            0.07526912277411268,
            165.9777157433666
        ],
        [
            0.1355592384409149,
            0.04647112085675393,
            191.08343125734186
        ],
        [
            0.12199124728759077,
            0.2920314398696013,
            0.23641115511830435
        ],
        [
            0.27634138023199467,
            0.12346703266695269,
            47.4812493245453
        ]
    ]
}