{
    "rgb_colors": [
        [
            0.7751856650738738,
            0.7095534557392504,
            0.6971210062294411
        ],
        [
            160.90886699507317,
            87.95073891625657,
            81.33990147783221
        ],
        [
            110.30594315245582,
            109.30490956072464,
            116.2868217054255
        ],
        [
            44.51278172742478,
            47.22432309786828,
            87.13825442444417
        ],
        [
            225.16323599807572,
            218.3847135790533,
            208.4057762885072
        ],
        [
            34.113158465206425,
            34.26555386949862,
            50.01907652286893
        ],
        [
            149.71533356618875,
            144.54069158225502,
            142.17883339154938
        ],
        [
            185.03438661709902,
            176.1742565055754,
            172.74349442379224
        ],
        [
            74.62876254180662,
            72.81032011466841,
            83.36168179646377
        ],
        [
            12.333449751156888,
            11.636165196891625,
            12.80031432812346
        ]
    ],
    "hex_colors": [
        "#000000",
        "#a05751",
        "#6e6d74",
        "#2c2f57",
        "#e1dad0",
        "#222232",
        "#95908e",
        "#b9b0ac",
        "#4a4853",
        "#0c0b0c"
    ],
    "hsl_color_values": [
        [
            0.026543059932290152,
            0.10070446650608958,
            0.7751856650738738
        ],
        [
            0.01384718567817315,
            0.49449708399026426,
            160.90886699507317
        ],
        [
            0.690562546262033,
            0.06004044174831126,
            116.2868217054255
        ],
        [
            0.6560644719425673,
            0.48917060570657955,
            87.13825442444417
        ],
        [
            0.09924870737665296,
            0.07442360488064632,
            225.16323599807572
        ],
        [
            0.6650698249152746,
            0.31799703559881304,
            50.01907652286893
        ],
        [
            0.052231542846492486,
            0.05033886640146652,
            149.71533356618875
        ],
        [
            0.04652173913042503,
            0.06642490846169549,
            185.03438661709902
        ],
        [
            0.6953903278391645,
            0.12657328228523035,
            83.36168179646377
        ],
        [
            0.7664941623540731,
            0.09094691750452506,
            12.80031432812346
        ]
    ]
}