{
    "rgb_colors": [
        [
            0.02856930032144689,
            0.024827673143416717,
            0.022776367581835544
        ],
        [
            120.39213806327899,
            66.03259827420896,
            58.308724832214715
        ],
        [
            124.06860465116279,
            110.93720930232578,
            104.04418604651148
        ],
        [
            156.46674311926606,
            140.50458715596363,
            124.45126146789049
        ],
        [
            115.54083665338645,
            23.510458167330704,
            13.726095617529888
        ],
        [
            194.96927374301677,
            179.92617717477873,
            162.50837988826837
        ],
        [
            40.16608391608392,
            30.826923076923105,
            27.50174825174821
        ],
        [
            154.46769057876006,
            31.519198351752014,
            22.315227570706007
        ],
        [
            93.14532125916344,
            52.26908150064717,
            46.32212160413961
        ],
        [
            137.00509308043553,
            35.08956796628008,
            24.917983842640893
        ]
    ],
    "hex_colors": [
        "#000000",
        "#78423a",
        "#7c6e68",
        "#9c8c7c",
        "#73170d",
        "#c2b3a2",
        "#281e1b",
        "#9a1f16",
        "#5d342e",
        "#892318"
    ],
    "hsl_color_values": [
        [
            0.05901747450402236,
            0.20276774980249018,
            0.02856930032144689
        ],
        [
            0.02073520403173083,
            0.5156766399350162,
            120.39213806327899
        ],
        [
            0.057371813483540014,
            0.16139795124602968,
            124.06860465116279
        ],
        [
            0.08357063968239775,
            0.20461524930554675,
            156.46674311926606
        ],
        [
            0.016016610905675892,
            0.8812013482409936,
            115.54083665338645
        ],
        [
            0.08942964501865514,
            0.16649235662401937,
            194.96927374301677
        ],
        [
            0.04376035339591461,
            0.31529923830250384,
            40.16608391608392
        ],
        [
            0.01160776799204146,
            0.8555346591439592,
            154.46769057876006
        ],
        [
            0.021168138658907616,
            0.5026897650043529,
            93.14532125916344
        ],
        [
            0.01512452263364202,
            0.8181236676507232,
            137.00509308043553
        ]
    ]
}