{
    "rgb_colors": [
        [
            0.20767658320571059,
            0.2070124830085831,
            0.19072127507448045
        ],
        [
            144.81507291262966,
            71.24661246612385,
            67.44663827590662
        ],
        [
            160.17100337806644,
            143.8486259472307,
            127.70382543595335
        ],
        [
            79.10250690461018,
            74.65721266199274,
            57.97493095389844
        ],
        [
            182.76417004048693,
            172.82260458839363,
            161.36531713900246
        ],
        [
            213.94649585530797,
            191.64456166792615,
            80.05287616176868
        ],
        [
            204.90607978801353,
            199.6512586486119,
            189.46054762255494
        ],
        [
            225.75436336703365,
            223.37251239776617,
            215.659753976952
        ],
        [
            117.80945121951123,
            115.07657819225362,
            93.09200143472046
        ],
        [
            174.36345602820938,
            103.16200132246068,
            98.67081772095901
        ]
    ],
    "hex_colors": [
        "#000000",
        "#904743",
        "#a08f7f",
        "#4f4a39",
        "#b6aca1",
        "#d5bf50",
        "#ccc7bd",
        "#e1dfd7",
        "#75735d",
        "#ae6762"
    ],
    "hsl_color_values": [
        [
            0.1601387188799765,
            0.08164285000025902,
            0.20767658320571059
        ],
        [
            0.008185884006528163,
            0.5342567806004644,
            144.81507291262966
        ],
        [
            0.08287754759623439,
            0.20270321879346545,
            160.17100337806644
        ],
        [
            0.13159958772216454,
            0.2670911046623277,
            79.10250690461018
        ],
        [
            0.08923599395832071,
            0.11708450784825102,
            182.76417004048693
        ],
        [
            0.13890590375848713,
            0.6258275890813914,
            213.94649585530797
        ],
        [
            0.10996395718073544,
            0.07537859384864436,
            204.90607978801353
        ],
        [
            0.12734120629426007,
            0.0447150134310792,
            225.75436336703365
        ],
        [
            0.14823924628786467,
            0.20980871677888902,
            117.80945121951123
        ],
        [
            0.00988908058947365,
            0.4341083850448826,
            174.36345602820938
        ]
    ]
}