{
    "rgb_colors": [
        [
            0.18522587449464822,
            0.17423976095616212,
            0.1545087010225501
        ],
        [
            106.21945689427893,
            105.37701028209497,
            148.63031900869692
        ],
        [
            52.10412779850746,
            48.518365205224214,
            58.466359608208506
        ],
        [
            118.0405397265225,
            119.39220528883759,
            170.21836033973239
        ],
        [
            94.13921893260616,
            92.10221075184899,
            129.1282138683309
        ],
        [
            83.23477484104882,
            80.25048604907836,
            109.57437864536698
        ],
        [
            131.85079331722181,
            135.05821162130988,
            193.13869916990276
        ],
        [
            38.94990619136961,
            36.494465290806616,
            43.317354596624604
        ],
        [
            64.17999893837252,
            60.00445883539478,
            72.85524709379469
        ],
        [
            75.38929022480424,
            71.51078555190679,
            89.04778984592065
        ]
    ],
    "hex_colors": [
        "#000000",
        "#6a6994",
        "#34303a",
        "#7677aa",
        "#5e5c81",
        "#53506d",
        "#8387c1",
        "#26242b",
        "#403c48",
        "#4b4759"
    ],
    "hsl_color_values": [
        [
            0.10705770151418544,
            0.16583629882112202,
            0.18522587449464822
        ],
        [
            0.6699128407243515,
            0.2910126884950777,
            148.63031900869692
        ],
        [
            0.7267418008767602,
            0.17014903047918897,
            58.466359608208506
        ],
        [
            0.6623491694797078,
            0.3065346212304604,
            170.21836033973239
        ],
        [
            0.675835935150534,
            0.2867382890793834,
            129.1282138683309
        ],
        [
            0.6836283119767222,
            0.2676163256302297,
            109.57437864536698
        ],
        [
            0.6579443957730753,
            0.3173258705587864,
            193.13869916990276
        ],
        [
            0.7266471429356963,
            0.15750937169070903,
            43.317354596624604
        ],
        [
            0.7208208038684373,
            0.17638795791682177,
            72.85524709379469
        ],
        [
            0.703526864374639,
            0.196939242673604,
            89.04778984592065
        ]
    ]
}