{
    "rgb_colors": [
        [
            107.7685116394272,
            105.36781822684402,
            103.67867756315161
        ],
        [
            1.1838452952679006,
            1.1628087543255106,
            1.1190614839423176
        ],
        [
            59.64778927563535,
            58.70573847601128,
            57.74882408278431
        ],
        [
            153.57515686095624,
            32.51104846776346,
            72.85123215422476
        ],
        [
            158.91762130609038,
            153.238963881796,
            151.91718350966622
        ],
        [
            184.58601427536726,
            181.88921071687398,
            179.38129719664582
        ],
        [
            25.107448107448803,
            24.830345093500597,
            24.262129683184114
        ],
        [
            210.9089869073286,
            210.71056311173905,
            208.38934790898074
        ],
        [
            86.42764505119453,
            84.5090784982943,
            83.21802047781513
        ],
        [
            134.36031034713284,
            128.50745769513975,
            127.3479365928684
        ]
    ],
    "hex_colors": [
        "#6b6967",
        "#010101",
        "#3b3a39",
        "#992048",
        "#9e9997",
        "#b8b5b3",
        "#191818",
        "#d2d2d0",
        "#565453",
        "#86807f"
    ],
    "hsl_color_values": [
        [
            0.06883493039040468,
            0.03795017685647729,
            107.7685116394272
        ],
        [
            0.11254681657874106,
            0.05472320714922687,
            1.1838452952679006
        ],
        [
            0.08398560058125575,
            0.031836304679722933,
            59.64778927563535
        ],
        [
            0.9444644326301288,
            0.7883052888743048,
            153.57515686095624
        ],
        [
            0.03146899309652098,
            0.044050733574350825,
            158.91762130609038
        ],
        [
            0.08030899285833466,
            0.028196703304709723,
            184.58601427536726
        ],
        [
            0.11203182808710066,
            0.033668034307871506,
            25.107448107448803
        ],
        [
            0.153541519524579,
            0.011946570107299237,
            210.9089869073286
        ],
        [
            0.06704096751102888,
            0.03713655013367786,
            86.42764505119453
        ],
        [
            0.02755892994546995,
            0.05219081242181787,
            134.36031034713284
        ]
    ]
}