{
    "rgb_colors": [
        [
            0.07156602735170026,
            0.0676283191565048,
            0.06522688316197645
        ],
        [
            231.7194876223471,
            224.2583477259643,
            208.0675014392546
        ],
        [
            109.17142282958046,
            96.32435691318328,
            85.33199356913275
        ],
        [
            173.60596026489947,
            160.10615504479938,
            145.47604207245772
        ],
        [
            65.21904899971018,
            53.54508553203827,
            47.565816178602375
        ],
        [
            141.1687429218573,
            129.43649894839024,
            119.09157094321188
        ],
        [
            48.1976529217907,
            33.468049192187124,
            34.496342737721676
        ],
        [
            196.40194514095236,
            184.59516754046044,
            169.01595623432226
        ],
        [
            86.39983188568102,
            72.43499579714205,
            63.916223031660806
        ],
        [
            213.03291894580536,
            199.7308801591248,
            184.56767777224968
        ]
    ],
    "hex_colors": [
        "#000000",
        "#e7e0d0",
        "#6d6055",
        "#ada091",
        "#41352f",
        "#8d8177",
        "#302122",
        "#c4b8a9",
        "#56483f",
        "#d5c7b8"
    ],
    "hsl_color_values": [
        [
            0.06313775494651284,
            0.08857756150933263,
            0.07156602735170026
        ],
        [
            0.11409081504737546,
            0.102071631634367,
            231.7194876223471
        ],
        [
            0.07685001756234781,
            0.21836693745085387,
            109.17142282958046
        ],
        [
            0.08668180779537804,
            0.16203313612919312,
            173.60596026489947
        ],
        [
            0.05645112724326371,
            0.27067602321503115,
            65.21904899971018
        ],
        [
            0.07809671769542988,
            0.1563885285205525,
            141.1687429218573
        ],
        [
            0.9883647747261084,
            0.3056083198388309,
            48.1976529217907
        ],
        [
            0.09481254179070668,
            0.13943848105463477,
            196.40194514095236
        ],
        [
            0.06314802352824565,
            0.2602274606710943,
            86.39983188568102
        ],
        [
            0.0887819773738752,
            0.13361897923765065,
            213.03291894580536
        ]
    ]
}