{
    "rgb_colors": [
        [
            108.35884659746252,
            103.55829296424452,
            94.90006920415225
        ],
        [
            230.45262181756868,
            231.40347327600742,
            229.97639521160008
        ],
        [
            39.26533233880324,
            35.796452842698486,
            31.478368970661357
        ],
        [
            196.06397996357015,
            159.23975409836066,
            83.26229508196721
        ],
        [
            138.18484165893733,
            134.4917185636677,
            127.73689324676472
        ],
        [
            171.1147348764494,
            168.5791896469362,
            160.80787770877666
        ],
        [
            71.56007617728532,
            67.63885041551247,
            60.74480609418283
        ],
        [
            0.8773682635419817,
            0.87239577338336,
            0.7317157393126053
        ],
        [
            122.90806241872562,
            78.35825747724317,
            40.93459037711313
        ],
        [
            200.47904220938204,
            198.49730682597198,
            188.46430320242877
        ]
    ],
    "hex_colors": [
        "#6c675e",
        "#e6e7e5",
        "#27231f",
        "#c49f53",
        "#8a867f",
        "#aba8a0",
        "#47433c",
        "#000000",
        "#7a4e28",
        "#c8c6bc"
    ],
    "hsl_color_values": [
        [
            0.10721904755375315,
            0.1242056169470656,
            108.35884659746252
        ],
        [
            0.2777154221802178,
            0.006167055507871252,
            231.40347327600742
        ],
        [
            0.09242121881347065,
            0.19831650222521,
            39.26533233880324
        ],
        [
            0.11225816218398343,
            0.5753309960481378,
            196.06397996357015
        ],
        [
            0.10775361583640529,
            0.07560849863662936,
            138.18484165893733
        ],
        [
            0.125665722857046,
            0.06023360393314254,
            171.1147348764494
        ],
        [
            0.106239361389916,
            0.15113553060380183,
            71.56007617728532
        ],
        [
            0.1609767662399144,
            0.16601070528966888,
            0.8773682635419817
        ],
        [
            0.07608897969888871,
            0.6669495102961077,
            122.90806241872562
        ],
        [
            0.1391763291422979,
            0.05993014967821415,
            200.47904220938204
        ]
    ]
}