{
    "rgb_colors": [
        [
            0.07187580852752262,
            0.06729994455738364,
            0.060395490658244455
        ],
        [
            134.59603094517308,
            97.52236797847291,
            70.27077026572539
        ],
        [
            170.85532831000728,
            157.6497308934338,
            136.99698600645735
        ],
        [
            201.48851054940914,
            182.51336954251096,
            156.50992270733136
        ],
        [
            135.07364025259733,
            130.77510694642496,
            116.27235689549818
        ],
        [
            68.33398226260037,
            45.360588362535154,
            30.30240103828684
        ],
        [
            227.67609022556329,
            202.2121804511278,
            168.4009022556335
        ],
        [
            95.54409188242005,
            74.89799493868017,
            57.29277788592642
        ],
        [
            166.3034120734937,
            130.79133858267716,
            100.78871391075938
        ],
        [
            113.78293508141306,
            110.20818354831889,
            97.8940579403687
        ]
    ],
    "hex_colors": [
        "#000000",
        "#866146",
        "#aa9d88",
        "#c9b69c",
        "#878274",
        "#442d1e",
        "#e3caa8",
        "#5f4a39",
        "#a68264",
        "#716e61"
    ],
    "hsl_color_values": [
        [
            0.10023610231234399,
            0.15972436490759104,
            0.07187580852752262
        ],
        [
            0.07060885419117723,
            0.4779135033012245,
            134.59603094517308
        ],
        [
            0.10166251250488756,
            0.19816965990148047,
            170.85532831000728
        ],
        [
            0.09635491049829863,
            0.22323152679739577,
            201.48851054940914
        ],
        [
            0.12856170308050366,
            0.1391928382320889,
            135.07364025259733
        ],
        [
            0.06598983809198744,
            0.5565544399002261,
            68.33398226260037
        ],
        [
            0.09506866575338606,
            0.26034876086990366,
            227.67609022556329
        ],
        [
            0.07670855025776614,
            0.40035247855583844,
            95.54409188242005
        ],
        [
            0.07632542903424301,
            0.3939468068988368,
            166.3034120734937
        ],
        [
            0.12916924523823203,
            0.1396420045736707,
            113.78293508141306
        ]
    ]
}