{
    "rgb_colors": [
        [
            48.4209320091673,
            41.78074866310164,
            36.80519480519482
        ],
        [
            106.06528497409326,
            79.69041450777169,
            72.0860103626941
        ],
        [
            201.07349444229385,
            192.5413371675082,
            183.99491234861844
        ],
        [
            143.321986123157,
            120.27666955767538,
            109.06548135299198
        ],
        [
            232.75375571521883,
            226.98954931417364,
            219.40300457217492
        ],
        [
            187.52156423443148,
            176.6847599164913,
            166.29981159936872
        ],
        [
            0.12064500668660827,
            0.11383471315882332,
            0.1042415528260392
        ],
        [
            169.52906686626744,
            155.48565369261374,
            142.63011477045777
        ],
        [
            127.62262740995367,
            44.85771932446576,
            23.305186070841966
        ],
        [
            153.64583333333331,
            86.86073059360744,
            65.2825342465752
        ]
    ],
    "hex_colors": [
        "#302924",
        "#6a4f48",
        "#c9c0b7",
        "#8f786d",
        "#e8e2db",
        "#bbb0a6",
        "#000000",
        "#a99b8e",
        "#7f2c17",
        "#995641"
    ],
    "hsl_color_values": [
        [
            0.07139098980598525,
            0.23989082246028076,
            48.4209320091673
        ],
        [
            0.03729922740672886,
            0.32036188484949335,
            106.06528497409326
        ],
        [
            0.08340295047146311,
            0.08493701340917809,
            201.07349444229385
        ],
        [
            0.05454530110364882,
            0.239017792711359,
            143.321986123157
        ],
        [
            0.09470808871493734,
            0.0573599815909263,
            232.75375571521883
        ],
        [
            0.08155899040406044,
            0.11316966516198758,
            187.52156423443148
        ],
        [
            0.097470939294522,
            0.13596463136828582,
            0.12064500668660827
        ],
        [
            0.07965328213261891,
            0.15866867312511573,
            169.52906686626744
        ],
        [
            0.03443421185846498,
            0.817389858336169,
            127.62262740995367
        ],
        [
            0.04069977122863727,
            0.5751102855816123,
            153.64583333333331
        ]
    ]
}