{
    "rgb_colors": [
        [
            0.029810068259902067,
            0.02857175169083348,
            0.024896382877006573
        ],
        [
            97.65692007797247,
            89.53216374268989,
            79.68226120857685
        ],
        [
            184.58651026393034,
            203.00293255132055,
            116.39882697947175
        ],
        [
            208.4379880569545,
            200.62976573265564,
            173.42581534221247
        ],
        [
            49.79664179104488,
            43.68656716417908,
            39.94962686567163
        ],
        [
            182.84353268428134,
            174.01425591098584,
            148.23852573018158
        ],
        [
            196.4121306376294,
            187.56609642301024,
            160.04993951960824
        ],
        [
            143.99459459459493,
            135.36081081081102,
            116.51486486486495
        ],
        [
            229.24318969787245,
            222.19118375433607,
            193.91976225854503
        ],
        [
            249.39899575125187,
            244.06064117419524,
            216.3746620316703
        ]
    ],
    "hex_colors": [
        "#000000",
        "#61594f",
        "#b8cb74",
        "#d0c8ad",
        "#312b27",
        "#b6ae94",
        "#c4bba0",
        "#8f8774",
        "#e5dec1",
        "#f9f4d8"
    ],
    "hsl_color_values": [
        [
            0.12466436518371189,
            0.16483308055704657,
            0.029810068259902067
        ],
        [
            0.09133138126739715,
            0.18405924388199085,
            97.65692007797247
        ],
        [
            0.20210844733396524,
            0.42661504680458096,
            203.00293255132055
        ],
        [
            0.12949758270304287,
            0.16797404849818046,
            208.4379880569545
        ],
        [
            0.06324996842238127,
            0.197744558090744,
            49.79664179104488
        ],
        [
            0.12414258537304203,
            0.18926021853806962,
            182.84353268428134
        ],
        [
            0.1261207317150412,
            0.18513210462090846,
            196.4121306376294
        ],
        [
            0.11430210638472227,
            0.1908386200683222,
            143.99459459459493
        ],
        [
            0.13339315927722886,
            0.15408713988791287,
            229.24318969787245
        ],
        [
            0.13972514619883009,
            0.1324156643859132,
            249.39899575125187
        ]
    ]
}