{
    "rgb_colors": [
        [
            227.4160735084717,
            227.73016694706874,
            222.93244467451194
        ],
        [
            0.15320256706723256,
            0.14452967299152242,
            0.13896120167829018
        ],
        [
            163.24775353016722,
            163.2272143774069,
            159.95378690629036
        ],
        [
            90.81045969353494,
            84.645236508994,
            82.04963357761298
        ],
        [
            48.321067157312854,
            44.7161913523459,
            41.7189512419497
        ],
        [
            127.86000000000115,
            123.44962962962963,
            121.90666666666831
        ],
        [
            69.8481894150434,
            64.36583101207057,
            60.79201485608275
        ],
        [
            111.35604938271442,
            104.87703703703704,
            102.51703703703616
        ],
        [
            200.1778697001041,
            200.10134436401242,
            195.9927611168569
        ],
        [
            3.18529483579316,
            3.1460139177145656,
            3.103833475764212
        ]
    ],
    "hex_colors": [
        "#e3e3de",
        "#000000",
        "#a3a39f",
        "#5a5452",
        "#302c29",
        "#7f7b79",
        "#45403c",
        "#6f6866",
        "#c8c8c3",
        "#030303"
    ],
    "hsl_color_values": [
        [
            0.17757786649419285,
            0.02106757456368058,
            227.73016694706874
        ],
        [
            0.06516780707880533,
            0.09295774647622318,
            0.15320256706723256
        ],
        [
            0.1656274356975657,
            0.020177714869859753,
            163.24775353016722
        ],
        [
            0.04937896070980043,
            0.09647375583702356,
            90.81045969353494
        ],
        [
            0.07566362432942669,
            0.13663017610661343,
            48.321067157312854
        ],
        [
            0.0431960515946652,
            0.046561343135717054,
            127.86000000000115
        ],
        [
            0.06577126159837737,
            0.12965510823978765,
            69.8481894150434
        ],
        [
            0.04449969272028411,
            0.07937613084045274,
            111.35604938271442
        ],
        [
            0.16361914175106396,
            0.02090694935217918,
            200.1778697001041
        ],
        [
            0.0862994879522524,
            0.0255741977519841,
            3.18529483579316
        ]
    ]
}