{
    "rgb_colors": [
        [
            0.04738486911450579,
            0.04550859559650178,
            0.04180385173854262
        ],
        [
            232.42996620353009,
            225.03680060082556,
            212.55050694705218
        ],
        [
            134.08729320661715,
            128.6659626891943,
            121.68637803590285
        ],
        [
            193.97703020437405,
            187.6212696690215,
            179.25682763610055
        ],
        [
            156.9114074074097,
            150.48859259259055,
            141.38874074074073
        ],
        [
            80.55838454784863,
            75.19139596136992,
            66.62423178226514
        ],
        [
            212.70402019809993,
            205.27442221790426,
            193.22004272674306
        ],
        [
            39.46143958868894,
            37.0218508997429,
            33.10154241645244
        ],
        [
            110.39672256097447,
            105.19740853658632,
            97.61051829268293
        ],
        [
            176.8196625945291,
            170.51599767306774,
            161.8704673259647
        ]
    ],
    "hex_colors": [
        "#000000",
        "#e8e1d4",
        "#868079",
        "#c1bbb3",
        "#9c968d",
        "#504b42",
        "#d4cdc1",
        "#272521",
        "#6e6961",
        "#b0aaa1"
    ],
    "hsl_color_values": [
        [
            0.1106352602160281,
            0.1177805801779596,
            0.04738486911450579
        ],
        [
            0.10468337772404114,
            0.08552881360861282,
            232.42996620353009
        ],
        [
            0.09380469851362606,
            0.09248389518614221,
            134.08729320661715
        ],
        [
            0.094704788584781,
            0.07588631784270694,
            193.97703020437405
        ],
        [
            0.09770498896075054,
            0.09892631086002207,
            156.9114074074097
        ],
        [
            0.10247201394577732,
            0.17296961506604108,
            80.55838454784863
        ],
        [
            0.10311360970727684,
            0.0916013597355172,
            212.70402019809993
        ],
        [
            0.10273511182969486,
            0.1611673886844076,
            39.46143958868894
        ],
        [
            0.0988942207385984,
            0.11582050600487209,
            110.39672256097447
        ],
        [
            0.09638791243480416,
            0.0845448693273715,
            176.8196625945291
        ]
    ]
}