{
    "rgb_colors": [
        [
            15.351656151419585,
            33.545031545741324,
            49.84416403785489
        ],
        [
            80.54011824324039,
            124.45122466216216,
            169.99535472972974
        ],
        [
            24.78013227156184,
            86.24321770819274,
            137.53779187474694
        ],
        [
            223.05871559632908,
            235.10550458715596,
            240.13577981651378
        ],
        [
            21.65029617662907,
            65.19666128163705,
            105.59569197630587
        ],
        [
            29.78761219230389,
            108.00346574246868,
            168.54145561183685
        ],
        [
            143.99826162537832,
            167.34593654932638,
            195.43850499782704
        ],
        [
            52.82271077047274,
            57.38059701492537,
            62.62141992739008
        ],
        [
            0.11899872301492387,
            0.12718338573210275,
            0.13214944477219603
        ],
        [
            88.4188846641317,
            90.43092522179974,
            92.25475285171103
        ]
    ],
    "hex_colors": [
        "#0f2131",
        "#507ca9",
        "#185689",
        "#dfebf0",
        "#154169",
        "#1d6ca8",
        "#8fa7c3",
        "#34393e",
        "#000000",
        "#585a5c"
    ],
    "hsl_color_values": [
        [
            0.5787568735495525,
            0.6920069491031982,
            49.84416403785489
        ],
        [
            0.5848546003871001,
            0.5262216525193375,
            169.99535472972974
        ],
        [
            0.5758183144676071,
            0.8198303758276951,
            137.53779187474694
        ],
        [
            0.5490938719959854,
            0.07111420144567032,
            240.13577981651378
        ],
        [
            0.5802089467600168,
            0.7949698915606607,
            105.59569197630587
        ],
        [
            0.5727162918847671,
            0.8232624010266832,
            168.54145561183685
        ],
        [
            0.5910200736710451,
            0.26320424101187556,
            195.43850499782704
        ],
        [
            0.5891413829539132,
            0.1564753588832544,
            62.62141992739008
        ],
        [
            0.5629377247849169,
            0.09951401445493663,
            0.13214944477219603
        ],
        [
            0.5792444517869907,
            0.04157908475181822,
            92.25475285171103
        ]
    ]
}