{
    "rgb_colors": [
        [
            0.18467540333118926,
            0.1733280287806913,
            0.16544840240129588
        ],
        [
            106.86250518457189,
            125.17378681045574,
            145.082745748652
        ],
        [
            135.36406759561052,
            151.837533353098,
            170.88526534242513
        ],
        [
            56.09876543209885,
            66.61552028218658,
            78.17019400352734
        ],
        [
            79.20984573502376,
            99.76882940109026,
            121.64768602540835
        ],
        [
            155.42954686530118,
            170.60583488516403,
            188.65673494723774
        ],
        [
            32.86826347305392,
            33.914670658682695,
            35.18712574850299
        ],
        [
            121.18838862559208,
            137.5334123222762,
            156.7734597156398
        ],
        [
            65.26764144946004,
            85.13604577240723,
            106.36300063572791
        ],
        [
            93.1938966161512,
            112.77620925887811,
            133.3518787627154
        ]
    ],
    "hex_colors": [
        "#000000",
        "#6a7d91",
        "#8797aa",
        "#38424e",
        "#4f6379",
        "#9baabc",
        "#202123",
        "#79899c",
        "#41556a",
        "#5d7085"
    ],
    "hsl_color_values": [
        [
            0.06830347946729176,
            0.10411240794970658,
            0.18467540333118926
        ],
        [
            0.5868168220309729,
            0.2634375326084234,
            145.082745748652
        ],
        [
            0.5893726056437912,
            0.20786577283674015,
            170.88526534242513
        ],
        [
            0.5872521208731237,
            0.2823509504202144,
            78.17019400352734
        ],
        [
            0.5859251102106443,
            0.3488585905491097,
            121.64768602540835
        ],
        [
            0.5905428210253659,
            0.17612510940163,
            188.65673494723774
        ],
        [
            0.5914568538842232,
            0.06590087215485979,
            35.18712574850299
        ],
        [
            0.5901129172243645,
            0.22698402621587188,
            156.7734597156398
        ],
        [
            0.5860882075398827,
            0.3863689341278673,
            106.36300063572791
        ],
        [
            0.5853946853734767,
            0.3011429799052234,
            133.3518787627154
        ]
    ]
}