{
    "rgb_colors": [
        [
            0.31094751473654014,
            0.301346237998402,
            0.2811269273340429
        ],
        [
            204.82009003633996,
            201.85686391495364,
            190.46271085317568
        ],
        [
            95.50245098039215,
            93.48604826546003,
            81.82202111613876
        ],
        [
            125.88083555306324,
            123.45801205663815,
            113.41847749894855
        ],
        [
            236.83398418897036,
            235.7859796171064,
            228.15353843223164
        ],
        [
            52.708283883218606,
            69.48207927842392,
            37.7032993116544
        ],
        [
            148.3007974691887,
            145.96876029789757,
            138.33974823699992
        ],
        [
            221.88859281097632,
            219.61067014400726,
            208.40202970858374
        ],
        [
            167.36898178681955,
            164.29506367003196,
            154.52666024047485
        ],
        [
            187.59542351696953,
            183.99274108258822,
            173.67604076531103
        ]
    ],
    "hex_colors": [
        "#000000",
        "#ccc9be",
        "#5f5d51",
        "#7d7b71",
        "#ecebe4",
        "#344525",
        "#94918a",
        "#dddbd0",
        "#a7a49a",
        "#bbb7ad"
    ],
    "hsl_color_values": [
        [
            0.1130053229751039,
            0.09590231788076414,
            0.31094751473654014
        ],
        [
            0.13226825634884373,
            0.07009751426540699,
            204.82009003633996
        ],
        [
            0.14210112870550295,
            0.14324689810382102,
            95.50245098039215
        ],
        [
            0.13426477977516274,
            0.09900123397942781,
            125.88083555306324
        ],
        [
            0.1465447243679778,
            0.03665202773353918,
            236.83398418897036
        ],
        [
            0.2546383436407636,
            0.45736656554890553,
            69.48207927842392
        ],
        [
            0.12764739742885675,
            0.06716787368765363,
            148.3007974691887
        ],
        [
            0.13851614566692994,
            0.060780786121265765,
            221.88859281097632
        ],
        [
            0.12677359248358913,
            0.07673059493605665,
            167.36898178681955
        ],
        [
            0.1235291882949809,
            0.07419894627866219,
            187.59542351696953
        ]
    ]
}