{
    "rgb_colors": [
        [
            41.38913312268312,
            31.18769748591886,
            26.437250996015354
        ],
        [
            167.02503808072902,
            152.01666031988015,
            133.95239908606024
        ],
        [
            177.59780073308724,
            109.76441186271163,
            73.39253582139261
        ],
        [
            99.61085509472456,
            64.53865847414225,
            63.23548387096822
        ],
        [
            197.12745890595988,
            184.56662624628996,
            166.59950148208583
        ],
        [
            66.92509076034133,
            48.753847727156995,
            43.757989466687064
        ],
        [
            139.86436355205075,
            56.33387433341061,
            45.12914444702052
        ],
        [
            124.68013957545777,
            109.99912765338766,
            96.81932732383461
        ],
        [
            0.1550767306842289,
            0.14848492743413289,
            0.1365519397619579
        ],
        [
            224.28370267774494,
            214.79305170822067,
            202.73718836564922
        ]
    ],
    "hex_colors": [
        "#291f1a",
        "#a79885",
        "#b16d49",
        "#63403f",
        "#c5b8a6",
        "#42302b",
        "#8b382d",
        "#7c6d60",
        "#000000",
        "#e0d6ca"
    ],
    "hsl_color_values": [
        [
            0.05295260322033015,
            0.361251396165953,
            41.38913312268312
        ],
        [
            0.09103326184892502,
            0.19801006708158103,
            167.02503808072902
        ],
        [
            0.058173445894090514,
            0.5867486223453032,
            177.59780073308724
        ],
        [
            0.00597095671847947,
            0.3651747712552545,
            99.61085509472456
        ],
        [
            0.09809109572762276,
            0.15486405391365335,
            197.12745890595988
        ],
        [
            0.03594075205428162,
            0.34616466007667634,
            66.92509076034133
        ],
        [
            0.019712362505802866,
            0.6773363614511738,
            139.86436355205075
        ],
        [
            0.07884312088319917,
            0.22345830175111003,
            124.68013957545777
        ],
        [
            0.10736052498734577,
            0.11945564521857013,
            0.1550767306842289
        ],
        [
            0.09325455282422464,
            0.09606812289457412,
            224.28370267774494
        ]
    ]
}