{
    "rgb_colors": [
        [
            195.13911775890483,
            193.33476993281627,
            189.1708074534176
        ],
        [
            27.69898175647009,
            23.07894922924296,
            18.768597086695586
        ],
        [
            95.77795994847172,
            91.29300854901042,
            85.93031970956801
        ],
        [
            166.64266191325015,
            165.0297682709446,
            160.5234699940584
        ],
        [
            222.8599413980745,
            221.77655922980284,
            219.3147760569278
        ],
        [
            2.0928917404204554,
            1.503271371691838,
            1.1923515837055803
        ],
        [
            64.09526799026916,
            47.10484187396912,
            40.46621674644944
        ],
        [
            132.9379271070615,
            128.30913059984923,
            123.83152999240588
        ],
        [
            195.2172470978441,
            136.0790491984522,
            89.61433572876314
        ],
        [
            132.816318537859,
            66.63381201044398,
            48.92754569190559
        ]
    ],
    "hex_colors": [
        "#c3c1bd",
        "#1b1712",
        "#5f5b55",
        "#a6a5a0",
        "#dedddb",
        "#020101",
        "#402f28",
        "#84807b",
        "#c38859",
        "#844230"
    ],
    "hsl_color_values": [
        [
            0.11627976948993267,
            0.03058489950160118,
            195.13911775890483
        ],
        [
            0.08044356993818445,
            0.3224084101101837,
            27.69898175647009
        ],
        [
            0.090760979438451,
            0.10281739394117093,
            95.77795994847172
        ],
        [
            0.12273674738960778,
            0.03672044030583991,
            166.64266191325015
        ],
        [
            0.11573429050461721,
            0.01590759343696634,
            222.8599413980745
        ],
        [
            0.05754320257456691,
            0.43028511189688173,
            2.0928917404204554
        ],
        [
            0.046825304572593596,
            0.36865515949487954,
            64.09526799026916
        ],
        [
            0.08194972814288976,
            0.06850112163492517,
            132.9379271070615
        ],
        [
            0.0733324376309024,
            0.5409507250973175,
            195.2172470978441
        ],
        [
            0.035178061214962864,
            0.6316149534143358,
            132.816318537859
        ]
    ]
}