{
    "rgb_colors": [
        [
            1.3458034087268835,
            1.3208440182392387,
            1.222251539867937
        ],
        [
            25.189574468085553,
            25.35063829787234,
            24.337553191489285
        ],
        [
            144.36599999999842,
            136.80654545454544,
            129.90945454545374
        ],
        [
            44.154749525964924,
            44.090280751116275,
            42.37372316349632
        ],
        [
            166.7421786656581,
            160.77327553712777,
            154.74934036939013
        ],
        [
            121.59702085402489,
            114.86335650446873,
            108.51698113207755
        ],
        [
            57.46288866600044,
            57.19802263934661,
            56.03188135836279
        ],
        [
            96.24248175182758,
            92.23474452554746,
            88.06510948905316
        ],
        [
            73.91732246136343,
            72.75519104958757,
            71.02759078410922
        ],
        [
            194.39396479463565,
            189.093461860855,
            184.18315171835835
        ]
    ],
    "hex_colors": [
        "#010101",
        "#191918",
        "#908881",
        "#2c2c2a",
        "#a6a09a",
        "#79726c",
        "#393938",
        "#605c58",
        "#494847",
        "#c2bdb8"
    ],
    "hsl_color_values": [
        [
            0.13299741946688018,
            0.09180528750170529,
            1.3458034087268835
        ],
        [
            0.19316391893303378,
            0.03996290327995737,
            25.35063829787234
        ],
        [
            0.07951520334713937,
            0.1001381589470155,
            144.36599999999842
        ],
        [
            0.1606337431600122,
            0.0403360087326796,
            44.154749525964924
        ],
        [
            0.0837157284890076,
            0.07192444282688255,
            166.7421786656581
        ],
        [
            0.08086590340831086,
            0.10756875152105662,
            121.59702085402489
        ],
        [
            0.1358182303658677,
            0.024903156469478816,
            57.46288866600044
        ],
        [
            0.08498318902669966,
            0.08496634868436509,
            96.24248175182758
        ],
        [
            0.09964017761445436,
            0.03909410651021168,
            73.91732246136343
        ],
        [
            0.08014885960950452,
            0.05252638932008179,
            194.39396479463565
        ]
    ]
}