{
    "rgb_colors": [
        [
            147.41628847264718,
            72.64510273124846,
            58.66284346893238
        ],
        [
            37.842362924284714,
            28.626577458659703,
            23.16661227153618
        ],
        [
            1.4759680248338896,
            1.1920534268753329,
            0.9382757690215442
        ],
        [
            201.0933062880325,
            132.1317265242811,
            107.5160482042709
        ],
        [
            139.78899591157878,
            120.15542928417989,
            104.25916429907784
        ],
        [
            81.8651906264556,
            53.49268015105271,
            45.99943096580634
        ],
        [
            166.29227725674107,
            155.90665298944901,
            144.5345105509956
        ],
        [
            200.98012478614865,
            189.1827513334004,
            177.09842004629735
        ],
        [
            101.39674843126069,
            90.32693953223045,
            80.48759269823161
        ],
        [
            227.70876168224214,
            222.37920560747665,
            214.01343457944193
        ]
    ],
    "hex_colors": [
        "#93483a",
        "#251c17",
        "#010100",
        "#c9846b",
        "#8b7868",
        "#51352d",
        "#a69b90",
        "#c8bdb1",
        "#655a50",
        "#e3ded6"
    ],
    "hsl_color_values": [
        [
            0.026256744666325993,
            0.602059961780837,
            147.41628847264718
        ],
        [
            0.06200665433651894,
            0.38781274525884885,
            37.842362924284714
        ],
        [
            0.07866261016734112,
            0.36429803814541245,
            1.4759680248338896
        ],
        [
            0.04384198829231306,
            0.4653424811153477,
            201.0933062880325
        ],
        [
            0.07456769079042981,
            0.2541675858017805,
            139.78899591157878
        ],
        [
            0.03482081171636112,
            0.4381075691169143,
            81.8651906264556
        ],
        [
            0.08711174720772563,
            0.13084051204707078,
            166.29227725674107
        ],
        [
            0.08433465016240362,
            0.118826201174183,
            200.98012478614865
        ],
        [
            0.07842933306050988,
            0.2062113041741561,
            101.39674843126069
        ],
        [
            0.10180809562803618,
            0.060144049801260833,
            227.70876168224214
        ]
    ]
}