{
    "rgb_colors": [
        [
            0.19482562479715426,
            0.18347612784148026,
            0.16113263891796947
        ],
        [
            135.74300548024084,
            125.35881165272451,
            106.06345543697712
        ],
        [
            188.83026281324064,
            180.16563345848664,
            162.35405570593343
        ],
        [
            80.40173031547671,
            64.20012234553843,
            47.240146814646195
        ],
        [
            157.32003231017652,
            104.92455573505671,
            70.39305331179304
        ],
        [
            168.17157754334977,
            153.0967624590757,
            129.40414696252986
        ],
        [
            208.99881305637712,
            202.28271513352826,
            185.71735905044326
        ],
        [
            125.47486395439185,
            69.58590308370006,
            46.91072816791914
        ],
        [
            104.41839610556089,
            95.6238790673851,
            77.75954394055893
        ],
        [
            51.31207836614023,
            44.59449219111011,
            31.86674059698709
        ]
    ],
    "hex_colors": [
        "#000000",
        "#877d6a",
        "#bcb4a2",
        "#50402f",
        "#9d6846",
        "#a89981",
        "#d0cab9",
        "#7d452e",
        "#685f4d",
        "#332c1f"
    ],
    "hsl_color_values": [
        [
            0.11052492747120198,
            0.1729391906956016,
            0.19482562479715426
        ],
        [
            0.10835382268049132,
            0.2186451518312961,
            135.74300548024084
        ],
        [
            0.11212317081750332,
            0.14021167323954342,
            188.83026281324064
        ],
        [
            0.08523907154226357,
            0.4124486297833713,
            80.40173031547671
        ],
        [
            0.066207873207975,
            0.5525486978479374,
            157.32003231017652
        ],
        [
            0.10185790469637035,
            0.2305230833124984,
            168.17157754334977
        ],
        [
            0.11858763975009824,
            0.11139514940524431,
            208.99881305637712
        ],
        [
            0.04810332070053177,
            0.6261344568186147,
            125.47486395439185
        ],
        [
            0.11168482308901179,
            0.25530800279724103,
            104.41839610556089
        ],
        [
            0.10909000180593013,
            0.37896219347031385,
            51.31207836614023
        ]
    ]
}