{
    "rgb_colors": [
        [
            111.3169486115544,
            113.42100223428024,
            122.31758697733801
        ],
        [
            0.8664392736414364,
            0.864073863524986,
            0.8636099294950981
        ],
        [
            56.041456914421204,
            52.73941368078176,
            49.067515546342904
        ],
        [
            195.88119696292836,
            195.21951764180437,
            195.41603394372487
        ],
        [
            83.55697170532747,
            80.63879683915371,
            79.83660463930666
        ],
        [
            177.61115702479668,
            175.93140495867766,
            175.1202479338843
        ],
        [
            18.24777448071208,
            17.851208139041965,
            17.35396354387452
        ],
        [
            225.509749303622,
            225.45045762037404,
            225.9399124552328
        ],
        [
            139.64314554893184,
            139.6150740242261,
            143.8421457412036
        ],
        [
            162.34675440553482,
            160.42438099486952,
            159.56056212357797
        ]
    ],
    "hex_colors": [
        "#6f717a",
        "#000000",
        "#383431",
        "#c3c3c3",
        "#53504f",
        "#b1afaf",
        "#121111",
        "#e1e1e1",
        "#8b8b8f",
        "#a2a09f"
    ],
    "hsl_color_values": [
        [
            0.6347889162918902,
            0.08993505053219962,
            122.31758697733801
        ],
        [
            0.02732871447071339,
            0.003265484647812918,
            0.8664392736414364
        ],
        [
            0.08775282012087098,
            0.12444254221884243,
            56.041456914421204
        ],
        [
            0.9505006187421531,
            0.003377962414887685,
            195.88119696292836
        ],
        [
            0.035936964713943996,
            0.04452491503810218,
            83.55697170532747
        ],
        [
            0.05427449679267199,
            0.014024507990591125,
            177.61115702479668
        ],
        [
            0.09271994308751164,
            0.04898191490596948,
            18.24777448071208
        ],
        [
            0.6868563685639689,
            0.002166305322242378,
            225.9399124552328
        ],
        [
            0.6677734819194497,
            0.029386878895582787,
            143.8421457412036
        ],
        [
            0.05167260451271157,
            0.01716198326328764,
            162.34675440553482
        ]
    ]
}