{
    "rgb_colors": [
        [
            0.008496839339955709,
            0.008537886872998945,
            0.008548148756259755
        ],
        [
            157.93312101910828,
            158.07324840764332,
            158.94267515923568
        ],
        [
            136.36842105263156,
            136.55502392344496,
            136.7177033492823
        ],
        [
            38.117886178861795,
            37.394308943089435,
            36.71544715447155
        ],
        [
            180.97841726618705,
            181.0431654676259,
            181.68345323741008
        ],
        [
            86.6774193548387,
            86.79354838709678,
            86.34838709677419
        ],
        [
            16.59433962264151,
            16.617924528301884,
            16.62735849056604
        ],
        [
            60.81707317073171,
            60.451219512195124,
            59.77439024390244
        ],
        [
            217.43564356435644,
            217.21782178217822,
            217.7029702970297
        ],
        [
            111.6686046511628,
            111.8546511627907,
            111.50581395348837
        ]
    ],
    "hex_colors": [
        "#000000",
        "#9d9e9e",
        "#888888",
        "#262524",
        "#b4b5b5",
        "#565656",
        "#101010",
        "#3c3c3b",
        "#d9d9d9",
        "#6f6f6f"
    ],
    "hsl_color_values": [
        [
            0.5333333333333333,
            0.006002400960380178,
            0.008548148756259755
        ],
        [
            0.6435331230283907,
            0.006351687104271882,
            158.94267515923568
        ],
        [
            0.5776255707762558,
            0.0025547700706937105,
            136.7177033492823
        ],
        [
            0.08067632850241535,
            0.03679215100778509,
            38.117886178861795
        ],
        [
            0.6513605442176879,
            0.003880573374514953,
            181.68345323741008
        ],
        [
            0.21014492753623423,
            0.0051289675165391456,
            86.79354838709678
        ],
        [
            0.547619047619063,
            0.0019858156028369155,
            16.62735849056604
        ],
        [
            0.108187134502924,
            0.017144575897333127,
            60.81707317073171
        ],
        [
            0.7414965986394559,
            0.0022284882663271017,
            217.7029702970297
        ],
        [
            0.2555555555555542,
            0.0031186652112896213,
            111.8546511627907
        ]
    ]
}