{
    "rgb_colors": [
        [
            51.75223880597015,
            50.332338308457715,
            47.29751243781096
        ],
        [
            219.4055838836412,
            218.12622251943492,
            218.46902950764957
        ],
        [
            173.0999495628783,
            170.635507733692,
            168.45536314727565
        ],
        [
            139.01458128078818,
            137.15231527093596,
            134.36551724137973
        ],
        [
            197.4287554150568,
            195.46733403582718,
            195.5873434024105
        ],
        [
            0.13810011779690967,
            0.1342884779298288,
            0.12513288064782557
        ],
        [
            161.22037177222643,
            158.47085541256624,
            153.7921608209263
        ],
        [
            208.0375287756304,
            206.48964077306064,
            207.01365169440845
        ],
        [
            111.00901408450704,
            108.76112676056339,
            104.97464788732387
        ],
        [
            187.76596242301395,
            184.9918921025961,
            181.96710064707554
        ]
    ],
    "hex_colors": [
        "#33322f",
        "#dbdada",
        "#adaaa8",
        "#8b8986",
        "#c5c3c3",
        "#000000",
        "#a19e99",
        "#d0cecf",
        "#6f6c68",
        "#bbb8b5"
    ],
    "hsl_color_values": [
        [
            0.11354329536147707,
            0.08607794505008534,
            51.75223880597015
        ],
        [
            0.9553413917019291,
            0.00583103374836981,
            219.4055838836412
        ],
        [
            0.0782324621733294,
            0.02683181842242829,
            173.0999495628783
        ],
        [
            0.09990534316633552,
            0.03344299566689372,
            139.01458128078818
        ],
        [
            0.9898025170373752,
            0.009934831302087178,
            197.4287554150568
        ],
        [
            0.1176760217145908,
            0.09389736486795576,
            0.13810011779690967
        ],
        [
            0.10497580602547464,
            0.04607489034819221,
            161.22037177222643
        ],
        [
            0.9435778600176644,
            0.007440426790683304,
            208.0375287756304
        ],
        [
            0.10458096038340736,
            0.054359245030222825,
            111.00901408450704
        ],
        [
            0.0869363555698557,
            0.03088345566527267,
            187.76596242301395
        ]
    ]
}