{
    "rgb_colors": [
        [
            0.03928862820136203,
            0.03738296427298238,
            0.03430195073801734
        ],
        [
            149.5828303152268,
            143.81377151799876,
            141.04828973843058
        ],
        [
            80.15778688524634,
            76.97950819672172,
            73.5829918032787
        ],
        [
            190.47705360585908,
            181.35210181256974,
            172.26918627072888
        ],
        [
            135.39133289559905,
            127.31680892974234,
            117.65955351280367
        ],
        [
            38.155395683453335,
            36.43741007194254,
            34.156834532374106
        ],
        [
            210.57488653555052,
            201.5975794251121,
            192.77105395864854
        ],
        [
            239.74777687954514,
            229.32174616006276,
            212.01535974130962
        ],
        [
            114.74525243168108,
            107.99536822603079,
            99.1861973135711
        ],
        [
            164.57812873893502,
            159.36061258674536,
            160.90069394592007
        ]
    ],
    "hex_colors": [
        "#000000",
        "#958f8d",
        "#504c49",
        "#beb5ac",
        "#877f75",
        "#262422",
        "#d2c9c0",
        "#efe5d4",
        "#726b63",
        "#a49fa0"
    ],
    "hsl_color_values": [
        [
            0.10297482835055616,
            0.12692419388600126,
            0.03928862820136203
        ],
        [
            0.054005675616701075,
            0.05705561633518204,
            149.5828303152268
        ],
        [
            0.08609942340658087,
            0.08202316128537948,
            80.15778688524634
        ],
        [
            0.08314094281941076,
            0.09559087034602329,
            190.47705360585908
        ],
        [
            0.09077163293896322,
            0.13096687212961,
            135.39133289559905
        ],
        [
            0.09505817440326396,
            0.10479674183573638,
            38.155395683453335
        ],
        [
            0.0826275787187787,
            0.08454869842181409,
            210.57488653555052
        ],
        [
            0.10400816207549575,
            0.11567330258152479,
            239.74777687954514
        ],
        [
            0.09436274509804311,
            0.13559650432922082,
            114.74525243168108
        ],
        [
            0.9508041337981492,
            0.03170236648191594,
            164.57812873893502
        ]
    ]
}