{
    "rgb_colors": [
        [
            1.46698015220408,
            1.3041376314785538,
            1.2167016033085964
        ],
        [
            123.73974507532003,
            83.52097334878306,
            40.75990730011588
        ],
        [
            99.00561465720997,
            96.77659574468026,
            91.34426713947991
        ],
        [
            74.45531549226541,
            67.7402406088867,
            34.237417137245274
        ],
        [
            189.1598786828436,
            187.1988734835367,
            183.93327556325823
        ],
        [
            205.44316044072798,
            193.12534264981505,
            108.13662993818866
        ],
        [
            142.4564297800345,
            140.50000000000082,
            136.43231810490693
        ],
        [
            39.11713995943213,
            35.3945233265719,
            27.796906693711968
        ],
        [
            14.603571114430515,
            13.741050224292103,
            13.255724631307356
        ],
        [
            165.57347987945207,
            148.74561248005628,
            79.20244637475625
        ]
    ],
    "hex_colors": [
        "#010101",
        "#7b5328",
        "#63605b",
        "#4a4322",
        "#bdbbb7",
        "#cdc16c",
        "#8e8c88",
        "#27231b",
        "#0e0d0d",
        "#a5944f"
    ],
    "hsl_color_values": [
        [
            0.0582258105058181,
            0.170607999378485,
            1.46698015220408
        ],
        [
            0.08588645787367588,
            0.6705997149476473,
            123.73974507532003
        ],
        [
            0.1181760909254483,
            0.07738295998925082,
            99.00561465720997
        ],
        [
            0.13883877925817192,
            0.540161546413675,
            74.45531549226541
        ],
        [
            0.10413385282821801,
            0.027630611501652535,
            189.1598786828436
        ],
        [
            0.14556870313619996,
            0.4736421027294946,
            205.44316044072798
        ],
        [
            0.11253891346582505,
            0.04228739751816996,
            142.4564297800345
        ],
        [
            0.111858952822509,
            0.2893931733623733,
            39.11713995943213
        ],
        [
            0.060012471630569254,
            0.09229567703418005,
            14.603571114430515
        ],
        [
            0.13419461611034814,
            0.5216477516059901,
            165.57347987945207
        ]
    ]
}