{
    "rgb_colors": [
        [
            0.05918073568872728,
            0.055910386856311334,
            0.04725234794275579
        ],
        [
            218.13969837850095,
            190.96711645310143,
            110.83376800090713
        ],
        [
            181.71909614532564,
            157.9222419140427,
            83.95502879929109
        ],
        [
            221.70929866862355,
            191.05367438934016,
            96.47237655938777
        ],
        [
            81.67872648335745,
            74.986975397974,
            57.845151953690305
        ],
        [
            36.773087071240106,
            34.288918205804734,
            27.907651715039577
        ],
        [
            209.5555994079921,
            181.89580661075382,
            96.76635421805624
        ],
        [
            195.69615214506857,
            170.07253427687246,
            88.47162022703819
        ],
        [
            132.7819083023544,
            118.97893432465929,
            81.38785625774474
        ],
        [
            231.0502705533252,
            201.26671321346632,
            113.0811659975563
        ]
    ],
    "hex_colors": [
        "#000000",
        "#dabe6e",
        "#b59d53",
        "#ddbf60",
        "#514a39",
        "#24221b",
        "#d1b560",
        "#c3aa58",
        "#847651",
        "#e7c971"
    ],
    "hsl_color_values": [
        [
            0.12097246638213359,
            0.20155862557557908,
            0.05918073568872728
        ],
        [
            0.12446244143608343,
            0.4919138110817591,
            218.13969837850095
        ],
        [
            0.12609815842485647,
            0.5379955624908568,
            181.71909614532564
        ],
        [
            0.12586982634862195,
            0.5648699574681366,
            221.70929866862355
        ],
        [
            0.1198716781022936,
            0.2917965981573352,
            81.67872648335745
        ],
        [
            0.11996527777777749,
            0.24108488196885988,
            36.773087071240106
        ],
        [
            0.12579428155190464,
            0.5382306438414085,
            209.5555994079921
        ],
        [
            0.126838066796467,
            0.5479133378082232,
            195.69615214506857
        ],
        [
            0.12190476190476211,
            0.3870561336381876,
            132.7819083023544
        ],
        [
            0.12458847812736858,
            0.5105776516653862,
            231.0502705533252
        ]
    ]
}