{
    "rgb_colors": [
        [
            33.06249176005274,
            29.45023071852188,
            28.899802241265654
        ],
        [
            93.25021558872305,
            42.66666666666589,
            46.78918739635158
        ],
        [
            0.35768097373478724,
            0.30696989109198114,
            0.2909673286354888
        ],
        [
            188.59900724443253,
            184.7369868526921,
            179.62342366514622
        ],
        [
            212.92103305345947,
            214.40567541715103,
            210.47103836752046
        ],
        [
            160.40383953760409,
            153.23780361935258,
            148.32849377279297
        ],
        [
            130.3756695708293,
            124.69506292352702,
            119.06673120361407
        ],
        [
            99.38280382137303,
            92.98429978523178,
            89.07324298304081
        ],
        [
            51.40981943599107,
            61.58693446946662,
            65.4579022114019
        ],
        [
            157.60101819553125,
            70.17337607240502,
            73.12793438295465
        ]
    ],
    "hex_colors": [
        "#211d1c",
        "#5d2a2e",
        "#000000",
        "#bcb8b3",
        "#d4d6d2",
        "#a09994",
        "#827c77",
        "#635c59",
        "#333d41",
        "#9d4649"
    ],
    "hsl_color_values": [
        [
            0.022038174869557597,
            0.1259036841202813,
            33.06249176005274
        ],
        [
            0.9864167935440895,
            0.5424496726651465,
            93.25021558872305
        ],
        [
            0.03997823441934475,
            0.1865171759143252,
            0.35768097373478724
        ],
        [
            0.0949532165490028,
            0.047590831523591004,
            188.59900724443253
        ],
        [
            0.22955439705385108,
            0.018351366128603056,
            214.40567541715103
        ],
        [
            0.06775941026420235,
            0.07528090225034949,
            160.40383953760409
        ],
        [
            0.08294812971760403,
            0.0867411719106947,
            130.3756695708293
        ],
        [
            0.06322701913174904,
            0.10373586216044216,
            99.38280382137303
        ],
        [
            0.5459252198778192,
            0.2146124807061697,
            65.4579022114019
        ],
        [
            0.994367612197546,
            0.5547403381281278,
            157.60101819553125
        ]
    ]
}