{
    "rgb_colors": [
        [
            0.18097949690159965,
            0.18312556645821587,
            0.1827322628783179
        ],
        [
            176.3401290025305,
            148.14604929740034,
            118.92340474545148
        ],
        [
            89.15607476635469,
            81.30168224299081,
            85.60747663551496
        ],
        [
            169.93050847457587,
            80.42033898305068,
            176.86355932203486
        ],
        [
            231.05798221878752,
            222.43022806339272,
            205.70545032856413
        ],
        [
            48.47173171093496,
            47.008013058317474,
            55.642083395162715
        ],
        [
            164.90404721753623,
            164.30674536256666,
            163.26762225970054
        ],
        [
            203.92618190542566,
            172.44751619871835,
            134.02188624909687
        ],
        [
            126.01023148740356,
            115.36769407852495,
            114.37127509911569
        ],
        [
            220.22559431019806,
            193.94139711615648,
            155.9610288386705
        ]
    ],
    "hex_colors": [
        "#000000",
        "#b09476",
        "#595155",
        "#a950b0",
        "#e7decd",
        "#302f37",
        "#a4a4a3",
        "#cbac86",
        "#7e7372",
        "#dcc19b"
    ],
    "hsl_color_values": [
        [
            0.4694555116130448,
            0.01171911491182144,
            0.18312556645821587
        ],
        [
            0.08482616905922942,
            0.32560214502426205,
            176.3401290025305
        ],
        [
            0.9086329850947306,
            0.0880971099720054,
            89.15607476635469
        ],
        [
            0.8213521026100638,
            0.5452972941892424,
            176.86355932203486
        ],
        [
            0.10994810963553843,
            0.10972367908163076,
            231.05798221878752
        ],
        [
            0.6949213714874659,
            0.1551715861450984,
            55.642083395162715
        ],
        [
            0.10583264633171692,
            0.009923497848885212,
            164.90404721753623
        ],
        [
            0.09161485139276178,
            0.3427921564713458,
            203.92618190542566
        ],
        [
            0.014268446788636183,
            0.09236516948587098,
            126.01023148740356
        ],
        [
            0.09850002615182285,
            0.2918124284001609,
            220.22559431019806
        ]
    ]
}