{
    "rgb_colors": [
        [
            0.01841411607395793,
            0.016526032744456742,
            0.013715122167845095
        ],
        [
            22.492621222768992,
            92.71398453970485,
            182.20730850316394
        ],
        [
            41.70703124999998,
            55.48828125,
            76.6542968750001
        ],
        [
            31.73620129870176,
            114.03896103896105,
            214.93831168831406
        ],
        [
            12.497404844290713,
            76.19290657439447,
            158.20242214532794
        ],
        [
            25.759183673469444,
            26.583673469387758,
            28.412244897959162
        ],
        [
            46.040421792618545,
            127.29349736379613,
            228.28939660222775
        ],
        [
            53.15987460815057,
            82.7962382445141,
            125.16927899686526
        ],
        [
            57.95141700404868,
            111.21457489878543,
            182.04453441295536
        ],
        [
            6.3892893923789815,
            59.81359423274974,
            129.92173017507685
        ]
    ],
    "hex_colors": [
        "#000000",
        "#165cb6",
        "#29374c",
        "#1f72d6",
        "#0c4c9e",
        "#191a1c",
        "#2e7fe4",
        "#35527d",
        "#396fb6",
        "#063b81"
    ],
    "hsl_color_values": [
        [
            0.09969902184646322,
            0.2551843318050093,
            0.01841411607395793
        ],
        [
            0.5933887436897028,
            0.876554780334849,
            182.20730850316394
        ],
        [
            0.6009426405111871,
            0.4559074578948719,
            76.6542968750001
        ],
        [
            0.5917923838638943,
            0.852347396565006,
            214.93831168831406
        ],
        [
            0.5938077002998186,
            0.921003707308537,
            158.20242214532794
        ],
        [
            0.6148717948717968,
            0.09337738830627518,
            28.412244897959162
        ],
        [
            0.5923607383287427,
            0.7983243090661826,
            228.28939660222775
        ],
        [
            0.5980729325381279,
            0.5752961506674342,
            125.16927899686526
        ],
        [
            0.5951301208225942,
            0.6816635160680522,
            182.04453441295536
        ],
        [
            0.5945880227872723,
            0.9508220111926692,
            129.92173017507685
        ]
    ]
}