{
    "rgb_colors": [
        [
            18.00135961930663,
            13.945615227736015,
            10.158735554044965
        ],
        [
            37.29452852153648,
            31.132712456344453,
            25.338766006984894
        ],
        [
            1.3689809504530523,
            1.1413759755302568,
            0.7623192317206944
        ],
        [
            26.153603034133983,
            21.350189633375344,
            16.842604298356644
        ],
        [
            70.03797468354406,
            57.40084388185638,
            47.34599156118149
        ],
        [
            52.7096774193549,
            43.66223908918391,
            35.69449715370033
        ],
        [
            3.780801749884205,
            2.871871450805446,
            2.1839061119757948
        ],
        [
            7.072738083440786,
            5.5513824199782205,
            4.197800019819767
        ],
        [
            0.10441674582814464,
            -6.308287225920139e-13,
            2.2515322939398175e-13
        ],
        [
            11.145762283693513,
            8.659972211696378,
            6.481369205507076
        ]
    ],
    "hex_colors": [
        "#120d0a",
        "#251f19",
        "#010100",
        "#1a1510",
        "#46392f",
        "#342b23",
        "#030202",
        "#070504",
        "#000000",
        "#0b0806"
    ],
    "hsl_color_values": [
        [
            0.08047645877576358,
            0.4356684290030169,
            18.00135961930663
        ],
        [
            0.08076923076923002,
            0.32057685104257283,
            37.29452852153648
        ],
        [
            0.1041373174168122,
            0.4431484006637116,
            1.3689809504530523
        ],
        [
            0.08068567549218945,
            0.35601208459213934,
            26.153603034133983
        ],
        [
            0.0738502541217299,
            0.32399542141092524,
            70.03797468354406
        ],
        [
            0.07804542582059902,
            0.32280941752465786,
            52.7096774193549
        ],
        [
            0.07180236897329306,
            0.42236957755251736,
            3.780801749884205
        ],
        [
            0.07847023542793591,
            0.4064816241890867,
            7.072738083440786
        ],
        [
            0.9999999999986338,
            1.0000000000060414,
            0.10441674582814464
        ],
        [
            0.07784517619872795,
            0.4184902709624933,
            11.145762283693513
        ]
    ]
}