{
    "rgb_colors": [
        [
            0.010149404273256168,
            0.00863119628452913,
            0.007018428628039808
        ],
        [
            106.11764705882345,
            82.29411764705894,
            59.53921568627446
        ],
        [
            44.0630769230762,
            35.41076923076893,
            27.73307692307664
        ],
        [
            32.43487858719683,
            26.289183222958226,
            20.800220750551983
        ],
        [
            66.74162679425828,
            44.30303030303063,
            24.04306220095714
        ],
        [
            7.978547854785466,
            6.390264026402597,
            4.898514851485178
        ],
        [
            49.55730337078663,
            28.382022471909995,
            10.393258426966325
        ],
        [
            55.69191049913988,
            44.95697074010355,
            35.34595524956967
        ],
        [
            19.92953523238371,
            15.754122938530761,
            12.07796101949016
        ],
        [
            78.24757281553445,
            59.966019417475955,
            43.320388349514694
        ]
    ],
    "hex_colors": [
        "#000000",
        "#6a523b",
        "#2c231b",
        "#201a14",
        "#422c18",
        "#070604",
        "#311c0a",
        "#372c23",
        "#130f0c",
        "#4e3b2b"
    ],
    "hsl_color_values": [
        [
            0.08585011187345486,
            0.3084886128210035,
            0.010149404273256168
        ],
        [
            0.0814214551322535,
            0.43893200295639323,
            106.11764705882345
        ],
        [
            0.07835979085213812,
            0.37060507663838166,
            44.0630769230762
        ],
        [
            0.07862947854409684,
            0.3587082284080893,
            32.43487858719683
        ],
        [
            0.07908137855470994,
            0.6397591225177397,
            66.74162679425828
        ],
        [
            0.08072149299044272,
            0.38603929679420423,
            7.978547854785466
        ],
        [
            0.07655305638436154,
            0.7902779667165463,
            49.55730337078663
        ],
        [
            0.07872994388517675,
            0.36533053126062964,
            55.69191049913988
        ],
        [
            0.07803449812233727,
            0.3939667494169881,
            19.92953523238371
        ],
        [
            0.0794301598332172,
            0.44636764067249995,
            78.24757281553445
        ]
    ]
}