{
    "rgb_colors": [
        [
            0.02690019229806362,
            0.022484299341720693,
            0.016145442147676103
        ],
        [
            127.54457831325331,
            117.18313253012029,
            106.18313253012037
        ],
        [
            58.418269230769624,
            49.39134615384593,
            40.20384615384614
        ],
        [
            160.65217391304375,
            148.32608695652152,
            134.7173913043477
        ],
        [
            33.221506761107726,
            26.687057308435357,
            19.978106889890693
        ],
        [
            91.38959537572256,
            79.90867052023106,
            67.95953757225402
        ],
        [
            11.39561707035755,
            9.37024221453285,
            7.3148788927335495
        ],
        [
            40.6970134874759,
            36.0684007707126,
            32.07369942196495
        ],
        [
            107.50537634408603,
            96.49999999999974,
            84.88172043010718
        ],
        [
            75.26834170854293,
            64.55276381909503,
            53.66532663316555
        ]
    ],
    "hex_colors": [
        "#000000",
        "#7f756a",
        "#3a3128",
        "#a09486",
        "#211a13",
        "#5b4f43",
        "#0b0907",
        "#282420",
        "#6b6054",
        "#4b4035"
    ],
    "hsl_color_values": [
        [
            0.09823344886997347,
            0.3998019802691776,
            0.02690019229806362
        ],
        [
            0.08582440308328404,
            0.16748219379947757,
            127.54457831325331
        ],
        [
            0.08406799345404253,
            0.3117932680437872,
            58.418269230769624
        ],
        [
            0.08745459625593548,
            0.1614343707713148,
            160.65217391304375
        ],
        [
            0.08443137064228971,
            0.3986393502994579,
            33.221506761107726
        ],
        [
            0.08499860199667758,
            0.2563755502707115,
            91.38959537572256
        ],
        [
            0.08394573205200624,
            0.3580971659919039,
            11.39561707035755
        ],
        [
            0.07720738837373643,
            0.21189058671749184,
            40.6970134874759
        ],
        [
            0.08559093789607031,
            0.21044208841768683,
            107.50537634408603
        ],
        [
            0.08399627820423033,
            0.28701329915078294,
            75.26834170854293
        ]
    ]
}