{
    "rgb_colors": [
        [
            0.042379044521133835,
            0.03949647613406171,
            0.03545030214077016
        ],
        [
            102.67429214325895,
            69.75717232327085,
            40.73129570598162
        ],
        [
            178.22792577072732,
            141.3882071236158,
            97.7898832684825
        ],
        [
            232.87171945701357,
            199.78506787330076,
            150.9183257918552
        ],
        [
            40.066232356134634,
            32.08903365906623,
            22.675352877307276
        ],
        [
            130.40446140299383,
            97.16935720575222,
            62.572351041972404
        ],
        [
            212.2372017604818,
            176.96270558257726,
            130.39356034283065
        ],
        [
            195.5431392931393,
            159.34164934164474,
            114.03274428274429
        ],
        [
            158.94771108850458,
            122.76236012207686,
            80.95768056968464
        ],
        [
            71.7931574006467,
            50.890163763428724,
            28.836445186189632
        ]
    ],
    "hex_colors": [
        "#000000",
        "#664528",
        "#b28d61",
        "#e8c796",
        "#282016",
        "#82613e",
        "#d4b082",
        "#c39f72",
        "#9e7a50",
        "#47321c"
    ],
    "hsl_color_values": [
        [
            0.09732824446272198,
            0.16349453978152825,
            0.042379044521133835
        ],
        [
            0.07809835463449166,
            0.6032960651031298,
            102.67429214325895
        ],
        [
            0.09033520810735914,
            0.4513212065640064,
            178.22792577072732
        ],
        [
            0.09937913061722044,
            0.35192505923969164,
            232.87171945701357
        ],
        [
            0.09021664481488419,
            0.43405327768895147,
            40.066232356134634
        ],
        [
            0.08500646173728266,
            0.5201670988187842,
            130.40446140299383
        ],
        [
            0.09483356400306148,
            0.38562344743884713,
            212.2372017604818
        ],
        [
            0.09264443112464821,
            0.41684098611203396,
            195.5431392931393
        ],
        [
            0.08933765695070527,
            0.4906646971178708,
            158.94771108850458
        ],
        [
            0.08556566770108054,
            0.5983399222120035,
            71.7931574006467
        ]
    ]
}