{
    "rgb_colors": [
        [
            33.769281045752194,
            32.642483660130765,
            31.177777777777678
        ],
        [
            176.27951388888746,
            148.60879629629488,
            114.67650462963087
        ],
        [
            117.93350888742533,
            86.70947485694089,
            55.604800729224436
        ],
        [
            159.86914600550855,
            125.9118457300269,
            86.4922865013776
        ],
        [
            0.21351542658959488,
            0.21166257233215902,
            0.2083524170433293
        ],
        [
            149.06713576159464,
            112.63073261589292,
            70.97766970198846
        ],
        [
            87.38034001743739,
            58.19812554489957,
            33.347863993025115
        ],
        [
            129.88678729141537,
            96.42584704365112,
            59.731134471843326
        ],
        [
            142.14972774335516,
            105.70687481558792,
            65.07301306295352
        ],
        [
            108.77779581236781,
            73.68998539198189,
            41.48206459990257
        ]
    ],
    "hex_colors": [
        "#21201f",
        "#b09472",
        "#755637",
        "#9f7d56",
        "#000000",
        "#957046",
        "#573a21",
        "#81603b",
        "#8e6941",
        "#6c4929"
    ],
    "hsl_color_values": [
        [
            0.09419924337955661,
            0.0767414403778223,
            33.769281045752194
        ],
        [
            0.09180366369187092,
            0.34946210084335844,
            176.27951388888746
        ],
        [
            0.0831737494295766,
            0.5285071965228934,
            117.93350888742533
        ],
        [
            0.0895367638041029,
            0.4589807435488686,
            159.86914600550855
        ],
        [
            0.10685483789921073,
            0.024180967289963443,
            0.21351542658959488
        ],
        [
            0.08890030246868896,
            0.5238543402651532,
            149.06713576159464
        ],
        [
            0.07665223886416915,
            0.6183596448998676,
            87.38034001743739
        ],
        [
            0.08717452098070205,
            0.5401292485753003,
            129.88678729141537
        ],
        [
            0.08786454275051937,
            0.5422220352019255,
            142.14972774335516
        ],
        [
            0.07976712195506348,
            0.6186531976483922,
            108.77779581236781
        ]
    ]
}