{
    "rgb_colors": [
        [
            0.0493174539022192,
            0.045362107039089494,
            0.04034329425737759
        ],
        [
            209.23046875000037,
            187.57812500000023,
            166.26171875
        ],
        [
            93.2164268585127,
            68.41486810551623,
            44.85791366906449
        ],
        [
            208.65656565656576,
            89.90014430014264,
            51.113131313130445
        ],
        [
            159.57389046270308,
            131.93720491029475,
            102.94357884796942
        ],
        [
            53.900662251655646,
            42.564017660044286,
            29.63134657836652
        ],
        [
            168.5981387478847,
            69.75549915397605,
            34.12944162436539
        ],
        [
            156.83703852731531,
            121.88381450558295,
            86.40156925862841
        ],
        [
            121.1513015184367,
            94.2136659435999,
            66.27277657266774
        ],
        [
            148.38343483557216,
            112.87543645959813,
            76.22143727162322
        ]
    ],
    "hex_colors": [
        "#000000",
        "#d1bba6",
        "#5d442c",
        "#d05933",
        "#9f8366",
        "#352a1d",
        "#a84522",
        "#9c7956",
        "#795e42",
        "#94704c"
    ],
    "hsl_color_values": [
        [
            0.09320859334531566,
            0.18196721312163652,
            0.0493174539022192
        ],
        [
            0.08268181818181836,
            0.20536564419468803,
            209.23046875000037
        ],
        [
            0.08118858115759113,
            0.5187767308743612,
            93.2164268585127
        ],
        [
            0.04103314232956101,
            0.7550370334511346,
            208.65656565656576
        ],
        [
            0.08533011513802673,
            0.354884570718477,
            159.57389046270308
        ],
        [
            0.08881359529440364,
            0.450260064709013,
            53.900662251655646
        ],
        [
            0.044156568643488235,
            0.7975692858899155,
            168.5981387478847
        ],
        [
            0.08395922682931727,
            0.4490997147744511,
            156.83703852731531
        ],
        [
            0.08485677958285565,
            0.45297511671731894,
            121.1513015184367
        ],
        [
            0.08465674552937337,
            0.4863211155875565,
            148.38343483557216
        ]
    ]
}