{
    "rgb_colors": [
        [
            0.049059944152411106,
            0.05069319768345437,
            0.051029822461600816
        ],
        [
            52.44237435008599,
            102.10160311958123,
            50.44844020797227
        ],
        [
            157.90294301815516,
            165.43498225840372,
            158.86349405134627
        ],
        [
            62.00202702702687,
            68.27567567567588,
            68.34358108108108
        ],
        [
            126.52759009008975,
            139.40990990991244,
            124.42088963963964
        ],
        [
            79.37452264047994,
            123.06301145662665,
            73.62493180578286
        ],
        [
            207.21525148728608,
            212.688750676045,
            209.7585181179016
        ],
        [
            34.57659873506691,
            57.975052705551356,
            36.43569922698524
        ],
        [
            182.45671563484834,
            188.707896117512,
            181.35191500524658
        ],
        [
            201.56457564575916,
            159.031980319803,
            70.71135711357113
        ]
    ],
    "hex_colors": [
        "#000000",
        "#346632",
        "#9da59e",
        "#3e4444",
        "#7e8b7c",
        "#4f7b49",
        "#cfd4d1",
        "#223924",
        "#b6bcb5",
        "#c99f46"
    ],
    "hsl_color_values": [
        [
            0.5284810129789955,
            0.03860249191876013,
            0.051029822461600816
        ],
        [
            0.3268996061753733,
            0.505899626777778,
            102.10160311958123
        ],
        [
            0.35458811358058834,
            0.04552869736150351,
            165.43498225840372
        ],
        [
            0.5017846678386819,
            0.09278931472043814,
            68.34358108108108
        ],
        [
            0.3099084039243017,
            0.10751760961583579,
            139.40990990991244
        ],
        [
            0.3139501949532846,
            0.40172980545229187,
            123.06301145662665
        ],
        [
            0.41077515933008885,
            0.025734784615364232,
            212.688750676045
        ],
        [
            0.34657566474451307,
            0.4035952168827256,
            57.975052705551356
        ],
        [
            0.3083015346572963,
            0.03898078068595877,
            188.707896117512
        ],
        [
            0.11249325032142314,
            0.6491875772961058,
            201.56457564575916
        ]
    ]
}