{
    "rgb_colors": [
        [
            45.90253539677313,
            26.342113928218318,
            29.524530786960792
        ],
        [
            176.6533567721413,
            130.72414755287346,
            83.80498353702896
        ],
        [
            124.22340425531915,
            96.70384351406958,
            111.53019903912131
        ],
        [
            79.3524699599466,
            52.56875834445898,
            40.97089452603468
        ],
        [
            156.434989267096,
            117.49269140345544,
            74.8620566288466
        ],
        [
            167.46089750946862,
            125.2691839779601,
            80.51295764949047
        ],
        [
            166.0562843842573,
            155.96953025814702,
            153.78459585272927
        ],
        [
            0.13808263733841386,
            0.12897268392603678,
            0.12461754732564856
        ],
        [
            140.54949421965318,
            105.75457610789992,
            66.8648843930637
        ],
        [
            106.3255616786774,
            78.90419669351422,
            56.69266638406096
        ]
    ],
    "hex_colors": [
        "#2d1a1d",
        "#b08253",
        "#7c606f",
        "#4f3428",
        "#9c754a",
        "#a77d50",
        "#a69b99",
        "#000000",
        "#8c6942",
        "#6a4e38"
    ],
    "hsl_color_values": [
        [
            0.972883876216927,
            0.42612943488803184,
            45.90253539677313
        ],
        [
            0.08422183821687239,
            0.5255964275554302,
            176.6533567721413
        ],
        [
            0.9102071694599626,
            0.22153281747687423,
            124.22340425531915
        ],
        [
            0.05036211466616455,
            0.48368469756877314,
            79.3524699599466
        ],
        [
            0.08710126712345963,
            0.5214494086036746,
            156.434989267096
        ],
        [
            0.08579123400459614,
            0.5192133874420559,
            167.46089750946862
        ],
        [
            0.029674460307618944,
            0.07390077754077122,
            166.0562843842573
        ],
        [
            0.05390651673153098,
            0.09751472214254547,
            0.13808263733841386
        ],
        [
            0.08796430219363272,
            0.5242609390783997,
            140.54949421965318
        ],
        [
            0.07458605217906256,
            0.46680115779317677,
            106.3255616786774
        ]
    ]
}