{
    "rgb_colors": [
        [
            58.80008193363394,
            46.999590331831165,
            50.39532978287587
        ],
        [
            251.79774072081887,
            252.02001075846704,
            246.81409359870898
        ],
        [
            160.9988002399514,
            113.47390521895593,
            158.27384523095378
        ],
        [
            181.56660062398964,
            141.91726446675574,
            103.03976224636196
        ],
        [
            123.05047468354431,
            95.62832278481008,
            77.85901898734177
        ],
        [
            193.01518662584218,
            158.231896052305,
            122.1779359430605
        ],
        [
            0.23095192400101894,
            0.22965646292553288,
            0.22589002974763162
        ],
        [
            215.41766766766705,
            205.83308308308315,
            204.26926926926927
        ],
        [
            122.51336497626771,
            57.08668498625992,
            130.9680239820135
        ],
        [
            156.90015214910514,
            124.34842145302807,
            94.14409788259161
        ]
    ],
    "hex_colors": [
        "#3a2e32",
        "#fbfcf6",
        "#a0719e",
        "#b58d67",
        "#7b5f4d",
        "#c19e7a",
        "#000000",
        "#d7cdcc",
        "#7a3982",
        "#9c7c5e"
    ],
    "hsl_color_values": [
        [
            0.95203957646242,
            0.20068835303871976,
            58.80008193363394
        ],
        [
            0.173782608994957,
            0.02065676112024036,
            252.02001075846704
        ],
        [
            0.8428895705005197,
            0.29518788307841254,
            160.9988002399514
        ],
        [
            0.08251425674670991,
            0.43249605438310035,
            181.56660062398964
        ],
        [
            0.06553341969818967,
            0.36725949909924277,
            123.05047468354431
        ],
        [
            0.08482815600015016,
            0.3670035084860908,
            193.01518662584218
        ],
        [
            0.1240126386606107,
            0.02191752363736528,
            0.23095192400101894
        ],
        [
            0.02337875148712883,
            0.05175247935372148,
            215.41766766766705
        ],
        [
            0.8142607251017479,
            0.5641173833843602,
            130.9680239820135
        ],
        [
            0.08021622753762316,
            0.3999744640583604,
            156.90015214910514
        ]
    ]
}