{
    "rgb_colors": [
        [
            0.0060042570955888275,
            0.005143561014075204,
            0.004117941132511127
        ],
        [
            119.02222222222223,
            114.97777777777779,
            110.37777777777778
        ],
        [
            48.043927648578816,
            41.1266149870801,
            32.70025839793282
        ],
        [
            48.79134860050891,
            47.30788804071247,
            44.42748091603054
        ],
        [
            38.65121951219512,
            33.55609756097561,
            25.929268292682927
        ],
        [
            12.894736842105262,
            11.359649122807017,
            9.179824561403509
        ],
        [
            39.76011560693642,
            41.93063583815029,
            39.2485549132948
        ],
        [
            68.43589743589743,
            63.52564102564102,
            57.8974358974359
        ],
        [
            27.03985507246377,
            23.84057971014493,
            19.083333333333332
        ],
        [
            94.25714285714285,
            90.8,
            86.44285714285714
        ]
    ],
    "hex_colors": [
        "#000000",
        "#77726e",
        "#302920",
        "#302f2c",
        "#262119",
        "#0c0b09",
        "#272927",
        "#443f39",
        "#1b1713",
        "#5e5a56"
    ],
    "hsl_color_values": [
        [
            0.09061930783242013,
            0.3141630901287568,
            0.0060042570955888275
        ],
        [
            0.08868894601542432,
            0.07262882748319642,
            119.02222222222223
        ],
        [
            0.091529134388683,
            0.3193675038993169,
            48.043927648578816
        ],
        [
            0.11000971817298334,
            0.0894393741851369,
            48.79134860050891
        ],
        [
            0.09991692229038855,
            0.32914747270776795,
            38.65121951219512
        ],
        [
            0.09779614325068871,
            0.28809523809523807,
            12.894736842105262
        ],
        [
            0.3015445402298849,
            0.06396470912599944,
            41.93063583815029
        ],
        [
            0.08901054339010543,
            0.1539902585237916,
            68.43589743589743
        ],
        [
            0.09965088038858534,
            0.29425164143106,
            27.03985507246377
        ],
        [
            0.09293113954905552,
            0.0829039102758412,
            94.25714285714285
        ]
    ]
}