{
    "rgb_colors": [
        [
            0.10343907864449653,
            0.09460000106687705,
            0.07610568485618652
        ],
        [
            167.97701149425288,
            137.91379310344826,
            97.63793103448246
        ],
        [
            148.87648221343966,
            118.83498023715414,
            82.20355731225287
        ],
        [
            46.61257801248206,
            42.65338454152664,
            37.03408545367178
        ],
        [
            12.839005235602148,
            10.973167539267017,
            8.731020942408373
        ],
        [
            124.2349602724188,
            98.99886492622021,
            67.46765039727522
        ],
        [
            95.08011869436196,
            77.49258160237389,
            53.40553907022745
        ],
        [
            176.2621951219516,
            157.59756097560975,
            132.31097560975618
        ],
        [
            68.21231422505325,
            58.46390658174098,
            45.61358811040357
        ],
        [
            34.8852295409182,
            29.072854291417162,
            21.632734530938013
        ]
    ],
    "hex_colors": [
        "#000000",
        "#a78961",
        "#947652",
        "#2e2a25",
        "#0c0a08",
        "#7c6243",
        "#5f4d35",
        "#b09d84",
        "#443a2d",
        "#221d15"
    ],
    "hsl_color_values": [
        [
            0.11276997137594265,
            0.26424629981721404,
            0.10343907864449653
        ],
        [
            0.09543263338508072,
            0.41874230190228723,
            167.97701149425288
        ],
        [
            0.09156996131785929,
            0.44784054479202334,
            148.87648221343966
        ],
        [
            0.09777632985833178,
            0.20549158547388913,
            46.61257801248206
        ],
        [
            0.09096702246295896,
            0.3199612600672883,
            12.839005235602148
        ],
        [
            0.09257444879895393,
            0.4569350668335699,
            124.2349602724188
        ],
        [
            0.09632987602750044,
            0.43831013461498464,
            95.08011869436196
        ],
        [
            0.09588882722900383,
            0.24935136818071862,
            176.2621951219516
        ],
        [
            0.09477170236752976,
            0.33129980079681187,
            68.21231422505325
        ],
        [
            0.09356879283078574,
            0.3798884279788338,
            34.8852295409182
        ]
    ]
}