{
    "rgb_colors": [
        [
            0.017525878306225207,
            0.013152457969552445,
            0.011086486399778384
        ],
        [
            26.252077562326868,
            24.47460757156048,
            20.360110803324194
        ],
        [
            11.975950349107835,
            10.569433669511248,
            8.42125678820789
        ],
        [
            43.10130718954248,
            37.05882352941177,
            26.343137254902075
        ],
        [
            21.24075471698113,
            19.600754716981132,
            16.30490566037742
        ],
        [
            3.1677593521018124,
            2.8430389510219825,
            2.0682607018896393
        ],
        [
            57.076530612244895,
            50.147959183673464,
            36.989795918367435
        ],
        [
            16.49611197511664,
            14.931570762052877,
            12.325816485225298
        ],
        [
            7.729831144465291,
            6.700437773608505,
            5.232020012507927
        ],
        [
            32.75432525951557,
            29.826989619377162,
            24.001730103806068
        ]
    ],
    "hex_colors": [
        "#000000",
        "#1a1814",
        "#0b0a08",
        "#2b251a",
        "#151310",
        "#030202",
        "#393224",
        "#100e0c",
        "#070605",
        "#201d18"
    ],
    "hsl_color_values": [
        [
            0.053472222216762046,
            0.36742192282366504,
            0.017525878306225207
        ],
        [
            0.11638719114036385,
            0.2244381133269986,
            26.252077562326868
        ],
        [
            0.10072020951549583,
            0.29681933018073653,
            11.975950349107835
        ],
        [
            0.10657176287051447,
            0.38880885586473307,
            43.10130718954248
        ],
        [
            0.11128950050968339,
            0.2323763501989738,
            21.24075471698113
        ],
        [
            0.11744417163568628,
            0.34709033357684016,
            3.1677593521018124
        ],
        [
            0.10917788502243643,
            0.351926343076784,
            57.076530612244895
        ],
        [
            0.10413947417490521,
            0.25280475157915844,
            16.49611197511664
        ],
        [
            0.09798030378901383,
            0.3231391585760377,
            7.729831144465291
        ],
        [
            0.11092442511695433,
            0.2672195225015894,
            32.75432525951557
        ]
    ]
}