{
    "rgb_colors": [
        [
            0.03554013772664888,
            0.029170710976239356,
            0.013169608242923125
        ],
        [
            52.91312120128709,
            44.37218448337615,
            31.25205577404362
        ],
        [
            138.4426966292135,
            126.67078651685519,
            111.30337078651687
        ],
        [
            120.52428099952853,
            108.22395096652275,
            89.88826025459689
        ],
        [
            18.561842412906245,
            14.014729950900549,
            6.360065466448445
        ],
        [
            90.34343101745142,
            78.33388212051123,
            60.473822851498184
        ],
        [
            34.71271788250484,
            28.138799225305743,
            17.87443511943189
        ],
        [
            105.46083627797408,
            93.24587750294299,
            74.73586572438163
        ],
        [
            173.4638783269962,
            164.68821292775652,
            161.22813688212926
        ],
        [
            72.58792048929664,
            62.1525229357809,
            46.41246177370031
        ]
    ],
    "hex_colors": [
        "#000000",
        "#342c1f",
        "#8a7e6f",
        "#786c59",
        "#120e06",
        "#5a4e3c",
        "#221c11",
        "#695d4a",
        "#ada4a1",
        "#483e2e"
    ],
    "hsl_color_values": [
        [
            0.11921266581968037,
            0.6294440853264273,
            0.03554013772664888
        ],
        [
            0.10095016450445952,
            0.4093703968972553,
            52.91312120128709
        ],
        [
            0.09437360271591393,
            0.19603291833720188,
            138.4426966292135
        ],
        [
            0.09975017569777607,
            0.25418961632346504,
            120.52428099952853
        ],
        [
            0.10455669036350573,
            0.6573580722770158,
            18.561842412906245
        ],
        [
            0.09965569445361731,
            0.33062291114650494,
            90.34343101745142
        ],
        [
            0.1015974951276309,
            0.4850753208108611,
            34.71271788250484
        ],
        [
            0.10040699494609777,
            0.29134009968029706,
            105.46083627797408
        ],
        [
            0.04713072301636465,
            0.07053769097564724,
            173.4638783269962
        ],
        [
            0.10022149202872783,
            0.36060350729369633,
            72.58792048929664
        ]
    ]
}