{
    "rgb_colors": [
        [
            0.023717779070360212,
            0.01399989414127556,
            0.006626792991666797
        ],
        [
            81.8482721382275,
            53.03239740820732,
            26.921166306695458
        ],
        [
            156.75313807531347,
            126.27196652719697,
            100.26778242677834
        ],
        [
            24.24320000000011,
            14.601600000000078,
            5.956799999999994
        ],
        [
            192.28124999999974,
            160.55468750000006,
            132.7421874999998
        ],
        [
            67.06634364517379,
            41.10212448751487,
            16.900484532240032
        ],
        [
            238.54545454545442,
            205.33333333333343,
            175.00000000000006
        ],
        [
            50.598086124402734,
            29.83526999316485,
            10.822966507176918
        ],
        [
            97.64851485148479,
            72.81188118811896,
            51.571782178217624
        ],
        [
            128.18725099601568,
            99.63745019920319,
            74.29880478087632
        ]
    ],
    "hex_colors": [
        "#000000",
        "#51351a",
        "#9c7e64",
        "#180e05",
        "#c0a084",
        "#432910",
        "#eecdaf",
        "#321d0a",
        "#614833",
        "#80634a"
    ],
    "hsl_color_values": [
        [
            0.07190048519982205,
            0.7205980807896043,
            0.023717779070360212
        ],
        [
            0.07922995002867411,
            0.671084488366104,
            81.8482721382275
        ],
        [
            0.07672839506172963,
            0.36034593209480903,
            156.75313807531347
        ],
        [
            0.0787907953451748,
            0.7542898627243942,
            24.24320000000011
        ],
        [
            0.07785504964352963,
            0.30964570128392666,
            192.28124999999974
        ],
        [
            0.08040541377218295,
            0.7480034900716372,
            67.06634364517379
        ],
        [
            0.07955809887140392,
            0.2663871951219506,
            238.54545454545442
        ],
        [
            0.07966581315552716,
            0.7860992907801475,
            50.598086124402734
        ],
        [
            0.07682872235652403,
            0.4718631178707225,
            97.64851485148479
        ],
        [
            0.07836758834836677,
            0.42038850038850056,
            128.18725099601568
        ]
    ]
}