{
    "rgb_colors": [
        [
            0.3935726580647607,
            0.2943765194393557,
            0.25247990346565397
        ],
        [
            17.46826923076907,
            14.213782051282069,
            10.244391025641026
        ],
        [
            61.114624505928596,
            48.44367588932797,
            33.65711462450592
        ],
        [
            7.057464714648855,
            5.704435872709768,
            4.001753309371439
        ],
        [
            86.5688775510206,
            72.39285714285727,
            55.23724489795918
        ],
        [
            41.49862712795146,
            34.209225700164644,
            25.248215266337176
        ],
        [
            3.2867304527323205,
            2.7506485536556617,
            2.0090658037881113
        ],
        [
            27.581013082858153,
            22.7715531700773,
            16.83059376048306
        ],
        [
            122.29761904761901,
            101.82142857142856,
            76.07142857142857
        ],
        [
            11.16169643559667,
            9.225824219057326,
            6.7449051853017545
        ]
    ],
    "hex_colors": [
        "#000000",
        "#110e0a",
        "#3d3021",
        "#070504",
        "#564837",
        "#292219",
        "#030202",
        "#1b1610",
        "#7a654c",
        "#0b0906"
    ],
    "hsl_color_values": [
        [
            0.04949063010918422,
            0.3584922674579964,
            0.3935726580647607
        ],
        [
            0.09158033291183476,
            0.413542870773008,
            17.46826923076907
        ],
        [
            0.08975420160506742,
            0.44927887724744314,
            61.114624505928596
        ],
        [
            0.0928688575540698,
            0.4329757963840495,
            7.057464714648855
        ],
        [
            0.09125820984638777,
            0.3619272137910727,
            86.5688775510206
        ],
        [
            0.09190546994683269,
            0.3915891436964862,
            41.49862712795146
        ],
        [
            0.09673674941234293,
            0.3887342352282228,
            3.2867304527323205
        ],
        [
            0.09210430513516786,
            0.38977608581958045,
            27.581013082858153
        ],
        [
            0.09284058717486482,
            0.3779811155456048,
            122.29761904761901
        ],
        [
            0.09361694546879921,
            0.3957096733260877,
            11.16169643559667
        ]
    ]
}