{
    "rgb_colors": [
        [
            150.47952218430092,
            140.58191126279917,
            130.9692832764505
        ],
        [
            97.55610663360073,
            93.15685058896352,
            87.93924364538127
        ],
        [
            191.6601101494913,
            175.9236821400493,
            157.74508261211645
        ],
        [
            77.56205250596643,
            72.50238663484465,
            67.51789976133651
        ],
        [
            15.875807609475947,
            14.661521895190203,
            14.021177315147165
        ],
        [
            205.71125265394122,
            187.74252074890123,
            169.00077205172747
        ],
        [
            0.02993588744288367,
            0.027053048679947622,
            0.025149707263862453
        ],
        [
            215.5166119021546,
            198.76925885359748,
            181.66849215041987
        ],
        [
            41.216907675194605,
            38.4193548387097,
            36.74193548387097
        ],
        [
            119.80118694362064,
            111.83679525222607,
            103.91889218595449
        ]
    ],
    "hex_colors": [
        "#968c82",
        "#615d57",
        "#bfaf9d",
        "#4d4843",
        "#0f0e0e",
        "#cdbba9",
        "#000000",
        "#d7c6b5",
        "#292624",
        "#776f67"
    ],
    "hsl_color_values": [
        [
            0.0821160966792056,
            0.1296537802928102,
            150.47952218430092
        ],
        [
            0.09042461750042184,
            0.09857776535033616,
            97.55610663360073
        ],
        [
            0.08933404475788681,
            0.1769540229885173,
            191.6601101494913
        ],
        [
            0.0827095956595756,
            0.12949828453620774,
            77.56205250596643
        ],
        [
            0.05754467453712372,
            0.11682116210716681,
            15.875807609475947
        ],
        [
            0.08508809287214643,
            0.17845635631790224,
            205.71125265394122
        ],
        [
            0.06627906963009511,
            0.1598810186654073,
            0.02993588744288367
        ],
        [
            0.08420343005070065,
            0.15705573437235512,
            215.5166119021546
        ],
        [
            0.06247410721683818,
            0.10857127435634359,
            41.216907675194605
        ],
        [
            0.08308941064126062,
            0.1325720985146873,
            119.80118694362064
        ]
    ]
}