{
    "rgb_colors": [
        [
            0.02161157885028686,
            0.01872327248794603,
            0.015850982612508613
        ],
        [
            131.23897581792292,
            118.48506401137911,
            102.07681365576039
        ],
        [
            59.82416953035481,
            52.70561282932342,
            43.05784650629961
        ],
        [
            95.82635186595627,
            84.36633663366337,
            69.88880426504126
        ],
        [
            157.2398190045244,
            143.07918552036162,
            125.71040723981886
        ],
        [
            20.318352059925086,
            17.750936329587994,
            14.876404494382
        ],
        [
            184.61904761904688,
            169.11011904761847,
            150.0416666666663
        ],
        [
            113.54435483871089,
            100.97580645161372,
            84.84516129032276
        ],
        [
            46.66587112171822,
            41.57875894988066,
            33.80966587112198
        ],
        [
            77.4820747520971,
            67.43859649122753,
            54.4813119755908
        ]
    ],
    "hex_colors": [
        "#000000",
        "#837666",
        "#3b342b",
        "#5f5445",
        "#9d8f7d",
        "#14110e",
        "#b8a996",
        "#716454",
        "#2e2921",
        "#4d4336"
    ],
    "hsl_color_values": [
        [
            0.08310163730971722,
            0.266551383297097,
            0.02161157885028686
        ],
        [
            0.093775913370078,
            0.2222065661547165,
            131.23897581792292
        ],
        [
            0.09590421534467079,
            0.28026002125358307,
            59.82416953035481
        ],
        [
            0.09302814971419641,
            0.2706723891273347,
            95.82635186595627
        ],
        [
            0.09181257175660136,
            0.20051798561150924,
            157.2398190045244
        ],
        [
            0.08803624684560658,
            0.26783410138248936,
            20.318352059925086
        ],
        [
            0.09191197566993743,
            0.1872904307454205,
            184.61904761904688
        ],
        [
            0.0936765298189417,
            0.25275755531091937,
            113.54435483871089
        ],
        [
            0.10071781067743361,
            0.27549480898071105,
            46.66587112171822
        ],
        [
            0.09389025226061708,
            0.29685269593124536,
            77.4820747520971
        ]
    ]
}