{
    "rgb_colors": [
        [
            0.11089013739112064,
            0.09893545909812929,
            0.08593667998033361
        ],
        [
            30.045397225724944,
            84.05580075661688,
            172.47446406052964
        ],
        [
            147.45567206863623,
            123.37559580553086,
            103.01143946615824
        ],
        [
            9.060369318181815,
            50.26633522727195,
            118.54048295454545
        ],
        [
            73.31542461005215,
            60.97573656845673,
            51.084922010398614
        ],
        [
            109.43887945670474,
            92.30475382003488,
            78.16723259762308
        ],
        [
            17.543636940653716,
            15.43446524912759,
            13.708029197080291
        ],
        [
            44.46509919176976,
            35.77332843497408,
            28.884643644379132
        ],
        [
            6.142747505755882,
            34.7613200306985,
            88.14504988488105
        ],
        [
            182.33700440528648,
            160.71585903083619,
            140.0374449339207
        ]
    ],
    "hex_colors": [
        "#000000",
        "#1e54ac",
        "#937b67",
        "#093276",
        "#493c33",
        "#6d5c4e",
        "#110f0d",
        "#2c231c",
        "#062258",
        "#b6a08c"
    ],
    "hsl_color_values": [
        [
            0.08682016085525479,
            0.22502864544908696,
            0.11089013739112064
        ],
        [
            0.6034651438184132,
            0.8257979963040757,
            172.47446406052964
        ],
        [
            0.07636595026669152,
            0.30140741267511584,
            147.45567206863623
        ],
        [
            0.6039369091176456,
            0.9235672987627693,
            118.54048295454545
        ],
        [
            0.07415347833995341,
            0.3032172659149484,
            73.31542461005215
        ],
        [
            0.07534791972058702,
            0.2857453129484305,
            109.43887945670474
        ],
        [
            0.07501792707817728,
            0.21863241678726286,
            17.543636940653716
        ],
        [
            0.07368938143519867,
            0.35039740899249994,
            44.46509919176976
        ],
        [
            0.6085004695099312,
            0.9303109191749461,
            88.14504988488105
        ],
        [
            0.0814760813719329,
            0.23198560056051562,
            182.33700440528648
        ]
    ]
}