{
    "rgb_colors": [
        [
            0.4027119946014892,
            0.39060585556747185,
            0.41290711921097767
        ],
        [
            200.40643712574888,
            69.64352544910392,
            80.47118263473166
        ],
        [
            77.95630550621681,
            61.87513321491957,
            46.62362344582633
        ],
        [
            187.10979181509362,
            43.025251325892285,
            56.696825773769035
        ],
        [
            103.5682923004537,
            79.7603104908283,
            59.02697193037448
        ],
        [
            218.9518870006732,
            100.51235930257835,
            109.55318914146865
        ],
        [
            190.13200488003196,
            9.592029280194781,
            34.699877999186484
        ],
        [
            160.8360465116274,
            141.35930232558334,
            151.03100775194022
        ],
        [
            196.2560080951177,
            184.54085504680225,
            192.01644320769256
        ],
        [
            160.778999263338,
            3.921629738767617,
            22.249107497024344
        ]
    ],
    "hex_colors": [
        "#000000",
        "#c84550",
        "#4d3d2e",
        "#bb2b38",
        "#674f3b",
        "#da646d",
        "#be0922",
        "#a08d97",
        "#c4b8c0",
        "#a00316"
    ],
    "hsl_color_values": [
        [
            0.7571409048648438,
            0.05401036360458304,
            0.41290711921097767
        ],
        [
            0.98619937788323,
            0.6524885804670798,
            200.40643712574888
        ],
        [
            0.08112673820739606,
            0.4019262054163377,
            77.95630550621681
        ],
        [
            0.984185702827129,
            0.7700534487879135,
            187.10979181509362
        ],
        [
            0.07758091583346022,
            0.43006715067642476,
            103.5682923004537
        ],
        [
            0.9872778539189276,
            0.5409386021766996,
            218.9518870006732
        ],
        [
            0.9768215242122307,
            0.9495506856604857,
            190.13200488003196
        ],
        [
            0.9172371475953436,
            0.12109688473743978,
            160.8360465116274
        ],
        [
            0.893647880227434,
            0.05969321990202492,
            196.2560080951177
        ],
        [
            0.9805263875351573,
            0.9756085697962056,
            160.778999263338
        ]
    ]
}