{
    "rgb_colors": [
        [
            0.08764731092993827,
            0.08824726805228522,
            0.0907756589033255
        ],
        [
            176.18009040204004,
            176.41672173614234,
            174.01046760591902
        ],
        [
            148.27229089163714,
            147.77967118684748,
            145.23472938917695
        ],
        [
            61.81122448979593,
            60.32397959183673,
            59.168367346938695
        ],
        [
            90.49780861943029,
            84.86815193571951,
            80.44338933528121
        ],
        [
            159.40718239502712,
            159.45382746051033,
            156.88591872552485
        ],
        [
            133.91859956236243,
            132.58380743982494,
            130.143544857767
        ],
        [
            168.5635682669415,
            168.93537623425266,
            166.5989104528454
        ],
        [
            28.686900958466374,
            27.962460063897765,
            27.861022364217177
        ],
        [
            113.22134670487107,
            110.40472779369628,
            107.712034383954
        ]
    ],
    "hex_colors": [
        "#000000",
        "#b0b0ae",
        "#949391",
        "#3d3c3b",
        "#5a5450",
        "#9f9f9c",
        "#858482",
        "#a8a8a6",
        "#1c1b1b",
        "#716e6b"
    ],
    "hsl_color_values": [
        [
            0.6347031975848613,
            0.03446240998061905,
            0.0907756589033255
        ],
        [
            0.18305668764922026,
            0.013639603471502157,
            176.41672173614234
        ],
        [
            0.13963732616932603,
            0.020486373308146663,
            148.27229089163714
        ],
        [
            0.07287644787645019,
            0.04275691291787194,
            61.81122448979593
        ],
        [
            0.07334689478973681,
            0.11110124584818232,
            90.49780861943029
        ],
        [
            0.16969410197798354,
            0.016104403236237384,
            159.45382746051033
        ],
        [
            0.10773630110522485,
            0.028189173997727433,
            133.91859956236243
        ],
        [
            0.1931887732795594,
            0.013830529954646276,
            168.93537623425266
        ],
        [
            0.020470664087700968,
            0.02878939748301585,
            28.686900958466374
        ],
        [
            0.0814588480041631,
            0.04865966075529851,
            113.22134670487107
        ]
    ]
}