{
    "rgb_colors": [
        [
            10.306358381502934,
            6.5939306358381495,
            2.9898843930635906
        ],
        [
            0.04172040103184954,
            0.02622930360262915,
            0.0035672684916248087
        ],
        [
            29.63896848137535,
            21.04297994269341,
            9.424068767908333
        ],
        [
            36.10714285714288,
            29.673469387755098,
            20.270408163265312
        ],
        [
            2.946608946608934,
            2.1717171717171717,
            1.247715247715243
        ],
        [
            45.99999999999998,
            30.0,
            8.49999999999999
        ],
        [
            71.08737864077668,
            55.08737864077669,
            32.13592233009709
        ],
        [
            53.04195804195805,
            42.13986013986014,
            26.307692307692314
        ],
        [
            19.634469696969692,
            13.507575757575758,
            5.880681818181837
        ],
        [
            84.37931034482763,
            69.9655172413793,
            48.6896551724138
        ]
    ],
    "hex_colors": [
        "#0a0602",
        "#000000",
        "#1d1509",
        "#241d14",
        "#020201",
        "#2d1e08",
        "#473720",
        "#352a1a",
        "#130d05",
        "#544530"
    ],
    "hsl_color_values": [
        [
            0.08209888735268887,
            0.7098990465507578,
            10.306358381502934
        ],
        [
            0.0989959565666586,
            0.9144958245031839,
            0.04172040103184954
        ],
        [
            0.09579494448381759,
            0.6820378963650418,
            29.63896848137535
        ],
        [
            0.0989583333333331,
            0.4386039282181718,
            36.10714285714288
        ],
        [
            0.0906474141185362,
            0.5765589291544235,
            2.946608946608934
        ],
        [
            0.09555555555555562,
            0.8152173913043479,
            45.99999999999998
        ],
        [
            0.09820538384845466,
            0.5479377219338977,
            71.08737864077668
        ],
        [
            0.09870084575813058,
            0.5040210942649966,
            53.04195804195805
        ],
        [
            0.09242173873129526,
            0.7004919455966035,
            19.634469696969692
        ],
        [
            0.09935587761674701,
            0.4229668982427464,
            84.37931034482763
        ]
    ]
}