{
    "rgb_colors": [
        [
            37.41962319549792,
            35.826278443846384,
            34.91118179593835
        ],
        [
            9.546538760694805,
            8.222304529797446,
            6.7217674728694
        ],
        [
            4.865558152608029,
            4.255066717950132,
            3.4489481937335347
        ],
        [
            95.23342939481253,
            84.43804034582129,
            71.66570605187334
        ],
        [
            14.787937743191307,
            12.911454873304171,
            10.693318781437
        ],
        [
            0.33086127519163355,
            0.2563955003473195,
            0.16192885684480895
        ],
        [
            158.77868852459022,
            140.60655737704946,
            120.41803278688548
        ],
        [
            20.918743563336967,
            18.620700308960004,
            16.314418125643808
        ],
        [
            52.87004950495049,
            49.979579207920764,
            47.03589108910892
        ],
        [
            28.350399526486743,
            26.262059781000016,
            24.843000887836386
        ]
    ],
    "hex_colors": [
        "#252322",
        "#090806",
        "#040403",
        "#5f5447",
        "#0e0c0a",
        "#000000",
        "#9e8c78",
        "#141210",
        "#34312f",
        "#1c1a18"
    ],
    "hsl_color_values": [
        [
            0.06080114449213416,
            0.06703545320203469,
            37.41962319549792
        ],
        [
            0.08853442774849718,
            0.29589481157879,
            9.546538760694805
        ],
        [
            0.09484126984126044,
            0.2911505554846088,
            4.865558152608029
        ],
        [
            0.090323632509986,
            0.24747321914906226,
            95.23342939481253
        ],
        [
            0.09028663035501062,
            0.27688911279326694,
            14.787937743191307
        ],
        [
            0.0931996400562255,
            0.5105838338106495,
            0.33086127519163355
        ],
        [
            0.08771367521367579,
            0.24159826544834945,
            158.77868852459022
        ],
        [
            0.08348244907697344,
            0.22010525745737836,
            20.918743563336967
        ],
        [
            0.08409348041295349,
            0.11034902502399364,
            52.87004950495049
        ],
        [
            0.06743168937827959,
            0.12371602154578186,
            28.350399526486743
        ]
    ]
}