{
    "rgb_colors": [
        [
            0.015303868836919143,
            0.005913685142182601,
            0.005357653235456894
        ],
        [
            226.31839402427804,
            225.91876750700118,
            231.65079365079202
        ],
        [
            169.6095238095237,
            161.80000000000015,
            164.38095238095252
        ],
        [
            66.56799999999996,
            48.640000000000015,
            48.01600000000001
        ],
        [
            217.80683030949797,
            216.75240128068342,
            221.32550693703365
        ],
        [
            138.36305732484072,
            125.36942675159236,
            126.27388535031848
        ],
        [
            194.50857142857163,
            188.9047619047618,
            191.32380952380942
        ],
        [
            29.99528301886791,
            17.68396226415093,
            16.830188679245275
        ],
        [
            205.8343634116202,
            204.2224969097641,
            207.9864029666246
        ],
        [
            103.65354330708668,
            86.3307086614173,
            86.09448818897636
        ]
    ],
    "hex_colors": [
        "#000000",
        "#e2e1e7",
        "#a9a1a4",
        "#423030",
        "#d9d8dd",
        "#8a7d7e",
        "#c2bcbf",
        "#1d1110",
        "#cdcccf",
        "#675656"
    ],
    "hsl_color_values": [
        [
            0.009317311042469282,
            0.6499151101888655,
            0.015303868836919143
        ],
        [
            0.6782863658577268,
            0.02474425428661271,
            231.65079365079202
        ],
        [
            0.9449186991869902,
            0.046044134987925894,
            169.6095238095237
        ],
        [
            0.005605864596809007,
            0.27869246484797433,
            66.56799999999996
        ],
        [
            0.7050952936600231,
            0.02066235256676163,
            221.32550693703365
        ],
        [
            0.9883986928104573,
            0.09390968098328933,
            138.36305732484072
        ],
        [
            0.9280534783593969,
            0.028810090386518893,
            194.50857142857163
        ],
        [
            0.010808551295831803,
            0.4389054882843214,
            29.99528301886791
        ],
        [
            0.7380405035578278,
            0.018096885196214055,
            207.9864029666246
        ],
        [
            0.002242152466367738,
            0.16940139775144405,
            103.65354330708668
        ]
    ]
}