{
    "rgb_colors": [
        [
            0.018510425424125287,
            0.01756736553950944,
            0.019982518898448376
        ],
        [
            104.94191919191914,
            112.80050505050497,
            123.26262626262613
        ],
        [
            218.91425919481017,
            230.5449588119365,
            244.6361526859374
        ],
        [
            47.11258278145688,
            55.13162251655609,
            65.76490066225142
        ],
        [
            205.12529274004626,
            215.40925058548004,
            228.52224824356026
        ],
        [
            73.1364522417155,
            80.09356725146199,
            89.5964912280701
        ],
        [
            175.89833641404817,
            184.94824399260642,
            197.05360443622936
        ],
        [
            212.5357748389337,
            223.5824573301751,
            240.01028597265483
        ],
        [
            26.547727272727265,
            28.85681818181818,
            32.98181818181816
        ],
        [
            140.90322580645136,
            148.0529953917049,
            158.39400921658984
        ]
    ],
    "hex_colors": [
        "#000000",
        "#68707b",
        "#dae6f4",
        "#2f3741",
        "#cdd7e4",
        "#495059",
        "#afb8c5",
        "#d4dff0",
        "#1a1c20",
        "#8c949e"
    ],
    "hsl_color_values": [
        [
            0.731746031856556,
            0.12086330913599044,
            0.019982518898448376
        ],
        [
            0.5951757408683666,
            0.1486314840612959,
            123.26262626262613
        ],
        [
            0.5913047988921813,
            0.10514346799816154,
            244.6361526859374
        ],
        [
            0.5950130185218065,
            0.283621167111423,
            65.76490066225142
        ],
        [
            0.5934095724271389,
            0.10238370960965425,
            228.52224824356026
        ],
        [
            0.5962221695878732,
            0.18371298653264392,
            89.5964912280701
        ],
        [
            0.5953691568370467,
            0.1073579348254321,
            197.05360443622936
        ],
        [
            0.5996549648176565,
            0.11447222364816231,
            240.01028597265483
        ],
        [
            0.6068527022253618,
            0.19507993384784983,
            32.98181818181816
        ],
        [
            0.5985377420629693,
            0.11042578880758913,
            158.39400921658984
        ]
    ]
}