{
    "rgb_colors": [
        [
            0.018691192902142717,
            0.016165499128482086,
            0.012702598235735607
        ],
        [
            86.87797619047592,
            75.5565476190472,
            62.128968253967436
        ],
        [
            140.00900900900749,
            124.24524524524693,
            103.63263263263369
        ],
        [
            49.38934911242597,
            41.7775147928999,
            32.173964497041666
        ],
        [
            162.45511811023516,
            143.99685039370135,
            120.92440944881864
        ],
        [
            106.25616291532607,
            92.33118971061116,
            76.34512325830582
        ],
        [
            28.382133995037183,
            22.939205955334756,
            16.109181141439162
        ],
        [
            123.29551227772961,
            108.0042337002558,
            90.30059271803667
        ],
        [
            68.56100478468964,
            59.60167464114795,
            48.203349282296756
        ],
        [
            179.87154150197568,
            162.38339920948627,
            139.3537549407108
        ]
    ],
    "hex_colors": [
        "#000000",
        "#564b3e",
        "#8c7c67",
        "#312920",
        "#a28f78",
        "#6a5c4c",
        "#1c1610",
        "#7b6c5a",
        "#443b30",
        "#b3a28b"
    ],
    "hsl_color_values": [
        [
            0.09637488942582655,
            0.32039660056799213,
            0.018691192902142717
        ],
        [
            0.09042503440627529,
            0.284870907699869,
            86.87797619047592
        ],
        [
            0.09444138690149557,
            0.259814540748828,
            140.00900900900749
        ],
        [
            0.09297449645975524,
            0.34856471941342204,
            49.38934911242597
        ],
        [
            0.09259189038880129,
            0.25564419973050984,
            162.45511811023516
        ],
        [
            0.08907562021476652,
            0.28149933929814414,
            106.25616291532607
        ],
        [
            0.0927517185604503,
            0.43241825493967556,
            28.382133995037183
        ],
        [
            0.08942609558516267,
            0.2676084388649131,
            123.29551227772961
        ],
        [
            0.0933172728519042,
            0.29692761309908566,
            68.56100478468964
        ],
        [
            0.09473059538907076,
            0.2252595725979246,
            179.87154150197568
        ]
    ]
}