{
    "rgb_colors": [
        [
            0.1941760816523117,
            0.16472750032190264,
            0.12331493131356153
        ],
        [
            50.36072144288545,
            39.224448897795796,
            27.446893787575235
        ],
        [
            14.113470827264063,
            11.98366940121118,
            9.689105267192994
        ],
        [
            3.474591408412985,
            2.798562114852182,
            2.145931946056972
        ],
        [
            34.19999999999969,
            26.330275229358005,
            18.021406727828868
        ],
        [
            110.8235294117648,
            87.67647058823513,
            60.42941176470587
        ],
        [
            19.629136753633198,
            16.142882157240546,
            12.587287690422018
        ],
        [
            74.35142118863055,
            58.653746770025705,
            41.27906976744186
        ],
        [
            6.989206476114414,
            5.8500899460323055,
            4.6508095142914545
        ],
        [
            10.304027854712274,
            8.641291445754463,
            6.94690195457799
        ]
    ],
    "hex_colors": [
        "#000000",
        "#32271b",
        "#0e0b09",
        "#030202",
        "#221a12",
        "#6e573c",
        "#13100c",
        "#4a3a29",
        "#060504",
        "#0a0806"
    ],
    "hsl_color_values": [
        [
            0.09740308761187484,
            0.36493243521945673,
            0.1941760816523117
        ],
        [
            0.08566555885954412,
            0.4549940310385941,
            50.36072144288545
        ],
        [
            0.08643665413206832,
            0.31348529459700203,
            14.113470827264063
        ],
        [
            0.08186574354148272,
            0.3823930086107237,
            3.474591408412985
        ],
        [
            0.08559529210141954,
            0.4730582828120166,
            34.19999999999969
        ],
        [
            0.09011322516633528,
            0.4547239915074316,
            110.8235294117648
        ],
        [
            0.0841539022611278,
            0.35874471463488017,
            19.629136753633198
        ],
        [
            0.08755892387426016,
            0.44481128796830516,
            74.35142118863055
        ],
        [
            0.08547739123001026,
            0.33457259702005115,
            6.989206476114414
        ],
        [
            0.08411905210886383,
            0.32580714527076815,
            10.304027854712274
        ]
    ]
}