{
    "rgb_colors": [
        [
            0.11085282861609969,
            0.08459650735889213,
            0.056876825150119714
        ],
        [
            214.83034647550843,
            197.67622461170848,
            154.86618876941347
        ],
        [
            169.58714019762613,
            148.12301303164827,
            89.47243305169819
        ],
        [
            101.54941634241217,
            84.96342412451362,
            46.63579766536939
        ],
        [
            54.634398496240706,
            45.95676691729323,
            30.859962406015086
        ],
        [
            181.11076711385724,
            159.17251461988303,
            101.71585827312956
        ],
        [
            148.91274617066864,
            129.58807439824943,
            76.82084245076094
        ],
        [
            8.898821126892678,
            7.218509236053096,
            5.05188898171433
        ],
        [
            24.133501748931263,
            20.706373882627283,
            13.39195491643996
        ],
        [
            130.98409475465166,
            113.34382402707276,
            65.54314720812103
        ]
    ],
    "hex_colors": [
        "#000000",
        "#d6c59a",
        "#a99459",
        "#65542e",
        "#362d1e",
        "#b59f65",
        "#94814c",
        "#080705",
        "#18140d",
        "#827141"
    ],
    "hsl_color_values": [
        [
            0.08559261038485862,
            0.4869158878471846,
            0.11085282861609969
        ],
        [
            0.11898784618449844,
            0.27912331144022584,
            214.83034647550843
        ],
        [
            0.12201376016415809,
            0.4724102726926542,
            169.58714019762613
        ],
        [
            0.1163270222776495,
            0.5407576001410072,
            101.54941634241217
        ],
        [
            0.10583359687961146,
            0.43515508076585663,
            54.634398496240706
        ],
        [
            0.1206136455214779,
            0.438377629921998,
            181.11076711385724
        ],
        [
            0.12199065642770916,
            0.4841217798594843,
            148.91274617066864
        ],
        [
            0.0938678827947943,
            0.43229682789698154,
            8.898821126892678
        ],
        [
            0.1134910871505409,
            0.44508861350661577,
            24.133501748931263
        ],
        [
            0.12173997731558898,
            0.4996098775894057,
            130.98409475465166
        ]
    ]
}