{
    "rgb_colors": [
        [
            36.61804222648505,
            39.62505998080614,
            41.94115882917467
        ],
        [
            190.84311877188549,
            166.41475895502288,
            127.53649340156208
        ],
        [
            148.03392792137032,
            128.43487440844558,
            96.14808882417182
        ],
        [
            82.51594351858698,
            119.49514230477449,
            164.40454690061915
        ],
        [
            101.76239796366211,
            88.23610989203897,
            65.95128587729307
        ],
        [
            176.1596993893827,
            180.57961484264914,
            191.1749647721935
        ],
        [
            46.46105078809505,
            69.61022767075306,
            98.25117338003503
        ],
        [
            124.67161468119859,
            144.7877990730302,
            172.43436051609672
        ],
        [
            2.436516124732279,
            2.860185709055827,
            3.5392551669051926
        ],
        [
            230.17531473290597,
            207.58089486219802,
            173.1868832936373
        ]
    ],
    "hex_colors": [
        "#242729",
        "#bea67f",
        "#948060",
        "#5277a4",
        "#655841",
        "#b0b4bf",
        "#2e4562",
        "#7c90ac",
        "#020203",
        "#e6cfad"
    ],
    "hsl_color_values": [
        [
            0.5725170052696281,
            0.12691868206051582,
            41.94115882917467
        ],
        [
            0.10235438846522893,
            0.33172076508555554,
            190.84311877188549
        ],
        [
            0.10371097440732802,
            0.3504996444109635,
            148.03392792137032
        ],
        [
            0.591403448793174,
            0.4980920839831333,
            164.40454690061915
        ],
        [
            0.10371466060124708,
            0.351909082362197,
            101.76239796366211
        ],
        [
            0.6176064231902035,
            0.07854200679834407,
            191.1749647721935
        ],
        [
            0.5921699102579434,
            0.5271196344049354,
            98.25117338003503
        ],
        [
            0.5964718455768597,
            0.2769908833247854,
            172.43436051609672
        ],
        [
            0.6026337498234215,
            0.31157376062748665,
            3.5392551669051926
        ],
        [
            0.10058770028677859,
            0.24758706860202498,
            230.17531473290597
        ]
    ]
}