{
    "rgb_colors": [
        [
            0.0907920510632465,
            0.09091052696590651,
            0.09135283710349995
        ],
        [
            130.22211852543106,
            116.76341577228254,
            101.98600093327111
        ],
        [
            152.08446004257615,
            120.601288763604,
            84.33260456820666
        ],
        [
            161.6505500868573,
            131.41536382937448,
            96.13211735186258
        ],
        [
            196.0724637681162,
            200.57444005270034,
            201.01317523056653
        ],
        [
            139.31100114198875,
            109.188618195656,
            75.84687856870956
        ],
        [
            106.25390178911309,
            82.88009135896502,
            60.765892653216596
        ],
        [
            181.01563084286465,
            146.9289507142413,
            105.84496297958268
        ],
        [
            57.576139670223085,
            48.794374393792445,
            40.693501454898154
        ],
        [
            186.11372482653186,
            155.4060754780856,
            117.59553223895752
        ]
    ],
    "hex_colors": [
        "#000000",
        "#827465",
        "#987854",
        "#a18360",
        "#c4c8c9",
        "#8b6d4b",
        "#6a523c",
        "#b59269",
        "#393028",
        "#ba9b75"
    ],
    "hsl_color_values": [
        [
            0.6314554054024883,
            0.006138682256995409,
            0.09135283710349995
        ],
        [
            0.08722525202446467,
            0.21683042721076387,
            130.22211852543106
        ],
        [
            0.08921941188045586,
            0.4454883520341415,
            152.08446004257615
        ],
        [
            0.08975399493102347,
            0.40530906142781864,
            161.6505500868573
        ],
        [
            0.5148000000000202,
            0.024579042924839294,
            201.01317523056653
        ],
        [
            0.08756059926732153,
            0.4555571494931345,
            139.31100114198875
        ],
        [
            0.08102574402146924,
            0.4281067176825054,
            106.25390178911309
        ],
        [
            0.09109046764841146,
            0.41527169511972056,
            181.01563084286465
        ],
        [
            0.07997242330230968,
            0.29322282306564923,
            57.576139670223085
        ],
        [
            0.09197202915805107,
            0.36815228243611287,
            186.11372482653186
        ]
    ]
}