{
    "rgb_colors": [
        [
            99.39837398373983,
            96.25745257452574,
            90.47967479674715
        ],
        [
            0.2700889364143748,
            0.18238485212038924,
            0.12418496687837255
        ],
        [
            157.92390011890606,
            154.95838287752673,
            146.32699167657697
        ],
        [
            49.55289139633286,
            42.048660084626235,
            36.28279266572683
        ],
        [
            184.51127179923438,
            182.2199064227988,
            171.99702254360162
        ],
        [
            29.391102873030583,
            20.93327154772938,
            15.088044485634882
        ],
        [
            73.40641711229947,
            64.92959001782532,
            57.94919786096195
        ],
        [
            195.68087088135988,
            193.51565956455931,
            182.3753638374769
        ],
        [
            125.99100112485941,
            123.67154105736783,
            117.74128233970833
        ],
        [
            4.627551215045969,
            3.575325220310532,
            2.579674207451051
        ]
    ],
    "hex_colors": [
        "#63605a",
        "#000000",
        "#9d9a92",
        "#312a24",
        "#b8b6ab",
        "#1d140f",
        "#494039",
        "#c3c1b6",
        "#7d7b75",
        "#040302"
    ],
    "hsl_color_values": [
        [
            0.10797123468044705,
            0.08972681171275151,
            99.39837398373983
        ],
        [
            0.06648195319508389,
            0.5402071312989809,
            0.2700889364143748
        ],
        [
            0.12404730168494597,
            0.07343352357431272,
            157.92390011890606
        ],
        [
            0.07241678623939024,
            0.26779665841230965,
            49.55289139633286
        ],
        [
            0.1361499155931625,
            0.0678237656355729,
            184.51127179923438
        ],
        [
            0.06811162228125855,
            0.4866458550121389,
            29.391102873030583
        ],
        [
            0.07526571719618276,
            0.2105704086836246,
            73.40641711229947
        ],
        [
            0.13954492289471485,
            0.06799595169397028,
            195.68087088135988
        ],
        [
            0.11980729024633656,
            0.06547863507311487,
            125.99100112485941
        ],
        [
            0.08103115317040781,
            0.4425401065117277,
            4.627551215045969
        ]
    ]
}