{
    "rgb_colors": [
        [
            0.040680991040146,
            0.04011524822695023,
            0.040313549828495
        ],
        [
            166.5784008307364,
            156.8982346832814,
            138.7943925233639
        ],
        [
            103.3968379446643,
            96.2909090909091,
            88.82213438735184
        ],
        [
            159.9640883977907,
            121.47790055248619,
            47.72099447513832
        ],
        [
            148.30436219431806,
            124.37871777924653,
            101.99438202247075
        ],
        [
            77.36419601083664,
            65.31322334400394,
            50.61191824673585
        ],
        [
            131.6516797170989,
            106.6913361960091,
            83.94038898711962
        ],
        [
            100.08543235522855,
            75.03791223058946,
            55.13684757206149
        ],
        [
            39.76570048309175,
            37.54589371980676,
            31.741545893719746
        ],
        [
            113.5884125920951,
            89.06664434025451,
            68.69892833221682
        ]
    ],
    "hex_colors": [
        "#000000",
        "#a69c8a",
        "#676058",
        "#9f792f",
        "#947c65",
        "#4d4132",
        "#836a53",
        "#644b37",
        "#27251f",
        "#715944"
    ],
    "hsl_color_values": [
        [
            0.9415807569212696,
            0.013906810004639905,
            0.040680991040146
        ],
        [
            0.10859869437385221,
            0.16679238225851603,
            166.5784008307364
        ],
        [
            0.08540796586573916,
            0.14095889049443194,
            103.3968379446643
        ],
        [
            0.10951959047056432,
            0.7016768266358125,
            159.9640883977907
        ],
        [
            0.08055979752712726,
            0.31226310195224705,
            148.30436219431806
        ],
        [
            0.09158911767503126,
            0.34579662354861823,
            77.36419601083664
        ],
        [
            0.07947436501507872,
            0.3624054841723568,
            131.6516797170989
        ],
        [
            0.07379195865131656,
            0.44910216927107977,
            100.08543235522855
        ],
        [
            0.12055990367248738,
            0.2017858227540553,
            39.76570048309175
        ],
        [
            0.07562170496369507,
            0.39519422127219905,
            113.5884125920951
        ]
    ]
}