{
    "rgb_colors": [
        [
            0.028419229835175752,
            0.02588509825141072,
            0.02091714445605919
        ],
        [
            73.96283391405342,
            68.03600464576093,
            60.256678281068524
        ],
        [
            165.54819277108436,
            156.97590361445813,
            147.27710843373495
        ],
        [
            92.41454545454546,
            85.45454545454538,
            75.73454545454545
        ],
        [
            58.262003556609365,
            55.989922940130086,
            52.898636633076464
        ],
        [
            15.95778364116095,
            14.434036939313968,
            12.558047493403693
        ],
        [
            36.49762470308789,
            32.94418052256523,
            28.317102137767222
        ],
        [
            137.7258064516129,
            129.64516129032302,
            119.44758064516128
        ],
        [
            113.50552486187844,
            105.28453038674047,
            94.6988950276243
        ],
        [
            48.04244186046512,
            45.3261627906973,
            41.54651162790697
        ]
    ],
    "hex_colors": [
        "#000000",
        "#49443c",
        "#a59c93",
        "#5c554b",
        "#3a3734",
        "#0f0e0c",
        "#24201c",
        "#898177",
        "#71695e",
        "#302d29"
    ],
    "hsl_color_values": [
        [
            0.11036828526773694,
            0.26397919375812556,
            0.028419229835175752
        ],
        [
            0.0945965031212067,
            0.1853113909739015,
            73.96283391405342
        ],
        [
            0.08847126057808812,
            0.1103671627670027,
            165.54819277108436
        ],
        [
            0.09712230215827262,
            0.18049106791532232,
            92.41454545454546
        ],
        [
            0.09606174476863133,
            0.09205599869770474,
            58.262003556609365
        ],
        [
            0.09196740395809004,
            0.21304563492063494,
            15.95778364116095
        ],
        [
            0.09427022841656807,
            0.22413849207640493,
            36.49762470308789
        ],
        [
            0.09298477829252556,
            0.13271460358355783,
            137.7258064516129
        ],
        [
            0.093811202506856,
            0.16568911387475965,
            113.50552486187844
        ],
        [
            0.0969748500850169,
            0.13521232437403954,
            48.04244186046512
        ]
    ]
}