{
    "rgb_colors": [
        [
            0.028698371432680947,
            0.02873566279945461,
            0.0300088966536185
        ],
        [
            48.64183381088825,
            48.15186246418337,
            47.85577841451764
        ],
        [
            13.690042075736326,
            13.52033660589065,
            13.40392706872375
        ],
        [
            91.09077598828698,
            90.97950219619388,
            90.6734992679362
        ],
        [
            62.388392857142854,
            62.19866071428586,
            61.68415178571441
        ],
        [
            25.10238751147842,
            25.761248852157657,
            26.51698806244228
        ],
        [
            76.33333333333333,
            76.13066666666701,
            75.69866666666701
        ],
        [
            132.57857142857142,
            131.6035714285712,
            131.28571428571405
        ],
        [
            35.87775891341256,
            35.81946802490125,
            36.217883418223316
        ],
        [
            107.52315608919382,
            107.38078902229925,
            106.8353344768447
        ]
    ],
    "hex_colors": [
        "#000000",
        "#30302f",
        "#0d0d0d",
        "#5b5a5a",
        "#3e3e3d",
        "#19191a",
        "#4c4c4b",
        "#848383",
        "#232324",
        "#6b6b6a"
    ],
    "hsl_color_values": [
        [
            0.661924119406749,
            0.04367122310641596,
            0.0300088966536185
        ],
        [
            0.06277845281490618,
            0.016160069117185687,
            48.64183381088825
        ],
        [
            0.06781045751635086,
            0.020899498002250452,
            13.690042075736326
        ],
        [
            0.12222222222239855,
            0.0045808888531638,
            91.09077598828698
        ],
        [
            0.12176439514001575,
            0.011288014311268043,
            62.388392857142854
        ],
        [
            0.5890403548631554,
            0.053346954323498424,
            26.51698806244228
        ],
        [
            0.11344537815132309,
            0.0083144104803448,
            76.33333333333333
        ],
        [
            0.04097605893185372,
            0.009751629761329242,
            132.57857142857142
        ],
        [
            0.6910511363635136,
            0.011000515649172428,
            36.217883418223316
        ],
        [
            0.13216957606000565,
            0.00639696263917845,
            107.52315608919382
        ]
    ]
}