{
    "rgb_colors": [
        [
            47.19059370699208,
            148.9883726448617,
            205.1281856580134
        ],
        [
            10.677419354838968,
            114.87938288920179,
            164.05469845722303
        ],
        [
            31.969989281886335,
            36.652197213290385,
            39.7470525187567
        ],
        [
            35.3364279398762,
            77.31211317418165,
            101.34880636604774
        ],
        [
            0.1048710095456471,
            0.10660118978437083,
            0.10222788314289488
        ],
        [
            87.42094508301325,
            139.58109833971966,
            166.7902937420179
        ],
        [
            47.712927845673676,
            140.34363440556916,
            190.6792620686426
        ],
        [
            218.4772413793091,
            195.16394088669858,
            168.60118226600986
        ],
        [
            111.54043545878723,
            194.49144634525678,
            240.0466562986003
        ],
        [
            153.61003861003817,
            173.12355212355237,
            177.17705460562604
        ]
    ],
    "hex_colors": [
        "#2f94cd",
        "#0a72a4",
        "#1f2427",
        "#234d65",
        "#000000",
        "#578ba6",
        "#2f8cbe",
        "#dac3a8",
        "#6fc2f0",
        "#99adb1"
    ],
    "hsl_color_values": [
        [
            0.5592426121394429,
            0.7699458338423198,
            205.1281856580134
        ],
        [
            0.553436115022829,
            0.9349154918740527,
            164.05469845722303
        ],
        [
            0.5663244211686892,
            0.19566389817711285,
            39.7470525187567
        ],
        [
            0.5606873381551937,
            0.6513384892541364,
            101.34880636604774
        ],
        [
            0.23260381600483937,
            0.04102493274532978,
            0.10660118978437083
        ],
        [
            0.5571362368093284,
            0.47586311456330194,
            166.7902937420179
        ],
        [
            0.5586800474585512,
            0.749773901324951,
            190.6792620686426
        ],
        [
            0.0887625549309083,
            0.22828949504496426,
            218.4772413793091
        ],
        [
            0.5590830151459224,
            0.5353385163589233,
            240.0466562986003
        ],
        [
            0.5286664950343632,
            0.1330139280622149,
            177.17705460562604
        ]
    ]
}