{
    "rgb_colors": [
        [
            0.01623900902653208,
            0.013401071872115367,
            0.009892544646397994
        ],
        [
            154.11779141104415,
            133.24907975460053,
            109.02085889570564
        ],
        [
            114.92507204611027,
            98.01729106628225,
            76.52353506244079
        ],
        [
            56.35542168674711,
            46.10240963855391,
            31.837349397590433
        ],
        [
            71.21378340365644,
            59.06258790436023,
            42.433895921237436
        ],
        [
            134.08095238095302,
            115.92976190476183,
            92.55238095238178
        ],
        [
            19.236619718309857,
            16.492957746478865,
            12.791549295774628
        ],
        [
            85.3331303288679,
            71.74360535931773,
            53.36419001218073
        ],
        [
            40.81301369863028,
            33.763013698629905,
            22.162328767123316
        ],
        [
            98.65360983102995,
            84.16129032258047,
            64.84101382488551
        ]
    ],
    "hex_colors": [
        "#000000",
        "#9a856d",
        "#72624c",
        "#382e1f",
        "#473b2a",
        "#86735c",
        "#13100c",
        "#554735",
        "#282116",
        "#625440"
    ],
    "hsl_color_values": [
        [
            0.09213863067599971,
            0.3908159894341413,
            0.01623900902653208
        ],
        [
            0.08954127441910566,
            0.29261341018741616,
            154.11779141104415
        ],
        [
            0.09328513774931209,
            0.3341441192941955,
            114.92507204611027
        ],
        [
            0.0969696969696942,
            0.43506146445750926,
            56.35542168674711
        ],
        [
            0.09629810629200047,
            0.4041336677660818,
            71.21378340365644
        ],
        [
            0.09382047165844576,
            0.30972759882089423,
            134.08095238095302
        ],
        [
            0.09571678321678327,
            0.33504173378239954,
            19.236619718309857
        ],
        [
            0.09581912508969055,
            0.3746369105818703,
            85.3331303288679
        ],
        [
            0.10366629942465122,
            0.4569788712303031,
            40.81301369863028
        ],
        [
            0.09523214610212156,
            0.3427405856111838,
            98.65360983102995
        ]
    ]
}