{
    "rgb_colors": [
        [
            0.04187362126438643,
            0.04063527724204796,
            0.041670614027854214
        ],
        [
            197.48541114058514,
            157.4694960212215,
            163.9429708222826
        ],
        [
            203.46311527267548,
            115.81817031507218,
            118.67468050107739
        ],
        [
            115.6851549755304,
            83.20065252854828,
            88.2332789559545
        ],
        [
            60.4035433070866,
            44.053149606299264,
            46.5118110236221
        ],
        [
            189.81079097081707,
            89.67847311433505,
            91.00513855753549
        ],
        [
            167.59458001886938,
            30.2213833086167,
            39.79681812053385
        ],
        [
            176.94845360824837,
            62.25286909161343,
            65.6889710173087
        ],
        [
            234.29222520106978,
            214.2260947274322,
            215.22966934762889
        ],
        [
            150.46185887783514,
            1.2216199939790418,
            12.750577135400988
        ]
    ],
    "hex_colors": [
        "#000000",
        "#c59da3",
        "#cb7376",
        "#735358",
        "#3c2c2e",
        "#bd595b",
        "#a71e27",
        "#b03e41",
        "#ead6d7",
        "#96010c"
    ],
    "hsl_color_values": [
        [
            0.8606557403637669,
            0.029573368267331587,
            0.04187362126438643
        ],
        [
            0.9730379159485613,
            0.20262719604577414,
            197.48541114058514
        ],
        [
            0.9945680263564411,
            0.4307657672504623,
            203.46311527267548
        ],
        [
            0.9741793468253569,
            0.2808009588944511,
            115.6851549755304
        ],
        [
            0.974937795970784,
            0.27068600293302814,
            60.4035433070866
        ],
        [
            0.9977918127540303,
            0.5275375406442362,
            189.81079097081707
        ],
        [
            0.9883826988073061,
            0.8196756523676715,
            167.59458001886938
        ],
        [
            0.9950069250120132,
            0.6481864191396836,
            176.94845360824837
        ],
        [
            0.9916644398919268,
            0.0856457377380611,
            234.29222520106978
        ],
        [
            0.9871248339504534,
            0.9918808660009252,
            150.46185887783514
        ]
    ]
}