{
    "rgb_colors": [
        [
            0.016997813580696963,
            0.013336092891321871,
            0.00968498588388933
        ],
        [
            125.36999999999992,
            118.67000000000007,
            107.78999999999999
        ],
        [
            24.520022560632086,
            21.428652002255745,
            16.031020868584438
        ],
        [
            58.671597633135995,
            54.72485207100609,
            48.69230769230749
        ],
        [
            8.158808933002412,
            7.006947890818854,
            5.052605459057138
        ],
        [
            43.986784140969455,
            40.28928046989698,
            35.126284875183686
        ],
        [
            96.36956521739125,
            92.31159420289859,
            84.18115942028987
        ],
        [
            16.53053637812018,
            14.092405735528413,
            10.02336696760472
        ],
        [
            32.836312323612795,
            29.633113828786147,
            24.860771401693512
        ],
        [
            76.1657458563535,
            71.51381215469618,
            64.43646408839777
        ]
    ],
    "hex_colors": [
        "#000000",
        "#7d766b",
        "#181510",
        "#3a3630",
        "#080705",
        "#2b2823",
        "#605c54",
        "#100e0a",
        "#201d18",
        "#4c4740"
    ],
    "hsl_color_values": [
        [
            0.08321238511304385,
            0.43022166716266486,
            0.016997813580696963
        ],
        [
            0.10314751611680058,
            0.14022493419478296,
            125.36999999999992
        ],
        [
            0.10597302504815764,
            0.34620692827897687,
            24.520022560632086
        ],
        [
            0.10075106235794574,
            0.17008723715395296,
            58.671597633135995
        ],
        [
            0.10486233157586484,
            0.38071776155716425,
            8.158808933002412
        ],
        [
            0.09711634073582172,
            0.2014354865631804,
            43.986784140969455
        ],
        [
            0.11117717003567273,
            0.126475674862771,
            96.36956521739125
        ],
        [
            0.10421937484697534,
            0.39364538824816053,
            16.53053637812018
        ],
        [
            0.09972870960130835,
            0.24288783841856754,
            32.836312323612795
        ],
        [
            0.100565237870939,
            0.1539968083563027,
            76.1657458563535
        ]
    ]
}