{
    "rgb_colors": [
        [
            0.10222515784638375,
            0.09031876200933908,
            0.06120470765936403
        ],
        [
            132.48661699779746,
            119.19412251655629,
            94.07339955849885
        ],
        [
            157.84489298293195,
            141.23733405581143,
            113.58168518016308
        ],
        [
            67.17706798976752,
            58.9740289944957,
            41.945189549577755
        ],
        [
            177.39114015976807,
            161.28511256354392,
            133.41147421931277
        ],
        [
            108.17504906771197,
            96.77011776251226,
            74.10856231599718
        ],
        [
            202.28042925726916,
            184.39466252471055,
            156.18836486867713
        ],
        [
            44.969348659003785,
            38.8411435307987,
            26.636604774535932
        ],
        [
            222.38775510204638,
            202.85809207403892,
            173.10906502136658
        ],
        [
            85.67586290714814,
            76.34595284394749,
            57.751276130289014
        ]
    ],
    "hex_colors": [
        "#000000",
        "#84775e",
        "#9d8d71",
        "#433a29",
        "#b1a185",
        "#6c604a",
        "#cab89c",
        "#2c261a",
        "#decaad",
        "#554c39"
    ],
    "hsl_color_values": [
        [
            0.11829081274193222,
            0.40127548884455777,
            0.10222515784638375
        ],
        [
            0.1089933996362656,
            0.2899403600888776,
            132.48661699779746
        ],
        [
            0.10413332068354357,
            0.2804221724649345,
            157.84489298293195
        ],
        [
            0.11248230741971577,
            0.37560255597986375,
            67.17706798976752
        ],
        [
            0.10563077939234337,
            0.24792481688118603,
            177.39114015976807
        ],
        [
            0.11086925209751475,
            0.3149200027669129,
            108.17504906771197
        ],
        [
            0.10199260266811638,
            0.22786220376253066,
            202.28042925726916
        ],
        [
            0.11095391969304795,
            0.4076719906148176,
            44.969348659003785
        ],
        [
            0.10061491422210694,
            0.22158904413629898,
            222.38775510204638
        ],
        [
            0.11098150924754074,
            0.32593295041711584,
            85.67586290714814
        ]
    ]
}