{
    "rgb_colors": [
        [
            0.00790842120468005,
            0.005917129237678065,
            0.0031674955116347547
        ],
        [
            58.27568922305764,
            40.137844611528706,
            18.090225563909726
        ],
        [
            46.313291139240505,
            40.41930379746849,
            29.827531645569646
        ],
        [
            10.935185185185185,
            8.546296296296305,
            5.939814814814814
        ],
        [
            50.205607476635514,
            32.077881619937685,
            9.732087227414347
        ],
        [
            105.70454545454545,
            81.90909090909089,
            55.86363636363636
        ],
        [
            78.51724137931035,
            60.055172413793095,
            38.89655172413791
        ],
        [
            38.74943566591422,
            32.372460496613904,
            21.990970654627535
        ],
        [
            25.531400966183575,
            19.869565217391298,
            13.062801932367154
        ],
        [
            61.89355742296919,
            48.40336134453775,
            31.907563025210123
        ]
    ],
    "hex_colors": [
        "#000000",
        "#3a2812",
        "#2e281d",
        "#0a0805",
        "#322009",
        "#695137",
        "#4e3c26",
        "#262015",
        "#19130d",
        "#3d301f"
    ],
    "hsl_color_values": [
        [
            0.09666303952963194,
            0.5994781474511888,
            0.00790842120468005
        ],
        [
            0.09144110431998631,
            0.6895750903148125,
            58.27568922305764
        ],
        [
            0.10708001407684804,
            0.35596173556542476,
            46.313291139240505
        ],
        [
            0.0869632375656475,
            0.4568162574089755,
            10.935185185185185
        ],
        [
            0.09201816502463046,
            0.8061553735418214,
            50.205607476635514
        ],
        [
            0.08709530323757404,
            0.47151150290260163,
            105.70454545454545
        ],
        [
            0.08900493182477516,
            0.5046113306982876,
            78.51724137931035
        ],
        [
            0.10324622844827498,
            0.43248281486659684,
            38.74943566591422
        ],
        [
            0.0909854061733177,
            0.4883632923368021,
            25.531400966183575
        ],
        [
            0.09168612797758009,
            0.4844768283852275,
            61.89355742296919
        ]
    ]
}