{
    "rgb_colors": [
        [
            0.12297437277978407,
            0.10968380024632474,
            0.08779619951659967
        ],
        [
            43.5388198757764,
            128.93478260869654,
            236.9429347826087
        ],
        [
            58.50512186506535,
            52.53302719887036,
            43.29106322854115
        ],
        [
            21.509977827051,
            123.25375708302585,
            238.48632668144865
        ],
        [
            63.251006711409396,
            107.05234899328875,
            166.42953020134226
        ],
        [
            22.07766393442623,
            113.13340163934703,
            221.82110655737705
        ],
        [
            39.629629629629626,
            35.015841142347675,
            27.27041499330656
        ],
        [
            168.96951219512198,
            153.1036585365856,
            129.1869918699187
        ],
        [
            76.56033057851239,
            76.08677685950408,
            74.48677685950413
        ],
        [
            123.40897755610972,
            112.4663341645885,
            95.34413965087282
        ]
    ],
    "hex_colors": [
        "#000000",
        "#2b80ec",
        "#3a342b",
        "#157bee",
        "#3f6ba6",
        "#1671dd",
        "#27231b",
        "#a89981",
        "#4c4c4a",
        "#7b705f"
    ],
    "hsl_color_values": [
        [
            0.10369877445489502,
            0.2860610098510491,
            0.12297437277978407
        ],
        [
            0.5930763996635943,
            0.8162476550916254,
            236.9429347826087
        ],
        [
            0.10124368291116988,
            0.2600466104764895,
            58.50512186506535
        ],
        [
            0.5885139249867811,
            0.9098062428720187,
            238.48632668144865
        ],
        [
            0.5959133406185493,
            0.619953222034035,
            166.42953020134226
        ],
        [
            0.5906894226336767,
            0.9004708601581358,
            221.82110655737705
        ],
        [
            0.10444873692699057,
            0.3118680328791802,
            39.629629629629626
        ],
        [
            0.10019755104821364,
            0.23544200257418846,
            168.96951219512198
        ],
        [
            0.12860369337052915,
            0.02708391804658989,
            76.56033057851239
        ],
        [
            0.10168236478881569,
            0.2274132600480934,
            123.40897755610972
        ]
    ]
}