{
    "rgb_colors": [
        [
            12.463903743315507,
            11.767045454545453,
            10.553810160427853
        ],
        [
            33.466257668711656,
            31.9022787028922,
            28.431200701139776
        ],
        [
            5.9245724640416775,
            5.395560421306957,
            4.896107818339507
        ],
        [
            113.23566878980893,
            104.82165605095543,
            94.7261146496816
        ],
        [
            22.334555148283904,
            21.25958013995335,
            19.144285238254014
        ],
        [
            70.99129593810444,
            65.06286266924565,
            57.98549323017443
        ],
        [
            3.0426888340260634,
            2.796337385543298,
            2.466452076627415
        ],
        [
            50.6431870669746,
            46.39838337182448,
            41.07159353348703
        ],
        [
            0.20080760693314037,
            0.17221863635648083,
            0.15510618535525378
        ],
        [
            87.27882037533512,
            80.4798927613941,
            71.70777479892779
        ]
    ],
    "hex_colors": [
        "#0c0b0a",
        "#211f1c",
        "#050504",
        "#71685e",
        "#161513",
        "#464139",
        "#030202",
        "#322e29",
        "#000000",
        "#575047"
    ],
    "hsl_color_values": [
        [
            0.10586176727908862,
            0.15325002681539907,
            12.463903743315507
        ],
        [
            0.1148970118943966,
            0.15045174806860062,
            33.466257668711656
        ],
        [
            0.08093822266271737,
            0.17359305704239175,
            5.9245724640416775
        ],
        [
            0.09090387703601717,
            0.16346045674429008,
            113.23566878980893
        ],
        [
            0.11050762481721166,
            0.14284009190462957,
            22.334555148283904
        ],
        [
            0.09069502280388457,
            0.18320277910223606,
            70.99129593810444
        ],
        [
            0.09541370645551743,
            0.18938405759887586,
            3.0426888340260634
        ],
        [
            0.09275344834519846,
            0.18900061563718976,
            50.6431870669746
        ],
        [
            0.06240670570849812,
            0.2275880992551395,
            0.20080760693314037
        ],
        [
            0.0938934802571158,
            0.17840577484257208,
            87.27882037533512
        ]
    ]
}