{
    "rgb_colors": [
        [
            136.57759103641328,
            112.16022408963659,
            76.07731092437012
        ],
        [
            11.352990380593825,
            9.085372229192803,
            5.818433709744896
        ],
        [
            0.6942670689768953,
            0.5320416111141881,
            0.2276770051232413
        ],
        [
            105.81709223553878,
            86.84523189161034,
            58.733715476811334
        ],
        [
            52.73397976391236,
            43.090640809443705,
            28.862563237773923
        ],
        [
            170.66767983789256,
            140.12259371833773,
            95.37588652482297
        ],
        [
            5.366440256891869,
            4.38372492533745,
            2.7729735444139214
        ],
        [
            20.073704824639563,
            16.22672244970569,
            10.522520918639817
        ],
        [
            32.84556664709355,
            26.707574867880375,
            17.64591896652952
        ],
        [
            78.14849708389444,
            64.02332884701603,
            42.99013010318522
        ]
    ],
    "hex_colors": [
        "#88704c",
        "#0b0905",
        "#000000",
        "#69563a",
        "#342b1c",
        "#aa8c5f",
        "#050402",
        "#14100a",
        "#201a11",
        "#4e402a"
    ],
    "hsl_color_values": [
        [
            0.09940150441849997,
            0.4429736946810918,
            136.57759103641328
        ],
        [
            0.09838001227979117,
            0.48749769755018857,
            11.352990380593825
        ],
        [
            0.10871949118002466,
            0.6720613503118377,
            0.6942670689768953
        ],
        [
            0.09950970084003945,
            0.44495058183912606,
            105.81709223553878
        ],
        [
            0.09933831364169006,
            0.45267618019746825,
            52.73397976391236
        ],
        [
            0.09905175855278629,
            0.4411602324739221,
            170.66767983789256
        ],
        [
            0.10351340242603461,
            0.4832750554051691,
            5.366440256891869
        ],
        [
            0.09953742536361866,
            0.47580573638186113,
            20.073704824639563
        ],
        [
            0.09936256519219744,
            0.46276101258581936,
            32.84556664709355
        ],
        [
            0.09970693820606702,
            0.44989178669636853,
            78.14849708389444
        ]
    ]
}