{
    "rgb_colors": [
        [
            0.2914565427776239,
            0.2602197051625019,
            0.1895896180772958
        ],
        [
            109.9343999999994,
            98.3632,
            85.62
        ],
        [
            189.9067164179151,
            167.91926729986432,
            145.766960651289
        ],
        [
            51.357445008460026,
            46.294839255499156,
            40.10109983079526
        ],
        [
            86.86977886977857,
            77.60442260442261,
            67.41400491400492
        ],
        [
            164.18293333333193,
            143.48160000000001,
            120.97813333333333
        ],
        [
            180.15225160829402,
            157.22968787228973,
            133.58827734095783
        ],
        [
            63.77153243847955,
            60.54893736017897,
            55.84563758389262
        ],
        [
            139.58093525179837,
            122.46942446043165,
            104.01858513189448
        ],
        [
            24.42847025495756,
            21.06798866855524,
            17.430594900849858
        ]
    ],
    "hex_colors": [
        "#000000",
        "#6d6255",
        "#bda791",
        "#332e28",
        "#564d43",
        "#a48f78",
        "#b49d85",
        "#3f3c37",
        "#8b7a68",
        "#181511"
    ],
    "hsl_color_values": [
        [
            0.11555940473806973,
            0.3495098230752388,
            0.2914565427776239
        ],
        [
            0.08735015738273284,
            0.22117189887787198,
            109.9343999999994
        ],
        [
            0.08364457491827426,
            0.23242861863553407,
            189.9067164179151
        ],
        [
            0.09170737817863132,
            0.21917650256570442,
            51.357445008460026
        ],
        [
            0.08729557365662825,
            0.22396481502432128,
            86.86977886977857
        ],
        [
            0.08680928456509235,
            0.26315037210525516,
            164.18293333333193
        ],
        [
            0.08461981930351083,
            0.2584701209762312,
            180.15225160829402
        ],
        [
            0.0989015512354508,
            0.12428578319382629,
            63.77153243847955
        ],
        [
            0.08647178484327457,
            0.25477942281838734,
            139.58093525179837
        ],
        [
            0.08663090780285332,
            0.2864639202156975,
            24.42847025495756
        ]
    ]
}