{
    "rgb_colors": [
        [
            0.07915154371163169,
            0.07958519913826478,
            0.08015083667299194
        ],
        [
            184.36841470765427,
            155.30162748643832,
            117.52778782399295
        ],
        [
            155.1594792514243,
            120.0710943856813,
            80.03997152156188
        ],
        [
            142.87518724587963,
            107.57554033811005,
            69.83281617804604
        ],
        [
            168.37930644553265,
            130.6649076517234,
            88.78224651338093
        ],
        [
            75.5563829787234,
            69.6904255319149,
            64.27021276595742
        ],
        [
            126.22845528455294,
            113.56666666666669,
            99.83252032520323
        ],
        [
            131.3098886314319,
            98.3046565513095,
            64.29792959115247
        ],
        [
            172.11543078769654,
            140.48785668113283,
            102.86637732016118
        ],
        [
            34.6426799007444,
            33.64019851116626,
            32.81265508684863
        ]
    ],
    "hex_colors": [
        "#000000",
        "#b89b75",
        "#9b7850",
        "#8e6b45",
        "#a88258",
        "#4b4540",
        "#7e7163",
        "#836240",
        "#ac8c66",
        "#222120"
    ],
    "hsl_color_values": [
        [
            0.594339624214105,
            0.01246765477242961,
            0.08015083667299194
        ],
        [
            0.09418882253601091,
            0.3625383826706319,
            184.36841470765427
        ],
        [
            0.08881652732176111,
            0.4841438505225768,
            155.1594792514243
        ],
        [
            0.08612061649580711,
            0.5112320233892821,
            142.87518724587963
        ],
        [
            0.08769725325291144,
            0.4727247166676018,
            168.37930644553265
        ],
        [
            0.08004210261727486,
            0.14937414640327812,
            75.5563829787234
        ],
        [
            0.0867188221886838,
            0.20911239783332652,
            126.22845528455294
        ],
        [
            0.08457875143280107,
            0.5103344442578307,
            131.3098886314319
        ],
        [
            0.09054631429874338,
            0.40234076137515934,
            172.11543078769654
        ],
        [
            0.07536723163841991,
            0.052825728815987044,
            34.6426799007444
        ]
    ]
}