{
    "rgb_colors": [
        [
            0.4323413996132466,
            0.33048833660344457,
            0.16310769566165284
        ],
        [
            123.50469238790495,
            172.75808133472367,
            230.68091762252348
        ],
        [
            107.0868852459015,
            100.94754098360656,
            90.69016393442622
        ],
        [
            216.93715710722972,
            218.82693266832916,
            219.188029925187
        ],
        [
            166.63615560640827,
            151.01983218916857,
            124.23951182303585
        ],
        [
            175.24876237623567,
            174.89913366336634,
            164.60643564356437
        ],
        [
            49.373770491803725,
            142.31147540983608,
            236.97377049180326
        ],
        [
            61.46596858638754,
            117.95287958115183,
            187.3385689354276
        ],
        [
            235.82913351016145,
            236.5733863837312,
            235.9681697612732
        ],
        [
            49.28455284552837,
            44.09430894308943,
            37.39512195121951
        ]
    ],
    "hex_colors": [
        "#000000",
        "#7bace6",
        "#6b645a",
        "#d8dadb",
        "#a6977c",
        "#afaea4",
        "#318eec",
        "#3d75bb",
        "#ebeceb",
        "#312c25"
    ],
    "hsl_color_values": [
        [
            0.10361545780061125,
            0.6227340342433971,
            0.4323413996132466
        ],
        [
            0.5900741374948929,
            0.46460811036826716,
            230.68091762252348
        ],
        [
            0.10426248083716683,
            0.1531160540697753,
            107.0868852459015
        ],
        [
            0.5267375729374134,
            0.010269141151209544,
            219.188029925187
        ],
        [
            0.10527688820121384,
            0.25442643962281847,
            166.63615560640827
        ],
        [
            0.1611912237857411,
            0.0607269722671345,
            175.24876237623567
        ],
        [
            0.5840994092768012,
            0.7916487956057925,
            236.97377049180326
        ],
        [
            0.5918729058347777,
            0.6718990171875723,
            187.3385689354276
        ],
        [
            0.3644688644700543,
            0.0031459704109004388,
            236.5733863837312
        ],
        [
            0.09390955506929322,
            0.24124051468162194,
            49.28455284552837
        ]
    ]
}