{
    "rgb_colors": [
        [
            138.7610294117643,
            136.9485294117647,
            146.88602941176435
        ],
        [
            0.04121209447271923,
            0.034234939825489086,
            0.024318003818699196
        ],
        [
            104.79768786127143,
            102.14161849710982,
            110.02023121387252
        ],
        [
            35.151515151515085,
            29.452380952380953,
            26.166666666666707
        ],
        [
            173.25850340136068,
            171.7278911564626,
            182.49659863945604
        ],
        [
            71.68623024830683,
            69.7313769751693,
            78.37020316027059
        ],
        [
            242.30523255814143,
            241.81627906976743,
            250.63720930232697
        ],
        [
            209.1030042918453,
            207.01502145922746,
            217.5236051502142
        ],
        [
            5.429343712833699,
            4.4859984863228455,
            3.515515190831588
        ],
        [
            227.24341463414098,
            226.48536585365855,
            242.3248780487742
        ]
    ],
    "hex_colors": [
        "#8a8892",
        "#000000",
        "#68666e",
        "#231d1a",
        "#adabb6",
        "#47454e",
        "#f2f1fa",
        "#d1cfd9",
        "#050403",
        "#e3e2f2"
    ],
    "hsl_color_values": [
        [
            0.697064989517814,
            0.06765449403048367,
            146.88602941176435
        ],
        [
            0.09783436715518141,
            0.40993040684217713,
            0.04121209447271923
        ],
        [
            0.7228539985326456,
            0.07161058134341826,
            110.02023121387252
        ],
        [
            0.06094916887496987,
            0.2556034482758595,
            35.151515151515085
        ],
        [
            0.6903558643925053,
            0.05900771610690852,
            182.49659863945604
        ],
        [
            0.7043811514676402,
            0.11023100409009412,
            78.37020316027059
        ],
        [
            0.6759051762018097,
            0.035194017109883444,
            250.63720930232697
        ],
        [
            0.699782179565719,
            0.04831008424915484,
            217.5236051502142
        ],
        [
            0.08451499915258927,
            0.3524972120439286,
            5.429343712833699
        ],
        [
            0.6746430147926334,
            0.06536477939309034,
            242.3248780487742
        ]
    ]
}