{
    "rgb_colors": [
        [
            0.03548222524961986,
            0.03172040297717338,
            0.021214210828262026
        ],
        [
            89.40605296343001,
            79.5989911727612,
            68.04161412358094
        ],
        [
            127.4521422060164,
            116.0829535095717,
            102.37830446672719
        ],
        [
            31.72331712311236,
            28.030970053749474,
            22.259790120296955
        ],
        [
            73.734577501296,
            64.58164852255031,
            53.61016070502839
        ],
        [
            107.56501182033098,
            97.11426319936966,
            84.58156028368751
        ],
        [
            16.964722822174224,
            14.29517638588915,
            10.695464362850954
        ],
        [
            58.49528301886792,
            49.54528301886757,
            38.79103773584898
        ],
        [
            156.90769230769232,
            141.14903846153837,
            121.51923076923073
        ],
        [
            38.916666666666664,
            36.59538461538442,
            33.2964102564102
        ]
    ],
    "hex_colors": [
        "#000000",
        "#594f44",
        "#7f7466",
        "#1f1c16",
        "#494035",
        "#6b6154",
        "#100e0a",
        "#3a3126",
        "#9c8d79",
        "#262421"
    ],
    "hsl_color_values": [
        [
            0.1227242959747387,
            0.4021172381659094,
            0.03548222524961986
        ],
        [
            0.09016054775114879,
            0.23895964682153928,
            89.40605296343001
        ],
        [
            0.09109527618216799,
            0.19673139505775683,
            127.4521422060164
        ],
        [
            0.10163898956022756,
            0.2983145478163332,
            31.72331712311236
        ],
        [
            0.09086381590245433,
            0.2729305229410705,
            73.734577501296
        ],
        [
            0.09088207730462605,
            0.21367032967033378,
            107.56501182033098
        ],
        [
            0.09569744296432477,
            0.36954676625360816,
            16.964722822174224
        ],
        [
            0.09096386022869368,
            0.33685186678493795,
            58.49528301886792
        ],
        [
            0.0924491903054012,
            0.22553681733503314,
            156.90769230769232
        ],
        [
            0.09782988883312294,
            0.14441772360402055,
            38.916666666666664
        ]
    ]
}