{
    "rgb_colors": [
        [
            1.3139490879733557,
            1.206372833463675,
            1.3634987511517238
        ],
        [
            98.26236445384819,
            89.55567310235386,
            85.03629992065662
        ],
        [
            138.1453472026989,
            128.30306438009558,
            121.72350295192653
        ],
        [
            71.82000944478176,
            56.019564190784585,
            55.81926735478939
        ],
        [
            146.44274120829576,
            97.98046287947099,
            54.24937381024208
        ],
        [
            214.8114450649432,
            203.69461002698125,
            187.57005709980893
        ],
        [
            32.36548666133605,
            23.53718107145454,
            41.30922439485552
        ],
        [
            195.9244849476185,
            181.28060131635317,
            164.08723760563953
        ],
        [
            182.26200192030726,
            147.58797407585215,
            102.19335093615013
        ],
        [
            163.57229773462782,
            154.3505501618123,
            144.603797195256
        ]
    ],
    "hex_colors": [
        "#010101",
        "#625955",
        "#8a8079",
        "#473837",
        "#926136",
        "#d6cbbb",
        "#201729",
        "#c3b5a4",
        "#b69366",
        "#a39a90"
    ],
    "hsl_color_values": [
        [
            0.7807749946588042,
            0.11523730223832424,
            1.3634987511517238
        ],
        [
            0.05695033936405922,
            0.1345994939843279,
            98.26236445384819
        ],
        [
            0.06677651758327517,
            0.11887366880823576,
            138.1453472026989
        ],
        [
            0.0020863286097260922,
            0.22278947348641626,
            71.82000944478176
        ],
        [
            0.07905682426592171,
            0.6295523194756414,
            146.44274120829576
        ],
        [
            0.0986522966928718,
            0.12681534709148515,
            214.8114450649432
        ],
        [
            0.7494587372353241,
            0.4302197289769071,
            41.30922439485552
        ],
        [
            0.09000654446258897,
            0.16249754261439475,
            195.9244849476185
        ],
        [
            0.09449104525041492,
            0.4393052317024729,
            182.26200192030726
        ],
        [
            0.0856398124030725,
            0.1159640159249059,
            163.57229773462782
        ]
    ]
}