{
    "rgb_colors": [
        [
            0.037086121971152686,
            0.024468226095023304,
            0.019763435160029097
        ],
        [
            45.28210806023029,
            42.078830823737825,
            38.26572187776794
        ],
        [
            59.42179261862917,
            52.65114235500879,
            44.72144112478031
        ],
        [
            73.49831081081082,
            68.61148648648648,
            61.47466216216217
        ],
        [
            97.2,
            93.97460317460317,
            88.04444444444445
        ],
        [
            9.932019034670292,
            8.624745071380012,
            7.052345343303875
        ],
        [
            31.605349182763742,
            27.517979197622584,
            22.217533432392273
        ],
        [
            32.75842468534307,
            33.49411287048315,
            33.52902963865205
        ],
        [
            22.75275080906149,
            19.23495145631068,
            15.084789644012945
        ],
        [
            40.692697340650064,
            34.70958210215281,
            27.516673701983958
        ]
    ],
    "hex_colors": [
        "#000000",
        "#2d2a26",
        "#3b342c",
        "#49443d",
        "#615d58",
        "#090807",
        "#1f1b16",
        "#202121",
        "#16130f",
        "#28221b"
    ],
    "hsl_color_values": [
        [
            0.045266177876951065,
            0.4670935080405005,
            0.037086121971152686
        ],
        [
            0.09057627974499786,
            0.15494831144190047,
            45.28210806023029
        ],
        [
            0.08990375993783255,
            0.2473899026943894,
            59.42179261862917
        ],
        [
            0.09892760138615701,
            0.16359081611546508,
            73.49831081081082
        ],
        [
            0.1079519186315302,
            0.0941929583904892,
            97.2
        ],
        [
            0.09100566572237952,
            0.2899383983572895,
            9.932019034670292
        ],
        [
            0.09410150891632374,
            0.29703249586279523,
            31.605349182763742
        ],
        [
            0.5075518089216716,
            0.022983216681601398,
            33.52902963865205
        ],
        [
            0.09020567794941052,
            0.3370124882655819,
            22.75275080906149
        ],
        [
            0.09098481450631128,
            0.3237933216460411,
            40.692697340650064
        ]
    ]
}