{
    "rgb_colors": [
        [
            0.07294785483117394,
            0.0611850493076318,
            0.04448405760899732
        ],
        [
            72.16858237547893,
            119.4760536398456,
            175.98946360153244
        ],
        [
            174.92138364779876,
            178.54716981131915,
            182.40880503144803
        ],
        [
            213.89580581241745,
            207.58437912814992,
            194.09263540289578
        ],
        [
            129.790990990991,
            133.78738738738787,
            140.0612612612607
        ],
        [
            68.21973785659213,
            98.18427139552716,
            138.38242097147298
        ],
        [
            33.15597667638484,
            29.281341107871775,
            25.266763848396497
        ],
        [
            70.20628683693516,
            71.21021611001969,
            75.39882121807474
        ],
        [
            38.45770971110338,
            99.05151409676593,
            166.56943961016836
        ],
        [
            226.96932515337423,
            225.2667097190848,
            218.22484124421354
        ]
    ],
    "hex_colors": [
        "#000000",
        "#4877af",
        "#aeb2b6",
        "#d5cfc2",
        "#81858c",
        "#44628a",
        "#211d19",
        "#46474b",
        "#2663a6",
        "#e2e1da"
    ],
    "hsl_color_values": [
        [
            0.09779083917413556,
            0.39019375262029976,
            0.07294785483117394
        ],
        [
            0.5907226133033197,
            0.5899266870948602,
            175.98946360153244
        ],
        [
            0.5859582808344354,
            0.04104747784712696,
            182.40880503144803
        ],
        [
            0.1135486847665488,
            0.09258325722800134,
            213.89580581241745
        ],
        [
            0.6018128654970648,
            0.07332698690405379,
            140.0612612612607
        ],
        [
            0.5954879616707536,
            0.5070202025829901,
            138.38242097147298
        ],
        [
            0.08481152993348236,
            0.23794240492415927,
            33.15597667638484
        ],
        [
            0.634443183251355,
            0.06886758038459648,
            75.39882121807474
        ],
        [
            0.5878372932317198,
            0.7691190544849759,
            166.56943961016836
        ],
        [
            0.13421543889884327,
            0.038527161779467856,
            226.96932515337423
        ]
    ]
}