{
    "rgb_colors": [
        [
            24.16416309012852,
            19.725321888412132,
            15.714055793991427
        ],
        [
            60.43344051446975,
            53.52668810289313,
            46.145337620579426
        ],
        [
            12.985733392777679,
            10.74320106999545,
            8.901025412394178
        ],
        [
            101.05389221556888,
            86.11377245508987,
            73.59281437125743
        ],
        [
            76.086175942549,
            65.83123877917446,
            55.626570915619226
        ],
        [
            52.66512107161302,
            44.30911901081892,
            36.042761463163274
        ],
        [
            0.11975873357404243,
            0.09258823265704663,
            0.08257096730784763
        ],
        [
            34.3497854077252,
            28.090128755365026,
            22.44581545064367
        ],
        [
            4.787719586274818,
            3.7891971761616228,
            3.146445575439132
        ],
        [
            41.910031023784796,
            36.36866597724966,
            31.346949327817622
        ]
    ],
    "hex_colors": [
        "#18130f",
        "#3c352e",
        "#0c0a08",
        "#655649",
        "#4c4137",
        "#342c24",
        "#000000",
        "#221c16",
        "#040303",
        "#29241f"
    ],
    "hsl_color_values": [
        [
            0.07911666984107267,
            0.3496958394387392,
            24.16416309012852
        ],
        [
            0.08610135925824476,
            0.2364270968565704,
            60.43344051446975
        ],
        [
            0.0751655388197549,
            0.3145535070553125,
            12.985733392777679
        ],
        [
            0.07599215002180594,
            0.27174685944536686,
            101.05389221556888
        ],
        [
            0.0831285831285878,
            0.2689004247286442,
            76.086175942549
        ],
        [
            0.08288391602611335,
            0.31562368547196507,
            52.66512107161302
        ],
        [
            0.04489498543461009,
            0.31052237407974065,
            0.11975873357404243
        ],
        [
            0.07902564333679314,
            0.34655150871493795,
            34.3497854077252
        ],
        [
            0.06526958087427275,
            0.3428091351759205,
            4.787719586274818
        ],
        [
            0.07923376898854016,
            0.25204184864412077,
            41.910031023784796
        ]
    ]
}