{
    "rgb_colors": [
        [
            0.011206568518338678,
            0.008950248407018968,
            0.00643131622245896
        ],
        [
            156.81039100160413,
            129.32029994643528,
            101.07873594001072
        ],
        [
            108.80041580041609,
            88.50519750519777,
            65.58212058212058
        ],
        [
            170.27958579881852,
            140.51331360946628,
            110.33727810650888
        ],
        [
            49.0245098039216,
            40.50980392156862,
            31.004901960784313
        ],
        [
            91.03974562798118,
            71.9205087440384,
            50.27662957074722
        ],
        [
            134.02971071149446,
            111.07427677873412,
            85.35652853792025
        ],
        [
            22.657627118644047,
            18.96949152542373,
            15.050847457627118
        ],
        [
            146.13854447438993,
            121.5029649595663,
            93.61994609164421
        ],
        [
            75.88967468175399,
            58.181046676096464,
            37.966053748231964
        ]
    ],
    "hex_colors": [
        "#000000",
        "#9c8165",
        "#6c5841",
        "#aa8c6e",
        "#31281f",
        "#5b4732",
        "#866f55",
        "#16120f",
        "#92795d",
        "#4b3a25"
    ],
    "hsl_color_values": [
        [
            0.08791619892466014,
            0.426111908213954,
            0.011206568518338678
        ],
        [
            0.08445698103173323,
            0.35540792102880026,
            156.81039100160413
        ],
        [
            0.08840035918157955,
            0.39722546003477893,
            108.80041580041609
        ],
        [
            0.08390299680000717,
            0.3520228652842163,
            170.27958579881852
        ],
        [
            0.08791258614435955,
            0.3675632436756329,
            49.0245098039216
        ],
        [
            0.08849453978159172,
            0.44775076837105493,
            91.03974562798118
        ],
        [
            0.08806269041920385,
            0.3631521840582468,
            134.02971071149446
        ],
        [
            0.08585858585858615,
            0.33572710951525975,
            22.657627118644047
        ],
        [
            0.08848617355422633,
            0.3593754034682435,
            146.13854447438993
        ],
        [
            0.08884081754438412,
            0.49972043090915935,
            75.88967468175399
        ]
    ]
}