{
    "rgb_colors": [
        [
            0.2820661134656355,
            0.24633348649890596,
            0.22253696245641574
        ],
        [
            96.15209125475214,
            80.8808618504436,
            60.40937896070976
        ],
        [
            128.66564417178017,
            132.03885480572598,
            140.37321063394685
        ],
        [
            205.78441558441486,
            217.12467532467534,
            234.67012987012987
        ],
        [
            25.896226415094258,
            24.161556603773583,
            23.503537735849054
        ],
        [
            82.24350986500538,
            86.15005192107995,
            97.7736240913811
        ],
        [
            182.35587761674697,
            186.54911433172302,
            200.14492753623188
        ],
        [
            50.52480573819448,
            49.66586969515839,
            51.97668858338314
        ],
        [
            108.30272407732612,
            108.29217926186291,
            115.29437609841827
        ],
        [
            63.86318758815218,
            67.19840150446637,
            77.93606017865538
        ]
    ],
    "hex_colors": [
        "#000000",
        "#60503c",
        "#80848c",
        "#cdd9ea",
        "#191817",
        "#525661",
        "#b6bac8",
        "#323133",
        "#6c6c73",
        "#3f434d"
    ],
    "hsl_color_values": [
        [
            0.0666242886581866,
            0.21104680132543557,
            0.2820661134656355
        ],
        [
            0.09545760788624706,
            0.37173099230200946,
            96.15209125475214
        ],
        [
            0.6186462882096175,
            0.08340313945441245,
            140.37321063394685
        ],
        [
            0.6012349009381625,
            0.1230907158985288,
            234.67012987012987
        ],
        [
            0.0458353868900952,
            0.09239526411657283,
            25.896226415094258
        ],
        [
            0.6247422910189133,
            0.15883746123454495,
            97.7736240913811
        ],
        [
            0.6273799824990179,
            0.08888084318931636,
            200.14492753623188
        ],
        [
            0.7286170029315131,
            0.04445875547684486,
            51.97668858338314
        ],
        [
            0.6669176549329051,
            0.060733203765100385,
            115.29437609841827
        ],
        [
            0.6271673403935444,
            0.18056946371478744,
            77.93606017865538
        ]
    ]
}