{
    "rgb_colors": [
        [
            58.8556994818656,
            40.20362694300546,
            25.90181347150236
        ],
        [
            87.79181395348841,
            64.79199999999992,
            46.44334883720922
        ],
        [
            207.84472461844894,
            77.04147312541463,
            45.13536828135368
        ],
        [
            140.44520567579707,
            107.41338684248035,
            78.60386985810797
        ],
        [
            153.81870443657667,
            125.49931264319858,
            101.82245365549068
        ],
        [
            0.1741439025387166,
            0.17100386774730225,
            0.16464293897398363
        ],
        [
            207.58108108108075,
            188.5810810810808,
            180.69819819819855
        ],
        [
            149.14051801802347,
            116.58096846846917,
            88.82328828829327
        ],
        [
            114.63267485317732,
            90.41039330841843,
            70.06424630717206
        ],
        [
            158.31512195121928,
            54.568780487804794,
            27.725853658536476
        ]
    ],
    "hex_colors": [
        "#3a2819",
        "#57402e",
        "#cf4d2d",
        "#8c6b4e",
        "#997d65",
        "#000000",
        "#cfbcb4",
        "#957458",
        "#725a46",
        "#9e361b"
    ],
    "hsl_color_values": [
        [
            0.07233245808504196,
            0.5599098524097376,
            58.8556994818656
        ],
        [
            0.07395942070719773,
            0.4709831504129231,
            87.79181395348841
        ],
        [
            0.03268210421569021,
            0.7828409243284333,
            207.84472461844894
        ],
        [
            0.0776436359366063,
            0.440323580432096,
            140.44520567579707
        ],
        [
            0.07589284045174699,
            0.3380359428428638,
            153.81870443657667
        ],
        [
            0.11158392391781591,
            0.05455811789115414,
            0.1741439025387166
        ],
        [
            0.04887176050044419,
            0.12950545754399362,
            207.58108108108075
        ],
        [
            0.07669914634274118,
            0.40443221286411873,
            149.14051801802347
        ],
        [
            0.07608579909222922,
            0.38879340993385136,
            114.63267485317732
        ],
        [
            0.034258719699573226,
            0.8248692019005015,
            158.31512195121928
        ]
    ]
}