{
    "rgb_colors": [
        [
            24.818632788868854,
            21.741681790684652,
            19.966969147005862
        ],
        [
            183.96048285018125,
            140.09388410362266,
            101.33586490074015
        ],
        [
            70.1078260869565,
            72.31710144927538,
            79.62260869565199
        ],
        [
            121.29937935888401,
            85.89295540341627,
            56.445453963785084
        ],
        [
            142.80891228070186,
            106.56750877192815,
            72.7687017543858
        ],
        [
            73.01737302202032,
            46.70842093615117,
            24.533473497842543
        ],
        [
            0.10359495626657633,
            0.07601474995016133,
            0.05717679228703787
        ],
        [
            96.78539599548554,
            63.998574059770796,
            38.27176044204127
        ],
        [
            40.18119891008178,
            38.74977293369645,
            42.6198910081744
        ],
        [
            165.64469980154962,
            124.48991647053234,
            88.0509022105264
        ]
    ],
    "hex_colors": [
        "#181513",
        "#b78c65",
        "#46484f",
        "#795538",
        "#8e6a48",
        "#492e18",
        "#000000",
        "#603f26",
        "#28262a",
        "#a57c58"
    ],
    "hsl_color_values": [
        [
            0.06096577637017575,
            0.19548472646079684,
            24.818632788868854
        ],
        [
            0.07818093478023495,
            0.4491432978936633,
            183.96048285018125
        ],
        [
            0.6279676679055207,
            0.11949850381145656,
            79.62260869565199
        ],
        [
            0.07567648182751469,
            0.5346599936279806,
            121.29937935888401
        ],
        [
            0.0804271497842971,
            0.4904470554936141,
            142.80891228070186
        ],
        [
            0.07622787377505429,
            0.6640049828902523,
            73.01737302202032
        ],
        [
            0.06763859966336812,
            0.4480735901861153,
            0.10359495626657633
        ],
        [
            0.07327868502898373,
            0.6045709164239363,
            96.78539599548554
        ],
        [
            0.7283110380974799,
            0.09080544278575632,
            42.6198910081744
        ],
        [
            0.07826874353211093,
            0.46843513667496967,
            165.64469980154962
        ]
    ]
}