{
    "rgb_colors": [
        [
            0.04724821455702166,
            0.04156484661527049,
            0.034723652497170576
        ],
        [
            35.33774834437058,
            76.17218543046266,
            106.42384105960328
        ],
        [
            69.40442338072882,
            70.66540284359967,
            76.10300157977599
        ],
        [
            91.91283161884138,
            95.16080129940408,
            102.4212236058462
        ],
        [
            139.449304174951,
            152.5825049701786,
            162.21272365805166
        ],
        [
            222.97738693467292,
            220.7437185929652,
            216.24371859296508
        ],
        [
            47.49933422104012,
            50.521083000441784,
            54.52885042165738
        ],
        [
            30.336043360432733,
            33.56146834195749,
            35.96698694259829
        ],
        [
            108.60461538461622,
            185.26153846153997,
            221.5446153846166
        ],
        [
            79.05070118662424,
            123.42502696871766,
            153.53721682848052
        ]
    ],
    "hex_colors": [
        "#000000",
        "#234c6a",
        "#45464c",
        "#5b5f66",
        "#8b98a2",
        "#dedcd8",
        "#2f3236",
        "#1e2123",
        "#6cb9dd",
        "#4f7b99"
    ],
    "hsl_color_values": [
        [
            0.09103703700254377,
            0.2650801131275718,
            0.04724821455702166
        ],
        [
            0.5709272715980401,
            0.6679527069072853,
            106.42384105960328
        ],
        [
            0.6352923604233354,
            0.08801989487924865,
            76.10300157977599
        ],
        [
            0.6151527641815656,
            0.10259975049160608,
            102.4212236058462
        ],
        [
            0.5705094614264965,
            0.14033066562082075,
            162.21272365805166
        ],
        [
            0.11138059701493981,
            0.03019888444419095,
            222.97738693467292
        ],
        [
            0.5950223625362173,
            0.12891370616214798,
            54.52885042165738
        ],
        [
            0.5711993933029746,
            0.15655866840200688,
            35.96698694259829
        ],
        [
            0.5535432927853675,
            0.5097844504319313,
            221.5446153846166
        ],
        [
            0.5673772731441918,
            0.48513654982470245,
            153.53721682848052
        ]
    ]
}