{
    "rgb_colors": [
        [
            0.02005316787221645,
            0.01853007132138451,
            0.017006974770284344
        ],
        [
            134.8048007246377,
            114.1838768115942,
            93.31657608695735
        ],
        [
            91.78908886389202,
            67.59561304836896,
            50.55905511810989
        ],
        [
            128.46969696969697,
            99.6709486166008,
            74.8293807641645
        ],
        [
            32.977715877437326,
            28.33983286908078,
            24.6852367688022
        ],
        [
            149.65096830985917,
            127.99955985915493,
            107.31822183098713
        ],
        [
            116.45517928286851,
            89.14077025232403,
            67.27124833997411
        ],
        [
            68.49595687331536,
            53.09029649595688,
            42.34231805929907
        ],
        [
            106.34723127035831,
            78.28664495114006,
            57.872312703584385
        ],
        [
            145.49954627949182,
            112.17831215970962,
            83.67649727767837
        ]
    ],
    "hex_colors": [
        "#000000",
        "#86725d",
        "#5b4332",
        "#80634a",
        "#201c18",
        "#957f6b",
        "#745943",
        "#44352a",
        "#6a4e39",
        "#917053"
    ],
    "hsl_color_values": [
        [
            0.08333333334067117,
            0.15190582960972404,
            0.02005316787221645
        ],
        [
            0.08382820630380666,
            0.3077651865116233,
            134.8048007246377
        ],
        [
            0.06886791165918754,
            0.4491822966771075,
            91.78908886389202
        ],
        [
            0.07718562457527713,
            0.41753283047118095,
            128.46969696969697
        ],
        [
            0.07345202105027467,
            0.25145704873722535,
            32.977715877437326
        ],
        [
            0.08142371941498333,
            0.28287652901262994,
            149.65096830985917
        ],
        [
            0.07410795047994366,
            0.4223421512531195,
            116.45517928286851
        ],
        [
            0.06849256243773454,
            0.3818274830788622,
            68.49595687331536
        ],
        [
            0.0701886420549459,
            0.45581740105240637,
            106.34723127035831
        ],
        [
            0.07683707867917032,
            0.4249020054197064,
            145.49954627949182
        ]
    ]
}