{
    "rgb_colors": [
        [
            0.22385944401859525,
            0.1788327809547967,
            0.1776085410012591
        ],
        [
            145.08620689655172,
            55.50615763546798,
            50.485221674877515
        ],
        [
            74.36618650492798,
            68.81425322213798,
            66.45640636846025
        ],
        [
            119.13868962219034,
            54.70540411286466,
            50.08656145384946
        ],
        [
            53.144873000940734,
            36.065851364063974,
            33.91909689557834
        ],
        [
            21.992073976221928,
            15.076177895200352,
            14.306032584764313
        ],
        [
            184.10049019607843,
            174.64705882352942,
            170.36519607843064
        ],
        [
            145.78526048284627,
            143.01905972045745,
            139.27700127064907
        ],
        [
            122.60129310344827,
            114.86099137931035,
            111.23168103448286
        ],
        [
            105.07637075718016,
            86.46997389033943,
            83.04634464751923
        ]
    ],
    "hex_colors": [
        "#000000",
        "#913732",
        "#4a4442",
        "#773632",
        "#352421",
        "#150f0e",
        "#b8aeaa",
        "#918f8b",
        "#7a726f",
        "#695653"
    ],
    "hsl_color_values": [
        [
            0.0044115893732882645,
            0.2066068877285974,
            0.22385944401859525
        ],
        [
            0.008845813372213,
            0.6520329343858708,
            145.08620689655172
        ],
        [
            0.04968209846960995,
            0.10636258907727611,
            74.36618650492798
        ],
        [
            0.011148202528373471,
            0.5795944909862387,
            119.13868962219034
        ],
        [
            0.018610037350558644,
            0.3617616341847702,
            53.144873000940734
        ],
        [
            0.016700085935264213,
            0.34949143040205516,
            21.992073976221928
        ],
        [
            0.051956935522252244,
            0.07460759122921859,
            184.10049019607843
        ],
        [
            0.09582845242742606,
            0.04464277932241986,
            145.78526048284627
        ],
        [
            0.05320190819195558,
            0.09273647757835622,
            122.60129310344827
        ],
        [
            0.025901234567903497,
            0.20965728023258312,
            105.07637075718016
        ]
    ]
}