{
    "rgb_colors": [
        [
            0.013905629095502192,
            0.012916129372817942,
            0.010726598067216209
        ],
        [
            134.29545454545456,
            132.32954545454538,
            130.54545454545462
        ],
        [
            67.66589684372593,
            65.96689761354914,
            65.81678214010752
        ],
        [
            53.264061010486174,
            52.78836987607184,
            52.677788369876666
        ],
        [
            102.76190476190476,
            99.44588744588758,
            96.74458874458864
        ],
        [
            55.00623700623701,
            58.81288981289003,
            65.3610533610527
        ],
        [
            38.93882978723404,
            37.242021276595615,
            35.35638297872351
        ],
        [
            82.46587537091989,
            79.93768545994006,
            79.11869436201839
        ],
        [
            66.40917602996255,
            69.31367041198456,
            80.08801498127313
        ],
        [
            18.87272727272727,
            17.87272727272732,
            16.75064935064933
        ]
    ],
    "hex_colors": [
        "#000000",
        "#868482",
        "#434141",
        "#353434",
        "#666360",
        "#373a41",
        "#262523",
        "#524f4f",
        "#424550",
        "#121110"
    ],
    "hsl_color_values": [
        [
            0.11479028704658727,
            0.22861468592702852,
            0.013905629095502192
        ],
        [
            0.07929292929292407,
            0.027923506515484427,
            134.29545454545456
        ],
        [
            0.01353039134059351,
            0.027327129172453495,
            67.66589684372593
        ],
        [
            0.03143631436283365,
            0.011006908401034,
            53.264061010486174
        ],
        [
            0.07482014388489738,
            0.0585559019293969,
            102.76190476190476
        ],
        [
            0.6053964217195303,
            0.1584248695873361,
            65.3610533610527
        ],
        [
            0.08772581044295134,
            0.0920019124376723,
            38.93882978723404
        ],
        [
            0.04078014184391985,
            0.04058867978841372,
            82.46587537091989
        ],
        [
            0.6312775229881172,
            0.17079757757148914,
            80.08801498127313
        ],
        [
            0.08812729498164479,
            0.11244150839526669,
            18.87272727272727
        ]
    ]
}