{
    "rgb_colors": [
        [
            0.04299092501879187,
            0.03991544064381003,
            0.03589821266465165
        ],
        [
            137.26876978742538,
            105.54375848032565,
            70.974898236091
        ],
        [
            147.73554376658277,
            115.84031830238726,
            80.07838196286582
        ],
        [
            113.9982739683042,
            83.27898948689786,
            52.96265495057226
        ],
        [
            162.40040393839905,
            129.87149709669274,
            92.46301439030564
        ],
        [
            32.38159675236806,
            28.893098782138026,
            24.24221921515563
        ],
        [
            125.84024713151359,
            94.50253751103266,
            62.417255075024215
        ],
        [
            76.006539000467,
            50.83979448855675,
            31.37459131247065
        ],
        [
            97.85061601642893,
            69.0685318275154,
            41.999486652977936
        ],
        [
            179.1705989110701,
            146.497277676951,
            107.87931034482662
        ]
    ],
    "hex_colors": [
        "#000000",
        "#896946",
        "#937350",
        "#715334",
        "#a2815c",
        "#201c18",
        "#7d5e3e",
        "#4c321f",
        "#614529",
        "#b3926b"
    ],
    "hsl_color_values": [
        [
            0.0943980191351716,
            0.16498161765628222,
            0.04299092501879187
        ],
        [
            0.0869081345311243,
            0.48294941124625196,
            137.26876978742538
        ],
        [
            0.08809596152651684,
            0.45796130084045994,
            147.73554376658277
        ],
        [
            0.08278317651293134,
            0.5354082732401908,
            113.9982739683042
        ],
        [
            0.08914755266128101,
            0.4306478792664932,
            162.40040393839905
        ],
        [
            0.09523413688002212,
            0.2513581278729623,
            32.38159675236806
        ],
        [
            0.08431559122762827,
            0.5039960863252838,
            125.84024713151359
        ],
        [
            0.07268785471847562,
            0.5872119461685017,
            76.006539000467
        ],
        [
            0.08077737335857545,
            0.5707795375971235,
            97.85061601642893
        ],
        [
            0.0902821090504879,
            0.39789613362641235,
            179.1705989110701
        ]
    ]
}