{
    "rgb_colors": [
        [
            56.91506968641106,
            43.32360627177643,
            28.94425087108006
        ],
        [
            85.09862671660449,
            58.51685393258435,
            34.69538077403256
        ],
        [
            1.603493737642948,
            1.2580339485827903,
            0.8181649637462982
        ],
        [
            14.342623894123557,
            11.336042580737953,
            8.19657627850101
        ],
        [
            10.24601494396044,
            7.828268991282826,
            5.460958904109648
        ],
        [
            25.90102762803202,
            20.656923854447236,
            15.03293463611853
        ],
        [
            5.888004231507798,
            4.393140502769716,
            2.8234458951588275
        ],
        [
            42.12117076129946,
            34.09099181073804,
            25.356536245070984
        ],
        [
            19.701161103047397,
            15.625012094823319,
            11.406966618287273
        ],
        [
            33.36187900641126,
            27.41356169871881,
            20.58143028846129
        ]
    ],
    "hex_colors": [
        "#382b1c",
        "#553a22",
        "#010100",
        "#0e0b08",
        "#0a0705",
        "#19140f",
        "#050402",
        "#2a2219",
        "#130f0b",
        "#211b14"
    ],
    "hsl_color_values": [
        [
            0.08568069634542926,
            0.49144838035767635,
            56.91506968641106
        ],
        [
            0.07876963977575745,
            0.5922921190071005,
            85.09862671660449
        ],
        [
            0.09335134520665937,
            0.4897610483038381,
            1.603493737642948
        ],
        [
            0.08513510086972481,
            0.42851626459651493,
            14.342623894123557
        ],
        [
            0.08245497605662998,
            0.4670163049753665,
            10.24601494396044
        ],
        [
            0.08624618293987256,
            0.4196008416342227,
            25.90102762803202
        ],
        [
            0.0853681800839301,
            0.5204748868810171,
            5.888004231507798
        ],
        [
            0.08683413842804964,
            0.3980096994747275,
            42.12117076129946
        ],
        [
            0.08475899386183805,
            0.4210002873118564,
            19.701161103047397
        ],
        [
            0.08909613375131191,
            0.3830853986219993,
            33.36187900641126
        ]
    ]
}