{
    "rgb_colors": [
        [
            0.036955459067598895,
            0.0322224458693956,
            0.02689708715623329
        ],
        [
            161.31650000000005,
            129.0985,
            92.37850000000029
        ],
        [
            114.17548387096643,
            85.35122580645161,
            56.803096774194216
        ],
        [
            178.7641759406455,
            145.5988341282459,
            107.13036565977832
        ],
        [
            50.624178712220676,
            37.448094612352165,
            24.829172141918566
        ],
        [
            85.73468660968717,
            59.33262108262109,
            33.9002849002844
        ],
        [
            145.16678297278355,
            114.15875785066294,
            79.40090718771886
        ],
        [
            101.51625547613389,
            73.24971178233803,
            45.871800783952615
        ],
        [
            199.71518987341852,
            165.02893309222424,
            123.5081374321873
        ],
        [
            130.08076548816035,
            100.1871553681479,
            68.61368796626712
        ]
    ],
    "hex_colors": [
        "#000000",
        "#a1815c",
        "#725538",
        "#b2916b",
        "#322518",
        "#553b21",
        "#91724f",
        "#65492d",
        "#c7a57b",
        "#826444"
    ],
    "hsl_color_values": [
        [
            0.08824089955593513,
            0.2721755368528054,
            0.036955459067598895
        ],
        [
            0.08877542139313548,
            0.42734624170496965,
            161.31650000000005
        ],
        [
            0.08293225619757975,
            0.5024930497479712,
            114.17548387096643
        ],
        [
            0.0895025880414978,
            0.4007168097519243,
            178.7641759406455
        ],
        [
            0.08153336729495682,
            0.5095392602206343,
            50.624178712220676
        ],
        [
            0.08177431507398318,
            0.6045907876864625,
            85.73468660968717
        ],
        [
            0.08808481665207679,
            0.45303666884589394,
            145.16678297278355
        ],
        [
            0.08200251384687796,
            0.5481334435672037,
            101.51625547613389
        ],
        [
            0.09080698423997925,
            0.38157864952351406,
            199.71518987341852
        ],
        [
            0.08561078188735805,
            0.47253010305730264,
            130.08076548816035
        ]
    ]
}