{
    "rgb_colors": [
        [
            0.0058383218266553905,
            0.0049103090996237,
            0.003309232196930717
        ],
        [
            105.76190476190476,
            90.23809523809523,
            77.50000000000003
        ],
        [
            41.17045454545455,
            28.602272727272727,
            20.238636363636342
        ],
        [
            166.5,
            154.375,
            146.625
        ],
        [
            86.89090909090909,
            69.6,
            56.10909090909093
        ],
        [
            12.43298969072165,
            9.773195876288659,
            7.443298969072175
        ],
        [
            142.25,
            127.75,
            118.04166666666669
        ],
        [
            68.6140350877193,
            52.368421052631575,
            40.21052631578946
        ],
        [
            52.368421052631575,
            38.94736842105263,
            29.9684210526316
        ],
        [
            121.625,
            106.08333333333333,
            95.75
        ]
    ],
    "hex_colors": [
        "#000000",
        "#695a4d",
        "#291c14",
        "#a69a92",
        "#564538",
        "#0c0907",
        "#8e7f76",
        "#443428",
        "#34261d",
        "#796a5f"
    ],
    "hsl_color_values": [
        [
            0.10551075268846062,
            0.4331877729278102,
            0.0058383218266553905
        ],
        [
            0.07511934849761287,
            0.26722197208464626,
            105.76190476190476
        ],
        [
            0.06659428157799502,
            0.5084184377587639,
            41.17045454545455
        ],
        [
            0.06498951781970651,
            0.11936936936936937,
            166.5
        ],
        [
            0.07304587517227791,
            0.35425821301527494,
            86.89090909090909
        ],
        [
            0.07782369146005487,
            0.40132669983416175,
            12.43298969072165
        ],
        [
            0.06683878370625351,
            0.17018160515524297,
            142.25
        ],
        [
            0.07134033353922176,
            0.4139606238813605,
            68.6140350877193
        ],
        [
            0.06680764411027558,
            0.42773869346733623,
            52.368421052631575
        ],
        [
            0.06655931293612449,
            0.21274409044193218,
            121.625
        ]
    ]
}