{
    "rgb_colors": [
        [
            187.04166666666669,
            186.25126262626264,
            198.73863636363623
        ],
        [
            25.24832469338728,
            25.152990264256086,
            26.682387153875588
        ],
        [
            102.83783255086072,
            103.04636150234886,
            110.07453051643381
        ],
        [
            83.54143447779974,
            83.96674456228598,
            89.72047456408401
        ],
        [
            0.13321719172352786,
            0.07999944694651973,
            0.04707191793079346
        ],
        [
            54.87468479333406,
            55.243613638856246,
            59.2353908562669
        ],
        [
            146.22255489021956,
            146.32934131736397,
            155.91516966067718
        ],
        [
            40.692598595353864,
            40.86526202052953,
            43.69540788762828
        ],
        [
            68.87141939627489,
            69.25279383429813,
            74.16634553628936
        ],
        [
            121.39696557971014,
            121.75588768116046,
            129.88722826087
        ]
    ],
    "hex_colors": [
        "#bbbac6",
        "#19191a",
        "#66676e",
        "#535359",
        "#000000",
        "#36373b",
        "#92929b",
        "#28282b",
        "#44454a",
        "#797981"
    ],
    "hsl_color_values": [
        [
            0.6772160431412203,
            0.06283314591393885,
            198.73863636363623
        ],
        [
            0.6770557760140895,
            0.05731859300292622,
            26.682387153875588
        ],
        [
            0.6618640860679793,
            0.06574361872470279,
            110.07453051643381
        ],
        [
            0.6551948177886532,
            0.06886989972250776,
            89.72047456408401
        ],
        [
            0.06370542759925503,
            0.6466528281989001,
            0.13321719172352786
        ],
        [
            0.6525661655017224,
            0.0736165660409666,
            59.2353908562669
        ],
        [
            0.6648304503020538,
            0.062165950827953106,
            155.91516966067718
        ],
        [
            0.6570832283832848,
            0.06872139287489328,
            43.69540788762828
        ],
        [
            0.6546622676143631,
            0.07139257168096111,
            74.16634553628936
        ],
        [
            0.6596209070137337,
            0.06536641665882431,
            129.88722826087
        ]
    ]
}