{
    "rgb_colors": [
        [
            0.03783758932281156,
            -2.9753977059954195e-14,
            -2.7056135110115065e-13
        ],
        [
            14.72448979591864,
            10.878088077336132,
            7.827067669173092
        ],
        [
            27.713450292397816,
            20.436257309941304,
            14.66783625731005
        ],
        [
            63.50167224080261,
            46.418060200668734,
            33.036789297658856
        ],
        [
            46.079925650557854,
            33.73977695167273,
            24.016728624535453
        ],
        [
            4.327417923691139,
            3.2568766637088036,
            2.493345164152668
        ],
        [
            85.77343750000013,
            62.75781249999977,
            44.855468750000085
        ],
        [
            139.35211267605635,
            101.90845070422516,
            72.35211267605636
        ],
        [
            110.22564102564111,
            80.79999999999977,
            57.753846153846226
        ],
        [
            1.3018867924528048,
            1.1743563675508075,
            0.6369344855425579
        ]
    ],
    "hex_colors": [
        "#000000",
        "#0e0a07",
        "#1b140e",
        "#3f2e21",
        "#2e2118",
        "#040302",
        "#553e2c",
        "#8b6548",
        "#6e5039",
        "#010100"
    ],
    "hsl_color_values": [
        [
            1.0607070777268746e-12,
            1.0000000000071505,
            0.03783758932281156
        ],
        [
            0.07372368865010108,
            0.46843199474778324,
            14.72448979591864
        ],
        [
            0.07369553523399236,
            0.47073222198776016,
            27.713450292397816
        ],
        [
            0.07320598675302742,
            0.47974930215410505,
            63.50167224080261
        ],
        [
            0.07344846953102825,
            0.47880279133556497,
            46.079925650557854
        ],
        [
            0.06938397032735238,
            0.4238261226163407,
            4.327417923691139
        ],
        [
            0.07291964996022139,
            0.47704708989889766,
            85.77343750000013
        ],
        [
            0.07352322892579304,
            0.48079644228825535,
            139.35211267605635
        ],
        [
            0.07320172009382232,
            0.47603982506746045,
            110.22564102564111
        ],
        [
            0.13470186167822637,
            0.5107604676267213,
            1.3018867924528048
        ]
    ]
}