{
    "rgb_colors": [
        [
            45.90940288263603,
            47.40768702813935,
            53.871425303132966
        ],
        [
            28.472322720694798,
            29.41618427399888,
            33.83218765074768
        ],
        [
            2.765976906367971,
            2.715502457985327,
            2.7653481193542753
        ],
        [
            21.946170943624796,
            22.757769246312584,
            26.257304505961052
        ],
        [
            12.690154533968062,
            13.192438526582112,
            15.177082320925875
        ],
        [
            55.61185830649646,
            57.642167077098634,
            65.38283765864725
        ],
        [
            8.077727802764727,
            8.353423288356199,
            9.376278527402395
        ],
        [
            71.46739757645658,
            73.71148297749622,
            82.55395268320929
        ],
        [
            16.890076335877744,
            17.540000000000155,
            20.15045801526742
        ],
        [
            36.70190311418556,
            37.73088235294247,
            43.03762975778577
        ]
    ],
    "hex_colors": [
        "#2d2f35",
        "#1c1d21",
        "#020202",
        "#15161a",
        "#0c0d0f",
        "#373941",
        "#080809",
        "#474952",
        "#101114",
        "#24252b"
    ],
    "hsl_color_values": [
        [
            0.635303526617261,
            0.14779676564514238,
            53.871425303132966
        ],
        [
            0.6373169981699903,
            0.15842501777842996,
            33.83218765074768
        ],
        [
            0.8354095885272783,
            0.01824832603137049,
            2.765976906367971
        ],
        [
            0.6352906070235514,
            0.164187971440767,
            26.257304505961052
        ],
        [
            0.6330050544525809,
            0.16386072990649087,
            15.177082320925875
        ],
        [
            0.6320350516662853,
            0.1494425708954913,
            65.38283765864725
        ],
        [
            0.631281643404368,
            0.13849319011190023,
            9.376278527402395
        ],
        [
            0.6329308280851403,
            0.13429466120533337,
            82.55395268320929
        ],
        [
            0.6334433752429014,
            0.16180186459877885,
            20.15045801526742
        ],
        [
            0.6395984944679736,
            0.14721365184972898,
            43.03762975778577
        ]
    ]
}