{
    "rgb_colors": [
        [
            0.027789373561289743,
            0.019197336785647945,
            0.011884065629210738
        ],
        [
            161.45212765957365,
            122.625,
            88.90159574468085
        ],
        [
            198.32142857142833,
            173.32142857142856,
            152.88839285714286
        ],
        [
            53.35634743875189,
            36.29992576095026,
            16.669636228656273
        ],
        [
            230.81305114638633,
            217.75837742504407,
            211.41975308641975
        ],
        [
            72.70944992947902,
            50.69534555712271,
            26.704513399153736
        ],
        [
            121.80357142857063,
            91.25,
            60.482142857142854
        ],
        [
            249.54935622317296,
            242.97210300429185,
            242.50321888412017
        ],
        [
            29.81808622502658,
            20.44794952681388,
            9.459516298633018
        ],
        [
            94.7614942528743,
            67.8860153256705,
            39.240421455938694
        ]
    ],
    "hex_colors": [
        "#000000",
        "#a17a58",
        "#c6ad98",
        "#352410",
        "#e6d9d3",
        "#48321a",
        "#795b3c",
        "#f9f2f2",
        "#1d1409",
        "#5e4327"
    ],
    "hsl_color_values": [
        [
            0.07663344408532595,
            0.5723521581729681,
            0.027789373561289743
        ],
        [
            0.07747107054266496,
            0.44936250123545995,
            161.45212765957365
        ],
        [
            0.07495660148701354,
            0.22908788042499453,
            198.32142857142833
        ],
        [
            0.08917983689823557,
            0.6875791348388032,
            53.35634743875189
        ],
        [
            0.05447435431065312,
            0.08402167019432086,
            230.81305114638633
        ],
        [
            0.08691397767047175,
            0.6327229345696539,
            72.70944992947902
        ],
        [
            0.08362453892448178,
            0.5034452426330418,
            121.80357142857063
        ],
        [
            0.011090807573224504,
            0.028235445868076706,
            249.54935622317296
        ],
        [
            0.08995747464834676,
            0.6827591070987795,
            29.81808622502658
        ],
        [
            0.08599015480873073,
            0.5859033063448295,
            94.7614942528743
        ]
    ]
}