{
    "rgb_colors": [
        [
            0.25522163604942705,
            0.18763277874586493,
            0.12916238987091333
        ],
        [
            191.22340365996217,
            172.63131680564106,
            156.44266606972292
        ],
        [
            132.7345583244409,
            104.56220304470087,
            79.82260254048352
        ],
        [
            224.83808553972852,
            208.11843960520133,
            193.62588124707221
        ],
        [
            83.26250625312588,
            60.368559279639825,
            40.26625812906239
        ],
        [
            172.66099004185267,
            153.12916726800404,
            136.2332226872599
        ],
        [
            43.73483670295442,
            31.80404354587869,
            21.454121306375875
        ],
        [
            148.3016584491249,
            128.96268489466607,
            112.27521290900852
        ],
        [
            112.4656993217114,
            85.67571048338628,
            62.410062677085286
        ],
        [
            206.8270345327087,
            190.00199227239796,
            174.56936730257354
        ]
    ],
    "hex_colors": [
        "#000000",
        "#bfac9c",
        "#84684f",
        "#e0d0c1",
        "#533c28",
        "#ac9988",
        "#2b1f15",
        "#948070",
        "#70553e",
        "#cebeae"
    ],
    "hsl_color_values": [
        [
            0.07730543461042001,
            0.4939206884251015,
            0.25522163604942705
        ],
        [
            0.07757479118969418,
            0.18188535986989937,
            191.22340365996217
        ],
        [
            0.07792693899916364,
            0.39862984027585013,
            132.7345583244409
        ],
        [
            0.07738724155377348,
            0.13882080617138667,
            224.83808553972852
        ],
        [
            0.07792269491581864,
            0.5163938735323536,
            83.26250625312588
        ],
        [
            0.07730341352095844,
            0.2109785617802999,
            172.66099004185267
        ],
        [
            0.07742063076583383,
            0.5094500648969706,
            43.73483670295442
        ],
        [
            0.07720010368066806,
            0.24292678798649645,
            148.3016584491249
        ],
        [
            0.07746596043211301,
            0.4450746934088811,
            112.4656993217114
        ],
        [
            0.07973621103123475,
            0.15596446230066582,
            206.8270345327087
        ]
    ]
}