{
    "rgb_colors": [
        [
            51.99999999999994,
            40.72251308900521,
            28.890052356020945
        ],
        [
            1.3791722296394813,
            1.1256341789052087,
            0.746995994659546
        ],
        [
            18.884126984126926,
            17.366666666666575,
            11.523809523809524
        ],
        [
            2.9966076395956076,
            2.450030531243756,
            2.0624194314403965
        ],
        [
            25.19266055045869,
            14.871559633027548,
            3.1314984709480123
        ],
        [
            0.0426076229726885,
            0.0004135301454892826,
            2.803594207778648e-05
        ],
        [
            19.51040863531222,
            20.888203546645975,
            17.989976869699305
        ],
        [
            5.005555555555657,
            4.5129084967320905,
            3.6006535947712415
        ],
        [
            41.10460251046018,
            31.288702928870265,
            20.644351464435143
        ],
        [
            28.763341067285356,
            22.85382830626442,
            14.990719257540603
        ]
    ],
    "hex_colors": [
        "#33281c",
        "#010100",
        "#12110b",
        "#020202",
        "#190e03",
        "#000000",
        "#131411",
        "#050403",
        "#291f14",
        "#1c160e"
    ],
    "hsl_color_values": [
        [
            0.08533454161002874,
            0.4444220700765197,
            51.99999999999994
        ],
        [
            0.09982400563182625,
            0.4583736689254449,
            1.3791722296394813
        ],
        [
            0.13230536985119587,
            0.3897621249054365,
            18.884126984126926
        ],
        [
            0.06915292807516714,
            0.3117485905766695,
            2.9966076395956076
        ],
        [
            0.08869328158210915,
            0.8756979849478027,
            25.19266055045869
        ],
        [
            0.0015089163231133962,
            0.9993419970389863,
            0.0426076229726885
        ],
        [
            0.24589873193224973,
            0.13874944633101488,
            20.888203546645975
        ],
        [
            0.10822284252151648,
            0.2806685382255157,
            5.005555555555657
        ],
        [
            0.08670756646216776,
            0.4977605863192175,
            41.10460251046018
        ],
        [
            0.09515386343216452,
            0.4788255223037827,
            28.763341067285356
        ]
    ]
}