{
    "rgb_colors": [
        [
            50.400000000000006,
            28.8,
            31.800000000000008
        ],
        [
            9.541062801932368,
            8.136876006441224,
            7.354267310789096
        ],
        [
            0.002506801286901672,
            0.0,
            -4.4797499043625066e-14
        ],
        [
            3.541176470588235,
            3.202941176470588,
            2.7964705882353322
        ],
        [
            13.865771812080537,
            12.402684563758388,
            11.278523489932917
        ],
        [
            6.140801644398767,
            5.268242548818089,
            4.748201438848963
        ],
        [
            19.305785123966942,
            16.669421487603305,
            15.347107438016511
        ],
        [
            2.0595623987034033,
            1.646677471636953,
            1.3486628849270825
        ],
        [
            96.4,
            56.6,
            62.800000000000004
        ],
        [
            1.0023616734143048,
            0.9959514170040485,
            0.9549932523616468
        ]
    ],
    "hex_colors": [
        "#321c1f",
        "#090807",
        "#000000",
        "#030302",
        "#0d0c0b",
        "#060504",
        "#13100f",
        "#020101",
        "#60383e",
        "#010000"
    ],
    "hsl_color_values": [
        [
            0.9768518518518519,
            0.4285714285714286,
            50.400000000000006
        ],
        [
            0.05964653902798004,
            0.22919831223628215,
            9.541062801932368
        ],
        [
            2.9783953081619075e-12,
            1.0000000000178704,
            0.002506801286901672
        ],
        [
            0.09096893101632046,
            0.21029900332224835,
            3.541176470588235
        ],
        [
            0.0724167747514039,
            0.18659244917715165,
            13.865771812080537
        ],
        [
            0.06223862238622071,
            0.2267782426778174,
            6.140801644398767
        ],
        [
            0.05567153792623567,
            0.2050513698630146,
            19.305785123966942
        ],
        [
            0.06986795858268996,
            0.34517017509344083,
            2.0595623987034033
        ],
        [
            0.974036850921273,
            0.4128630705394191,
            96.4
        ],
        [
            0.14411206077874053,
            0.04725681588693317,
            1.0023616734143048
        ]
    ]
}