{
    "rgb_colors": [
        [
            0.4791912075943685,
            0.4550029163238065,
            0.4359725065474187
        ],
        [
            69.74341979478673,
            53.09062519915794,
            34.70562742973679
        ],
        [
            40.23978262487932,
            31.552966574853258,
            22.161244695898162
        ],
        [
            110.05921350007009,
            85.09205966551076,
            58.94128873487017
        ],
        [
            82.50588982154112,
            64.69478733159293,
            45.20420399238203
        ],
        [
            153.95064935064931,
            150.49350649350666,
            153.35584415584415
        ],
        [
            26.39746974697415,
            20.67931793179374,
            14.786138613861386
        ],
        [
            118.24857375713026,
            92.84859186814552,
            66.21787557728878
        ],
        [
            54.728666498188915,
            42.93800016847749,
            30.076236205879876
        ],
        [
            98.22811025943389,
            75.55734080188878,
            51.93300412735849
        ]
    ],
    "hex_colors": [
        "#000000",
        "#453522",
        "#281f16",
        "#6e553a",
        "#52402d",
        "#999699",
        "#1a140e",
        "#765c42",
        "#362a1e",
        "#624b33"
    ],
    "hsl_color_values": [
        [
            0.07338802152535194,
            0.0901909308059218,
            0.4791912075943685
        ],
        [
            0.08745317807066004,
            0.5023813353022444,
            69.74341979478673
        ],
        [
            0.0865826089463012,
            0.44927026812027604,
            40.23978262487932
        ],
        [
            0.08526288658612735,
            0.4644583868952268,
            110.05921350007009
        ],
        [
            0.08708535510735071,
            0.4521093695230974,
            82.50588982154112
        ],
        [
            0.862008514901077,
            0.02245617587015443,
            153.95064935064931
        ],
        [
            0.08458948777954785,
            0.4398653069559339,
            26.39746974697415
        ],
        [
            0.08530450042783401,
            0.4400112113547085,
            118.24857375713026
        ],
        [
            0.08695399608404375,
            0.4504482179028579,
            54.728666498188915
        ],
        [
            0.08504979845001463,
            0.4713020133422468,
            98.22811025943389
        ]
    ]
}