{
    "rgb_colors": [
        [
            0.18972230158416803,
            0.17480378480856462,
            0.16060234282048658
        ],
        [
            193.88265306122415,
            195.58928571428544,
            177.17346938775586
        ],
        [
            61.37558823529521,
            62.00617647058935,
            55.749999999999055
        ],
        [
            86.91173184357649,
            87.9780260707645,
            79.15754189944036
        ],
        [
            15.47107969151676,
            14.62082262210804,
            12.816195372750617
        ],
        [
            153.61209068010004,
            154.8211586901756,
            142.22670025188975
        ],
        [
            73.79611901681828,
            74.75420439844821,
            67.02250970245687
        ],
        [
            48.72379110251441,
            48.71334622823973,
            43.56324951644143
        ],
        [
            104.26147704590768,
            105.19061876247453,
            96.21057884231567
        ],
        [
            33.27440395861452,
            32.44984255510583,
            28.686009896535964
        ]
    ],
    "hex_colors": [
        "#000000",
        "#c1c3b1",
        "#3d3e37",
        "#56574f",
        "#0f0e0c",
        "#999a8e",
        "#494a43",
        "#30302b",
        "#686960",
        "#21201c"
    ],
    "hsl_color_values": [
        [
            0.08128126201074931,
            0.15348727334916254,
            0.18972230158416803
        ],
        [
            0.18211201920857145,
            0.09415554772990577,
            195.58928571428544
        ],
        [
            0.18346575149263766,
            0.10089602079492378,
            62.00617647058935
        ],
        [
            0.1868147334937801,
            0.10025780942424697,
            87.9780260707645
        ],
        [
            0.11328976034858672,
            0.1716030407510533,
            15.47107969151676
        ],
        [
            0.18266666666666817,
            0.08134843160223061,
            154.8211586901756
        ],
        [
            0.18731943468415077,
            0.10342822531801081,
            74.75420439844821
        ],
        [
            0.16632933533233313,
            0.10591420473040056,
            48.72379110251441
        ],
        [
            0.18391123953471258,
            0.0853692090207799,
            105.19061876247453
        ],
        [
            0.13671568627451466,
            0.13789560491558112,
            33.27440395861452
        ]
    ]
}