{
    "rgb_colors": [
        [
            0.012200883228769832,
            0.011266303789561366,
            0.010665502721535436
        ],
        [
            30.31498470948018,
            27.55351681957197,
            24.28440366972485
        ],
        [
            83.24000000000007,
            77.70666666666672,
            71.36000000000003
        ],
        [
            14.945762711864374,
            13.667796610169464,
            11.769491525423716
        ],
        [
            101.50000000000003,
            95.6923076923077,
            88.55769230769228
        ],
        [
            66.13114754098355,
            61.57377049180323,
            55.63934426229505
        ],
        [
            6.405092592592608,
            5.511574074074098,
            4.5995370370370505
        ],
        [
            38.05381165919294,
            35.260089686098766,
            32.01793721973103
        ],
        [
            23.284313725490232,
            21.039215686274517,
            18.084967320261406
        ],
        [
            47.45360824742265,
            44.309278350515406,
            40.30927835051542
        ]
    ],
    "hex_colors": [
        "#000000",
        "#1e1b18",
        "#534d47",
        "#0e0d0b",
        "#655f58",
        "#423d37",
        "#060504",
        "#262320",
        "#171512",
        "#2f2c28"
    ],
    "hsl_color_values": [
        [
            0.06521739130192584,
            0.12584175083439453,
            0.012200883228769832
        ],
        [
            0.09034820824881785,
            0.1989306970644597,
            30.31498470948018
        ],
        [
            0.08903853348297801,
            0.14271984622777545,
            83.24000000000007
        ],
        [
            0.09960868018498743,
            0.21251984577001504,
            14.945762711864374
        ],
        [
            0.09187716691431398,
            0.1275104206138694,
            101.50000000000003
        ],
        [
            0.09427083333333335,
            0.15865146256817034,
            66.13114754098355
        ],
        [
            0.08418803418803511,
            0.2818937477412356,
            6.405092592592608
        ],
        [
            0.08952451708766741,
            0.15861418807447575,
            38.05381165919294
        ],
        [
            0.09469935051330401,
            0.2232982456140377,
            23.284313725490232
        ],
        [
            0.0933140933140928,
            0.15055398653052396,
            47.45360824742265
        ]
    ]
}