{
    "rgb_colors": [
        [
            0.01283988333416275,
            0.010515421699656358,
            0.007438277243053015
        ],
        [
            199.77659574468083,
            177.51063829787222,
            152.3510638297873
        ],
        [
            138.0903725562523,
            110.76724455920008,
            79.89265953522872
        ],
        [
            111.73854696899583,
            88.78574733919424,
            62.68764460897574
        ],
        [
            77.01329787234043,
            62.53457446808493,
            46.61170212765967
        ],
        [
            149.50444186944767,
            120.06006179992913,
            87.18037852452453
        ],
        [
            16.53846153846154,
            13.710310965630098,
            10.675941080196388
        ],
        [
            39.103070175438596,
            32.41885964912288,
            25.103070175438514
        ],
        [
            157.49492488834755,
            127.3763702801456,
            95.47868453105893
        ],
        [
            125.33778727952965,
            100.49706039550968,
            71.7776590058775
        ]
    ],
    "hex_colors": [
        "#000000",
        "#c7b198",
        "#8a6e4f",
        "#6f583e",
        "#4d3e2e",
        "#957857",
        "#100d0a",
        "#272019",
        "#9d7f5f",
        "#7d6447"
    ],
    "hsl_color_values": [
        [
            0.09494535528571398,
            0.42068965507948336,
            0.01283988333416275
        ],
        [
            0.08841782563182243,
            0.2373928324191912,
            199.77659574468083
        ],
        [
            0.08841866636242246,
            0.4214465638965254,
            138.0903725562523
        ],
        [
            0.08867693720381069,
            0.43897923939918676,
            111.73854696899583
        ],
        [
            0.08729186714489712,
            0.3947577442414603,
            77.01329787234043
        ],
        [
            0.08792666778222546,
            0.41687098099297026,
            149.50444186944767
        ],
        [
            0.08626465661641508,
            0.35447798119742774,
            16.53846153846154
        ],
        [
            0.08709273182957526,
            0.35802815321631076,
            39.103070175438596
        ],
        [
            0.0857240124127631,
            0.3937665953442857,
            157.49492488834755
        ],
        [
            0.08936809997571808,
            0.4273262631819229,
            125.33778727952965
        ]
    ]
}