{
    "rgb_colors": [
        [
            0.03568373725189211,
            0.028961508937383584,
            0.023906130061273956
        ],
        [
            194.26660600545952,
            195.00045495905368,
            195.20427661510345
        ],
        [
            130.17535153019026,
            131.23573200992556,
            130.5922249793224
        ],
        [
            233.0595179537629,
            233.37383177570092,
            233.57156910968772
        ],
        [
            75.2063953488372,
            71.19767441860465,
            67.75581395348841
        ],
        [
            213.1952610794208,
            213.8209741114524,
            213.9249670908294
        ],
        [
            173.45193171608267,
            174.56738544474393,
            175.18598382749158
        ],
        [
            34.04666666666667,
            30.553333333333335,
            27.74444444444442
        ],
        [
            150.17798312575331,
            152.08196062675773,
            153.47207713941256
        ],
        [
            104.732,
            104.269,
            102.72799999999964
        ]
    ],
    "hex_colors": [
        "#000000",
        "#c2c3c3",
        "#828382",
        "#e9e9e9",
        "#4b4743",
        "#d5d5d5",
        "#adaeaf",
        "#221e1b",
        "#969899",
        "#686866"
    ],
    "hsl_color_values": [
        [
            0.0715394164860111,
            0.33005531644513086,
            0.03568373725189211
        ],
        [
            0.5362283681059329,
            0.004803535178139538,
            195.20427661510345
        ],
        [
            0.3988559542382691,
            0.008079967730549958,
            131.23573200992556
        ],
        [
            0.5643611911618684,
            0.0021922666267842894,
            233.57156910968772
        ],
        [
            0.07699310703602498,
            0.09906845502686346,
            75.2063953488372
        ],
        [
            0.5237522549609318,
            0.003411037156307178,
            213.9249670908294
        ],
        [
            0.5594559585491194,
            0.00989834959123478,
            175.18598382749158
        ],
        [
            0.07428302773859936,
            0.1851054108739646,
            34.04666666666667
        ],
        [
            0.5703337805423175,
            0.021463800289005824,
            153.47207713941256
        ],
        [
            0.12816034597472467,
            0.019134552954210366,
            104.732
        ]
    ]
}