{
    "rgb_colors": [
        [
            -1.9761969838327786e-13,
            7.233048833410471e-05,
            6.199756170066628e-05
        ],
        [
            23.559789750328314,
            15.851511169513797,
            7.441524310118348
        ],
        [
            30.96587030716736,
            21.226393629124004,
            10.357224118316244
        ],
        [
            1.9247787610619564,
            1.2438857602574416,
            1.0014481094126775
        ],
        [
            50.23529411764696,
            38.43529411764706,
            23.041176470588187
        ],
        [
            10.922568655791862,
            7.280817674994838,
            3.3448275862069328
        ],
        [
            1.003066651139257,
            0.8503940064438492,
            7.76367377401943e-05
        ],
        [
            16.954600853138064,
            11.385740402193784,
            5.325411334552096
        ],
        [
            6.112686756140981,
            4.04672068878197,
            1.9655609014940407
        ],
        [
            3.2676465784747846,
            2.202547770700637,
            1.0318471337579678
        ]
    ],
    "hex_colors": [
        "#000000",
        "#170f07",
        "#1e150a",
        "#010101",
        "#322617",
        "#0a0703",
        "#010000",
        "#100b05",
        "#060401",
        "#030201"
    ],
    "hsl_color_values": [
        [
            0.47619047688097577,
            1.000000002732177,
            7.233048833410471e-05
        ],
        [
            0.08696124789390795,
            0.6841430085336544,
            23.559789750328314
        ],
        [
            0.08790137087128487,
            0.6655277563466718,
            30.96587030716736
        ],
        [
            0.043761435915312896,
            0.4797074190177839,
            1.9247787610619564
        ],
        [
            0.09434710505443844,
            0.5413348946135832,
            50.23529411764696
        ],
        [
            0.08656911632469515,
            0.6937691406102277,
            10.922568655791862
        ],
        [
            0.14129705601569534,
            0.9999226006191593,
            1.003066651139257
        ],
        [
            0.08685513663636328,
            0.6859016982657875,
            16.954600853138064
        ],
        [
            0.08363863955547056,
            0.6784456688346772,
            6.112686756140981
        ],
        [
            0.08726935382546865,
            0.6842231529703572,
            3.2676465784747846
        ]
    ]
}