{
    "rgb_colors": [
        [
            0.01666622023391051,
            0.015257279082849018,
            0.011405458977312266
        ],
        [
            111.29591836734691,
            106.43877551020407,
            102.85714285714285
        ],
        [
            16.465863453815373,
            14.586345381526105,
            13.191967871485945
        ],
        [
            3.0481613285883893,
            2.677817319098458,
            2.38220640569395
        ],
        [
            32.56911447084225,
            29.408207343412528,
            28.306695464362853
        ],
        [
            42.80213903743323,
            38.700534759358284,
            36.6096256684492
        ],
        [
            60.730158730158664,
            55.67195767195767,
            52.15873015873016
        ],
        [
            80.18045112781945,
            75.74436090225564,
            72.81203007518796
        ],
        [
            9.350848385331036,
            8.185550082101805,
            7.264915161466885
        ],
        [
            25.207264957265078,
            21.627136752136753,
            19.33974358974359
        ]
    ],
    "hex_colors": [
        "#000000",
        "#6f6a66",
        "#100e0d",
        "#030202",
        "#201d1c",
        "#2a2624",
        "#3c3734",
        "#504b48",
        "#090807",
        "#191513"
    ],
    "hsl_color_values": [
        [
            0.12202987101615297,
            0.31565413049650287,
            0.01666622023391051
        ],
        [
            0.07073760580411127,
            0.075822866049326,
            111.29591836734691
        ],
        [
            0.07098462544978491,
            0.19882926829268835,
            16.465863453815373
        ],
        [
            0.07398171238570085,
            0.2184775840597796,
            3.0481613285883893
        ],
        [
            0.04307068659741653,
            0.13087303955701224,
            32.56911447084225
        ],
        [
            0.05627518710420185,
            0.14467766116941677,
            42.80213903743323
        ],
        [
            0.0683127572016466,
            0.14113957135389346,
            60.730158730158664
        ],
        [
            0.06632653061224579,
            0.0918979744936224,
            80.18045112781945
        ],
        [
            0.07355899588909674,
            0.2230742214937864,
            9.350848385331036
        ],
        [
            0.06497329448895228,
            0.23277104348563557,
            25.207264957265078
        ]
    ]
}