{
    "rgb_colors": [
        [
            11.745069110110636,
            9.298260599471982,
            7.0075322255011505
        ],
        [
            125.64444444444449,
            97.57777777777775,
            71.20000000000002
        ],
        [
            0.05128505515049664,
            -1.4921397450962104e-13,
            -2.950972799453666e-13
        ],
        [
            72.55172413793103,
            58.793103448275886,
            45.62068965517242
        ],
        [
            8.94661616522525,
            6.251911670120599,
            3.965768598584954
        ],
        [
            23.3988533988538,
            18.607698607698712,
            14.046683046683436
        ],
        [
            16.47252019600083,
            12.810885975367103,
            9.601377301019687
        ],
        [
            4.996950638460142,
            3.447239692522731,
            2.071723524553722
        ],
        [
            35.35798816567997,
            28.292899408284327,
            21.470414201183416
        ],
        [
            1.639921047684663,
            1.2757691584685191,
            0.8759634062284781
        ]
    ],
    "hex_colors": [
        "#0b0907",
        "#7d6147",
        "#000000",
        "#483a2d",
        "#080603",
        "#17120e",
        "#100c09",
        "#040302",
        "#231c15",
        "#010100"
    ],
    "hsl_color_values": [
        [
            0.080587881768005,
            0.4033639002201545,
            11.745069110110636
        ],
        [
            0.08074829931972773,
            0.43332154227095865,
            125.64444444444449
        ],
        [
            4.74083735232019e-13,
            1.000000000005754,
            0.05128505515049664
        ],
        [
            0.08151941954758869,
            0.3711977186311786,
            72.55172413793103
        ],
        [
            0.07649779282704505,
            0.5567297707484573,
            8.94661616522525
        ],
        [
            0.08128265755903386,
            0.3996849842492061,
            23.3988533988538
        ],
        [
            0.07784994731836443,
            0.4171276048366483,
            16.47252019600083
        ],
        [
            0.07837090445785998,
            0.5854024435206061,
            4.996950638460142
        ],
        [
            0.08187757420821577,
            0.39277047945777777,
            35.35798816567997
        ],
        [
            0.08722249562553593,
            0.46585025695888543,
            1.639921047684663
        ]
    ]
}