{
    "rgb_colors": [
        [
            0.10209536648773376,
            0.0794740083907639,
            0.06841609817890237
        ],
        [
            58.57880833577866,
            52.13765776342823,
            34.42442031112415
        ],
        [
            103.11643090315613,
            91.67464635473341,
            70.41022850924918
        ],
        [
            24.38374899436804,
            20.58889782783588,
            14.670689192813086
        ],
        [
            71.13377636521278,
            63.80179138977174,
            41.164114417798324
        ],
        [
            13.100610851599058,
            10.87100251527129,
            7.576356449874236
        ],
        [
            84.98086419753028,
            74.76851851851852,
            52.25246913580247
        ],
        [
            34.591126279863325,
            29.759044368600684,
            21.054152445961318
        ],
        [
            125.0486891385765,
            116.72659176029963,
            97.25093632958801
        ],
        [
            46.68370200864388,
            40.936435291126365,
            27.81617086193745
        ]
    ],
    "hex_colors": [
        "#000000",
        "#3a3422",
        "#675b46",
        "#18140e",
        "#473f29",
        "#0d0a07",
        "#544a34",
        "#221d15",
        "#7d7461",
        "#2e281b"
    ],
    "hsl_color_values": [
        [
            0.054721647109744,
            0.32988047810061766,
            0.10209536648773376
        ],
        [
            0.12222235723949403,
            0.4123400374790747,
            58.57880833577866
        ],
        [
            0.10836078118241836,
            0.3171774091427159,
            103.11643090315613
        ],
        [
            0.10155070863243583,
            0.3983415267192259,
            24.38374899436804
        ],
        [
            0.12589218285530476,
            0.4213140856397834,
            71.13377636521278
        ],
        [
            0.09939941893239553,
            0.42167914643846793,
            13.100610851599058
        ],
        [
            0.11466113416321089,
            0.3851266443425856,
            84.98086419753028
        ],
        [
            0.10717427234781761,
            0.3913423842976267,
            34.591126279863325
        ],
        [
            0.11676996317255123,
            0.22229543548580158,
            125.0486891385765
        ],
        [
            0.11589808550971288,
            0.40415670426507616,
            46.68370200864388
        ]
    ]
}