{
    "rgb_colors": [
        [
            0.6620459758724593,
            0.48471871544523015,
            0.2607802366459899
        ],
        [
            164.61133603238875,
            126.619433198381,
            87.36842105263166
        ],
        [
            89.13321698662139,
            68.11169284467846,
            46.51250727166922
        ],
        [
            66.95156603164233,
            49.9399418792396,
            33.12334517274847
        ],
        [
            34.80396732788698,
            25.604288214704294,
            16.691802800467116
        ],
        [
            49.6595609961992,
            36.67011397214108,
            23.9383706205158
        ],
        [
            4.7907288716652445,
            3.464033387986428,
            2.2540468028020344
        ],
        [
            119.65445665445725,
            91.52503052502992,
            62.632478632478175
        ],
        [
            12.910946849700665,
            9.574516015487822,
            6.289616332277438
        ],
        [
            23.294856694151406,
            17.093934040047955,
            11.103356890458565
        ]
    ],
    "hex_colors": [
        "#000000",
        "#a47e57",
        "#59442e",
        "#423121",
        "#221910",
        "#312417",
        "#040302",
        "#775b3e",
        "#0c0906",
        "#17110b"
    ],
    "hsl_color_values": [
        [
            0.09301337281329342,
            0.6060995064544757,
            0.6620459758724593
        ],
        [
            0.08469172039065716,
            0.4692442017757444,
            164.61133603238875
        ],
        [
            0.08446279487704784,
            0.47816864639082196,
            89.13321698662139
        ],
        [
            0.08285289756855892,
            0.5052640716858829,
            66.95156603164233
        ],
        [
            0.08201196678936079,
            0.5204051698125615,
            34.80396732788698
        ],
        [
            0.08249840673303212,
            0.5179504180001112,
            49.6595609961992
        ],
        [
            0.0794992929304852,
            0.5294981487819965,
            4.7907288716652445
        ],
        [
            0.08444858425586692,
            0.4765554047572949,
            119.65445665445725
        ],
        [
            0.08268478353322316,
            0.512846237731723,
            12.910946849700665
        ],
        [
            0.0818955453396421,
            0.523355861929545,
            23.294856694151406
        ]
    ]
}