{
    "rgb_colors": [
        [
            40.681573275862064,
            38.97467672413822,
            37.80926724137956
        ],
        [
            131.2041507835663,
            127.45891571368045,
            123.89623041084283
        ],
        [
            184.9188659889956,
            184.2630793621143,
            181.54933320898544
        ],
        [
            80.95510326249627,
            79.16551930559731,
            78.6315474408861
        ],
        [
            156.12681287584013,
            152.46957905907266,
            147.89653342766138
        ],
        [
            202.73797149179234,
            202.2942417537208,
            200.2500643235765
        ],
        [
            194.24082324151345,
            193.74750580411182,
            191.04596222627367
        ],
        [
            108.05079758401735,
            104.83103608486911,
            102.44897010995814
        ],
        [
            173.28903379867745,
            171.3782145481278,
            168.20168993387392
        ],
        [
            0.21414186618930842,
            0.20761076306307302,
            0.20582065341737632
        ]
    ],
    "hex_colors": [
        "#282625",
        "#837f7b",
        "#b8b8b5",
        "#504f4e",
        "#9c9893",
        "#cacac8",
        "#c2c1bf",
        "#6c6866",
        "#adaba8",
        "#000000"
    ],
    "hsl_color_values": [
        [
            0.06762333520916235,
            0.0706045957221314,
            40.681573275862064
        ],
        [
            0.0812516904292684,
            0.055698850448554535,
            131.2041507835663
        ],
        [
            0.13422959651993993,
            0.01822168204411701,
            184.9188659889956
        ],
        [
            0.0383013439821435,
            0.02870178318562648,
            80.95510326249627
        ],
        [
            0.09260612312143768,
            0.05271534912279212,
            156.12681287584013
        ],
        [
            0.13694089663389955,
            0.012271540204872512,
            202.73797149179234
        ],
        [
            0.14093172154446054,
            0.01644793798710059,
            194.24082324151345
        ],
        [
            0.07087169279256873,
            0.0518443880037385,
            108.05079758401735
        ],
        [
            0.10406624421539061,
            0.02935756379549019,
            173.28903379867745
        ],
        [
            0.03585434188421107,
            0.038858411575510746,
            0.21414186618930842
        ]
    ]
}