{
    "rgb_colors": [
        [
            39.04392072844135,
            38.96304231387199,
            40.62506695232994
        ],
        [
            2.154111506843178,
            1.6312971798493379,
            1.241023228725668
        ],
        [
            16.326103997909588,
            16.137183172197762,
            16.731643585053565
        ],
        [
            6.2287669695949734,
            5.267586671154307,
            4.495343879726242
        ],
        [
            65.51298701298703,
            65.44480519480527,
            67.96753246753248
        ],
        [
            23.320853612879073,
            23.14676151254212,
            24.127293148633473
        ],
        [
            0.2376883816260098,
            0.19485592573338195,
            0.0
        ],
        [
            11.142000749344323,
            10.936493068565115,
            11.050955414012739
        ],
        [
            30.26943747760659,
            30.191329272661385,
            31.605876030096738
        ],
        [
            50.29731499672561,
            50.01833660772672,
            52.21938441388343
        ]
    ],
    "hex_colors": [
        "#272628",
        "#020101",
        "#101010",
        "#060504",
        "#414143",
        "#171718",
        "#000000",
        "#0b0a0b",
        "#1e1e1f",
        "#323234"
    ],
    "hsl_color_values": [
        [
            0.6747770974326431,
            0.040911308291705584,
            40.62506695232994
        ],
        [
            0.07123698779127312,
            0.42388162136305974,
            2.154111506843178
        ],
        [
            0.7196336996336575,
            0.03552911044476444,
            16.731643585053565
        ],
        [
            0.07425026968714499,
            0.2782931354359926,
            6.2287669695949734
        ],
        [
            0.6711711711711672,
            0.03711665233591193,
            67.96753246753248
        ],
        [
            0.696258113783887,
            0.040639935447830726,
            24.127293148633473
        ],
        [
            0.13663262545718194,
            1.0,
            0.2376883816260098
        ],
        [
            0.9071710726223422,
            0.018444414553759707,
            11.142000749344323
        ],
        [
            0.6758696386356786,
            0.044755815535324796,
            31.605876030096738
        ],
        [
            0.6877913319449145,
            0.0421500144220683,
            52.21938441388343
        ]
    ]
}