{
    "rgb_colors": [
        [
            0.16262949707058638,
            0.13888114522508843,
            0.10426068939536748
        ],
        [
            150.3884911164138,
            135.1384248210024,
            112.52850702731371
        ],
        [
            216.6313528990703,
            203.10236220472441,
            180.99928418038652
        ],
        [
            179.92955589586597,
            166.23072996426748,
            144.29045431342522
        ],
        [
            126.87186828918925,
            112.3395848246242,
            91.17451682176092
        ],
        [
            91.564952735605,
            80.46469492981953,
            64.43963047837296
        ],
        [
            79.1526315789448,
            69.7209785025945,
            55.887323943661976
        ],
        [
            106.29329159969808,
            93.65070637001945,
            75.48092377971406
        ],
        [
            32.862494678586735,
            29.31758194976586,
            23.431460195828013
        ],
        [
            58.822869955156975,
            52.2492238703001,
            42.73370127630217
        ]
    ],
    "hex_colors": [
        "#000000",
        "#968770",
        "#d8cbb4",
        "#b3a690",
        "#7e705b",
        "#5b5040",
        "#4f4537",
        "#6a5d4b",
        "#201d17",
        "#3a342a"
    ],
    "hsl_color_values": [
        [
            0.09885547095165188,
            0.3589066480964704,
            0.16262949707058638
        ],
        [
            0.0995330484929165,
            0.25174788182290603,
            150.3884911164138
        ],
        [
            0.1033856991709834,
            0.1644825102268781,
            216.6313528990703
        ],
        [
            0.10260395032728205,
            0.19807252568925834,
            179.92955589586597
        ],
        [
            0.09881717238964316,
            0.28136538027532226,
            126.87186828918925
        ],
        [
            0.09846312791837912,
            0.29624131774038875,
            91.564952735605
        ],
        [
            0.09910073527929057,
            0.29392967954677046,
            79.1526315789448
        ],
        [
            0.09828186902339146,
            0.28988064398291286,
            106.29329159969808
        ],
        [
            0.10402043318963784,
            0.28698473974661465,
            32.862494678586735
        ],
        [
            0.09857068839220291,
            0.2735189338962927,
            58.822869955156975
        ]
    ]
}