{
    "rgb_colors": [
        [
            0.025202028588007686,
            0.022358365777508826,
            0.015300084077101594
        ],
        [
            40.0298642533936,
            36.83348416289593,
            32.46470588235282
        ],
        [
            81.01949025487309,
            72.25787106446776,
            62.383058470765164
        ],
        [
            158.8813559322035,
            139.54237288135593,
            111.7909604519776
        ],
        [
            54.50995195607397,
            47.35140700068634,
            38.96225120109795
        ],
        [
            121.70059880239549,
            110.374251497006,
            97.41017964071825
        ],
        [
            31.9186851211075,
            28.03690888119954,
            22.27970011534012
        ],
        [
            67.58620689655109,
            59.72085385878489,
            50.23891625615789
        ],
        [
            15.948539638386661,
            13.575799721835883,
            10.600834492350513
        ],
        [
            94.75936599423565,
            86.12536023054754,
            76.71757925072082
        ]
    ],
    "hex_colors": [
        "#000000",
        "#282420",
        "#51483e",
        "#9e8b6f",
        "#362f26",
        "#796e61",
        "#1f1c16",
        "#433b32",
        "#0f0d0a",
        "#5e564c"
    ],
    "hsl_color_values": [
        [
            0.11880295654106417,
            0.3929026775097741,
            0.025202028588007686
        ],
        [
            0.09624778196463309,
            0.18898785974272775,
            40.0298642533936
        ],
        [
            0.08831100921120953,
            0.23002405625462446,
            81.01949025487309
        ],
        [
            0.09822035592881373,
            0.2963871701870414,
            158.8813559322035
        ],
        [
            0.0899292220309323,
            0.28522682917616404,
            54.50995195607397
        ],
        [
            0.08895188791651264,
            0.19959161582366114,
            121.70059880239549
        ],
        [
            0.09954728570858616,
            0.30198565414567213,
            31.9186851211075
        ],
        [
            0.09109912127092527,
            0.25666909620990175,
            67.58620689655109
        ],
        [
            0.09271781534460281,
            0.33531002005755534,
            15.948539638386661
        ],
        [
            0.08690732902058029,
            0.1903958152760577,
            94.75936599423565
        ]
    ]
}