{
    "rgb_colors": [
        [
            0.07690791396517582,
            0.07318174304280234,
            0.07150305851388694
        ],
        [
            88.08356239692174,
            68.30868609125889,
            60.801264431006345
        ],
        [
            153.68582562104217,
            121.62700925475008,
            91.60423770092622
        ],
        [
            200.87912087912116,
            190.80769230769212,
            179.4890109890108
        ],
        [
            174.90106295993252,
            146.61079313164515,
            117.11529026982889
        ],
        [
            129.51403228151713,
            107.37152828268239,
            90.81270903010093
        ],
        [
            130.68456375838844,
            103.17114093959759,
            130.5704697986585
        ],
        [
            113.9765551734909,
            88.68771491090916,
            76.22835261019002
        ],
        [
            50.566458982346845,
            38.90809968847351,
            38.44963655244034
        ],
        [
            141.7559910282175,
            107.96127966001696,
            76.2692716326309
        ]
    ],
    "hex_colors": [
        "#000000",
        "#58443c",
        "#99795b",
        "#c8beb3",
        "#ae9275",
        "#816b5a",
        "#826782",
        "#71584c",
        "#322626",
        "#8d6b4c"
    ],
    "hsl_color_values": [
        [
            0.05176470626101839,
            0.0702769737550835,
            0.07690791396517582
        ],
        [
            0.0458625935739956,
            0.30973200019971975,
            88.08356239692174
        ],
        [
            0.08060031044001842,
            0.40395129264032753,
            153.68582562104217
        ],
        [
            0.08819248223306596,
            0.10648249452954263,
            200.87912087912116
        ],
        [
            0.08507140970493492,
            0.3303912035305444,
            174.90106295993252
        ],
        [
            0.0713103061317829,
            0.29881953769529296,
            129.51403228151713
        ],
        [
            0.8340244745294044,
            0.21053307313064204,
            130.68456375838844
        ],
        [
            0.05501084137637963,
            0.3311926957771444,
            113.9765551734909
        ],
        [
            0.006306151890416482,
            0.2396217309607656,
            50.566458982346845
        ],
        [
            0.08065759571785253,
            0.46196791345877586,
            141.7559910282175
        ]
    ]
}