{
    "rgb_colors": [
        [
            0.07068186199805204,
            0.061577515477388545,
            0.051862642188470254
        ],
        [
            140.82109227871857,
            132.95856873822976,
            122.06026365348399
        ],
        [
            177.68565169770108,
            164.56407447973712,
            148.6527929901424
        ],
        [
            58.52020202020164,
            52.984287317620655,
            43.82659932659933
        ],
        [
            200.8119658119674,
            189.5940170940171,
            178.94301994301995
        ],
        [
            225.26180836707124,
            218.8029689608637,
            212.9230769230769
        ],
        [
            79.11685823754728,
            73.40613026819923,
            65.29885057471265
        ],
        [
            41.675090252707584,
            37.1985559566787,
            28.115072202166065
        ],
        [
            105.6748366013067,
            99.04901960784314,
            89.80392156862746
        ],
        [
            248.72524199553308,
            247.82204020848846,
            245.66939687267313
        ]
    ],
    "hex_colors": [
        "#000000",
        "#8c847a",
        "#b1a494",
        "#3a342b",
        "#c8bdb2",
        "#e1dad4",
        "#4f4941",
        "#29251c",
        "#696359",
        "#f8f7f5"
    ],
    "hsl_color_values": [
        [
            0.08603680516705915,
            0.2662524624789941,
            0.07068186199805204
        ],
        [
            0.09681790805059658,
            0.1332245640312349,
            140.82109227871857
        ],
        [
            0.0913406521547729,
            0.16339450276465017,
            177.68565169770108
        ],
        [
            0.10387386699256818,
            0.2510859871695241,
            58.52020202020164
        ],
        [
            0.08117291992356533,
            0.10890260339079944,
            200.8119658119674
        ],
        [
            0.07942323817857204,
            0.054775070543196476,
            225.26180836707124
        ],
        [
            0.09778640417764657,
            0.17465313930118728,
            79.11685823754728
        ],
        [
            0.11164542358592078,
            0.32537465349965355,
            41.675090252707584
        ],
        [
            0.09708637907958705,
            0.15018632195815468,
            105.6748366013067
        ],
        [
            0.11740578297593167,
            0.012286027338209727,
            248.72524199553308
        ]
    ]
}