{
    "rgb_colors": [
        [
            0.027205087022939667,
            0.013192828345734098,
            0.009363357260511518
        ],
        [
            30.737513873473947,
            23.21087680355161,
            15.927857935627078
        ],
        [
            17.836710833982938,
            13.398285268901013,
            9.308651597817677
        ],
        [
            97.33333333333333,
            75.17647058823529,
            53.764705882352956
        ],
        [
            66.89528795811505,
            51.70157068062827,
            36.97382198952871
        ],
        [
            6.333729686880738,
            4.818073721759809,
            3.364248910027747
        ],
        [
            38.1342780026989,
            28.9608636977058,
            20.013495276653053
        ],
        [
            12.600579470198518,
            9.399420529801324,
            6.545115894039649
        ],
        [
            23.667978357107867,
            17.797835710772258,
            12.248893261190453
        ],
        [
            49.4795918367349,
            38.03877551020408,
            26.573469387755242
        ]
    ],
    "hex_colors": [
        "#000000",
        "#1e170f",
        "#110d09",
        "#614b35",
        "#423324",
        "#060403",
        "#261c14",
        "#0c0906",
        "#17110c",
        "#31261a"
    ],
    "hsl_color_values": [
        [
            0.03577260665692141,
            0.6558232931724784,
            0.027205087022939667
        ],
        [
            0.08196250359101172,
            0.48181046778241227,
            30.737513873473947
        ],
        [
            0.07992505597952605,
            0.4781183770674464,
            17.836710833982938
        ],
        [
            0.08190819081908186,
            0.44762288477034634,
            97.33333333333333
        ],
        [
            0.0820355788859732,
            0.4472880957971357,
            66.89528795811505
        ],
        [
            0.08159814913685588,
            0.4688360450563235,
            6.333729686880738
        ],
        [
            0.08229380003723825,
            0.4751835795806433,
            38.1342780026989
        ],
        [
            0.07856003645477656,
            0.48057024603357124,
            12.600579470198518
        ],
        [
            0.08098930289324259,
            0.4824698131637459,
            23.667978357107867
        ],
        [
            0.08342242813019596,
            0.46294081253866715,
            49.4795918367349
        ]
    ]
}