{
    "rgb_colors": [
        [
            0.11772540074986182,
            0.10451655204841614,
            0.07748417192539847
        ],
        [
            119.44995140913483,
            115.11159701976035,
            108.07742144476893
        ],
        [
            142.82428855062636,
            139.52614162805872,
            135.1705823957625
        ],
        [
            68.34365129500921,
            60.22710044219847,
            50.30732785849637
        ],
        [
            167.26337596829342,
            163.88362457214848,
            160.55899837866983
        ],
        [
            96.76549586776875,
            90.82975206611634,
            80.69070247933908
        ],
        [
            195.09004118307803,
            192.93466866342246,
            192.39180082366215
        ],
        [
            220.21846036000355,
            216.51620068937876,
            215.40275756413953
        ],
        [
            29.653301886792388,
            26.369272237196633,
            21.00202156334226
        ],
        [
            213.50081940347525,
            193.38905276958366,
            147.55588331694392
        ]
    ],
    "hex_colors": [
        "#000000",
        "#77736c",
        "#8e8b87",
        "#443c32",
        "#a7a3a0",
        "#605a50",
        "#c3c0c0",
        "#dcd8d7",
        "#1d1a15",
        "#d5c193"
    ],
    "hsl_color_values": [
        [
            0.11195971939183684,
            0.3418228230113762,
            0.11772540074986182
        ],
        [
            0.1030872285679022,
            0.09520748924721782,
            119.44995140913483
        ],
        [
            0.09484640826649947,
            0.053588267321568975,
            142.82428855062636
        ],
        [
            0.09166476951006963,
            0.26390634820867315,
            68.34365129500921
        ],
        [
            0.08264814416738193,
            0.040082759006935725,
            167.26337596829342
        ],
        [
            0.10512369005081745,
            0.16612112865515694,
            96.76549586776875
        ],
        [
            0.033532214051149666,
            0.01383074370712635,
            195.09004118307803
        ],
        [
            0.038535155110884144,
            0.021867843358778876,
            220.21846036000355
        ],
        [
            0.10339992989835124,
            0.2917476224562843,
            29.653301886792388
        ],
        [
            0.1158369698837289,
            0.3088743934134892,
            213.50081940347525
        ]
    ]
}