{
    "rgb_colors": [
        [
            0.008971901420075312,
            0.008153393641702422,
            0.0071659036025160106
        ],
        [
            46.223770809136695,
            137.68137824235578,
            239.2396438250069
        ],
        [
            67.46853146853151,
            82.60139860139863,
            102.4055944055944
        ],
        [
            46.49693251533743,
            50.558282208588956,
            55.993865030674854
        ],
        [
            39.099550417468514,
            130.21997430956844,
            237.1236351958891
        ],
        [
            78.23333333333332,
            110.53999999999998,
            151.1533333333333
        ],
        [
            69.81516587677724,
            129.38388625592412,
            199.98578199052147
        ],
        [
            59.63360881542706,
            149.8842975206609,
            245.25344352617108
        ],
        [
            23.731578947368416,
            23.0,
            22.373684210526328
        ],
        [
            29.22981366459617,
            118.61180124223569,
            227.69254658385174
        ]
    ],
    "hex_colors": [
        "#000000",
        "#2e89ef",
        "#435266",
        "#2e3237",
        "#2782ed",
        "#4e6e97",
        "#4581c7",
        "#3b95f5",
        "#171716",
        "#1d76e3"
    ],
    "hsl_color_values": [
        [
            0.09113060469815937,
            0.20129487975851407,
            0.008971901420075312
        ],
        [
            0.5876942260376524,
            0.8067888328618843,
            239.2396438250069
        ],
        [
            0.5944755804643714,
            0.3411636164982241,
            102.4055944055944
        ],
        [
            0.5953919035314384,
            0.16960666155363213,
            55.993865030674854
        ],
        [
            0.5899753019150346,
            0.835109012287332,
            237.1236351958891
        ],
        [
            0.5928262327055526,
            0.48242402858024963,
            151.1533333333333
        ],
        [
            0.5903966115682421,
            0.6508993530345762,
            199.98578199052147
        ],
        [
            0.5856312456713173,
            0.7568490457950958,
            245.25344352617108
        ],
        [
            0.0768733850129194,
            0.05721889554224811,
            23.731578947368416
        ],
        [
            0.5916047257648076,
            0.8716259530531809,
            227.69254658385174
        ]
    ]
}