{
    "rgb_colors": [
        [
            0.3015023845458291,
            0.2396896389877874,
            0.17921124811926425
        ],
        [
            100.74413984902476,
            90.71195868096834,
            76.1521652761228
        ],
        [
            200.5588952071465,
            199.38099106417354,
            196.3996750609245
        ],
        [
            30.257177681473216,
            26.041034669555494,
            19.81459913326114
        ],
        [
            169.34480812640808,
            158.94864559819038,
            145.02257336342794
        ],
        [
            232.5384118786319,
            242.43318269851653,
            242.7385409941912
        ],
        [
            68.98403783624114,
            60.56843038723142,
            48.601241501626326
        ],
        [
            12.381972282670938,
            10.603710915130089,
            7.8692016951091945
        ],
        [
            136.07534597641916,
            125.61660686827001,
            110.34085084571844
        ],
        [
            48.88622465400699,
            42.1749275828769,
            33.12729320888275
        ]
    ],
    "hex_colors": [
        "#000000",
        "#645a4c",
        "#c8c7c4",
        "#1e1a13",
        "#a99e91",
        "#e8f2f2",
        "#443c30",
        "#0c0a07",
        "#887d6e",
        "#302a21"
    ],
    "hsl_color_values": [
        [
            0.08242405873358895,
            0.40560586812863597,
            0.3015023845458291
        ],
        [
            0.09867577843118147,
            0.24410327597967993,
            100.74413984902476
        ],
        [
            0.11946614583333644,
            0.020738148472179023,
            200.5588952071465
        ],
        [
            0.09937576732202175,
            0.3451273168351778,
            30.257177681473216
        ],
        [
            0.09542758145973451,
            0.14362551194852527,
            169.34480812640808
        ],
        [
            0.5049894514767934,
            0.04202105307950823,
            242.7385409941912
        ],
        [
            0.09785367268508667,
            0.29547119846769254,
            68.98403783624114
        ],
        [
            0.10099151459777445,
            0.3644629857456187,
            12.381972282670938
        ],
        [
            0.09893177714042863,
            0.189119453976331,
            136.07534597641916
        ],
        [
            0.09568790038736474,
            0.32235934676196254,
            48.88622465400699
        ]
    ]
}