{
    "rgb_colors": [
        [
            0.0768022573335525,
            0.0742726766706141,
            0.057530049104364656
        ],
        [
            92.55622188905463,
            90.8485757121431,
            78.87106446776673
        ],
        [
            49.59183673469365,
            47.14868804664701,
            41.693877551020584
        ],
        [
            17.796080832823215,
            16.52418860992051,
            14.511941212492369
        ],
        [
            9.526213592232875,
            8.836116504854164,
            7.720000000000157
        ],
        [
            66.95165394402063,
            64.6132315521631,
            56.54961832061058
        ],
        [
            112.3333333333336,
            108.16877637130827,
            94.85654008438806
        ],
        [
            4.188292319164746,
            3.6099925428782846,
            3.1431767337808796
        ],
        [
            80.9224030037538,
            79.9749687108877,
            68.82853566958767
        ],
        [
            31.26406926406909,
            29.19480519480506,
            25.738095238095315
        ]
    ],
    "hex_colors": [
        "#000000",
        "#5c5a4e",
        "#312f29",
        "#11100e",
        "#090807",
        "#424038",
        "#706c5e",
        "#040303",
        "#504f44",
        "#1f1d19"
    ],
    "hsl_color_values": [
        [
            0.1447907730408449,
            0.2509328358083093,
            0.0768022573335525
        ],
        [
            0.14586985100788585,
            0.14785777921760931,
            92.55622188905463
        ],
        [
            0.11511012673803123,
            0.15925925925925186,
            49.59183673469365
        ],
        [
            0.10211946050096309,
            0.18454285812601817,
            17.796080832823215
        ],
        [
            0.10298860460114434,
            0.18960456583772173,
            9.526213592232875
        ],
        [
            0.12919928245270806,
            0.15536637275768225,
            66.95165394402063
        ],
        [
            0.12695155319491466,
            0.15557976186004896,
            112.3333333333336
        ],
        [
            0.07444404804372996,
            0.24953262708088375,
            4.188292319164746
        ],
        [
            0.15360998999620343,
            0.14945017554168688,
            80.9224030037538
        ],
        [
            0.1042564303433852,
            0.17675159235668084,
            31.26406926406909
        ]
    ]
}