{
    "rgb_colors": [
        [
            0.033974262969319824,
            0.022891441342841823,
            0.020362668633878478
        ],
        [
            176.0680876258141,
            63.866785079928945,
            75.47779751332065
        ],
        [
            227.85029940119762,
            210.6047904191617,
            214.75748502993952
        ],
        [
            45.23529411764706,
            26.191721132897605,
            24.59259259259253
        ],
        [
            205.4543046357616,
            82.37417218543047,
            97.60264900662376
        ],
        [
            160.2173833819242,
            41.54956268221574,
            50.707725947523485
        ],
        [
            193.45580784387315,
            49.29686620379058,
            66.20641771439237
        ],
        [
            102.34756097560977,
            47.89024390243903,
            49.09756097560973
        ],
        [
            194.15676141257538,
            120.95779500430663,
            134.2583979328181
        ],
        [
            165.73196821515893,
            22.012530562347187,
            40.68154034229564
        ]
    ],
    "hex_colors": [
        "#000000",
        "#b03f4b",
        "#e3d2d6",
        "#2d1a18",
        "#cd5261",
        "#a02932",
        "#c13142",
        "#662f31",
        "#c27886",
        "#a51628"
    ],
    "hsl_color_values": [
        [
            0.030963464512248257,
            0.40064428616842057,
            0.033974262969319824
        ],
        [
            0.9827527070097317,
            0.6372608691266027,
            176.0680876258141
        ],
        [
            0.9598668981481542,
            0.07568789256524132,
            227.85029940119762
        ],
        [
            0.01291116974494331,
            0.4563406058854707,
            45.23529411764706
        ],
        [
            0.979378642030442,
            0.5990632937505641,
            205.4543046357616
        ],
        [
            0.9871375362316592,
            0.7406675742346235,
            160.2173833819242
        ],
        [
            0.9804503379877985,
            0.7451776364161928,
            193.45580784387315
        ],
        [
            0.9963050050386296,
            0.5320822162645219,
            102.34756097560977
        ],
        [
            0.9697158680849693,
            0.3770096177733613,
            194.15676141257538
        ],
        [
            0.9783501683501714,
            0.8671799363791434,
            165.73196821515893
        ]
    ]
}