{
    "rgb_colors": [
        [
            0.12703255042287864,
            0.08384918401531927,
            0.05122175162271425
        ],
        [
            91.9336602249786,
            72.78021344101626,
            47.333429477934736
        ],
        [
            62.86697038724356,
            49.56309794988634,
            31.44738041002283
        ],
        [
            30.043041156142205,
            22.55230914231869,
            11.759032359409252
        ],
        [
            79.3269489247319,
            61.66095430107518,
            38.644153225806186
        ],
        [
            4.843811219946591,
            4.464470169189658,
            3.2220837043633135
        ],
        [
            48.96757679180912,
            35.308873720136525,
            17.114334470989814
        ],
        [
            104.41354808147855,
            83.9152060634769,
            57.82804358124063
        ],
        [
            37.31869688385204,
            36.33380547686424,
            30.482058545797365
        ],
        [
            19.80091533180794,
            13.274141876430111,
            4.418535469107563
        ]
    ],
    "hex_colors": [
        "#000000",
        "#5b482f",
        "#3e311f",
        "#1e160b",
        "#4f3d26",
        "#040403",
        "#302311",
        "#685339",
        "#25241e",
        "#130d04"
    ],
    "hsl_color_values": [
        [
            0.07172995780062551,
            0.5967824667598803,
            0.12703255042287864
        ],
        [
            0.09509212372841126,
            0.48513494010679964,
            91.9336602249786
        ],
        [
            0.09609566066371035,
            0.49977897429579543,
            62.86697038724356
        ],
        [
            0.09838539697813259,
            0.6085938071883528,
            30.043041156142205
        ],
        [
            0.09429375357913594,
            0.5128496210982088,
            79.3269489247319
        ],
        [
            0.12768138223881406,
            0.3348040297080693,
            4.843811219946591
        ],
        [
            0.09519982856530507,
            0.6504966021955051,
            48.96757679180912
        ],
        [
            0.09333075728918723,
            0.4461634084485394,
            104.41354808147855
        ],
        [
            0.14265653775322068,
            0.18319606280284986,
            37.31869688385204
        ],
        [
            0.09594967842390316,
            0.7768519588582007,
            19.80091533180794
        ]
    ]
}