{
    "rgb_colors": [
        [
            0.019293009301021513,
            0.013690797790588682,
            0.006619841690315376
        ],
        [
            65.80663780663788,
            59.93795093795094,
            50.77633477633478
        ],
        [
            38.48621190130617,
            33.664731494920176,
            25.534107402031932
        ],
        [
            139.71323529411762,
            136.61764705882354,
            130.09558823529412
        ],
        [
            81.02277432712215,
            74.62525879917185,
            64.91097308488614
        ],
        [
            52.254495159059424,
            46.539419087136935,
            37.70124481327801
        ],
        [
            116.47315436241604,
            110.97315436241611,
            102.25167785234899
        ],
        [
            12.18710888610766,
            9.658948685857322,
            4.423028785982478
        ],
        [
            24.353846153846117,
            20.577435897435898,
            13.897435897435898
        ],
        [
            97.66310160427807,
            91.44919786096256,
            81.63903743315508
        ]
    ],
    "hex_colors": [
        "#000000",
        "#413b32",
        "#262119",
        "#8b8882",
        "#514a40",
        "#342e25",
        "#746e66",
        "#0c0904",
        "#18140d",
        "#615b51"
    ],
    "hsl_color_values": [
        [
            0.09299116997263639,
            0.6568787384576198,
            0.019293009301021513
        ],
        [
            0.1015905017921142,
            0.22840101745461008,
            65.80663780663788
        ],
        [
            0.10462423427461585,
            0.33653882415054365,
            38.48621190130617
        ],
        [
            0.11302242609582099,
            0.068838482185148,
            139.71323529411762
        ],
        [
            0.10048830634798255,
            0.1988552154137066,
            81.02277432712215
        ],
        [
            0.10121649876449385,
            0.2785071466384323,
            52.254495159059424
        ],
        [
            0.10221016202611348,
            0.12210089602120439,
            116.47315436241604
        ],
        [
            0.1123962279358423,
            0.6370731707317081,
            12.18710888610766
        ],
        [
            0.10647376164786697,
            0.42935354811539184,
            24.353846153846117
        ],
        [
            0.1020357083263807,
            0.16407490554673376,
            97.66310160427807
        ]
    ]
}