{
    "rgb_colors": [
        [
            76.7330779054917,
            74.48522167487684,
            65.43112570698777
        ],
        [
            15.615911772714895,
            15.064990469274761,
            13.348824543886721
        ],
        [
            102.66521189847249,
            98.70563914092111,
            87.55989433788906
        ],
        [
            61.64045853000674,
            59.20465273095078,
            50.478556979096425
        ],
        [
            131.95580219347212,
            124.84947790109675,
            112.63190385499442
        ],
        [
            2.1200947356259903,
            1.9903916509415822,
            1.7282897523780179
        ],
        [
            164.70335429769392,
            158.90041928721175,
            147.13993710691824
        ],
        [
            90.00200889040862,
            86.71845614634981,
            75.7513250128227
        ],
        [
            34.91855076534195,
            33.24420727425923,
            28.50751298974863
        ],
        [
            117.26902017291067,
            110.24058597502402,
            97.1790585975024
        ]
    ],
    "hex_colors": [
        "#4c4a41",
        "#0f0f0d",
        "#666257",
        "#3d3b32",
        "#837c70",
        "#020101",
        "#a49e93",
        "#5a564b",
        "#22211c",
        "#756e61"
    ],
    "hsl_color_values": [
        [
            0.1335181717409786,
            0.14728918097647506,
            76.7330779054917
        ],
        [
            0.1261652620129591,
            0.14517802494180146,
            15.615911772714895
        ],
        [
            0.12297815828023712,
            0.14713180133034115,
            102.66521189847249
        ],
        [
            0.13029583582531376,
            0.1810807676824252,
            61.64045853000674
        ],
        [
            0.10537533914481705,
            0.14644220274713818,
            131.95580219347212
        ],
        [
            0.11149334905969481,
            0.18480541301485098,
            2.1200947356259903
        ],
        [
            0.1116001710881005,
            0.10663666970030612,
            164.70335429769392
        ],
        [
            0.1282643839848355,
            0.15833739772340336,
            90.00200889040862
        ],
        [
            0.12313904161099302,
            0.18359976674508863,
            34.91855076534195
        ],
        [
            0.10835865571050483,
            0.17131516529929258,
            117.26902017291067
        ]
    ]
}