{
    "rgb_colors": [
        [
            0.006633446367259432,
            -1.0966227925734984e-13,
            -4.2049697057677804e-15
        ],
        [
            26.966442953020135,
            17.046979865771814,
            3.5906040268456487
        ],
        [
            16.166666666666664,
            11.174418604651182,
            4.255813953488359
        ],
        [
            35.75206611570248,
            26.24793388429756,
            13.231404958677706
        ],
        [
            22.65762711864407,
            20.894915254237233,
            15.315254237288116
        ],
        [
            1.1970736168267033,
            1.077122389879616,
            0.4662399024539133
        ],
        [
            8.597285067873305,
            6.380090497737548,
            3.5384615384615334
        ],
        [
            49.15384615384615,
            38.84615384615383,
            25.358974358974343
        ],
        [
            17.04591836734694,
            15.573979591836682,
            11.78826530612243
        ],
        [
            30.924812030075188,
            27.609022556391025,
            22.78195488721801
        ]
    ],
    "hex_colors": [
        "#000000",
        "#1a1103",
        "#100b04",
        "#231a0d",
        "#16140f",
        "#010100",
        "#080603",
        "#312619",
        "#110f0b",
        "#1e1b16"
    ],
    "hsl_color_values": [
        [
            0.9999999999973503,
            1.0000000000165317,
            0.006633446367259432
        ],
        [
            0.09594219542539954,
            0.8668491786958681,
            26.966442953020135
        ],
        [
            0.09681093394077485,
            0.736753776072885,
            16.166666666666664
        ],
        [
            0.096330275229358,
            0.629912159038372,
            35.75206611570248
        ],
        [
            0.12665435518621,
            0.32405745062836716,
            22.65762711864407
        ],
        [
            0.1393117831074084,
            0.61051693404633,
            1.1970736168267033
        ],
        [
            0.09361955873583756,
            0.5884210526315796,
            8.597285067873305
        ],
        [
            0.09446839080459764,
            0.48408972352634355,
            49.15384615384615
        ],
        [
            0.12000646935144603,
            0.3084405866507045,
            17.04591836734694
        ],
        [
            0.09879963065558761,
            0.2633114514952601,
            30.924812030075188
        ]
    ]
}