{
    "rgb_colors": [
        [
            0.055341539043375576,
            0.05060603212709225,
            0.04555733032877285
        ],
        [
            134.7648546144126,
            45.539823008849424,
            19.863463969658618
        ],
        [
            149.77576433416814,
            111.60477650776427,
            80.9104172474678
        ],
        [
            135.87657966222233,
            97.11468052439507,
            66.62773119168675
        ],
        [
            204.81869369368698,
            80.70870870870824,
            45.142642642642976
        ],
        [
            63.77524143985923,
            47.64091308165065,
            36.14925373134315
        ],
        [
            155.88008176243395,
            123.0002271178773,
            95.23847376788702
        ],
        [
            176.7029858564727,
            66.95128339444771,
            36.730225248821306
        ],
        [
            100.53383458646485,
            75.63627819548918,
            57.042763157894136
        ],
        [
            193.35570469798648,
            162.59731543624193,
            142.0402684563761
        ]
    ],
    "hex_colors": [
        "#000000",
        "#862d13",
        "#956f50",
        "#876142",
        "#cc502d",
        "#3f2f24",
        "#9b7b5f",
        "#b04224",
        "#644b39",
        "#c1a28e"
    ],
    "hsl_color_values": [
        [
            0.08600085344296192,
            0.17679683080252,
            0.055341539043375576
        ],
        [
            0.03724405030422362,
            0.8526064972466917,
            134.7648546144126
        ],
        [
            0.07428593276299222,
            0.45978965550830564,
            149.77576433416814
        ],
        [
            0.0733753460792928,
            0.5096452136393361,
            135.87657966222233
        ],
        [
            0.037123148015369124,
            0.7795970581173842,
            204.81869369368698
        ],
        [
            0.06932879933897075,
            0.43317731277532984,
            63.77524143985923
        ],
        [
            0.07630006928709933,
            0.38902730425152465,
            155.88008176243395
        ],
        [
            0.03598445156332606,
            0.7921357974185252,
            176.7029858564727
        ],
        [
            0.0712541464521549,
            0.43260133871811984,
            100.53383458646485
        ],
        [
            0.06676693696050284,
            0.26539396043040436,
            193.35570469798648
        ]
    ]
}