{
    "rgb_colors": [
        [
            0.03749427859473542,
            0.035065859745774475,
            0.032236942480800224
        ],
        [
            151.81333584479137,
            113.11075532115552,
            77.92164249387832
        ],
        [
            143.91642031711982,
            123.46627250739259,
            101.12201021230851
        ],
        [
            162.97779970399174,
            128.37477388587374,
            96.15392205229404
        ],
        [
            126.26632772780552,
            104.30308955807489,
            81.98709425107548
        ],
        [
            37.560714285714276,
            34.20892857142856,
            30.694642857142856
        ],
        [
            83.34494773519174,
            72.23170731707323,
            61.26132404181185
        ],
        [
            157.29102667744667,
            136.31473996227635,
            114.59822150363783
        ],
        [
            125.45316159250133,
            90.05269320843145,
            60.81682837069254
        ],
        [
            158.29973180431332,
            120.61879219457681,
            85.45112364746139
        ]
    ],
    "hex_colors": [
        "#000000",
        "#97714d",
        "#8f7b65",
        "#a28060",
        "#7e6851",
        "#25221e",
        "#53483d",
        "#9d8872",
        "#7d5a3c",
        "#9e7855"
    ],
    "hsl_color_values": [
        [
            0.08968158029297603,
            0.1402170227292593,
            0.03749427859473542
        ],
        [
            0.0793709261747087,
            0.4867272887439699,
            151.81333584479137
        ],
        [
            0.08702173266850706,
            0.2973559932251916,
            143.91642031711982
        ],
        [
            0.0803626212811799,
            0.41001828330647794,
            162.97779970399174
        ],
        [
            0.08399722079925302,
            0.3506812487030077,
            126.26632772780552
        ],
        [
            0.08530559167750307,
            0.18279927736046384,
            37.560714285714276
        ],
        [
            0.0827942568633639,
            0.26496655518394735,
            83.34494773519174
        ],
        [
            0.08477821329311148,
            0.271425561112002,
            157.29102667744667
        ],
        [
            0.07538552849063977,
            0.5152228321814751,
            125.45316159250133
        ],
        [
            0.08045834010398466,
            0.46019413505327855,
            158.29973180431332
        ]
    ]
}