{
    "rgb_colors": [
        [
            121.46734397677797,
            104.04499274310518,
            83.25979680696597
        ],
        [
            3.571130261849523,
            2.9020218760357768,
            2.212462711302602
        ],
        [
            65.78507704785008,
            56.27818329278119,
            44.9529602595293
        ],
        [
            12.033252114089079,
            10.018059337824539,
            7.828579618747456
        ],
        [
            157.52879581151888,
            135.05759162303644,
            107.79406631762568
        ],
        [
            41.88536585365807,
            35.61414634146309,
            28.324390243902467
        ],
        [
            193.64285714285617,
            166.25595238095164,
            132.85714285714258
        ],
        [
            0.1626148207758522,
            0.14313935467573868,
            0.1265306665436583
        ],
        [
            92.79815455593955,
            79.6182237600915,
            63.8546712802764
        ],
        [
            24.520771513353235,
            20.776557863501793,
            16.55370919881323
        ]
    ],
    "hex_colors": [
        "#796853",
        "#030202",
        "#41382c",
        "#0c0a07",
        "#9d876b",
        "#29231c",
        "#c1a684",
        "#000000",
        "#5c4f3f",
        "#181410"
    ],
    "hsl_color_values": [
        [
            0.090667932890153,
            0.31454995160770527,
            121.46734397677797
        ],
        [
            0.08458767371699305,
            0.3804586926054201,
            3.571130261849523
        ],
        [
            0.09060707519011553,
            0.3166693378373355,
            65.78507704785008
        ],
        [
            0.0867875647668484,
            0.3494211253513587,
            12.033252114089079
        ],
        [
            0.09136313659438049,
            0.3157183373216421,
            157.52879581151888
        ],
        [
            0.08959232613908764,
            0.3237640482152134,
            41.88536585365807
        ],
        [
            0.0915752709230968,
            0.3139063076355568,
            193.64285714285617
        ],
        [
            0.07671274961490938,
            0.22189954187467453,
            0.1626148207758522
        ],
        [
            0.0907720304986565,
            0.3118971860395754,
            92.79815455593955
        ],
        [
            0.08833972711584885,
            0.32491075210261616,
            24.520771513353235
        ]
    ]
}