{
    "rgb_colors": [
        [
            0.14831716676926376,
            0.13008980440228157,
            0.10744550445024714
        ],
        [
            68.40733104238139,
            52.19587628865979,
            38.37938144329897
        ],
        [
            191.99780730040268,
            159.9958725654585,
            129.93860441119566
        ],
        [
            207.61743450767503,
            175.71657633242998,
            147.47651309846432
        ],
        [
            117.27787307032479,
            98.84391080617496,
            80.95583190394511
        ],
        [
            91.8171695402293,
            75.03412356321839,
            59.6871408045977
        ],
        [
            40.91849196867164,
            33.93043939997345,
            27.07739280499137
        ],
        [
            165.5384860050901,
            142.92430025445293,
            120.84732824427482
        ],
        [
            46.34009150443974,
            43.15412218534135,
            41.74127567955504
        ],
        [
            141.66799204771647,
            121.57952286282307,
            100.67958913187542
        ]
    ],
    "hex_colors": [
        "#000000",
        "#443426",
        "#bf9f81",
        "#cfaf93",
        "#756250",
        "#5b4b3b",
        "#28211b",
        "#a58e78",
        "#2e2b29",
        "#8d7964"
    ],
    "hsl_color_values": [
        [
            0.09233903829377064,
            0.27556933030281283,
            0.14831716676926376
        ],
        [
            0.07668685913086243,
            0.43895806401917314,
            68.40733104238139
        ],
        [
            0.08072202766317473,
            0.32322870642011164,
            191.99780730040268
        ],
        [
            0.07826080970119799,
            0.28967182622125826,
            207.61743450767503
        ],
        [
            0.08208091803124111,
            0.30970924195222604,
            117.27787307032479
        ],
        [
            0.0796087199552837,
            0.34993486399680357,
            91.8171695402293
        ],
        [
            0.08252050064738616,
            0.33826024610773553,
            40.91849196867164
        ],
        [
            0.08233161814071029,
            0.26997442612493805,
            165.5384860050901
        ],
        [
            0.05120327201556407,
            0.09924054259677283,
            46.34009150443974
        ],
        [
            0.084983118167433,
            0.28932719609688107,
            141.66799204771647
        ]
    ]
}