{
    "rgb_colors": [
        [
            0.04680522810590393,
            0.04073728012488642,
            0.0335719950891451
        ],
        [
            96.27382550335584,
            89.22550335570463,
            79.31006711409395
        ],
        [
            52.78078891900018,
            47.69165913881327,
            39.619993977717556
        ],
        [
            207.1724137931032,
            206.3620689655175,
            205.39655172413794
        ],
        [
            17.969777777777743,
            15.80977777777786,
            13.173333333333334
        ],
        [
            63.277355371899965,
            58.08727272727351,
            50.09322314049587
        ],
        [
            159.8263888888888,
            158.3333333333334,
            157.43055555555554
        ],
        [
            39.430555555556026,
            36.36527777777728,
            30.26064814814815
        ],
        [
            122.92833876221465,
            117.60586319218274,
            109.91205211726385
        ],
        [
            79.60138976626662,
            71.73657612128844,
            61.217940619077694
        ]
    ],
    "hex_colors": [
        "#000000",
        "#60594f",
        "#342f27",
        "#cfcecd",
        "#110f0d",
        "#3f3a32",
        "#9f9e9d",
        "#27241e",
        "#7a756d",
        "#4f473d"
    ],
    "hsl_color_values": [
        [
            0.09024356868130236,
            0.28272980502982764,
            0.04680522810590393
        ],
        [
            0.09741784037558547,
            0.17620322346773865,
            96.27382550335584
        ],
        [
            0.10221856148137644,
            0.24934820435290925,
            52.78078891900018
        ],
        [
            0.0906148867314276,
            0.008571904127828364,
            207.1724137931032
        ],
        [
            0.0916110699283455,
            0.2669172932330813,
            17.969777777777743
        ],
        [
            0.101056449860438,
            0.20835466580290848,
            63.277355371899965
        ],
        [
            0.06280193236715724,
            0.014990223767107942,
            159.8263888888888
        ],
        [
            0.11095403981755815,
            0.23255841258660065,
            39.430555555556026
        ],
        [
            0.09851518184852186,
            0.10588515858925529,
            122.92833876221465
        ],
        [
            0.0953632750306379,
            0.23094382147306983,
            79.60138976626662
        ]
    ]
}