{
    "rgb_colors": [
        [
            11.47007042253528,
            11.174295774647888,
            8.889084507042057
        ],
        [
            0.06412324520040391,
            0.05733492447093669,
            0.04258292005700648
        ],
        [
            70.45660377358482,
            67.44905660377358,
            56.430188679245084
        ],
        [
            19.669887278583303,
            18.95330112721417,
            15.226516371444236
        ],
        [
            54.98671726755255,
            52.599620493358636,
            43.242884250474525
        ],
        [
            5.72943097600791,
            5.679814093706821,
            4.729179751287437
        ],
        [
            41.53973509933793,
            40.671081677704194,
            33.154525386313864
        ],
        [
            2.7198433067674816,
            2.537147102526003,
            1.9545454545455108
        ],
        [
            29.908789386401683,
            29.261194029850746,
            23.915422885572497
        ],
        [
            103.91111111111108,
            99.31111111111112,
            85.99999999999994
        ]
    ],
    "hex_colors": [
        "#0b0b08",
        "#000000",
        "#464338",
        "#13120f",
        "#36342b",
        "#050504",
        "#292821",
        "#020201",
        "#1d1d17",
        "#676355"
    ],
    "hsl_color_values": [
        [
            0.14756707594360832,
            0.2250191864927309,
            11.47007042253528
        ],
        [
            0.11414253897998078,
            0.33592069578009676,
            0.06412324520040391
        ],
        [
            0.13092996143843735,
            0.1990787852819899,
            70.45660377358482
        ],
        [
            0.1397881936055271,
            0.22589712102605886,
            19.669887278583303
        ],
        [
            0.1327893574621595,
            0.213575816136382,
            54.98671726755255
        ],
        [
            0.15839926325926199,
            0.1745812505480984,
            5.72943097600791
        ],
        [
            0.1494010793734328,
            0.2018599707718818,
            41.53973509933793
        ],
        [
            0.1268790633365738,
            0.2813757139309334,
            2.7198433067674816
        ],
        [
            0.1486579966795695,
            0.2003881341835296,
            29.908789386401683
        ],
        [
            0.12386269644334198,
            0.17236954662104395,
            103.91111111111108
        ]
    ]
}