{
    "rgb_colors": [
        [
            0.007532483514550936,
            0.0060762375526863255,
            0.005030201720867655
        ],
        [
            66.59895833333336,
            56.109375,
            52.5624999999999
        ],
        [
            155.12499999999997,
            144.08333333333331,
            128.99999999999997
        ],
        [
            35.58775510204073,
            27.297959183673473,
            26.502040816326492
        ],
        [
            98.1180555555556,
            85.09027777777777,
            78.21527777777773
        ],
        [
            14.961702127659581,
            12.446808510638299,
            10.314893617021257
        ],
        [
            50.24050632911395,
            39.64978902953586,
            38.36708860759482
        ],
        [
            38.77824267782417,
            35.48953974895397,
            58.76987447698758
        ],
        [
            118.23749999999991,
            105.95,
            99.22499999999992
        ],
        [
            81.51052631578959,
            70.17894736842105,
            66.37894736842111
        ]
    ],
    "hex_colors": [
        "#000000",
        "#423834",
        "#9b9080",
        "#231b1a",
        "#62554e",
        "#0e0c0a",
        "#322726",
        "#26233a",
        "#766963",
        "#514642"
    ],
    "hsl_color_values": [
        [
            0.06967213114974141,
            0.332198774660373,
            0.007532483514550936
        ],
        [
            0.042115027829314346,
            0.21076092906858707,
            66.59895833333336
        ],
        [
            0.09622541201488577,
            0.16841257050765515,
            155.12499999999997
        ],
        [
            0.014600179694520174,
            0.25530450739763666,
            35.58775510204073
        ],
        [
            0.057571528262386686,
            0.20284521197537067,
            98.1180555555556
        ],
        [
            0.07646520146520176,
            0.3105802047781586,
            14.961702127659581
        ],
        [
            0.018005212035064094,
            0.23633156966490562,
            50.24050632911395
        ],
        [
            0.690210879463215,
            0.3961270112487555,
            58.76987447698758
        ],
        [
            0.058952443567828916,
            0.1607992388201713,
            118.23749999999991
        ],
        [
            0.041855072463767296,
            0.1856395686704983,
            81.51052631578959
        ]
    ]
}