{
    "rgb_colors": [
        [
            63.45455248405181,
            51.20711386042771,
            40.15704620143134
        ],
        [
            2.153442124735726,
            1.6931818181935085,
            1.285280126844878
        ],
        [
            76.30864063433444,
            61.80301960571385,
            48.670504534839225
        ],
        [
            41.308465886683315,
            32.86729328250286,
            25.038319968449983
        ],
        [
            15.15742639040349,
            12.11123227917107,
            9.202791712105597
        ],
        [
            109.8360435875943,
            90.29840737636485,
            72.30477787091206
        ],
        [
            52.190501319261216,
            41.817941952507134,
            32.35282321899733
        ],
        [
            28.54303842399503,
            22.8212796166475,
            17.422841423373654
        ],
        [
            142.92552301255228,
            117.66527196652652,
            93.70627615062735
        ],
        [
            91.3144018144018,
            74.52749952750167,
            59.197599697598186
        ]
    ],
    "hex_colors": [
        "#3f3328",
        "#020101",
        "#4c3d30",
        "#292019",
        "#0f0c09",
        "#6d5a48",
        "#342920",
        "#1c1611",
        "#8e755d",
        "#5b4a3b"
    ],
    "hsl_color_values": [
        [
            0.07905043230055575,
            0.36715263713310226,
            63.45455248405181
        ],
        [
            0.07830752254755939,
            0.4031508383339488,
            2.153442124735726
        ],
        [
            0.07919320260719076,
            0.3621888146577684,
            76.30864063433444
        ],
        [
            0.08019773714587324,
            0.3938695269600503,
            41.308465886683315
        ],
        [
            0.0814055136375676,
            0.39285262055225334,
            15.15742639040349
        ],
        [
            0.07990506564706136,
            0.34170263686483787,
            109.8360435875943
        ],
        [
            0.07952139262191758,
            0.3801013134346474,
            52.190501319261216
        ],
        [
            0.08091041002499316,
            0.3895940171272395,
            28.54303842399503
        ],
        [
            0.08113017211576973,
            0.344369891566549,
            142.92552301255228
        ],
        [
            0.07955285509721216,
            0.3517167224298486,
            91.3144018144018
        ]
    ]
}