{
    "rgb_colors": [
        [
            0.10218666058667214,
            0.09998503751228771,
            0.09977128770012333
        ],
        [
            21.75366761550252,
            21.795270418217463,
            21.739216115612
        ],
        [
            11.01093452002543,
            10.99402415766031,
            10.899554990464082
        ],
        [
            97.6872852233677,
            96.35738831615093,
            93.51890034364261
        ],
        [
            2.7698219747470785,
            2.7224139283193542,
            2.637793114265548
        ],
        [
            46.62222222222222,
            47.07460317460315,
            47.906349206349205
        ],
        [
            15.908838133068521,
            15.895134061568886,
            15.800993048659384
        ],
        [
            75.30208333333333,
            74.76736111111114,
            72.125
        ],
        [
            6.274095273264402,
            6.245753323485954,
            6.094996307237814
        ],
        [
            31.4971932638332,
            31.721732157176774,
            31.970328789093823
        ]
    ],
    "hex_colors": [
        "#000000",
        "#151515",
        "#0b0a0a",
        "#61605d",
        "#020202",
        "#2e2f2f",
        "#0f0f0f",
        "#4b4a48",
        "#060606",
        "#1f1f1f"
    ],
    "hsl_color_values": [
        [
            0.014749262481357625,
            0.023636870729327214,
            0.10218666058667214
        ],
        [
            0.2903645833331898,
            0.002571856257337883,
            21.795270418217463
        ],
        [
            0.14136225266330438,
            0.010115356635604611,
            11.01093452002543
        ],
        [
            0.11349271777959898,
            0.042670700390473805,
            97.6872852233677
        ],
        [
            0.10682110682111541,
            0.047666912056175195,
            2.7698219747470785
        ],
        [
            0.607952204367535,
            0.026804943507504737,
            47.906349206349205
        ],
        [
            0.1454880294657265,
            0.0067789415862474075,
            15.908838133068521
        ],
        [
            0.1386156648451749,
            0.04219117443629818,
            75.30208333333333
        ],
        [
            0.14029209621991848,
            0.028545783611188827,
            6.274095273264402
        ],
        [
            0.5875706214690853,
            0.014799207364486857,
            31.970328789093823
        ]
    ]
}