{
    "rgb_colors": [
        [
            94.73316511591231,
            62.05598486043249,
            85.27093518372513
        ],
        [
            145.1220792202924,
            111.33162564038449,
            77.76433837310978
        ],
        [
            60.28345679012345,
            39.85753086419811,
            43.567654320987735
        ],
        [
            189.25812859807024,
            144.9236600989124,
            96.16360577312201
        ],
        [
            0.3378619370318745,
            0.27827675279581854,
            0.2717378381643485
        ],
        [
            155.39397649363372,
            147.0543584720889,
            145.6065132223294
        ],
        [
            233.52197802197801,
            232.05349913244464,
            224.4626951995396
        ],
        [
            130.93146262726594,
            87.75689098584552,
            130.95281847529216
        ],
        [
            193.06484402383455,
            187.86225026288307,
            183.2436032246736
        ],
        [
            173.5907826959019,
            133.17928613757297,
            90.34156903860966
        ]
    ],
    "hex_colors": [
        "#5e3e55",
        "#916f4d",
        "#3c272b",
        "#bd9060",
        "#000000",
        "#9b9391",
        "#e9e8e0",
        "#825782",
        "#c1bbb7",
        "#ad855a"
    ],
    "hsl_color_values": [
        [
            0.8815944840722113,
            0.344939179594571,
            94.73316511591231
        ],
        [
            0.08305723748324202,
            0.4641453678797898,
            145.1220792202924
        ],
        [
            0.9697270071522144,
            0.33883136458212904,
            60.28345679012345
        ],
        [
            0.08729488561046912,
            0.49189180678550504,
            189.25812859807024
        ],
        [
            0.016481420902663153,
            0.19571337170569691,
            0.3378619370318745
        ],
        [
            0.02465475833090151,
            0.06298483050728351,
            155.39397649363372
        ],
        [
            0.13965056766789194,
            0.038794133636474194,
            233.52197802197801
        ],
        [
            0.833250934176486,
            0.3298587078337435,
            130.95281847529216
        ],
        [
            0.07837853913876221,
            0.050870166698751704,
            193.06484402383455
        ],
        [
            0.08576200546332113,
            0.47957162450917146,
            173.5907826959019
        ]
    ]
}