{
    "rgb_colors": [
        [
            0.0552214544561469,
            0.045543053090483454,
            0.02942004261943154
        ],
        [
            87.04816346387828,
            135.3685234736074,
            202.99027000729748
        ],
        [
            67.05563689604686,
            65.08784773060029,
            67.73645680819912
        ],
        [
            97.46035598705011,
            149.74190938511327,
            222.25950647249192
        ],
        [
            92.46579804560248,
            99.24104234527688,
            115.15309446254072
        ],
        [
            100.61221590909115,
            121.56107954545455,
            158.71448863636363
        ],
        [
            25.09352517985598,
            79.57553956834532,
            152.1636690647482
        ],
        [
            73.71419270833626,
            133.2693142361111,
            214.82052951388889
        ],
        [
            30.9216300940438,
            26.804075235109718,
            23.413793103448278
        ],
        [
            64.88639178906398,
            121.87152716333392,
            197.05963546274995
        ]
    ],
    "hex_colors": [
        "#000000",
        "#5787ca",
        "#434143",
        "#6195de",
        "#5c6373",
        "#64799e",
        "#194f98",
        "#4985d6",
        "#1e1a17",
        "#4079c5"
    ],
    "hsl_color_values": [
        [
            0.1041481151825246,
            0.4672352818451219,
            0.0552214544561469
        ],
        [
            0.5972061956173595,
            0.5711707587720884,
            202.99027000729748
        ],
        [
            0.790491984521836,
            0.03910167733010557,
            67.73645680819912
        ],
        [
            0.596845740810068,
            0.5615019688747831,
            222.25950647249192
        ],
        [
            0.6168939937784153,
            0.19701855623444328,
            115.15309446254072
        ],
        [
            0.6065747441163053,
            0.36608045822705354,
            158.71448863636363
        ],
        [
            0.5952074280618816,
            0.8350885902391176,
            152.1636690647482
        ],
        [
            0.596323591985049,
            0.6568568522052248,
            214.82052951388889
        ],
        [
            0.07526096033403008,
            0.24280210867801888,
            30.9216300940438
        ],
        [
            0.5948100465338798,
            0.6707271297001389,
            197.05963546274995
        ]
    ]
}