{
    "rgb_colors": [
        [
            0.0209904851122234,
            0.0036981160850051986,
            6.905587213168474e-14
        ],
        [
            67.52272727272728,
            47.999999999999986,
            32.15909090909091
        ],
        [
            9.61411087113031,
            6.7825773938083955,
            4.627069834413279
        ],
        [
            30.071942446043167,
            21.05755395683454,
            14.107913669064766
        ],
        [
            5.366521468574985,
            3.661792159303033,
            2.482265090230316
        ],
        [
            46.94623655913979,
            33.33333333333335,
            22.290322580645185
        ],
        [
            17.15370018975332,
            12.16698292220108,
            8.220113851992357
        ],
        [
            122.18181818181819,
            87.45454545454542,
            59.45454545454546
        ],
        [
            1.956140350877193,
            1.3523391812864654,
            1.1004784688995815
        ],
        [
            95.53061224489795,
            66.34693877551021,
            43.24489795918369
        ]
    ],
    "hex_colors": [
        "#000000",
        "#432f20",
        "#090604",
        "#1e150e",
        "#050302",
        "#2e2116",
        "#110c08",
        "#7a573b",
        "#010101",
        "#5f422b"
    ],
    "hsl_color_values": [
        [
            0.029363431932585355,
            0.9999999999967102,
            0.0209904851122234
        ],
        [
            0.07465724078834611,
            0.523729384045776,
            67.52272727272728
        ],
        [
            0.07203695683556703,
            0.5187209824771571,
            9.61411087113031
        ],
        [
            0.07255520504731856,
            0.5308612440191381,
            30.071942446043167
        ],
        [
            0.06815893563466036,
            0.537453617810747,
            5.366521468574985
        ],
        [
            0.07464747783108011,
            0.5251946862116349,
            46.94623655913979
        ],
        [
            0.0736335315774563,
            0.5207964601769942,
            17.15370018975332
        ],
        [
            0.07439613526570038,
            0.5133928571428571,
            122.18181818181819
        ],
        [
            0.049057678367998535,
            0.4374235629840705,
            1.956140350877193
        ],
        [
            0.07364038511579496,
            0.5473189489425334,
            95.53061224489795
        ]
    ]
}