{
    "rgb_colors": [
        [
            0.12395874340603186,
            0.09234443482140531,
            0.05841534787107783
        ],
        [
            251.47765006385697,
            235.51277139208176,
            218.99872286079037
        ],
        [
            163.80519480519482,
            147.987012987013,
            133.96753246753266
        ],
        [
            252.82836240855374,
            249.85875070343278,
            238.99380979178375
        ],
        [
            135.26000000000002,
            112.02666666666667,
            88.96000000000005
        ],
        [
            183.11484593837534,
            169.55742296918768,
            160.59663865546176
        ],
        [
            208.79596412556054,
            192.8183856502242,
            180.55381165919226
        ],
        [
            38.2046511627907,
            28.29767441860465,
            17.972093023255823
        ],
        [
            236.89630297565373,
            214.64652840396752,
            196.39495040577108
        ],
        [
            86.53333333333333,
            67.21818181818182,
            47.551515151515126
        ]
    ],
    "hex_colors": [
        "#000000",
        "#fbebda",
        "#a39385",
        "#fcf9ee",
        "#877058",
        "#b7a9a0",
        "#d0c0b4",
        "#261c11",
        "#ecd6c4",
        "#56432f"
    ],
    "hsl_color_values": [
        [
            0.08627639411874644,
            0.528751693781406,
            0.12395874340603186
        ],
        [
            0.08474237479192441,
            0.12915234095284145,
            251.47765006385697
        ],
        [
            0.07830975698222653,
            0.1821533338618874,
            163.80519480519482
        ],
        [
            0.13089136565788115,
            0.05471914814056456,
            252.82836240855374
        ],
        [
            0.08303335733141337,
            0.3423037113706932,
            135.26000000000002
        ],
        [
            0.066322511091763,
            0.12297313834669504,
            183.11484593837534
        ],
        [
            0.07237747433047705,
            0.13526196535764798,
            208.79596412556054
        ],
        [
            0.08505747126436776,
            0.5295836376917455,
            38.2046511627907
        ],
        [
            0.07510686615014663,
            0.17096658774807913,
            236.89630297565373
        ],
        [
            0.08408478441127702,
            0.4504832609609192,
            86.53333333333333
        ]
    ]
}