{
    "rgb_colors": [
        [
            44.57541833608308,
            43.01944378977153,
            33.7122319113834
        ],
        [
            70.00524590163852,
            120.31311475410067,
            60.512459016393414
        ],
        [
            120.89064835834031,
            100.49377110901773,
            76.72399091966065
        ],
        [
            224.38764880952004,
            167.68427579365036,
            70.65153769841339
        ],
        [
            2.6814021111992474,
            2.216338017641739,
            1.6951651660011677
        ],
        [
            141.38843441466983,
            146.50493653032356,
            124.20521861777075
        ],
        [
            90.70460510617926,
            162.315318539717,
            73.46719160105002
        ],
        [
            96.6129863880076,
            71.80076997112428,
            48.90120995462744
        ],
        [
            203.85025380710724,
            215.96319796954228,
            198.229695431471
        ],
        [
            38.493396724775636,
            60.55044902271549,
            104.53486529318653
        ]
    ],
    "hex_colors": [
        "#2c2b21",
        "#46783c",
        "#78644c",
        "#e0a746",
        "#020201",
        "#8d927c",
        "#5aa249",
        "#604730",
        "#cbd7c6",
        "#263c68"
    ],
    "hsl_color_values": [
        [
            0.1427943808645665,
            0.24370352158660752,
            44.57541833608308
        ],
        [
            0.3068765808441924,
            0.49704187161914576,
            120.31311475410067
        ],
        [
            0.08969730247437858,
            0.3653438709978809,
            120.89064835834031
        ],
        [
            0.10519404256417719,
            0.6851362449169891,
            224.38764880952004
        ],
        [
            0.08807431354404342,
            0.3678064327162735,
            2.6814021111992474
        ],
        [
            0.20490707652086174,
            0.15221137553912537,
            146.50493653032356
        ],
        [
            0.30099835509751666,
            0.5473798020913639,
            162.315318539717
        ],
        [
            0.07999268988468512,
            0.49384433932892624,
            96.6129863880076
        ],
        [
            0.2805090405991924,
            0.08211353927335473,
            215.96319796954228
        ],
        [
            0.6110020144007664,
            0.6317649942264325,
            104.53486529318653
        ]
    ]
}