{
    "rgb_colors": [
        [
            0.20272106021798209,
            0.1921748778945016,
            0.1582860638992898
        ],
        [
            97.99780701754386,
            96.30701754385964,
            91.01666666666667
        ],
        [
            173.52034055286407,
            174.7119905956113,
            168.93623539469934
        ],
        [
            239.76819633551858,
            226.53235837955958,
            199.86266599428475
        ],
        [
            55.183316168898045,
            42.16910401647786,
            26.89969104016478
        ],
        [
            149.1449567723343,
            137.1391930835735,
            118.62939481268012
        ],
        [
            230.6514133227911,
            201.6927258351453,
            158.17622059695594
        ],
        [
            120.35066035736988,
            90.78586058337453,
            58.9865103467759
        ],
        [
            133.6457011660927,
            104.33176243127303,
            71.37508307655126
        ],
        [
            93.16785544460295,
            67.27138102031113,
            40.58569390666395
        ]
    ],
    "hex_colors": [
        "#000000",
        "#61605b",
        "#adaea8",
        "#efe2c7",
        "#372a1a",
        "#958976",
        "#e6c99e",
        "#785a3a",
        "#856847",
        "#5d4328"
    ],
    "hsl_color_values": [
        [
            0.12711007390120244,
            0.21919279758557003,
            0.20272106021798209
        ],
        [
            0.12630101987392914,
            0.07123772014232331,
            97.99780701754386
        ],
        [
            0.20105322453645172,
            0.033058722422094844,
            174.7119905956113
        ],
        [
            0.11138678506137367,
            0.1664337929347068,
            239.76819633551858
        ],
        [
            0.0899779342688815,
            0.5125394248175728,
            55.183316168898045
        ],
        [
            0.10109485719322442,
            0.20460337794884575,
            149.1449567723343
        ],
        [
            0.10007218470557001,
            0.31421959086115747,
            230.6514133227911
        ],
        [
            0.08636788263480862,
            0.5098779668377302,
            120.35066035736988
        ],
        [
            0.08820821217087228,
            0.4659380552177471,
            133.6457011660927
        ],
        [
            0.08458409446960753,
            0.5643809368264792,
            93.16785544460295
        ]
    ]
}