{
    "rgb_colors": [
        [
            50.34902353530278,
            41.40260390585879,
            33.19228843264907
        ],
        [
            210.70317426951,
            163.84433466470466,
            116.40172377548649
        ],
        [
            133.51162258101607,
            99.49295774647888,
            70.23714645597063
        ],
        [
            194.9229693182955,
            147.8242562715658,
            101.71659050638443
        ],
        [
            99.4949632453039,
            74.60740539068881,
            53.37762047372727
        ],
        [
            179.1491528028664,
            132.39946978138087,
            89.93756483651256
        ],
        [
            225.5778186274506,
            213.98039215686273,
            196.6881127450982
        ],
        [
            0.1790530791128475,
            0.17053040651031637,
            0.15674599357893015
        ],
        [
            170.0727411944872,
            157.87442572741196,
            145.27029096477844
        ],
        [
            162.0639668158516,
            116.58929156205654,
            76.9175854164405
        ]
    ],
    "hex_colors": [
        "#322921",
        "#d2a374",
        "#856346",
        "#c29365",
        "#634a35",
        "#b38459",
        "#e1d5c4",
        "#000000",
        "#aa9d91",
        "#a2744c"
    ],
    "hsl_color_values": [
        [
            0.07975794368882956,
            0.3407560643281209,
            50.34902353530278
        ],
        [
            0.08384920670303815,
            0.4475559080728547,
            210.70317426951
        ],
        [
            0.07706059136360079,
            0.4739248531463986,
            133.51162258101607
        ],
        [
            0.08244726443423983,
            0.47817032101389545,
            194.9229693182955
        ],
        [
            0.0767237935560547,
            0.4635143455239513,
            99.4949632453039
        ],
        [
            0.07932808190957363,
            0.49797381997402584,
            179.1491528028664
        ],
        [
            0.09976032917621196,
            0.1280697989639873,
            225.5778186274506
        ],
        [
            0.10298979450891932,
            0.12458364661720453,
            0.1790530791128475
        ],
        [
            0.08469683872560897,
            0.14583436508114989,
            170.0727411944872
        ],
        [
            0.07765392862972649,
            0.5253874940390689,
            162.0639668158516
        ]
    ]
}