{
    "rgb_colors": [
        [
            4.674698795180722,
            4.313253012048192,
            3.7670682730923835
        ],
        [
            0.0007684056356622726,
            0.0,
            2.2475077354755513e-14
        ],
        [
            96.27272727272728,
            93.63636363636364,
            85.90909090909093
        ],
        [
            60.45238095238095,
            58.238095238095234,
            52.73809523809521
        ],
        [
            22.266666666666666,
            20.1,
            14.85000000000001
        ],
        [
            73.43478260869566,
            71.04347826086956,
            64.82608695652172
        ],
        [
            14.759493670886076,
            12.050632911392405,
            6.202531645569617
        ],
        [
            33.487804878048784,
            31.390243902439025,
            26.39024390243904
        ],
        [
            1.1449074074074075,
            1.1222222222222222,
            1.0662037037036798
        ],
        [
            44.91428571428571,
            43.14285714285714,
            38.48571428571428
        ]
    ],
    "hex_colors": [
        "#040403",
        "#000000",
        "#605d55",
        "#3c3a34",
        "#16140e",
        "#494740",
        "#0e0c06",
        "#211f1a",
        "#010101",
        "#2c2b26"
    ],
    "hsl_color_values": [
        [
            0.1002949852507364,
            0.1941580756013715,
            4.674698795180722
        ],
        [
            0.9999999999951252,
            1.0,
            0.0007684056356622726
        ],
        [
            0.12426900584795308,
            0.1076487252124644,
            96.27272727272728
        ],
        [
            0.11882716049382729,
            0.1276092949980311,
            60.45238095238095
        ],
        [
            0.11797752808988764,
            0.33308383233532884,
            22.266666666666666
        ],
        [
            0.12037037037037036,
            0.1172291296625225,
            73.43478260869566
        ],
        [
            0.113905325443787,
            0.5797598627787309,
            14.759493670886076
        ],
        [
            0.11741122565864819,
            0.21194464675892172,
            33.487804878048784
        ],
        [
            0.11862745098040665,
            0.06874241811566996,
            1.1449074074074075
        ],
        [
            0.12074074074074075,
            0.14312977099236646,
            44.91428571428571
        ]
    ]
}