{
    "rgb_colors": [
        [
            0.28931457349342615,
            0.2259858874409595,
            0.18425283104648038
        ],
        [
            53.13572828216852,
            46.365251469627694,
            39.90646636185579
        ],
        [
            71.81743948673083,
            62.946631671041125,
            54.32604257801129
        ],
        [
            20.89240506329114,
            17.742570170610897,
            14.83021463951573
        ],
        [
            43.96347312753659,
            38.338211782068626,
            32.91366375599574
        ],
        [
            4.9462782081508925,
            4.092062422813518,
            3.3301897384076993
        ],
        [
            89.66242937853107,
            79.28389830508475,
            68.74717514124306
        ],
        [
            33.16309186564144,
            28.672602185350062,
            24.403682719546534
        ],
        [
            62.105536912751674,
            54.26124161073825,
            46.760570469799546
        ],
        [
            136.44444444444446,
            122.96581196581198,
            108.92307692307698
        ]
    ],
    "hex_colors": [
        "#000000",
        "#352e27",
        "#473e36",
        "#14110e",
        "#2b2620",
        "#040403",
        "#594f44",
        "#211c18",
        "#3e362e",
        "#887a6c"
    ],
    "hsl_color_values": [
        [
            0.06620401715298273,
            0.36314016669932114,
            0.28931457349342615
        ],
        [
            0.08136993515683628,
            0.2489711225949688,
            53.13572828216852
        ],
        [
            0.08214122956194951,
            0.24355361363100808,
            71.81743948673083
        ],
        [
            0.08006884551369277,
            0.2901624013803437,
            20.89240506329114
        ],
        [
            0.0818196321112409,
            0.2513406831959275,
            43.96347312753659
        ],
        [
            0.07857167668208216,
            0.326728178588917,
            4.9462782081508925
        ],
        [
            0.08396362326670222,
            0.2332666467131884,
            89.66242937853107
        ],
        [
            0.08122540753232359,
            0.2641312571693617,
            33.16309186564144
        ],
        [
            0.08146722649871212,
            0.24707887904599143,
            62.105536912751674
        ],
        [
            0.0850414078674947,
            0.2017038336256574,
            136.44444444444446
        ]
    ]
}