{
    "rgb_colors": [
        [
            0.007204949486744661,
            0.006249510532797542,
            0.004881614327053363
        ],
        [
            40.01549053356295,
            46.57142857142887,
            53.01721170395827
        ],
        [
            49.753731343284045,
            59.29104477611942,
            67.52388059701526
        ],
        [
            105.70967741935479,
            110.80645161290319,
            113.77419354838715
        ],
        [
            18.779507133592578,
            20.942931258106146,
            22.629053177691528
        ],
        [
            10.776186213070638,
            10.161145926589061,
            9.376902417188868
        ],
        [
            72.01269035533028,
            83.1928934010157,
            92.89086294416224
        ],
        [
            29.992125984251775,
            34.102362204724216,
            37.94094488188979
        ],
        [
            38.31788079470192,
            25.31456953642393,
            17.947019867549667
        ],
        [
            59.804005722460595,
            70.89556509298953,
            80.00572246065882
        ]
    ],
    "hex_colors": [
        "#000000",
        "#282e35",
        "#313b43",
        "#696e71",
        "#121416",
        "#0a0a09",
        "#48535c",
        "#1d2225",
        "#261911",
        "#3b4650"
    ],
    "hsl_color_values": [
        [
            0.0981273407783556,
            0.322463767992498,
            0.007204949486744661
        ],
        [
            0.5826273056217399,
            0.24523585365061007,
            53.01721170395827
        ],
        [
            0.5772159695391714,
            0.26316836497866664,
            67.52388059701526
        ],
        [
            0.5613333333333345,
            0.07088176920896028,
            113.77419354838715
        ],
        [
            0.5730008984726079,
            0.17011520605263153,
            22.629053177691528
        ],
        [
            0.09341010876520058,
            0.1298496303065506,
            10.776186213070638
        ],
        [
            0.5774171326687704,
            0.22476023935079673,
            92.89086294416224
        ],
        [
            0.5804853888063422,
            0.20950503268652637,
            37.94094488188979
        ],
        [
            0.060278500216732624,
            0.53162806774974,
            38.31788079470192
        ],
        [
            0.575159927295052,
            0.25250339746799993,
            80.00572246065882
        ]
    ]
}