{
    "rgb_colors": [
        [
            148.39018404908103,
            126.06503067484594,
            106.15950920245412
        ],
        [
            0.07514636114145024,
            0.06798138938797749,
            0.055333955213012764
        ],
        [
            75.52605042016786,
            63.00672268907624,
            51.53725490196099
        ],
        [
            24.31988742964358,
            19.554409005628592,
            15.282363977486037
        ],
        [
            118.46009852216811,
            100.7014778325123,
            83.95665024630625
        ],
        [
            191.57802197802198,
            167.9560439560446,
            144.0725274725282
        ],
        [
            46.15109269027865,
            36.624340617935594,
            27.755086661642856
        ],
        [
            95.04011670313633,
            80.36615609044547,
            66.69511305616365
        ],
        [
            5.100438276113912,
            3.9633552471389812,
            3.358047236425652
        ],
        [
            58.74737456242775,
            48.97520420070023,
            40.16744457409657
        ]
    ],
    "hex_colors": [
        "#947e6a",
        "#000000",
        "#4b3f33",
        "#18130f",
        "#766453",
        "#bfa790",
        "#2e241b",
        "#5f5042",
        "#050303",
        "#3a3028"
    ],
    "hsl_color_values": [
        [
            0.07855869990508309,
            0.2845921050455658,
            148.39018404908103
        ],
        [
            0.10639322167339099,
            0.26365090241886746,
            0.07514636114145024
        ],
        [
            0.07968628366807205,
            0.31762279881910915,
            75.52605042016786
        ],
        [
            0.07878347519202811,
            0.3716104146576632,
            24.31988742964358
        ],
        [
            0.08088480245185858,
            0.29126641549605864,
            118.46009852216811
        ],
        [
            0.08379211966998323,
            0.24796943832598736,
            191.57802197802198
        ],
        [
            0.08035488738231712,
            0.3986039106829374,
            46.15109269027865
        ],
        [
            0.08038479023528557,
            0.2982425172678402,
            95.04011670313633
        ],
        [
            0.057900130426675835,
            0.34161594462345096,
            5.100438276113912
        ],
        [
            0.07900782934538532,
            0.31626826095159816,
            58.74737456242775
        ]
    ]
}