{
    "rgb_colors": [
        [
            0.04984689426603239,
            0.0497895990021604,
            0.047854291737287724
        ],
        [
            140.50328155764953,
            112.62798074819425,
            85.3812076132117
        ],
        [
            185.96836982968483,
            188.0863746958625,
            184.04136253041491
        ],
        [
            65.64156129741623,
            57.639912039582086,
            43.56624518966457
        ],
        [
            157.71752510528017,
            131.1311953352761,
            104.27372853903543
        ],
        [
            32.90288461538458,
            33.43749999999998,
            26.98269230769231
        ],
        [
            122.64588189588075,
            98.17404817404889,
            74.92346542346574
        ],
        [
            61.37002172338849,
            116.02317161477018,
            58.64735698768954
        ],
        [
            105.42694469091826,
            82.09656906240754,
            62.42590949423356
        ],
        [
            93.21470075537825,
            69.67974046096899,
            50.465717606041544
        ]
    ],
    "hex_colors": [
        "#000000",
        "#8c7055",
        "#b9bcb8",
        "#41392b",
        "#9d8368",
        "#20211a",
        "#7a624a",
        "#3d743a",
        "#69523e",
        "#5d4532"
    ],
    "hsl_color_values": [
        [
            0.16187433577900687,
            0.0399744569463078,
            0.04984689426603239
        ],
        [
            0.08238312768144046,
            0.39231876532236604,
            140.50328155764953
        ],
        [
            0.25393483709268855,
            0.02150614137780268,
            188.0863746958625
        ],
        [
            0.10625492881749798,
            0.33630089948242264,
            65.64156129741623
        ],
        [
            0.08375610928934862,
            0.3388576921338941,
            157.71752510528017
        ],
        [
            0.18047072843736078,
            0.1930409777138743,
            33.43749999999998
        ],
        [
            0.08120077337946863,
            0.38910736940135154,
            122.64588189588075
        ],
        [
            0.3254244703585905,
            0.4945203085602987,
            116.02317161477018
        ],
        [
            0.07624103109069086,
            0.4078751909462185,
            105.42694469091826
        ],
        [
            0.07491025298311908,
            0.458607738939399,
            93.21470075537825
        ]
    ]
}