{
    "rgb_colors": [
        [
            1.002978850153891,
            0.8729655807403809,
            0.7159350430218403
        ],
        [
            86.94830117449901,
            84.67743288590603,
            81.6665268456353
        ],
        [
            71.34260016352951,
            69.46494276369583,
            66.78086672117992
        ],
        [
            103.31083672980499,
            100.67058259410213,
            97.15248141932003
        ],
        [
            27.39779959011963,
            24.34926113687844,
            20.710279365764233
        ],
        [
            11.643279961183623,
            10.196263949539059,
            8.498156234837662
        ],
        [
            124.37964071856169,
            120.29173652694611,
            115.52071856287613
        ],
        [
            43.654573558829476,
            41.47835970176396,
            38.6683942534995
        ],
        [
            153.7251908396958,
            147.45886344359627,
            141.15097540288198
        ],
        [
            56.05774388199634,
            54.16099564197117,
            51.630657056655814
        ]
    ],
    "hex_colors": [
        "#010000",
        "#565451",
        "#474542",
        "#676461",
        "#1b1814",
        "#0b0a08",
        "#7c7873",
        "#2b2926",
        "#99938d",
        "#383633"
    ],
    "hsl_color_values": [
        [
            0.09117687139086565,
            0.28619128617518547,
            1.002978850153891
        ],
        [
            0.09500929841627916,
            0.06074614750969731,
            86.94830117449901
        ],
        [
            0.0980649160542736,
            0.06394122770817597,
            71.34260016352951
        ],
        [
            0.09521214126744544,
            0.059609964505381745,
            103.31083672980499
        ],
        [
            0.0906908602150549,
            0.24408968327394776,
            27.39779959011963
        ],
        [
            0.08998626988167685,
            0.27012351646882815,
            11.643279961183623
        ],
        [
            0.08975918816128203,
            0.07122485725562566,
            124.37964071856169
        ],
        [
            0.0939251370704066,
            0.11421894429023652,
            43.654573558829476
        ],
        [
            0.08360876897133658,
            0.08179671378600652,
            153.7251908396958
        ],
        [
            0.09525973042557644,
            0.07897368889229128,
            56.05774388199634
        ]
    ]
}