{
    "rgb_colors": [
        [
            0.13557256042916066,
            0.11807654658912625,
            0.09427039406046589
        ],
        [
            203.22720478325803,
            178.4820627802693,
            151.61285500747385
        ],
        [
            163.65429024224395,
            144.00226398007456,
            122.98958569164591
        ],
        [
            133.073251711978,
            120.6113301514873,
            107.22577298194646
        ],
        [
            81.19974473516216,
            67.00382897255881,
            50.895341416719845
        ],
        [
            110.41725105189354,
            94.70757363253803,
            76.53646563814866
        ],
        [
            44.32938388625595,
            42.61327014218009,
            40.04170616113744
        ],
        [
            180.6464474092515,
            155.57989450822546,
            128.192057089668
        ],
        [
            147.06104010577894,
            131.46408109299682,
            116.75187307183782
        ],
        [
            188.83962962962923,
            165.5174074074111,
            140.7225925925926
        ]
    ],
    "hex_colors": [
        "#000000",
        "#cbb297",
        "#a3907a",
        "#85786b",
        "#514332",
        "#6e5e4c",
        "#2c2a28",
        "#b49b80",
        "#938374",
        "#bca58c"
    ],
    "hsl_color_values": [
        [
            0.0960649873106268,
            0.3046498955094675,
            0.13557256042916066
        ],
        [
            0.08676271840911458,
            0.25397362440147186,
            203.22720478325803
        ],
        [
            0.08612168923332157,
            0.24847930653333575,
            163.65429024224395
        ],
        [
            0.08631117248319521,
            0.1942349675648979,
            133.073251711978
        ],
        [
            0.08859266746688614,
            0.3732081106570217,
            81.19974473516216
        ],
        [
            0.08938747912957988,
            0.3068432250484275,
            110.41725105189354
        ],
        [
            0.09995947091116697,
            0.09672315176137321,
            44.32938388625595
        ],
        [
            0.08702111571498716,
            0.2903704505228877,
            180.6464474092515
        ],
        [
            0.08090076073180448,
            0.20609922935496827,
            147.06104010577894
        ],
        [
            0.08588369921078558,
            0.2548037037109661,
            188.83962962962923
        ]
    ]
}