{
    "rgb_colors": [
        [
            0.060216168661827996,
            0.052460698987232934,
            0.042333029607984685
        ],
        [
            3.846590909090909,
            90.26911157024793,
            198.73657024793388
        ],
        [
            10.810150375939848,
            78.046992481203,
            161.17481203007517
        ],
        [
            54.06976744186046,
            76.18604651162791,
            106.71162790697674
        ],
        [
            5.992565055762082,
            85.28327137546468,
            181.09516728624536
        ],
        [
            47.53993610223642,
            133.7667731629393,
            236.90095846645366
        ],
        [
            42.092369477911646,
            46.903614457831324,
            53.64658634538152
        ],
        [
            27.166666666666668,
            103.95522388059702,
            201.1641791044776
        ],
        [
            21.553319919517104,
            21.11066398390342,
            20.177062374245473
        ],
        [
            67.76433121019109,
            108.16560509554141,
            160.96178343949046
        ]
    ],
    "hex_colors": [
        "#000000",
        "#035ac6",
        "#0a4ea1",
        "#364c6a",
        "#0555b5",
        "#2f85ec",
        "#2a2e35",
        "#1b67c9",
        "#151514",
        "#436ca0"
    ],
    "hsl_color_values": [
        [
            0.09438750610053633,
            0.2969823462909842,
            0.060216168661827996
        ],
        [
            0.5927595653760288,
            0.9806447756228656,
            198.73657024793388
        ],
        [
            0.5921402438516222,
            0.9329290337629016,
            161.17481203007517
        ],
        [
            0.5966454615067445,
            0.4933095061674585,
            106.71162790697674
        ],
        [
            0.5911959566280135,
            0.9669093043974497,
            181.09516728624536
        ],
        [
            0.5907738597379225,
            0.7993256911665543,
            236.90095846645366
        ],
        [
            0.5972656702583711,
            0.2153765533762539,
            53.64658634538152
        ],
        [
            0.5931133572562083,
            0.8649527625265866,
            201.1641791044776
        ],
        [
            0.11306042884990251,
            0.06385362210604935,
            21.553319919517104
        ],
        [
            0.5944163477310006,
            0.5790036009655336,
            160.96178343949046
        ]
    ]
}