{
    "rgb_colors": [
        [
            22.118462618462623,
            18.407511407511407,
            19.253071253071255
        ],
        [
            166.05055905340862,
            122.67648176291793,
            79.09142965697026
        ],
        [
            95.63101914523303,
            64.71784954554245,
            39.349545542448205
        ],
        [
            179.738519212746,
            167.2427366447985,
            164.95220243673876
        ],
        [
            56.53691275167785,
            40.25315436241611,
            41.970738255033574
        ],
        [
            116.44602398933807,
            97.93602843180808,
            103.04175921812524
        ],
        [
            148.3439297196939,
            107.60372232033691,
            67.17556491418658
        ],
        [
            121.56370656370656,
            86.65019305019305,
            54.98851351351384
        ],
        [
            0.36869530228347003,
            0.3409918519263684,
            0.3315561814714485
        ],
        [
            87.22056384742952,
            46.907960199004975,
            89.9402985074626
        ]
    ],
    "hex_colors": [
        "#161213",
        "#a67a4f",
        "#5f4027",
        "#b3a7a4",
        "#382829",
        "#746167",
        "#946b43",
        "#795636",
        "#000000",
        "#572e59"
    ],
    "hsl_color_values": [
        [
            0.9620241191771104,
            0.16777618205044806,
            22.118462618462623
        ],
        [
            0.08353551146854976,
            0.5236906752507154,
            166.05055905340862
        ],
        [
            0.07512331139412755,
            0.5885273847945843,
            95.63101914523303
        ],
        [
            0.025818174135342393,
            0.08226570932469714,
            179.738519212746
        ],
        [
            0.9824202757582251,
            0.28801994301994294,
            56.53691275167785
        ],
        [
            0.9540272644362313,
            0.1589577292842973,
            116.44602398933807
        ],
        [
            0.08301296016623966,
            0.5471633720293143,
            148.3439297196939
        ],
        [
            0.07926295588009956,
            0.5476568207082712,
            121.56370656370656
        ],
        [
            0.042343806425746366,
            0.10073120156943918,
            0.36869530228347003
        ],
        [
            0.8227996480207594,
            0.47845447505254957,
            89.9402985074626
        ]
    ]
}