{
    "rgb_colors": [
        [
            0.10817152055502532,
            0.09635705927426308,
            0.08224385665650935
        ],
        [
            86.77826660800704,
            76.45842498900133,
            61.944566652001484
        ],
        [
            50.86362976933121,
            46.254461047439435,
            39.56419556071291
        ],
        [
            64.19693094629156,
            58.42059986049756,
            49.973262032085536
        ],
        [
            17.847173761339846,
            15.461967899511514,
            12.5163991625959
        ],
        [
            158.39327082184226,
            147.49641478212908,
            134.66850523993682
        ],
        [
            132.79746835443038,
            122.9873417721519,
            110.83246463142058
        ],
        [
            181.25972540045765,
            168.68020594965674,
            154.02459954233785
        ],
        [
            38.709606986899566,
            33.85735080058224,
            27.18668122270777
        ],
        [
            108.49014454664915,
            98.04599211563732,
            84.20630749014369
        ]
    ],
    "hex_colors": [
        "#000000",
        "#564c3d",
        "#322e27",
        "#403a31",
        "#110f0c",
        "#9e9386",
        "#847a6e",
        "#b5a89a",
        "#26211b",
        "#6c6254"
    ],
    "hsl_color_values": [
        [
            0.09072164948986867,
            0.2396902970900454,
            0.10817152055502532
        ],
        [
            0.09740700716306233,
            0.28617418769360564,
            86.77826660800704
        ],
        [
            0.09868142308729828,
            0.22215155032902154,
            50.86362976933121
        ],
        [
            0.09898217165773086,
            0.22156306702739154,
            64.19693094629156
        ],
        [
            0.09209320591700558,
            0.2986901270772268,
            17.847173761339846
        ],
        [
            0.09011616643029434,
            0.1497839236402322,
            158.39327082184226
        ],
        [
            0.09222911511125213,
            0.16540227758247777,
            132.79746835443038
        ],
        [
            0.08968569047968071,
            0.15025470108127525,
            181.25972540045765
        ],
        [
            0.09648402547502284,
            0.2976761238648453,
            38.709606986899566
        ],
        [
            0.0949855699855725,
            0.22383449812866432,
            108.49014454664915
        ]
    ]
}