{
    "rgb_colors": [
        [
            23.35444308172645,
            54.39636525811155,
            37.594157654141924
        ],
        [
            168.41665735047172,
            150.90340972610545,
            119.08692006707466
        ],
        [
            27.205218123159554,
            70.09524477486319,
            53.83069154159071
        ],
        [
            149.88060035842352,
            135.92801672640056,
            105.65158303464572
        ],
        [
            92.56237510705118,
            98.77533542677696,
            77.42563516985427
        ],
        [
            193.7908660388731,
            173.96913613847693,
            139.87496597899678
        ],
        [
            0.10972588832139252,
            0.10983756345052598,
            0.10529949236730829
        ],
        [
            180.05047948205552,
            163.0621136153482,
            130.03529182690184
        ],
        [
            120.70147357723638,
            126.83003048780384,
            102.39380081300756
        ],
        [
            56.49919999999996,
            72.32091428571434,
            50.97119999999995
        ]
    ],
    "hex_colors": [
        "#173625",
        "#a89677",
        "#1b4635",
        "#958769",
        "#5c624d",
        "#c1ad8b",
        "#000000",
        "#b4a382",
        "#787e66",
        "#384832"
    ],
    "hsl_color_values": [
        [
            0.4097875473663388,
            0.5706616982419822,
            54.39636525811155
        ],
        [
            0.1074959764338717,
            0.2929029590032942,
            168.41665735047172
        ],
        [
            0.43679745423743155,
            0.6118821153911485,
            70.09524477486319
        ],
        [
            0.11408963136167934,
            0.29509501041501573,
            149.88060035842352
        ],
        [
            0.21516820880354995,
            0.2161440420797094,
            98.77533542677696
        ],
        [
            0.10539306006087522,
            0.27821693128230907,
            193.7908660388731
        ],
        [
            0.1707680835860875,
            0.04131620313356429,
            0.10983756345052598
        ],
        [
            0.1100559761172305,
            0.27778425138900215,
            180.05047948205552
        ],
        [
            0.20846632910864926,
            0.19266911456862026,
            126.83003048780384
        ],
        [
            0.2901789697196797,
            0.29520802518299505,
            72.32091428571434
        ]
    ]
}