{
    "rgb_colors": [
        [
            0.013105972880202543,
            0.011009456274482687,
            0.007672592161661385
        ],
        [
            184.32829888712433,
            184.86089030206483,
            183.516693163752
        ],
        [
            163.86513157894814,
            164.56496710526233,
            163.38651315789474
        ],
        [
            241.56107205623428,
            242.42765084944855,
            241.20650263620388
        ],
        [
            205.63685015290807,
            206.11391437308578,
            204.67584097859327
        ],
        [
            226.17850746268599,
            226.53194029850812,
            224.9671641791045
        ],
        [
            36.807086614173244,
            31.956692913385822,
            26.374015748031496
        ],
        [
            139.2020316027076,
            139.60835214447076,
            138.13656884875846
        ],
        [
            110.81700288184521,
            109.57204610950926,
            106.97118155619596
        ],
        [
            74.63829787234056,
            69.4999999999999,
            63.36879432624114
        ]
    ],
    "hex_colors": [
        "#000000",
        "#b8b8b7",
        "#a3a4a3",
        "#f1f2f1",
        "#cdcecc",
        "#e2e2e0",
        "#241f1a",
        "#8b8b8a",
        "#6e6d6a",
        "#4a453f"
    ],
    "hsl_color_values": [
        [
            0.10235690219640507,
            0.4145728644646173,
            0.013105972880202543
        ],
        [
            0.23270254287365644,
            0.007271398163864745,
            184.86089030206483
        ],
        [
            0.26564317283073463,
            0.007161025630769884,
            164.56496710526233
        ],
        [
            0.28494043335816893,
            0.0050371655583258,
            242.42765084944855
        ],
        [
            0.22195640616637471,
            0.006977080605482345,
            206.11391437308578
        ],
        [
            0.2043113315529587,
            0.006907529760887927,
            226.53194029850812
        ],
        [
            0.08918238993710671,
            0.2834527756979359,
            36.807086614173244
        ],
        [
            0.2126789366055549,
            0.010542229552206558,
            139.60835214447076
        ],
        [
            0.11271387535900068,
            0.0347042531889238,
            110.81700288184521
        ],
        [
            0.09067547723935133,
            0.15098821740783122,
            74.63829787234056
        ]
    ]
}