{
    "rgb_colors": [
        [
            17.580878552971576,
            14.937467700258361,
            9.837726098191213
        ],
        [
            0.012632993871596998,
            0.01208051397746801,
            0.011943817920852862
        ],
        [
            55.746716697936236,
            54.32082551594749,
            49.67542213883677
        ],
        [
            118.30205278592379,
            115.6598240469208,
            105.49266862170089
        ],
        [
            41.712499999999935,
            39.67031249999993,
            34.4921875
        ],
        [
            94.32857142857124,
            92.2107142857141,
            84.0
        ],
        [
            3.2723616165481846,
            3.179850603332329,
            3.016216561322863
        ],
        [
            136.76749435665997,
            133.7810383747186,
            122.82844243792324
        ],
        [
            74.8139534883718,
            72.9244186046509,
            66.75
        ],
        [
            28.80729927007294,
            26.62335766423354,
            21.52700729927007
        ]
    ],
    "hex_colors": [
        "#110e09",
        "#000000",
        "#373631",
        "#767369",
        "#292722",
        "#5e5c54",
        "#030303",
        "#88857a",
        "#4a4842",
        "#1c1a15"
    ],
    "hsl_color_values": [
        [
            0.10976884914013581,
            0.4404303477468474,
            17.580878552971576
        ],
        [
            0.033057851304772366,
            0.05455365194893539,
            0.012632993871596998
        ],
        [
            0.12752369180057693,
            0.10890855854339894,
            55.746716697936236
        ],
        [
            0.1322878510378504,
            0.108276939094222,
            118.30205278592379
        ],
        [
            0.11952679795138084,
            0.17309709319748148,
            41.712499999999935
        ],
        [
            0.13249193176579022,
            0.10949568378009815,
            94.32857142857124
        ],
        [
            0.1064722499168314,
            0.07827529021548467,
            3.2723616165481846
        ],
        [
            0.13095816464237667,
            0.10191787152572013,
            136.76749435665997
        ],
        [
            0.1276135544340295,
            0.10778675784892401,
            74.8139534883718
        ],
        [
            0.11667000868925881,
            0.25272386357877535,
            28.80729927007294
        ]
    ]
}