{
    "rgb_colors": [
        [
            0.025271288315477314,
            0.03582909516168442,
            0.05253882346680605
        ],
        [
            103.88362760834495,
            119.39887640449439,
            144.52006420545652
        ],
        [
            71.43412322274963,
            82.17345971563981,
            101.34123222748896
        ],
        [
            53.51532430506131,
            87.42765502494655,
            134.39059158945003
        ],
        [
            189.72887323943672,
            190.9882629107981,
            189.19483568075137
        ],
        [
            146.148201438848,
            153.22446043165468,
            165.1021582733827
        ],
        [
            46.80174291938958,
            51.595860566448806,
            63.36601307189521
        ],
        [
            19.066557555919157,
            22.349154391707582,
            30.03873431533033
        ],
        [
            66.2358398437482,
            104.50390625,
            157.14990234374952
        ],
        [
            31.013638039071886,
            57.060449686693694,
            95.75856984887324
        ]
    ],
    "hex_colors": [
        "#000000",
        "#677790",
        "#475265",
        "#355786",
        "#bdbebd",
        "#9299a5",
        "#2e333f",
        "#13161e",
        "#42689d",
        "#1f395f"
    ],
    "hsl_color_values": [
        [
            0.602134450439484,
            0.5189978258374272,
            0.05253882346680605
        ],
        [
            0.6030322780268408,
            0.2811819716557896,
            144.52006420545652
        ],
        [
            0.6068183739012891,
            0.2951129401861267,
            101.34123222748896
        ],
        [
            0.5967805901223251,
            0.601792627950137,
            134.39059158945003
        ],
        [
            0.2837041884816782,
            0.009390248399109078,
            190.9882629107981
        ],
        [
            0.6044434322730834,
            0.1148013874122106,
            165.1021582733827
        ],
        [
            0.6184291288526423,
            0.26140622313907885,
            63.36601307189521
        ],
        [
            0.6168042296473085,
            0.3652676122845662,
            30.03873431533033
        ],
        [
            0.5965123814843437,
            0.5785180973331819,
            157.14990234374952
        ],
        [
            0.5996168582375464,
            0.676126762460866,
            95.75856984887324
        ]
    ]
}