{
    "rgb_colors": [
        [
            0.010301243430582585,
            0.00898346365850533,
            0.00809127034995516
        ],
        [
            129.05913978494604,
            124.98924731182797,
            129.70967741935485
        ],
        [
            113.16363636363612,
            110.18181818181817,
            111.64090909090909
        ],
        [
            63.620689655172306,
            51.43103448275862,
            40.206896551724135
        ],
        [
            146.9999999999996,
            145.2128712871287,
            150.94059405940595
        ],
        [
            172.13983050847466,
            169.80084745762713,
            173.34745762711864
        ],
        [
            89.76190476190497,
            76.83928571428571,
            66.58333333333333
        ],
        [
            92.4929577464789,
            92.40845070422536,
            103.87793427230048
        ],
        [
            26.917355371900864,
            21.68595041322314,
            16.34710743801653
        ],
        [
            111.115702479339,
            97.93388429752066,
            86.87603305785125
        ]
    ],
    "hex_colors": [
        "#000000",
        "#817c81",
        "#716e6f",
        "#3f3328",
        "#929196",
        "#aca9ad",
        "#594c42",
        "#5c5c67",
        "#1a1510",
        "#6f6156"
    ],
    "hsl_color_values": [
        [
            0.06728538282291895,
            0.2145345943448344,
            0.010301243430582585
        ],
        [
            0.8103644646924758,
            0.03639227389538256,
            129.70967741935485
        ],
        [
            0.9184451219512124,
            0.026349614395884832,
            113.16363636363612
        ],
        [
            0.07989690721649521,
            0.36802168021680115,
            63.620689655172306
        ],
        [
            0.7186689714779487,
            0.037946867825516685,
            150.94059405940595
        ],
        [
            0.7765830346475546,
            0.020459545343436754,
            173.34745762711864
        ],
        [
            0.07374593391542474,
            0.25822281167108935,
            89.76190476190497
        ],
        [
            0.6678946650293357,
            0.11041308867395826,
            103.87793427230048
        ],
        [
            0.08418034923116986,
            0.3926926619588587,
            26.917355371900864
        ],
        [
            0.07603136720081775,
            0.21814801041279397,
            111.115702479339
        ]
    ]
}