{
    "rgb_colors": [
        [
            0.007721826298194678,
            0.0072623802439147345,
            0.0058370532799076336
        ],
        [
            41.642458100558684,
            34.743016759776545,
            25.759776536312813
        ],
        [
            56.5177865612648,
            46.1422924901185,
            33.16600790513837
        ],
        [
            13.295289855072488,
            11.306159420289838,
            9.007246376811596
        ],
        [
            21.313296903460813,
            17.990892531876174,
            13.810564663023664
        ],
        [
            92.04615384615391,
            74.60000000000001,
            55.18461538461534
        ],
        [
            2.927974947807938,
            2.438413361169093,
            1.8778705636743254
        ],
        [
            30.986754966887453,
            25.869757174392905,
            19.253863134657824
        ],
        [
            7.663705583756362,
            6.5977157360406,
            5.295685279187813
        ],
        [
            72.98561151079134,
            58.89928057553945,
            42.100719424460486
        ]
    ],
    "hex_colors": [
        "#000000",
        "#292219",
        "#382e21",
        "#0d0b09",
        "#15110d",
        "#5c4a37",
        "#020201",
        "#1e1913",
        "#070605",
        "#483a2a"
    ],
    "hsl_color_values": [
        [
            0.12603878116691328,
            0.24408384046759699,
            0.007721826298194678
        ],
        [
            0.09426661976785096,
            0.38140595653340614,
            41.642458100558684
        ],
        [
            0.09261453396524429,
            0.4131757465557024,
            56.5177865612648
        ],
        [
            0.08935361216729916,
            0.3225235045646557,
            13.295289855072488
        ],
        [
            0.09286234522942587,
            0.3520211947696778,
            21.313296903460813
        ],
        [
            0.08778519755147467,
            0.4004679926458308,
            92.04615384615391
        ],
        [
            0.08896620278329802,
            0.3586452762923349,
            2.927974947807938
        ],
        [
            0.09397930385700781,
            0.3786421600057004,
            30.986754966887453
        ],
        [
            0.09163987138263552,
            0.3089915548931963,
            7.663705583756362
        ],
        [
            0.0906514480937954,
            0.42316412025628297,
            72.98561151079134
        ]
    ]
}