{
    "rgb_colors": [
        [
            143.3980861243998,
            112.60669856459367,
            74.71339712918784
        ],
        [
            22.556960596139184,
            19.428135937677133,
            15.365586541718743
        ],
        [
            7.511362462552562,
            7.037444478876836,
            6.110577419689097
        ],
        [
            105.09547656186244,
            77.27132419341314,
            51.04022658237942
        ],
        [
            47.845991298943744,
            33.442075823492836,
            18.849223119949908
        ],
        [
            164.33549920759896,
            132.53851030111463,
            87.79572107765881
        ],
        [
            0.38597817356151154,
            0.3603014125807107,
            0.3214201351212367
        ],
        [
            84.49143525906862,
            64.2980104266417,
            43.51101180976835
        ],
        [
            121.69764378750631,
            90.57456461290806,
            61.547563295768
        ],
        [
            68.38636532048882,
            48.92441645053684,
            28.57102630603926
        ]
    ],
    "hex_colors": [
        "#8f704a",
        "#16130f",
        "#070706",
        "#694d33",
        "#2f2112",
        "#a48457",
        "#000000",
        "#54402b",
        "#795a3d",
        "#44301c"
    ],
    "hsl_color_values": [
        [
            0.09194989933891329,
            0.47897911925844716,
            143.3980861243998
        ],
        [
            0.09415329544384721,
            0.3188095321517433,
            22.556960596139184
        ],
        [
            0.11027947791488056,
            0.1864888094333076,
            7.511362462552562
        ],
        [
            0.08087742825161874,
            0.5143442110723427,
            105.09547656186244
        ],
        [
            0.08387631691379573,
            0.6060438375666798,
            47.845991298943744
        ],
        [
            0.09742818335039859,
            0.46575316044922394,
            164.33549920759896
        ],
        [
            0.10037809491233891,
            0.16725826189751256,
            0.38597817356151154
        ],
        [
            0.0845403604422259,
            0.4850245864997514,
            84.49143525906862
        ],
        [
            0.0804293778712592,
            0.49425838183658755,
            121.69764378750631
        ],
        [
            0.08519911608735786,
            0.5822116561957524,
            68.38636532048882
        ]
    ]
}