{
    "rgb_colors": [
        [
            0.005778840792675655,
            0.004069679584382091,
            0.0028294955372270003
        ],
        [
            23.929126657521717,
            24.44352994970279,
            21.84545038866017
        ],
        [
            66.01398601398601,
            53.83916083916084,
            40.398601398601365
        ],
        [
            41.14285714285714,
            31.32142857142857,
            19.839285714285715
        ],
        [
            77.5432098765432,
            64.48148148148148,
            50.1604938271605
        ],
        [
            17.483870967741936,
            13.32258064516129,
            8.329032258064517
        ],
        [
            27.313383208645053,
            27.58021612635079,
            24.77389858686613
        ],
        [
            52.29139072847682,
            42.12582781456953,
            30.41721854304634
        ],
        [
            30.689573459715643,
            22.84834123222749,
            12.348341232227455
        ],
        [
            93.33333333333333,
            78.5,
            62.481481481481495
        ]
    ],
    "hex_colors": [
        "#000000",
        "#171815",
        "#423528",
        "#291f13",
        "#4d4032",
        "#110d08",
        "#1b1b18",
        "#342a1e",
        "#1e160c",
        "#5d4e3e"
    ],
    "hsl_color_values": [
        [
            0.07008244993042441,
            0.5103697023781618,
            0.005778840792675655
        ],
        [
            0.1996656107004565,
            0.10628904934715498,
            24.44352994970279
        ],
        [
            0.08745108745108758,
            0.38802966101694963,
            66.01398601398601
        ],
        [
            0.08982956132998043,
            0.5177951388888888,
            41.14285714285714
        ],
        [
            0.08716561466786894,
            0.3531284827256805,
            77.5432098765432
        ],
        [
            0.0909090909090909,
            0.5236162361623616,
            17.483870967741936
        ],
        [
            0.18251382306477085,
            0.10175110762832049,
            27.58021612635079
        ],
        [
            0.0892118276314462,
            0.41831306990881495,
            52.29139072847682
        ],
        [
            0.09541343669250661,
            0.5976372480889518,
            30.689573459715643
        ],
        [
            0.08653461384553819,
            0.3305555555555554,
            93.33333333333333
        ]
    ]
}