{
    "rgb_colors": [
        [
            0.17820715827976485,
            0.1426016270624899,
            0.10987454083070602
        ],
        [
            105.35820895522494,
            88.19264144394266,
            66.56889968760849
        ],
        [
            48.897671568628084,
            41.4538909313722,
            29.361213235293647
        ],
        [
            208.99162333911087,
            176.9662045060683,
            139.12131715770965
        ],
        [
            81.02904994812297,
            71.74210760338116,
            57.78553431154435
        ],
        [
            160.39130434782555,
            136.1549919484703,
            105.28824476650617
        ],
        [
            21.142956280360842,
            17.007980569049266,
            12.327203331020167
        ],
        [
            187.78997846936932,
            156.26149931492898,
            117.95811313368786
        ],
        [
            131.22847985348085,
            111.44597069597027,
            85.57646520146456
        ],
        [
            66.64441514860829,
            57.318791946309716,
            41.98453978907075
        ]
    ],
    "hex_colors": [
        "#000000",
        "#695842",
        "#30291d",
        "#d0b08b",
        "#514739",
        "#a08869",
        "#15110c",
        "#bb9c75",
        "#836f55",
        "#423929"
    ],
    "hsl_color_values": [
        [
            0.07982299779501727,
            0.38344485209614554,
            0.17820715827976485
        ],
        [
            0.092911088839569,
            0.3681659896487145,
            105.35820895522494
        ],
        [
            0.10316333944934468,
            0.3995375997794688,
            48.897671568628084
        ],
        [
            0.09027413173703007,
            0.3343210845729893,
            208.99162333911087
        ],
        [
            0.100075031032692,
            0.2868541054283588,
            81.02904994812297
        ],
        [
            0.09336065733461962,
            0.3435539090187992,
            160.39130434782555
        ],
        [
            0.08849267262303012,
            0.41695933304887006,
            21.142956280360842
        ],
        [
            0.09141811787765018,
            0.3718615120192467,
            187.78997846936932
        ],
        [
            0.09444455588541827,
            0.3478819133086633,
            131.22847985348085
        ],
        [
            0.10363834592070258,
            0.3700216335389733,
            66.64441514860829
        ]
    ]
}