{
    "rgb_colors": [
        [
            0.0087565107625025,
            0.007327646639323504,
            0.006448760392964381
        ],
        [
            151.16893732970073,
            124.93188010899178,
            101.3242506811989
        ],
        [
            218.35719784450419,
            183.12881703874518,
            153.1072619964075
        ],
        [
            210.66255651458462,
            176.31853678586504,
            146.17920263049731
        ],
        [
            63.805882352941076,
            53.823529411764774,
            44.95294117647059
        ],
        [
            181.42485549133013,
            153.25144508670485,
            128.29768786127167
        ],
        [
            124.72558922558984,
            100.34343434343408,
            78.39225589225589
        ],
        [
            225.34563758388887,
            190.42878448919402,
            160.3173005219985
        ],
        [
            102.21598272138228,
            82.21814254859652,
            63.85961123110152
        ],
        [
            27.57216494845361,
            23.505154639175277,
            19.963917525773198
        ]
    ],
    "hex_colors": [
        "#000000",
        "#977c65",
        "#dab799",
        "#d2b092",
        "#3f352c",
        "#b59980",
        "#7c644e",
        "#e1bea0",
        "#66523f",
        "#1b1713"
    ],
    "hsl_color_values": [
        [
            0.0634735207903665,
            0.26354679759208033,
            0.0087565107625025
        ],
        [
            0.07893729842015984,
            0.32972836568792,
            151.16893732970073
        ],
        [
            0.07668348546280195,
            0.29882200583358953,
            218.35719784450419
        ],
        [
            0.07789952067718897,
            0.3060978417378267,
            210.66255651458462
        ],
        [
            0.07841913676547163,
            0.29547340278417883,
            63.805882352941076
        ],
        [
            0.07828310303557622,
            0.2928329058671748,
            181.42485549133013
        ],
        [
            0.07896107356538813,
            0.3714821763602283,
            124.72558922558984
        ],
        [
            0.07717528831196845,
            0.28857153730203644,
            225.34563758388887
        ],
        [
            0.07977175892036141,
            0.37524827790221005,
            102.21598272138228
        ],
        [
            0.07757452574525782,
            0.2759394279304543,
            27.57216494845361
        ]
    ]
}