{
    "rgb_colors": [
        [
            0.018743673193934995,
            0.014933983520371008,
            0.010607264533966099
        ],
        [
            107.11513583441139,
            92.3078913324709,
            71.47218628719276
        ],
        [
            56.741671217913705,
            49.906062261059525,
            37.913708356089565
        ],
        [
            30.8,
            25.04071856287425,
            14.47185628742515
        ],
        [
            79.66113914924297,
            64.07426099495314,
            40.5832732516222
        ],
        [
            19.593095642331637,
            15.24052065647991,
            6.23203169213356
        ],
        [
            43.8777711204314,
            37.325344517675255,
            25.051527860994607
        ],
        [
            140.12616822429905,
            119.01869158878503,
            90.04672897196261
        ],
        [
            94.32291666666666,
            77.97685185185185,
            54.17708333333333
        ],
        [
            66.77154724818277,
            63.36863966770509,
            56.954309449636554
        ]
    ],
    "hex_colors": [
        "#000000",
        "#6b5c47",
        "#383125",
        "#1e190e",
        "#4f4028",
        "#130f06",
        "#2b2519",
        "#8c775a",
        "#5e4d36",
        "#423f38"
    ],
    "hsl_color_values": [
        [
            0.08862876254180692,
            0.4340882694541241,
            0.018743673193934995
        ],
        [
            0.09742789392179639,
            0.33275362318840584,
            107.11513583441139
        ],
        [
            0.10615729728684416,
            0.331818969334129,
            56.741671217913705
        ],
        [
            0.10787981027822598,
            0.53013453612256,
            30.8
        ],
        [
            0.10018880340461123,
            0.49055118110236223,
            79.66113914924297
        ],
        [
            0.1123724003557965,
            0.6819271540394558,
            19.593095642331637
        ],
        [
            0.10865875263889331,
            0.4290610662005681,
            43.8777711204314
        ],
        [
            0.09642001803987432,
            0.35738820155400675,
            140.12616822429905
        ],
        [
            0.09880547387034155,
            0.4256212037548316,
            94.32291666666666
        ],
        [
            0.10889570552147232,
            0.14702726240649452,
            66.77154724818277
        ]
    ]
}