{
    "rgb_colors": [
        [
            0.08862504142629013,
            0.037118673490852405,
            0.020179596302862146
        ],
        [
            120.96400000000038,
            114.94400000000033,
            105.452
        ],
        [
            39.87951807228925,
            34.48594377510047,
            27.040160642570278
        ],
        [
            150.0569105691059,
            143.99186991869948,
            133.13821138211384
        ],
        [
            92.43722943722929,
            87.29437229437217,
            78.66233766233766
        ],
        [
            15.74721508140567,
            10.155098543273207,
            18.493144815766925
        ],
        [
            202.08411214953279,
            195.57943925233653,
            183.91588785046727
        ],
        [
            9.075342465753225,
            5.247716894977268,
            10.59779299847793
        ],
        [
            66.60576923076921,
            61.65384615384617,
            53.63942307692308
        ],
        [
            172.9465648854959,
            166.24045801526697,
            154.85496183206106
        ]
    ],
    "hex_colors": [
        "#000000",
        "#787269",
        "#27221b",
        "#968f85",
        "#5c574e",
        "#0f0a12",
        "#cac3b7",
        "#09050a",
        "#423d35",
        "#aca69a"
    ],
    "hsl_color_values": [
        [
            0.041247149846723286,
            0.7723036742426167,
            0.08862504142629013
        ],
        [
            0.10198555956678805,
            0.12823650011573967,
            120.96400000000038
        ],
        [
            0.09665311229277472,
            0.32195367573011247,
            39.87951807228925
        ],
        [
            0.10691975012013606,
            0.11274855068537792,
            150.0569105691059
        ],
        [
            0.10444165095327841,
            0.14901887322624321,
            92.43722943722929
        ],
        [
            0.7784457804497965,
            0.45087227486505427,
            18.493144815766925
        ],
        [
            0.1069958847736629,
            0.089904268602877,
            202.08411214953279
        ],
        [
            0.7859056424845828,
            0.5048292700441542,
            10.59779299847793
        ],
        [
            0.10301569645284915,
            0.19467301862278016,
            66.60576923076921
        ],
        [
            0.10488748241912778,
            0.10460805084745613,
            172.9465648854959
        ]
    ]
}