{
    "rgb_colors": [
        [
            16.917539709361133,
            12.95910780669145,
            7.401824940858439
        ],
        [
            0.1860549275585477,
            0.1741193036017421,
            0.02620705083455288
        ],
        [
            139.83700440528634,
            104.72687224669605,
            58.53744493392079
        ],
        [
            2.981362687416987,
            2.1960903397229075,
            1.396545834124134
        ],
        [
            47.4844517184943,
            35.84124386252046,
            20.14893617021262
        ],
        [
            8.234951051864234,
            6.461570506144553,
            3.883774213705447
        ],
        [
            89.11137724550925,
            66.82634730538922,
            36.746107784430954
        ],
        [
            30.67321729365545,
            23.029197080291972,
            12.77428411005054
        ],
        [
            112.01351351351293,
            83.53378378378379,
            45.50810810810827
        ],
        [
            67.47322404371576,
            50.87213114754098,
            28.39344262295073
        ]
    ],
    "hex_colors": [
        "#100c07",
        "#000000",
        "#8b683a",
        "#020201",
        "#2f2314",
        "#080603",
        "#594224",
        "#1e170c",
        "#70532d",
        "#43321c"
    ],
    "hsl_color_values": [
        [
            0.09733518012098936,
            0.5624762779919634,
            16.917539709361133
        ],
        [
            0.15422189292154886,
            0.8591434734975989,
            0.1860549275585477
        ],
        [
            0.09468978596586286,
            0.5813880225561534,
            139.83700440528634
        ],
        [
            0.08408379638500184,
            0.5315746587899768,
            2.981362687416987
        ],
        [
            0.09567716441144801,
            0.5756729741839898,
            47.4844517184943
        ],
        [
            0.09873942875378927,
            0.5283791987049837,
            8.234951051864234
        ],
        [
            0.09573851724795097,
            0.5876384259757048,
            89.11137724550925
        ],
        [
            0.09548905201079005,
            0.5835362170275886,
            30.67321729365545
        ],
        [
            0.09529469934029682,
            0.5937266256484462,
            112.01351351351293
        ],
        [
            0.0958666592091284,
            0.5791894781172058,
            67.47322404371576
        ]
    ]
}