{
    "rgb_colors": [
        [
            0.019837163441132066,
            0.00656032176816268,
            0.01282777202964569
        ],
        [
            14.12104583602315,
            12.099956961480526,
            9.528835808048042
        ],
        [
            55.79084967320255,
            51.01307189542484,
            43.95424836601306
        ],
        [
            10.174208813960231,
            8.699645075421472,
            6.9947500739426385
        ],
        [
            4.067882337282043,
            3.648542526287768,
            2.903966458139227
        ],
        [
            6.967274642786689,
            5.964048199117666,
            4.7570290379930125
        ],
        [
            23.92605633802803,
            20.57170294494238,
            16.55793854033286
        ],
        [
            30.955223880597085,
            26.991044776119402,
            22.34726368159199
        ],
        [
            1.4288688636584768,
            1.2885910406974854,
            1.124207033410472
        ],
        [
            18.35658281607279,
            15.657138190133942,
            12.424861156484818
        ]
    ],
    "hex_colors": [
        "#000000",
        "#0e0c09",
        "#37332b",
        "#0a0806",
        "#040302",
        "#060504",
        "#171410",
        "#1e1a16",
        "#010101",
        "#120f0c"
    ],
    "hsl_color_values": [
        [
            0.9213235293972681,
            0.669291338571121,
            0.019837163441132066
        ],
        [
            0.09331458919088231,
            0.3252032520325274,
            14.12104583602315
        ],
        [
            0.09939260077305416,
            0.21216026241799368,
            55.79084967320255
        ],
        [
            0.08937029543323045,
            0.31250181691327145,
            10.174208813960231
        ],
        [
            0.10661939886023601,
            0.2861232903605779,
            4.067882337282043
        ],
        [
            0.09101697103305458,
            0.31723245000568095,
            6.967274642786689
        ],
        [
            0.09079126480725448,
            0.30795370927821053,
            23.92605633802803
        ],
        [
            0.0899125341964317,
            0.2780777884924494,
            30.955223880597085
        ],
        [
            0.0899270332799263,
            0.21321888802863861,
            1.4288688636584768
        ],
        [
            0.09081896789117723,
            0.32313866469712615,
            18.35658281607279
        ]
    ]
}