{
    "rgb_colors": [
        [
            0.07132358006490591,
            0.056418088689085266,
            0.04041018808907637
        ],
        [
            177.66490545049854,
            176.35205784204456,
            179.82091212458118
        ],
        [
            196.3880999020593,
            195.37022526934626,
            199.45298726738784
        ],
        [
            235.95442708333107,
            237.526692708331,
            244.0774739583309
        ],
        [
            37.49581993569113,
            31.82443729903534,
            21.883601286173622
        ],
        [
            215.17032223125236,
            217.8916869753622,
            227.50365556458325
        ],
        [
            157.12340672074387,
            156.23146002317714,
            159.4724797219029
        ],
        [
            72.66026871401189,
            65.52495201535535,
            55.78886756238008
        ],
        [
            133.81641659311325,
            133.4633715798741,
            136.43336275374867
        ],
        [
            108.00819672131118,
            108.30737704918005,
            111.52786885245881
        ]
    ],
    "hex_colors": [
        "#000000",
        "#b1b0b3",
        "#c4c3c7",
        "#ebedf4",
        "#251f15",
        "#d7d9e3",
        "#9d9c9f",
        "#484137",
        "#858588",
        "#6c6c6f"
    ],
    "hsl_color_values": [
        [
            0.08630510153725124,
            0.4334245693737993,
            0.07132358006490591
        ],
        [
            0.729744535300089,
            0.019290605533873496,
            179.82091212458118
        ],
        [
            0.7082183839110754,
            0.020469796185946323,
            199.45298726738784
        ],
        [
            0.6344073094493874,
            0.03328060858408672,
            244.0774739583309
        ],
        [
            0.10612239293707448,
            0.41637224299385733,
            37.49581993569113
        ],
        [
            0.6298914674219317,
            0.05421158311818747,
            227.50365556458325
        ],
        [
            0.7125342629007269,
            0.020323379334024602,
            159.4724797219029
        ],
        [
            0.09617937049677698,
            0.2321956889264616,
            72.66026871401189
        ],
        [
            0.6864784546805337,
            0.021768804300713252,
            136.43336275374867
        ],
        [
            0.6524996118615118,
            0.03155867826905071,
            111.52786885245881
        ]
    ]
}