{
    "rgb_colors": [
        [
            1.9018800603815011,
            1.693838342253394,
            1.2500343076711997
        ],
        [
            106.18181818181819,
            104.95454545454544,
            105.6818181818182
        ],
        [
            28.727272727272727,
            28.508021390374292,
            29.363636363636406
        ],
        [
            144.21052631578948,
            142.78947368421055,
            143.68421052631575
        ],
        [
            0.029451529797517417,
            0.025826644239566793,
            -7.521760991835436e-14
        ],
        [
            75.73076923076924,
            75.11538461538463,
            75.03846153846155
        ],
        [
            7.219059405940595,
            6.956683168316804,
            6.694306930693093
        ],
        [
            46.03508771929825,
            45.56140350877193,
            45.99999999999999
        ],
        [
            16.524539877300615,
            16.31901840490796,
            16.84969325153376
        ],
        [
            186.875,
            184.125,
            179.875
        ]
    ],
    "hex_colors": [
        "#010101",
        "#6a6869",
        "#1c1c1d",
        "#908e8f",
        "#000000",
        "#4b4b4b",
        "#070606",
        "#2e2d2d",
        "#101010",
        "#bab8b3"
    ],
    "hsl_color_values": [
        [
            0.1134736842105429,
            0.3427375712533348,
            1.9018800603815011
        ],
        [
            0.9012345679012315,
            0.011558219178082385,
            106.18181818181819
        ],
        [
            0.7093750000000035,
            0.029138590420691137,
            29.363636363636406
        ],
        [
            0.8950617283950675,
            0.009854014598540031,
            144.21052631578948
        ],
        [
            0.14615338273391987,
            1.000000000002554,
            0.029451529797517417
        ],
        [
            0.018518518518519284,
            0.009141696292534295,
            75.73076923076924
        ],
        [
            0.08333333333332064,
            0.07268986799245344,
            7.219059405940595
        ],
        [
            0.8456790123456819,
            0.010289634146341447,
            46.03508771929825
        ],
        [
            0.7312138728323708,
            0.03149462952849274,
            16.84969325153376
        ],
        [
            0.1011904761904762,
            0.03745819397993311,
            186.875
        ]
    ]
}