{
    "rgb_colors": [
        [
            0.01567129527428568,
            0.026610799098570226,
            0.04065139521732064
        ],
        [
            34.214361513972776,
            122.74460558896425,
            231.27201980898548
        ],
        [
            43.35113904163369,
            60.678711704634,
            106.07698350353606
        ],
        [
            72.19755244755281,
            72.35489510489538,
            80.59265734265759
        ],
        [
            2.4351122776320264,
            9.148148148148092,
            17.616506270049296
        ],
        [
            64.32012195121949,
            118.0060975609758,
            190.63414634146264
        ],
        [
            13.719999999999896,
            105.9112727272743,
            216.03054545454296
        ],
        [
            116.0757575757575,
            115.67171717171703,
            123.66666666666653
        ],
        [
            44.38232431379912,
            134.23398870936188,
            244.66011290636126
        ],
        [
            47.90796460176992,
            45.29734513274323,
            45.50088495575215
        ]
    ],
    "hex_colors": [
        "#000000",
        "#227ae7",
        "#2b3c6a",
        "#484850",
        "#020911",
        "#4076be",
        "#0d69d8",
        "#74737b",
        "#2c86f4",
        "#2f2d2d"
    ],
    "hsl_color_values": [
        [
            0.5936785424582557,
            0.6144955126261326,
            0.04065139521732064
        ],
        [
            0.5917898980760462,
            0.8520600912197184,
            231.27201980898548
        ],
        [
            0.6206261740763955,
            0.5913237951361184,
            106.07698350353606
        ],
        [
            0.6635429682076929,
            0.10416711859259245,
            80.59265734265759
        ],
        [
            0.5929686049266506,
            0.861770986806159,
            17.616506270049296
        ],
        [
            0.5958300145623641,
            0.6625991555782996,
            190.63414634146264
        ],
        [
            0.5907180200615653,
            0.9364904626281804,
            216.03054545454296
        ],
        [
            0.6750894925247435,
            0.0646491872906968,
            123.66666666666653
        ],
        [
            0.5918941344527943,
            0.818595995127389,
            244.66011290636126
        ],
        [
            0.9870056497175105,
            0.054492389537464096,
            47.90796460176992
        ]
    ]
}