{
    "rgb_colors": [
        [
            41.79543336439888,
            44.73998136067121,
            57.79042404473324
        ],
        [
            220.9250244123181,
            221.89820658776102,
            221.77416819490588
        ],
        [
            196.80551954065567,
            197.4810150027804,
            201.16854973142972
        ],
        [
            45.07511100148002,
            67.82770103601476,
            110.96528120374973
        ],
        [
            93.7717479345537,
            104.77547383768047,
            124.76121820832707
        ],
        [
            172.62313759859774,
            108.9088518843122,
            102.62708150744965
        ],
        [
            0.21736292428198567,
            0.21703655351892337,
            0.2708877284704272
        ],
        [
            83.46941297631308,
            70.45231719876428,
            74.47373841400633
        ],
        [
            157.22948337854035,
            165.55289219706017,
            184.36794297609106
        ],
        [
            132.4377453729669,
            140.06758272574402,
            156.4600392596733
        ]
    ],
    "hex_colors": [
        "#292c39",
        "#dcdddd",
        "#c4c5c9",
        "#2d436e",
        "#5d687c",
        "#ac6c66",
        "#000000",
        "#53464a",
        "#9da5b8",
        "#848c9c"
    ],
    "hsl_color_values": [
        [
            0.6359846857148365,
            0.27677579711049155,
            57.79042404473324
        ],
        [
            0.478757250186536,
            0.004385714469747345,
            221.89820658776102
        ],
        [
            0.6408629082469215,
            0.021688430903334156,
            201.16854973142972
        ],
        [
            0.6091148599639653,
            0.5937908640206568,
            110.96528120374973
        ],
        [
            0.6074867484239247,
            0.248390250743039,
            124.76121820832707
        ],
        [
            0.014957438860751663,
            0.4054847864827402,
            172.62313759859774
        ],
        [
            0.6676767676946579,
            0.1987951807768315,
            0.2708877284704272
        ],
        [
            0.9485110288300254,
            0.1559504890880542,
            83.46941297631308
        ],
        [
            0.6155497343256786,
            0.1471972793072277,
            184.36794297609106
        ],
        [
            0.6137308577554329,
            0.15353628952397946,
            156.4600392596733
        ]
    ]
}