{
    "rgb_colors": [
        [
            20.71097445600851,
            16.785359508042674,
            13.12157048249777
        ],
        [
            141.73300165837563,
            142.9640685461591,
            152.2642343836375
        ],
        [
            96.37523926716,
            76.41112934098764,
            56.8751709051118
        ],
        [
            138.37517522620223,
            110.54148082069557,
            83.34637441060221
        ],
        [
            46.30694296847351,
            37.473432518596965,
            29.72139567835611
        ],
        [
            179.10071942445595,
            145.70338729016942,
            104.67910671463245
        ],
        [
            0.365273046181116,
            0.32147434816014453,
            0.283856713994588
        ],
        [
            116.96973488699874,
            92.43161022913938,
            67.93657621021065
        ],
        [
            77.94591714399995,
            62.588650592780354,
            47.85227121353368
        ],
        [
            161.95303125987002,
            128.34054310073014,
            92.1942690243131
        ]
    ],
    "hex_colors": [
        "#14100d",
        "#8d8e98",
        "#604c38",
        "#8a6e53",
        "#2e251d",
        "#b39168",
        "#000000",
        "#745c43",
        "#4d3e2f",
        "#a1805c"
    ],
    "hsl_color_values": [
        [
            0.08045842682623934,
            0.3664435968298421,
            20.71097445600851
        ],
        [
            0.6471838748622081,
            0.06916419189241707,
            152.2642343836375
        ],
        [
            0.0824300617103322,
            0.4098570199400574,
            96.37523926716
        ],
        [
            0.08236628216202459,
            0.39767827376293696,
            138.37517522620223
        ],
        [
            0.07789951802253715,
            0.35816545483058765,
            46.30694296847351
        ],
        [
            0.09187358143638169,
            0.4155293901050703,
            179.10071942445595
        ],
        [
            0.07700673225975728,
            0.22289170536322228,
            0.365273046181116
        ],
        [
            0.08326009949169523,
            0.41919526212620456,
            116.96973488699874
        ],
        [
            0.08161401365422362,
            0.3860836722835686,
            77.94591714399995
        ],
        [
            0.08636017640899989,
            0.4307345265036869,
            161.95303125987002
        ]
    ]
}