{
    "rgb_colors": [
        [
            0.006528807655246105,
            0.00535908442120947,
            0.0045449158271184675
        ],
        [
            132.6129943502825,
            112.39265536723164,
            101.330508474576
        ],
        [
            175.94650205761317,
            152.87654320987636,
            136.7119341563781
        ],
        [
            69.8348623853211,
            54.243119266055125,
            43.059633027522885
        ],
        [
            203.70030581039757,
            177.51987767584174,
            153.61773700305858
        ],
        [
            112.57632398753894,
            93.99065420560707,
            84.42056074766323
        ],
        [
            226.3123028391167,
            196.4637223974772,
            170.7255520504738
        ],
        [
            35.74050632911392,
            29.33544303797471,
            23.803797468354475
        ],
        [
            152.7950310559006,
            131.61180124223614,
            118.63043478260859
        ],
        [
            94.07368421052632,
            76.47719298245606,
            64.96842105263167
        ]
    ],
    "hex_colors": [
        "#000000",
        "#847065",
        "#af9888",
        "#45362b",
        "#cbb199",
        "#705d54",
        "#e2c4aa",
        "#231d17",
        "#988376",
        "#5e4c40"
    ],
    "hsl_color_values": [
        [
            0.06839826837227315,
            0.3038674031901548,
            0.006528807655246105
        ],
        [
            0.058936849075914455,
            0.23589306635424637,
            132.6129943502825
        ],
        [
            0.06866652681630699,
            0.222991462986788,
            175.94650205761317
        ],
        [
            0.06961338587173843,
            0.3834077771939051,
            69.8348623853211
        ],
        [
            0.07954244774175334,
            0.24586398438672644,
            203.70030581039757
        ],
        [
            0.056649701261339856,
            0.25010377175748133,
            112.57632398753894
        ],
        [
            0.07717117832888948,
            0.24561965960886809,
            226.3123028391167
        ],
        [
            0.07723577235772362,
            0.3339826456525576,
            35.74050632911392
        ],
        [
            0.06332757628094506,
            0.2235975609756104,
            152.7950310559006
        ],
        [
            0.06590315451074867,
            0.3093879377867284,
            94.07368421052632
        ]
    ]
}