{
    "rgb_colors": [
        [
            0.07155828004798881,
            0.059402617125773105,
            0.04265762741585455
        ],
        [
            92.72849915683005,
            79.27993254637444,
            65.7436762225966
        ],
        [
            124.79812206572745,
            106.89201877934262,
            89.54929577464797
        ],
        [
            41.341082802547604,
            33.04808917197501,
            22.754458598726245
        ],
        [
            11.089460154241726,
            9.289460154241615,
            7.3449871465294745
        ],
        [
            179.28723404255274,
            151.0265957446805,
            126.29787234042534
        ],
        [
            56.31982633863988,
            47.354076218041875,
            36.86878919440443
        ],
        [
            41.3614277144578,
            39.071985602880254,
            34.99520095980869
        ],
        [
            29.741148325359088,
            24.003827751195903,
            16.79138755980845
        ],
        [
            71.45252679938804,
            61.06202143951038,
            49.483154670750615
        ]
    ],
    "hex_colors": [
        "#000000",
        "#5c4f41",
        "#7c6a59",
        "#292116",
        "#0b0907",
        "#b3977e",
        "#382f24",
        "#292722",
        "#1d1810",
        "#473d31"
    ],
    "hsl_color_values": [
        [
            0.09656638740457613,
            0.40387573056189646,
            0.07155828004798881
        ],
        [
            0.08360413281673162,
            0.2910089474067137,
            92.72849915683005
        ],
        [
            0.08200142070680151,
            0.28244676848995354,
            124.79812206572745
        ],
        [
            0.0923032109934593,
            0.4495920992827981,
            41.341082802547604
        ],
        [
            0.08654858345919592,
            0.3376605313181082,
            11.089460154241726
        ],
        [
            0.0777788931272166,
            0.2955556874147029,
            179.28723404255274
        ],
        [
            0.08984342707868483,
            0.34536749149900153,
            56.31982633863988
        ],
        [
            0.10672948566941903,
            0.15391699722260324,
            41.3614277144578
        ],
        [
            0.09282591292566854,
            0.4354156276645477,
            29.741148325359088
        ],
        [
            0.08784097774060136,
            0.30746809263049857,
            71.45252679938804
        ]
    ]
}