{
    "rgb_colors": [
        [
            0.07803188052265142,
            0.059913597086529435,
            0.04399727148392163
        ],
        [
            120.94977749523082,
            120.39097266370116,
            121.00127145581816
        ],
        [
            150.97179593529765,
            150.18374118622867,
            151.15346329323816
        ],
        [
            56.730277185500825,
            56.11087420042668,
            56.30063965884886
        ],
        [
            78.74474053295938,
            78.32258064516122,
            79.13183730715288
        ],
        [
            14.188473978241841,
            13.532490443986942,
            13.22963834166414
        ],
        [
            100.28943661971745,
            99.79507042253609,
            100.50774647887418
        ],
        [
            4.140422184345013,
            3.695620820768406,
            3.057689786285699
        ],
        [
            32.57627118644073,
            32.04087736789625,
            32.390827517447626
        ],
        [
            141.16277939747354,
            140.47327502429516,
            140.78231292516972
        ]
    ],
    "hex_colors": [
        "#000000",
        "#787879",
        "#969697",
        "#383838",
        "#4e4e4f",
        "#0e0d0d",
        "#646364",
        "#040303",
        "#202020",
        "#8d8c8c"
    ],
    "hsl_color_values": [
        [
            0.07794186590330142,
            0.43616287100565365,
            0.07803188052265142
        ],
        [
            0.8192708333326602,
            0.005043738671290197,
            121.00127145581816
        ],
        [
            0.8021100655835046,
            0.006415480571081753,
            151.15346329323816
        ],
        [
            0.948938611589173,
            0.010918384605257198,
            56.730277185500825
        ],
        [
            0.7536106296938364,
            0.01022668864429998,
            79.13183730715288
        ],
        [
            0.052642338750874484,
            0.06757848927573781,
            14.188473978241841
        ],
        [
            0.7822793148875937,
            0.007090757491890388,
            100.50774647887418
        ],
        [
            0.09819770727376596,
            0.2615028974951246,
            4.140422184345013
        ],
        [
            0.8910614525139798,
            0.016435086001105166,
            32.57627118644073
        ],
        [
            0.9252995066949328,
            0.004884463001659491,
            141.16277939747354
        ]
    ]
}