{
    "rgb_colors": [
        [
            0.06275129633935173,
            0.054876188888411725,
            0.04566453151429428
        ],
        [
            102.74487632508817,
            92.56607773851552,
            77.67420494699647
        ],
        [
            148.55587808417957,
            136.0899854862116,
            117.00435413642961
        ],
        [
            188.3813169984688,
            170.7136294027563,
            144.23124042879022
        ],
        [
            39.63577932512059,
            35.53776111408675,
            27.93519014461703
        ],
        [
            83.73537234042539,
            74.69813829787225,
            60.98071808510638
        ],
        [
            49.52363942004602,
            47.086152553057005,
            40.4126917419626
        ],
        [
            17.809342748506246,
            15.667571971754509,
            12.852254209668658
        ],
        [
            124.31301939058133,
            112.58725761772828,
            95.37119113573407
        ],
        [
            62.67324738114364,
            57.53263497179642,
            47.494762288477034
        ]
    ],
    "hex_colors": [
        "#000000",
        "#665c4d",
        "#948875",
        "#bcaa90",
        "#27231b",
        "#534a3c",
        "#312f28",
        "#110f0c",
        "#7c705f",
        "#3e392f"
    ],
    "hsl_color_values": [
        [
            0.08985177971011331,
            0.2722934157830653,
            0.06275129633935173
        ],
        [
            0.09899929527836315,
            0.24400896935013355,
            102.74487632508817
        ],
        [
            0.1008172715702957,
            0.21238825655805557,
            148.55587808417957
        ],
        [
            0.09997109492426748,
            0.23436547356783502,
            188.3813169984688
        ],
        [
            0.10829327840085352,
            0.29520270270270405,
            39.63577932512059
        ],
        [
            0.10047336586506146,
            0.27174482681954487,
            83.73537234042539
        ],
        [
            0.12207769244370266,
            0.18397169078804657,
            49.52363942004602
        ],
        [
            0.09465629337424301,
            0.27834202580290973,
            17.809342748506246
        ],
        [
            0.09914178152118419,
            0.23281413641731613,
            124.31301939058133
        ],
        [
            0.1102204054185566,
            0.24218443637297982,
            62.67324738114364
        ]
    ]
}