{
    "rgb_colors": [
        [
            222.4602026049204,
            200.6628075253256,
            162.01447178002894
        ],
        [
            170.59925255138708,
            145.71323846485552,
            99.88299554405634
        ],
        [
            203.5755327245053,
            169.4212328767123,
            130.80688736681887
        ],
        [
            71.65010645848119,
            58.87295954577715,
            39.78566359119944
        ],
        [
            27.205410362219165,
            22.147638697845025,
            14.321870701513067
        ],
        [
            185.91383219954648,
            154.11175898931,
            115.55668934240363
        ],
        [
            111.48037258815702,
            92.47371922821024,
            58.8416500332668
        ],
        [
            138.01499032882012,
            121.43447775628627,
            75.49588974854933
        ],
        [
            155.717332123412,
            137.80747126436782,
            86.79537205081671
        ],
        [
            0.09432923699200657,
            0.07508859600838846,
            0.05084452250926219
        ]
    ],
    "hex_colors": [
        "#dec8a2",
        "#aa9163",
        "#cba982",
        "#473a27",
        "#1b160e",
        "#b99a73",
        "#6f5c3a",
        "#8a794b",
        "#9b8956",
        "#000000"
    ],
    "hsl_color_values": [
        [
            0.10656483432292663,
            0.27171480614103566,
            222.4602026049204
        ],
        [
            0.10801439645400591,
            0.41451680443928046,
            170.59925255138708
        ],
        [
            0.08844089676281312,
            0.357452805766019,
            203.5755327245053
        ],
        [
            0.09983592073709453,
            0.4447228963399534,
            71.65010645848119
        ],
        [
            0.10123729195582287,
            0.47356534928794136,
            27.205410362219165
        ],
        [
            0.0913318062701674,
            0.37843952773576617,
            185.91383219954648
        ],
        [
            0.10648709911185261,
            0.472179284414073,
            111.48037258815702
        ],
        [
            0.12246547476786591,
            0.45298775467301994,
            138.01499032882012
        ],
        [
            0.12335714954474165,
            0.4426094329561977,
            155.717332123412
        ],
        [
            0.09292182240553676,
            0.460988722790467,
            0.09432923699200657
        ]
    ]
}