{
    "rgb_colors": [
        [
            65.01098901098902,
            65.6923076923077,
            64.48351648351652
        ],
        [
            1.2646416878865043,
            1.265732993815933,
            1.265642051655162
        ],
        [
            30.284848484848485,
            30.505050505050505,
            30.03232323232319
        ],
        [
            5.808266932270916,
            5.821215139442231,
            5.764940239043827
        ],
        [
            96.45283018867924,
            97.71698113207547,
            95.79245283018868
        ],
        [
            12.967948717948719,
            13.025641025641027,
            12.86645299145307
        ],
        [
            0.0,
            0.0,
            3.169686735304822e-14
        ],
        [
            44.14204545454545,
            44.48295454545455,
            43.76704545454555
        ],
        [
            21.387448840381992,
            21.54160982264666,
            21.178717598908577
        ],
        [
            137.125,
            138.75,
            136.25
        ]
    ],
    "hex_colors": [
        "#414140",
        "#010101",
        "#1e1e1e",
        "#050505",
        "#60615f",
        "#0c0d0c",
        "#000000",
        "#2c2c2b",
        "#151515",
        "#898a88"
    ],
    "hsl_color_values": [
        [
            0.26060606060606234,
            0.018400802944127864,
            65.6923076923077
        ],
        [
            0.4861111111133775,
            0.0008621928437991981,
            1.265732993815933
        ],
        [
            0.2443019943019873,
            0.01549668874172325,
            30.505050505050505
        ],
        [
            0.20501474926253782,
            0.009667208486610936,
            5.821215139442231
        ],
        [
            0.2761437908496735,
            0.019694921799575233,
            97.71698113207547
        ],
        [
            0.22706935123045482,
            0.01222112860891801,
            13.025641025641027
        ],
        [
            0.6666666666666666,
            1.0,
            3.169686735304822e-14
        ],
        [
            0.24603174603175737,
            0.016094009452035117,
            44.48295454545455
        ],
        [
            0.23746867167919464,
            0.01684610512982993,
            21.54160982264666
        ],
        [
            0.27499999999999997,
            0.018018018018018018,
            138.75
        ]
    ]
}