{
    "rgb_colors": [
        [
            3.25394615824385,
            2.82870566009602,
            2.182206865693902
        ],
        [
            45.318834275771906,
            39.04175728577676,
            31.744671596346237
        ],
        [
            111.67525773195885,
            98.11340206185545,
            82.94845360824742
        ],
        [
            32.652811735941505,
            27.99804400977984,
            22.576283618581904
        ],
        [
            22.237762237762496,
            18.94191522762932,
            15.119023833309548
        ],
        [
            80.62482168330946,
            69.85021398002877,
            57.62767475035663
        ],
        [
            7.944867103235786,
            6.69453004622489,
            5.254429892141757
        ],
        [
            14.354620390455697,
            12.141431670281941,
            9.539956616052061
        ],
        [
            0.459672954117309,
            0.3912184858447505,
            0.2728673729282791
        ],
        [
            61.67924528301854,
            52.856743535989175,
            42.91055206149546
        ]
    ],
    "hex_colors": [
        "#030202",
        "#2d271f",
        "#6f6252",
        "#201b16",
        "#16120f",
        "#504539",
        "#070605",
        "#0e0c09",
        "#000000",
        "#3d342a"
    ],
    "hsl_color_values": [
        [
            0.10053732266422245,
            0.32936601911334756,
            3.25394615824385
        ],
        [
            0.089595283109564,
            0.2995258571044624,
            45.318834275771906
        ],
        [
            0.08798373108439349,
            0.2572351719363034,
            111.67525773195885
        ],
        [
            0.08967639660624538,
            0.3085960314488995,
            32.652811735941505
        ],
        [
            0.08950301718088273,
            0.3201193685021257,
            22.237762237762496
        ],
        [
            0.08858011289622442,
            0.28523656180331847,
            80.62482168330946
        ],
        [
            0.08921103653988989,
            0.33863841599040306,
            7.944867103235786
        ],
        [
            0.09005388455369034,
            0.33540864498268985,
            14.354620390455697
        ],
        [
            0.10559205651419219,
            0.4063880189508755,
            0.459672954117309
        ],
        [
            0.08832253580559957,
            0.30429511799961106,
            61.67924528301854
        ]
    ]
}