{
    "rgb_colors": [
        [
            0.03956129395124819,
            0.03632724295084344,
            0.032696172901795606
        ],
        [
            107.76880733944955,
            105.54036697247707,
            99.00321100917432
        ],
        [
            64.96896551724137,
            64.12040229885056,
            58.579597701149424
        ],
        [
            52.87641466727026,
            52.198506111362605,
            46.56020823902218
        ],
        [
            41.30623700623701,
            40.08648648648649,
            33.9493762993763
        ],
        [
            167.10920770877945,
            132.22805139186295,
            86.50642398286938
        ],
        [
            30.297600816743238,
            29.6746426748341,
            24.282733537519142
        ],
        [
            20.812333528960316,
            21.231050516906684,
            16.081847320662725
        ],
        [
            92.90997679814386,
            92.0986078886311,
            86.82273781902552
        ],
        [
            79.57038065027756,
            77.94746233148295,
            71.355273592387
        ]
    ],
    "hex_colors": [
        "#000000",
        "#6b6963",
        "#40403a",
        "#34342e",
        "#292821",
        "#a78456",
        "#1e1d18",
        "#141510",
        "#5c5c56",
        "#4f4d47"
    ],
    "hsl_color_values": [
        [
            0.08815261044176764,
            0.17353125653353366,
            0.03956129395124819
        ],
        [
            0.12429570708392206,
            0.0813370449824633,
            107.76880733944955
        ],
        [
            0.1445318941608574,
            0.09834492153636565,
            64.96896551724137
        ],
        [
            0.14877859403929986,
            0.11945224478613753,
            52.87641466727026
        ],
        [
            0.13903371813167925,
            0.1781053235556139,
            41.30623700623701
        ],
        [
            0.09454104290920036,
            0.4823359815479242,
            167.10920770877945
        ],
        [
            0.14940504605809862,
            0.19852619075699632,
            30.297600816743238
        ],
        [
            0.18021947513004855,
            0.24253171985736421,
            21.231050516906684
        ],
        [
            0.14445164405143052,
            0.06551760304863137,
            92.90997679814386
        ],
        [
            0.13374118139183186,
            0.10324327960673024,
            79.57038065027756
        ]
    ]
}