{
    "rgb_colors": [
        [
            111.88475177304942,
            103.43085106382979,
            82.11347517730479
        ],
        [
            0.02625405105065859,
            0.020803552917298518,
            0.013383455361909213
        ],
        [
            208.1037414966,
            208.85374149659864,
            204.07142857142713
        ],
        [
            155.7611044417729,
            133.9469787915166,
            83.2466986794691
        ],
        [
            177.05142655865345,
            150.13702007749208,
            93.44910179641035
        ],
        [
            148.20967741935408,
            153.0921658986175,
            154.76497695852623
        ],
        [
            196.9553571428568,
            176.17857142857142,
            131.20982142857184
        ],
        [
            74.8702422145332,
            64.15224913494811,
            43.944636678200915
        ],
        [
            29.996296296296364,
            25.76851851851852,
            17.78888888888895
        ],
        [
            245.85555079297748,
            249.68838405486497,
            248.83754822116762
        ]
    ],
    "hex_colors": [
        "#6f6752",
        "#000000",
        "#d0d0cc",
        "#9b8553",
        "#b1965d",
        "#94999a",
        "#c4b083",
        "#4a402b",
        "#1d1911",
        "#f5f9f8"
    ],
    "hsl_color_values": [
        [
            0.11933972564667701,
            0.2660887754940336,
            111.88475177304942
        ],
        [
            0.0960859120902418,
            0.49023275165858693,
            0.02625405105065859
        ],
        [
            0.19280464675195974,
            0.02289790401121157,
            208.85374149659864
        ],
        [
            0.11652921369913456,
            0.4655488674286548,
            155.7611044417729
        ],
        [
            0.11301104852107217,
            0.4721923250618226,
            177.05142655865345
        ],
        [
            0.542530755711787,
            0.04235647927585604,
            154.76497695852623
        ],
        [
            0.11399696702202328,
            0.3338093295253605,
            196.9553571428568
        ],
        [
            0.10890442890442736,
            0.4130560369728477,
            74.8702422145332
        ],
        [
            0.10894518608414151,
            0.40696382269415915,
            29.996296296296364
        ],
        [
            0.46300231119027124,
            0.015350466848490972,
            249.68838405486497
        ]
    ]
}