{
    "rgb_colors": [
        [
            0.032300401871449225,
            0.032463007267935495,
            0.03340960300639928
        ],
        [
            140.06142506142555,
            137.56019656019706,
            139.2285012285018
        ],
        [
            106.96350931676866,
            72.36490683229839,
            44.56288819875803
        ],
        [
            157.80752941176112,
            125.86564705882188,
            91.31341176470804
        ],
        [
            78.70519480519457,
            72.28441558441537,
            68.65714285714263
        ],
        [
            121.70164609053751,
            90.4481481481498,
            62.323662551438616
        ],
        [
            129.00547778453574,
            100.43457090687446,
            72.86457699330502
        ],
        [
            37.43211920529795,
            35.796357615893974,
            35.30463576158937
        ],
        [
            147.77230910763325,
            113.60418583256677,
            78.49609015639498
        ],
        [
            120.57578065498865,
            108.19116527037357,
            97.64051789794442
        ]
    ],
    "hex_colors": [
        "#000000",
        "#8c898b",
        "#6a482c",
        "#9d7d5b",
        "#4e4844",
        "#795a3e",
        "#816448",
        "#252323",
        "#93714e",
        "#786c61"
    ],
    "hsl_color_values": [
        [
            0.6422338577193528,
            0.03320006929557345,
            0.03340960300639928
        ],
        [
            0.8888343156515983,
            0.0178580826243311,
            140.06142506142555
        ],
        [
            0.07425678926326128,
            0.583382328390268,
            106.96350931676866
        ],
        [
            0.08660474168435746,
            0.4213621358557141,
            157.80752941176112
        ],
        [
            0.06016543880056898,
            0.12766694718083285,
            78.70519480519457
        ],
        [
            0.07894195772128211,
            0.4878979491774978,
            121.70164609053751
        ],
        [
            0.08184761770535486,
            0.43518230198718344,
            129.00547778453574
        ],
        [
            0.03852140077820835,
            0.056835773364588754,
            37.43211920529795
        ],
        [
            0.0844640392900279,
            0.46880379260216737,
            147.77230910763325
        ],
        [
            0.0766697660003094,
            0.19021450769346784,
            120.57578065498865
        ]
    ]
}