{
    "rgb_colors": [
        [
            0.027701718150550114,
            0.017378958436747638,
            0.008790892060961397
        ],
        [
            99.31114327062289,
            75.04703328509406,
            43.07814761215665
        ],
        [
            40.49507119386612,
            31.335158817086526,
            17.94961664841174
        ],
        [
            161.94615384615437,
            130.22615384615386,
            85.0692307692311
        ],
        [
            134.7551020408164,
            107.67755102040817,
            68.91428571428573
        ],
        [
            61.91423948220053,
            49.334951456310684,
            30.771844660194105
        ],
        [
            19.7872161480237,
            13.684608915054667,
            6.050462573591234
        ],
        [
            192.02218700475754,
            158.13153724247226,
            115.25118858954156
        ],
        [
            178.54364261168539,
            145.5491408934708,
            101.25773195876405
        ],
        [
            113.03893575600198,
            86.39584685269305,
            52.643088903308886
        ]
    ],
    "hex_colors": [
        "#000000",
        "#634b2b",
        "#281f11",
        "#a18255",
        "#866b44",
        "#3d311e",
        "#130d06",
        "#c09e73",
        "#b29165",
        "#715634"
    ],
    "hsl_color_values": [
        [
            0.07568915229739194,
            0.6826589595206454,
            0.027701718150550114
        ],
        [
            0.0947512674678936,
            0.5662304733037995,
            99.31114327062289
        ],
        [
            0.09895226065552672,
            0.5567456453532397,
            40.49507119386612
        ],
        [
            0.0978987392435452,
            0.4747066926328786,
            161.94615384615437
        ],
        [
            0.09812369557580632,
            0.48859609268514337,
            134.7551020408164
        ],
        [
            0.09934531850774242,
            0.5029924470114734,
            61.91423948220053
        ],
        [
            0.09262433927222913,
            0.6942236579249407,
            19.7872161480237
        ],
        [
            0.09309146582717846,
            0.39980274994635856,
            192.02218700475754
        ],
        [
            0.0955141943305647,
            0.432868454582897,
            178.54364261168539
        ],
        [
            0.09314315389850109,
            0.5342924227724453,
            113.03893575600198
        ]
    ]
}