{
    "rgb_colors": [
        [
            0.06043799064954669,
            0.06592840107239795,
            0.08433121336174665
        ],
        [
            196.62478093234623,
            174.3862600771077,
            141.33911671924233
        ],
        [
            185.68187347931962,
            76.91240875912438,
            49.48175182481753
        ],
        [
            77.59595959595976,
            59.66077441077428,
            46.98653198653214
        ],
        [
            231.20369387538832,
            208.6538584014518,
            172.97664791423836
        ],
        [
            24.44622905027942,
            22.05726256983246,
            37.09706703910625
        ],
        [
            223.98915569325928,
            144.34701781564678,
            80.82649109217635
        ],
        [
            122.03132161955736,
            109.86860198624952,
            93.86631016042827
        ],
        [
            169.1258452291508,
            145.62622088655095,
            119.49361382419126
        ],
        [
            215.13537955604494,
            192.58098109071668,
            157.37599342286003
        ]
    ],
    "hex_colors": [
        "#000000",
        "#c4ae8d",
        "#b94c31",
        "#4d3b2e",
        "#e7d0ac",
        "#181625",
        "#df9050",
        "#7a6d5d",
        "#a99177",
        "#d7c09d"
    ],
    "hsl_color_values": [
        [
            0.6283684255783557,
            0.28332596863877363,
            0.08433121336174665
        ],
        [
            0.09962541473826432,
            0.28117343068840517,
            196.62478093234623
        ],
        [
            0.03356660845953574,
            0.7335132886284208,
            185.68187347931962
        ],
        [
            0.06901055989439948,
            0.39447192571378903,
            77.59595959595976
        ],
        [
            0.1021209585634193,
            0.2518430609181035,
            231.20369387538832
        ],
        [
            0.6931404869139932,
            0.40541761572200374,
            37.09706703910625
        ],
        [
            0.07394912970788374,
            0.6391499809800446,
            223.98915569325928
        ],
        [
            0.09469368196448602,
            0.23080149493861765,
            122.03132161955736
        ],
        [
            0.0877541546511661,
            0.29346331625253486,
            169.1258452291508
        ],
        [
            0.10158518532577825,
            0.26847925363265507,
            215.13537955604494
        ]
    ]
}