{
    "rgb_colors": [
        [
            30.185553772070627,
            26.724237560193227,
            19.473515248796147
        ],
        [
            0.07410759229311026,
            0.06062910325364523,
            0.04914802240524363
        ],
        [
            193.19900497512438,
            172.85406301824196,
            142.8922056384743
        ],
        [
            100.47398843930635,
            85.37572254335237,
            61.09826589595375
        ],
        [
            147.7818574514039,
            131.18142548596114,
            104.92224622030238
        ],
        [
            42.14208389715832,
            37.476319350473595,
            28.859269282814616
        ],
        [
            173.5590909090909,
            154.76515151515164,
            125.98030303030303
        ],
        [
            18.497418244406195,
            15.299483648881399,
            10.089500860585197
        ],
        [
            77.65064102564102,
            63.26923076923066,
            40.63782051282051
        ],
        [
            123.01434426229508,
            107.26024590163908,
            81.40983606557377
        ]
    ],
    "hex_colors": [
        "#1e1a13",
        "#000000",
        "#c1ac8e",
        "#64553d",
        "#938368",
        "#2a251c",
        "#ad9a7d",
        "#120f0a",
        "#4d3f28",
        "#7b6b51"
    ],
    "hsl_color_values": [
        [
            0.11281267481819858,
            0.35487301654826225,
            30.185553772070627
        ],
        [
            0.07666452119688967,
            0.3368017920369963,
            0.07410759229311026
        ],
        [
            0.09926377671556452,
            0.2603885011888514,
            193.19900497512438
        ],
        [
            0.10275983558426209,
            0.39189966632148204,
            100.47398843930635
        ],
        [
            0.10211314923066588,
            0.29001943790830575,
            147.7818574514039
        ],
        [
            0.10812279271936949,
            0.31519121471919853,
            42.14208389715832
        ],
        [
            0.1008322187546445,
            0.2741359592837999,
            173.5590909090909
        ],
        [
            0.10327533265097555,
            0.45454545454545453,
            18.497418244406195
        ],
        [
            0.10190797829349911,
            0.47665827382672227,
            77.65064102564102
        ],
        [
            0.10355612471063284,
            0.3382085922273492,
            123.01434426229508
        ]
    ]
}