{
    "rgb_colors": [
        [
            12.342010771992818,
            14.140035906642689,
            12.87163375224416
        ],
        [
            0.0484947081726288,
            1.8207657603852567e-13,
            1.7985612998927536e-14
        ],
        [
            31.494612068965516,
            38.2456896551728,
            39.30495689655214
        ],
        [
            2.669392018441147,
            2.4143855352254575,
            2.0794914277482044
        ],
        [
            21.816391359593393,
            27.92693773824672,
            28.279542566709146
        ],
        [
            4.555370663116732,
            3.9516598718695946,
            3.358848489891102
        ],
        [
            46.60084033613445,
            47.61344537815129,
            45.138655462184936
        ],
        [
            7.814343163538874,
            7.123659517426244,
            5.783512064343245
        ],
        [
            25.294783155248272,
            32.66059082338139,
            33.84286612193568
        ],
        [
            1.4098558308963112,
            1.2996511210302684,
            0.8670668513673496
        ]
    ],
    "hex_colors": [
        "#0c0e0c",
        "#000000",
        "#1f2627",
        "#020202",
        "#151b1c",
        "#040303",
        "#2e2f2d",
        "#070705",
        "#192021",
        "#010100"
    ],
    "hsl_color_values": [
        [
            0.3824263604593116,
            0.12715845606906817,
            14.140035906642689
        ],
        [
            5.639562890754254e-13,
            0.9999999999996291,
            0.0484947081726288
        ],
        [
            0.5226039367181746,
            0.1987114461960332,
            39.30495689655214
        ],
        [
            0.09461879757397222,
            0.22098687139906437,
            2.669392018441147
        ],
        [
            0.509092696353089,
            0.22854511143062886,
            28.279542566709146
        ],
        [
            0.08257422988665684,
            0.2626618691895828,
            4.555370663116732
        ],
        [
            0.2348613469156792,
            0.051976703141545365,
            47.61344537815129
        ],
        [
            0.10998349834983027,
            0.2598850673299492,
            7.814343163538874
        ],
        [
            0.5230514705882343,
            0.2525815318326972,
            33.84286612193568
        ],
        [
            0.13282763835721215,
            0.38499608799283064,
            1.4098558308963112
        ]
    ]
}