{
    "rgb_colors": [
        [
            0.05333811520486176,
            0.04775987641365376,
            0.0432520414955615
        ],
        [
            194.29068396226614,
            203.50117924528172,
            219.0117924528304
        ],
        [
            136.00698486612308,
            143.7322467986035,
            157.26658905704235
        ],
        [
            59.68912710566625,
            66.2189892802449,
            78.69831546707508
        ],
        [
            32.20348837209298,
            32.720930232558175,
            34.95058139534882
        ],
        [
            213.0531309297891,
            221.49098671727018,
            237.33206831119205
        ],
        [
            37.9886091127101,
            103.26438848920928,
            196.88009592326299
        ],
        [
            171.8114558472559,
            180.09387430389737,
            194.74224343675547
        ],
        [
            31.780177669394053,
            110.75108866051693,
            221.1952621494583
        ],
        [
            87.49283667621766,
            100.85100286532966,
            123.46561604584505
        ]
    ],
    "hex_colors": [
        "#000000",
        "#c2cbdb",
        "#888f9d",
        "#3b424e",
        "#202022",
        "#d5dded",
        "#2567c4",
        "#abb4c2",
        "#1f6edd",
        "#57647b"
    ],
    "hsl_color_values": [
        [
            0.07448942386662037,
            0.1890969276016134,
            0.05333811520486176
        ],
        [
            0.6045706426248975,
            0.11287569593262227,
            219.0117924528304
        ],
        [
            0.6061037491329827,
            0.13518195007846315,
            157.26658905704235
        ],
        [
            0.6094148607642543,
            0.24154504767464402,
            78.69831546707508
        ],
        [
            0.6352733686066974,
            0.07859935124345092,
            34.95058139534882
        ],
        [
            0.6087436498631918,
            0.10229943873226682,
            237.33206831119205
        ],
        [
            0.5981966889407907,
            0.807046979865772,
            196.88009592326299
        ],
        [
            0.6064679896382761,
            0.1177494270622726,
            194.74224343675547
        ],
        [
            0.5971800229041117,
            0.8563252333681511,
            221.1952621494583
        ],
        [
            0.6047765077595005,
            0.2913586836700352,
            123.46561604584505
        ]
    ]
}