{
    "rgb_colors": [
        [
            42.83570504527813,
            33.967658473479915,
            25.60025873221216
        ],
        [
            110.1452209884607,
            82.31308512954487,
            55.159590681471805
        ],
        [
            164.44410695883278,
            126.00623745728635,
            89.88414601073927
        ],
        [
            153.93746777638654,
            118.30772630183083,
            82.58098254400825
        ],
        [
            141.4797226308048,
            108.1391048539592,
            74.98361000210127
        ],
        [
            172.41153720448852,
            131.91262664778898,
            96.04428586992047
        ],
        [
            92.40405962575325,
            67.68759911195701,
            43.015540754836664
        ],
        [
            180.48032128514058,
            138.91015490533198,
            102.50682730923695
        ],
        [
            0.06162355735990843,
            0.051607070040198266,
            0.044542344035313874
        ],
        [
            128.0703148425787,
            96.75127436281963,
            66.61919040479759
        ]
    ],
    "hex_colors": [
        "#2a2119",
        "#6e5237",
        "#a47e59",
        "#997652",
        "#8d6c4a",
        "#ac8360",
        "#5c432b",
        "#b48a66",
        "#000000",
        "#806042"
    ],
    "hsl_color_values": [
        [
            0.08091270734819454,
            0.4023616815655955,
            42.83570504527813
        ],
        [
            0.0823048200547218,
            0.49921031356185147,
            110.1452209884607
        ],
        [
            0.08074506072522898,
            0.4534060984426701,
            164.44410695883278
        ],
        [
            0.08344661699044238,
            0.46354202302478126,
            153.93746777638654
        ],
        [
            0.08310133615626858,
            0.4700045447659446,
            141.4797226308048
        ],
        [
            0.07828037138748528,
            0.4429358532079715,
            172.41153720448852
        ],
        [
            0.08325841349755812,
            0.5344842972370002,
            92.40405962575325
        ],
        [
            0.07781132993592423,
            0.4320332179191626,
            180.48032128514058
        ],
        [
            0.06893271056172744,
            0.2771864211738512,
            0.06162355735990843
        ],
        [
            0.08172371195727152,
            0.47982332606362,
            128.0703148425787
        ]
    ]
}