{
    "rgb_colors": [
        [
            0.0186391220687121,
            0.015726428858015673,
            0.011582052311286839
        ],
        [
            38.99449541284392,
            39.36636085626902,
            37.167584097859276
        ],
        [
            15.47169811320759,
            11.785591766723808,
            7.742710120068615
        ],
        [
            82.21818181818185,
            79.51818181818184,
            71.45000000000005
        ],
        [
            60.03070761014682,
            54.913217623497914,
            46.27369826435232
        ],
        [
            46.7002341920374,
            46.943793911006935,
            43.12646370023406
        ],
        [
            69.71092436974779,
            65.08067226890745,
            56.514285714285585
        ],
        [
            31.606557377049267,
            25.005464480874355,
            17.262295081967164
        ],
        [
            50.76565656565667,
            42.317171717171796,
            30.541414141414126
        ],
        [
            34.763097949885584,
            34.10535307517034,
            30.981776765375486
        ]
    ],
    "hex_colors": [
        "#000000",
        "#262725",
        "#0f0b07",
        "#524f47",
        "#3c362e",
        "#2e2e2b",
        "#454138",
        "#1f1911",
        "#322a1e",
        "#22221e"
    ],
    "hsl_color_values": [
        [
            0.09787765293492227,
            0.37861599550717895,
            0.0186391220687121
        ],
        [
            0.19485396383866718,
            0.05585420421353455,
            39.36636085626902
        ],
        [
            0.08718005622133325,
            0.4995565410199568,
            15.47169811320759
        ],
        [
            0.12487688194737571,
            0.1309708093763819,
            82.21818181818185
        ],
        [
            0.1046680900621118,
            0.229166203322734,
            60.03070761014682
        ],
        [
            0.17730061349693158,
            0.08131703666749912,
            46.943793911006935
        ],
        [
            0.10818899643402961,
            0.1893051738270896,
            69.71092436974779
        ],
        [
            0.08996825396825414,
            0.45383817427386197,
            31.606557377049267
        ],
        [
            0.09704325242233564,
            0.39838433682200003,
            50.76565656565667
        ],
        [
            0.13767570281124472,
            0.10877399908262617,
            34.763097949885584
        ]
    ]
}