{
    "rgb_colors": [
        [
            0.0680821222882031,
            0.048446778669685386,
            0.029408254015418578
        ],
        [
            200.91673983026047,
            160.5973075797483,
            120.88001170617768
        ],
        [
            129.84984659808697,
            96.36455513445227,
            66.53618480418574
        ],
        [
            91.44599109131403,
            55.44532293986637,
            26.600334075723552
        ],
        [
            77.96534296028881,
            45.687364620938624,
            19.897653429602947
        ],
        [
            168.19991781384834,
            128.5596876926238,
            91.17988493938388
        ],
        [
            46.49388753056235,
            27.594132029339853,
            11.46454767726168
        ],
        [
            106.64285714285714,
            76.75335120643432,
            50.76158559938603
        ],
        [
            183.91735291199524,
            143.57128683401132,
            105.24913185832912
        ],
        [
            151.05078906423648,
            113.37108246276951,
            78.45121138030993
        ]
    ],
    "hex_colors": [
        "#000000",
        "#c8a078",
        "#816042",
        "#5b371a",
        "#4d2d13",
        "#a8805b",
        "#2e1b0b",
        "#6a4c32",
        "#b78f69",
        "#97714e"
    ],
    "hsl_color_values": [
        [
            0.08204732508257413,
            0.5680473371419228,
            0.0680821222882031
        ],
        [
            0.08270639576869422,
            0.39835768882025374,
            200.91673983026047
        ],
        [
            0.07852009999401581,
            0.4875913484123747,
            129.84984659808697
        ],
        [
            0.07413755007321406,
            0.7091142677959321,
            91.44599109131403
        ],
        [
            0.07402197733878352,
            0.7447884832657287,
            77.96534296028881
        ],
        [
            0.08088761966246183,
            0.45790767246215147,
            168.19991781384834
        ],
        [
            0.07674321211698176,
            0.7534181741691194,
            46.49388753056235
        ],
        [
            0.07752080106370042,
            0.5240038858731383,
            106.64285714285714
        ],
        [
            0.08118940207028764,
            0.4277368057341984,
            183.91735291199524
        ],
        [
            0.08016545962679612,
            0.48063024452690917,
            151.05078906423648
        ]
    ]
}