{
    "rgb_colors": [
        [
            0.0004552522814026336,
            0.0001227646601464974,
            -8.174017018802715e-15
        ],
        [
            28.647058823529413,
            17.0,
            6.176470588235293
        ],
        [
            8.762500000000001,
            6.9375,
            5.037500000000002
        ],
        [
            23.391304347826082,
            25.0,
            24.652173913043477
        ],
        [
            3.9194630872483263,
            3.436241610738255,
            2.476510067114096
        ],
        [
            15.147058823529408,
            11.75,
            7.970588235294121
        ],
        [
            21.179999999999996,
            18.34,
            14.540000000000004
        ],
        [
            2.1127596439169203,
            1.6691394658753709,
            1.16023738872403
        ],
        [
            31.74999999999999,
            23.53125,
            15.593750000000005
        ],
        [
            35.684210526315795,
            30.684210526315788,
            24.63157894736842
        ]
    ],
    "hex_colors": [
        "#000000",
        "#1c1106",
        "#080605",
        "#171918",
        "#030302",
        "#0f0b07",
        "#15120e",
        "#020101",
        "#1f170f",
        "#231e18"
    ],
    "hsl_color_values": [
        [
            0.044943820224333984,
            1.000000000017955,
            0.0004552522814026336
        ],
        [
            0.08027923211169284,
            0.7843942505133471,
            28.647058823529413
        ],
        [
            0.08501118568232653,
            0.42510699001426516,
            8.762500000000001
        ],
        [
            0.4639639639639639,
            0.0643478260869567,
            25.0
        ],
        [
            0.11085271317829419,
            0.36815068493150704,
            3.9194630872483263
        ],
        [
            0.08777322404371586,
            0.4737864077669899,
            15.147058823529408
        ],
        [
            0.09538152610441768,
            0.3135033050047211,
            21.179999999999996
        ],
        [
            0.08904465212876413,
            0.4508426966292178,
            2.1127596439169203
        ],
        [
            0.08188265635074149,
            0.5088582677165352,
            31.74999999999999
        ],
        [
            0.09126984126984121,
            0.3097345132743364,
            35.684210526315795
        ]
    ]
}