{
    "rgb_colors": [
        [
            23.064204783883106,
            22.64924165217913,
            21.16491817037348
        ],
        [
            0.046995659866402306,
            0.050397042276161486,
            0.05615817392702027
        ],
        [
            119.15023474178349,
            124.44600938967136,
            134.2754303599374
        ],
        [
            55.51054018445274,
            60.67193675889328,
            67.88537549407116
        ],
        [
            186.9407407407424,
            192.92,
            203.8074074074074
        ],
        [
            42.69110999497952,
            43.69077515486355,
            44.32680395111334
        ],
        [
            154.27945619335438,
            159.9214501510574,
            170.10574018126889
        ],
        [
            31.4491769009664,
            32.94186046511628,
            34.17376535145022
        ],
        [
            221.15991902834122,
            227.18421052631578,
            236.73481781376518
        ],
        [
            85.2825552825544,
            90.72850122850123,
            100.54914004914005
        ]
    ],
    "hex_colors": [
        "#171615",
        "#000000",
        "#777c86",
        "#373c43",
        "#bac0cb",
        "#2a2b2c",
        "#9a9faa",
        "#1f2022",
        "#dde3ec",
        "#555a64"
    ],
    "hsl_color_values": [
        [
            0.1302527197358959,
            0.08234780393715624,
            23.064204783883106
        ],
        [
            0.6047953216905301,
            0.1631554842314675,
            0.05615817392702027
        ],
        [
            0.6083117778927362,
            0.11264306193329224,
            134.2754303599374
        ],
        [
            0.5971519829651281,
            0.1822901504124284,
            67.88537549407116
        ],
        [
            0.6075830771483052,
            0.08275786872137002,
            203.8074074074074
        ],
        [
            0.5648072330263548,
            0.03690078711602526,
            44.32680395111334
        ],
        [
            0.6072508033470202,
            0.09303791847970344,
            170.10574018126889
        ],
        [
            0.5753572456123411,
            0.07972748751750293,
            34.17376535145022
        ],
        [
            0.6022008491465286,
            0.06579048628865583,
            236.73481781376518
        ],
        [
            0.6072127893565025,
            0.15183207692402556,
            100.54914004914005
        ]
    ]
}