{
    "rgb_colors": [
        [
            6.885388870809903,
            5.753384315001627,
            4.485811910186742
        ],
        [
            82.63687782805319,
            69.81485671191554,
            58.85086726998484
        ],
        [
            145.40371456500677,
            120.68328445747801,
            100.94134897360648
        ],
        [
            35.063375796179095,
            29.716014558689718,
            24.63648771610576
        ],
        [
            14.140515471216577,
            12.006762019400977,
            9.682078878425271
        ],
        [
            46.65771649733779,
            39.57535074987905,
            33.0396105466864
        ],
        [
            1.4074031030315943,
            1.1256319367772676,
            0.8464175721978275
        ],
        [
            108.28042135851916,
            91.00690156193244,
            76.51107882310234
        ],
        [
            62.82588381872006,
            53.150599595078646,
            44.71842392150681
        ],
        [
            23.310878865002298,
            19.882384794498293,
            16.306709265175733
        ]
    ],
    "hex_colors": [
        "#060504",
        "#52453a",
        "#917864",
        "#231d18",
        "#0e0c09",
        "#2e2721",
        "#010100",
        "#6c5b4c",
        "#3e352c",
        "#171310"
    ],
    "hsl_color_values": [
        [
            0.08804138018323178,
            0.3485027506283618,
            6.885388870809903
        ],
        [
            0.07682379393526652,
            0.2878377206791516,
            82.63687782805319
        ],
        [
            0.07400241837968367,
            0.3057856240084028,
            145.40371456500677
        ],
        [
            0.08119275862519588,
            0.29737262437832834,
            35.063375796179095
        ],
        [
            0.08690202991538958,
            0.3152951956996604,
            14.140515471216577
        ],
        [
            0.07998836532868497,
            0.2918725341268773,
            46.65771649733779
        ],
        [
            0.08295352530883066,
            0.39859620149009534,
            1.4074031030315943
        ],
        [
            0.07604722866953674,
            0.2933987708657666,
            108.28042135851916
        ],
        [
            0.07761235536289984,
            0.2882165565622782,
            62.82588381872006
        ],
        [
            0.08508445049196361,
            0.3004678476684227,
            23.310878865002298
        ]
    ]
}