{
    "rgb_colors": [
        [
            187.09352300242062,
            177.78601694915207,
            163.24606537530266
        ],
        [
            214.33629349247315,
            184.4042800989747,
            137.50494977434852
        ],
        [
            0.11360333515973764,
            0.09555509887002245,
            0.06508080971184427
        ],
        [
            243.65194772237766,
            227.49194264687864,
            204.35020936429385
        ],
        [
            119.99512704489985,
            112.33170901496597,
            98.45144448311869
        ],
        [
            156.46289554746676,
            145.51162139456912,
            129.02268272192663
        ],
        [
            231.40756683280975,
            211.58846850930013,
            183.13695061169008
        ],
        [
            76.4215180545322,
            69.61459100958015,
            58.28739867354459
        ],
        [
            202.63046280024065,
            170.64651435267808,
            120.15313415348565
        ],
        [
            221.96953771288298,
            196.0475912408722,
            157.46024330900244
        ]
    ],
    "hex_colors": [
        "#bbb1a3",
        "#d6b889",
        "#000000",
        "#f3e3cc",
        "#777062",
        "#9c9181",
        "#e7d3b7",
        "#4c453a",
        "#caaa78",
        "#ddc49d"
    ],
    "hsl_color_values": [
        [
            0.1016177615324733,
            0.12746276431391707,
            187.09352300242062
        ],
        [
            0.10173653974843118,
            0.3584616607211355,
            214.33629349247315
        ],
        [
            0.1046740281167745,
            0.42712236731136327,
            0.11360333515973764
        ],
        [
            0.0981370216237304,
            0.16130278754375102,
            243.65194772237766
        ],
        [
            0.10738077927672936,
            0.17953797868575053,
            119.99512704489985
        ],
        [
            0.10015069718710612,
            0.1753784034836265,
            156.46289554746676
        ],
        [
            0.09823615318850971,
            0.20859566902578786,
            231.40756683280975
        ],
        [
            0.10410571087993163,
            0.23729075059785684,
            76.4215180545322
        ],
        [
            0.10203486830393572,
            0.40703321458661273,
            202.63046280024065
        ],
        [
            0.09969454347224667,
            0.29062228569094534,
            221.96953771288298
        ]
    ]
}