{
    "rgb_colors": [
        [
            19.039170354712994,
            14.529427306955364,
            8.83354250611009
        ],
        [
            41.205013841894804,
            31.69255613657318,
            19.549984620116604
        ],
        [
            11.820345807674087,
            8.928509395231274,
            5.249131533238586
        ],
        [
            102.19230769230771,
            77.70512820512789,
            47.06623931623927
        ],
        [
            0.8925991042439332,
            0.6868447056691345,
            0.44232126586385245
        ],
        [
            54.82656095143707,
            41.96250412950064,
            25.557152296002585
        ],
        [
            29.288708743485813,
            22.425825130284053,
            13.767573827446466
        ],
        [
            83.18791208791208,
            63.51604395604404,
            38.57758241758286
        ],
        [
            5.646002786141194,
            4.210533411225309,
            2.4464117197683795
        ],
        [
            68.69138638228056,
            52.29515996718656,
            31.418375717802007
        ]
    ],
    "hex_colors": [
        "#130e08",
        "#291f13",
        "#0b0805",
        "#664d2f",
        "#000000",
        "#362919",
        "#1d160d",
        "#533f26",
        "#050402",
        "#44341f"
    ],
    "hsl_color_values": [
        [
            0.09301869003622039,
            0.5360332230063051,
            19.039170354712994
        ],
        [
            0.09345459194181815,
            0.5255435492600334,
            41.205013841894804
        ],
        [
            0.09332059769396689,
            0.5559240297495605,
            11.820345807674087
        ],
        [
            0.09263278938460055,
            0.5394346171538499,
            102.19230769230771
        ],
        [
            0.09050835542079953,
            0.5044569686875094,
            0.8925991042439332
        ],
        [
            0.09341580275060808,
            0.5338545432634381,
            54.82656095143707
        ],
        [
            0.09297270409749762,
            0.5299357869264704,
            29.288708743485813
        ],
        [
            0.09317147591434784,
            0.5362597587878574,
            83.18791208791208
        ],
        [
            0.09189308127516478,
            0.5667002280315204,
            5.646002786141194
        ],
        [
            0.09335076452195601,
            0.5426154955884454,
            68.69138638228056
        ]
    ]
}