{
    "rgb_colors": [
        [
            0.03712974331745644,
            0.030395168812280327,
            0.01737393751265881
        ],
        [
            71.65748031496082,
            63.20866141732284,
            52.77165354330701
        ],
        [
            38.224732461355636,
            32.33055885850178,
            24.694411414982163
        ],
        [
            17.201856148491835,
            14.269141531322505,
            10.866589327146203
        ],
        [
            58.828220858895655,
            50.926380368098165,
            41.60940695296512
        ],
        [
            27.576779026217284,
            23.14481897627965,
            18.13358302122353
        ],
        [
            34.12972420837573,
            36.36976506639428,
            37.51378958120554
        ],
        [
            39.691751085383416,
            42.19536903039074,
            44.819102749638404
        ],
        [
            47.62577447335795,
            40.78314745972739,
            32.45477075588593
        ],
        [
            7.346463742166544,
            6.070725156669651,
            4.540734109221127
        ]
    ],
    "hex_colors": [
        "#000000",
        "#473f34",
        "#262018",
        "#110e0a",
        "#3a3229",
        "#1b1712",
        "#222425",
        "#272a2c",
        "#2f2820",
        "#070604"
    ],
    "hsl_color_values": [
        [
            0.10985151595671987,
            0.5320749361472019,
            0.03712974331745644
        ],
        [
            0.09210617747203052,
            0.2635569474204744,
            71.65748031496082
        ],
        [
            0.09406216129126677,
            0.35396771082838396,
            38.224732461355636
        ],
        [
            0.08951352011231177,
            0.3682897221472855,
            17.201856148491835
        ],
        [
            0.09018210609659626,
            0.2926964925087788,
            58.828220858895655
        ],
        [
            0.08844526705446754,
            0.3424328851464522,
            27.576779026217284
        ],
        [
            0.5563436965489533,
            0.09020857158417388,
            37.51378958120554
        ],
        [
            0.5852855395615787,
            0.11440103325799744,
            44.819102749638404
        ],
        [
            0.09149445941898908,
            0.31854607899255766,
            47.62577447335795
        ],
        [
            0.09088491810253056,
            0.3819156714599098,
            7.346463742166544
        ]
    ]
}