{
    "rgb_colors": [
        [
            0.28360954385782833,
            0.23749093546939548,
            0.1801676718637637
        ],
        [
            125.65759031855754,
            106.40327460402246,
            84.54929702794558
        ],
        [
            107.87992168805948,
            90.75222971503077,
            70.88753534913886
        ],
        [
            24.228154841359668,
            20.12229181640816,
            15.281035013861567
        ],
        [
            73.20014529603961,
            60.804697905314825,
            46.03571861000256
        ],
        [
            57.22965989664755,
            47.285182069461925,
            35.31594760245146
        ],
        [
            155.174646916981,
            132.23251808473987,
            105.2531863589409
        ],
        [
            11.859914582063531,
            9.879743746185321,
            7.435875533862527
        ],
        [
            40.79255982760516,
            33.670636270840546,
            25.28138822728853
        ],
        [
            92.23935863421556,
            76.9612412042913,
            58.77909793516983
        ]
    ],
    "hex_colors": [
        "#000000",
        "#7d6a54",
        "#6b5a46",
        "#18140f",
        "#493c2e",
        "#392f23",
        "#9b8469",
        "#0b0907",
        "#282119",
        "#5c4c3a"
    ],
    "hsl_color_values": [
        [
            0.09235986437052769,
            0.3647333957348043,
            0.28360954385782833
        ],
        [
            0.0886032793982382,
            0.3271453255342343,
            125.65759031855754
        ],
        [
            0.08949902187932007,
            0.3429033480936895,
            107.87992168805948
        ],
        [
            0.09018277940996282,
            0.36928605938346376,
            24.228154841359668
        ],
        [
            0.09061470641984722,
            0.371097988619795,
            73.20014529603961
        ],
        [
            0.09103306570729958,
            0.3829083089742382,
            57.22965989664755
        ],
        [
            0.09007259077296703,
            0.32171144932424606,
            155.174646916981
        ],
        [
            0.09206776076854366,
            0.3730245287678334,
            11.859914582063531
        ],
        [
            0.09014199850836076,
            0.3802451149393155,
            40.79255982760516
        ],
        [
            0.09056585777308868,
            0.36275469815153155,
            92.23935863421556
        ]
    ]
}