{
    "rgb_colors": [
        [
            1.3910225667199896,
            1.022359330645891,
            0.5916732556481605
        ],
        [
            171.6139762403876,
            142.57847658979733,
            104.87603074772886
        ],
        [
            155.72461829058153,
            127.72682197387061,
            88.6168739178341
        ],
        [
            38.84587976159629,
            29.12840114019176,
            17.298522933402435
        ],
        [
            143.02533805960636,
            114.42083497439937,
            74.06485492976236
        ],
        [
            59.28535333596545,
            44.4995657323332,
            26.489380181602844
        ],
        [
            18.312423124227955,
            13.743151067874315,
            7.986190316448617
        ],
        [
            113.28028856354462,
            84.21048164650966,
            49.407525284673596
        ],
        [
            92.36661026508669,
            68.90197405527354,
            39.705358150028204
        ],
        [
            131.3848955961726,
            101.96988226110713,
            63.11962531711442
        ]
    ],
    "hex_colors": [
        "#010100",
        "#ab8e68",
        "#9b7f58",
        "#261d11",
        "#8f724a",
        "#3b2c1a",
        "#120d07",
        "#715431",
        "#5c4427",
        "#83653f"
    ],
    "hsl_color_values": [
        [
            0.08979930489133996,
            0.5746487010319917,
            1.3910225667199896
        ],
        [
            0.09415544526118652,
            0.38888409297839366,
            171.6139762403876
        ],
        [
            0.09713222724042543,
            0.4309385703391139,
            155.72461829058153
        ],
        [
            0.09150293391059457,
            0.554688346883469,
            38.84587976159629
        ],
        [
            0.09753407123673936,
            0.4821557079704608,
            143.02533805960636
        ],
        [
            0.09152640714944298,
            0.5531884573329673,
            59.28535333596545
        ],
        [
            0.09291805408920363,
            0.5638922133749401,
            18.312423124227955
        ],
        [
            0.09081324228368666,
            0.5638471095793649,
            113.28028856354462
        ],
        [
            0.09240385398057711,
            0.5701329946386884,
            92.36661026508669
        ],
        [
            0.09485120028866482,
            0.5195823307488844,
            131.3848955961726
        ]
    ]
}