{
    "rgb_colors": [
        [
            0.021817530893083692,
            0.007660354111195922,
            0.006717946288018695
        ],
        [
            203.8141285466148,
            203.95483497394105,
            202.70237405906195
        ],
        [
            115.56378600823052,
            69.9465020576132,
            47.41975308641975
        ],
        [
            184.95068493150862,
            184.18082191780647,
            182.92465753424656
        ],
        [
            54.35135135135133,
            29.0,
            24.103603603603602
        ],
        [
            172.68965517241392,
            101.58307210031366,
            13.514106583072099
        ],
        [
            188.1007194244604,
            124.79136690647469,
            59.0863309352518
        ],
        [
            140.84184514003374,
            135.52059308072413,
            132.29654036243824
        ],
        [
            164.0774315391867,
            161.24173748819757,
            158.89423984891408
        ],
        [
            226.5587905935052,
            225.9160134378498,
            223.0828667413214
        ]
    ],
    "hex_colors": [
        "#000000",
        "#cbcbca",
        "#73452f",
        "#b8b8b6",
        "#361d18",
        "#ac650d",
        "#bc7c3b",
        "#8c8784",
        "#a4a19e",
        "#e2e1df"
    ],
    "hsl_color_values": [
        [
            0.010402138511601896,
            0.6920849421073432,
            0.021817530893083692
        ],
        [
            0.18539066111826644,
            0.006140873860818838,
            203.95483497394105
        ],
        [
            0.05509591964088012,
            0.5896659782066808,
            115.56378600823052
        ],
        [
            0.10333558710817274,
            0.010954419541686685,
            184.95068493150862
        ],
        [
            0.026979399354678597,
            0.556522459804409,
            54.35135135135133
        ],
        [
            0.09221366629248162,
            0.9217433923903573,
            172.68965517241392
        ],
        [
            0.08488075986542487,
            0.6858792931997246,
            188.1007194244604
        ],
        [
            0.06288156288154223,
            0.06067305330386172,
            140.84184514003374
        ],
        [
            0.07548430193726242,
            0.03158991240690355,
            164.0774315391867
        ],
        [
            0.1358462199312591,
            0.015342259918840872,
            226.5587905935052
        ]
    ]
}