{
    "rgb_colors": [
        [
            114.79245283018872,
            102.188679245283,
            89.54716981132074
        ],
        [
            4.152633159791571,
            3.7423408089709147,
            3.318181818181714
        ],
        [
            26.18428437792314,
            22.65668849391969,
            19.54911131898961
        ],
        [
            42.70862470862464,
            36.874125874125895,
            31.731934731934775
        ],
        [
            1.426040944525456,
            1.2916766882188506,
            1.1413392566602267
        ],
        [
            71.64359861591691,
            61.28719723183388,
            52.290657439446434
        ],
        [
            14.495925143374489,
            12.609719287654812,
            11.025052822215429
        ],
        [
            8.63676880222847,
            7.570055710306493,
            6.640389972144658
        ],
        [
            0.047135241391701665,
            1.2945200467129325e-13,
            -4.440892098500626e-14
        ],
        [
            186.86666666666665,
            166.73333333333332,
            145.4666666666667
        ]
    ],
    "hex_colors": [
        "#726659",
        "#040303",
        "#1a1613",
        "#2a241f",
        "#010101",
        "#473d34",
        "#0e0c0b",
        "#080706",
        "#000000",
        "#baa691"
    ],
    "hsl_color_values": [
        [
            0.0834578973592424,
            0.21992110453648955,
            114.79245283018872
        ],
        [
            0.08471813946053387,
            0.20094511349799551,
            4.152633159791571
        ],
        [
            0.07805817942573155,
            0.2534028794969807,
            26.18428437792314
        ],
        [
            0.07807744036242702,
            0.25701342648182296,
            42.70862470862464
        ],
        [
            0.088008746210753,
            0.19964482012819734,
            1.426040944525456
        ],
        [
            0.07747779963049008,
            0.2701279884085956,
            71.64359861591691
        ],
        [
            0.07609357335421475,
            0.23943779281624242,
            14.495925143374489
        ],
        [
            0.07761266917819111,
            0.23114880990778683,
            8.63676880222847
        ],
        [
            6.147674961691033e-13,
            1.0000000000009421,
            0.047135241391701665
        ],
        [
            0.08561460010735367,
            0.2215483410631464,
            186.86666666666665
        ]
    ]
}