{
    "rgb_colors": [
        [
            117.80000000000001,
            103.80000000000001,
            92.00000000000001
        ],
        [
            0.00408236107711013,
            0.0,
            3.2596148002994596e-13
        ],
        [
            12.238247863247885,
            11.252136752136753,
            10.316239316239407
        ],
        [
            2.3363135151244405,
            2.155118462226196,
            1.846744151393207
        ],
        [
            33.829787234042556,
            30.638297872340424,
            27.553191489361698
        ],
        [
            1.0964243486769616,
            1.0,
            0.8894687487258953
        ],
        [
            8.394706559263389,
            7.777905638665132,
            7.170080552358954
        ],
        [
            5.875056655083751,
            5.420456262275268,
            5.010424535428265
        ],
        [
            18.026645768025116,
            16.36677115987461,
            14.946708463949856
        ],
        [
            3.8489485542620807,
            3.488640630867443,
            3.31871948929777
        ]
    ],
    "hex_colors": [
        "#75675c",
        "#000000",
        "#0c0b0a",
        "#020201",
        "#211e1b",
        "#010100",
        "#080707",
        "#050505",
        "#12100e",
        "#030303"
    ],
    "hsl_color_values": [
        [
            0.07622739018087854,
            0.2190152801358234,
            117.80000000000001
        ],
        [
            0.9999999999866923,
            1.0,
            0.00408236107711013
        ],
        [
            0.0811561978877105,
            0.1570493234395401,
            12.238247863247885
        ],
        [
            0.1049814842997004,
            0.20954780279356355,
            2.3363135151244405
        ],
        [
            0.08192090395480223,
            0.18553459119496873,
            33.829787234042556
        ],
        [
            0.08901365904912238,
            0.18875502008031508,
            1.0964243486769616
        ],
        [
            0.08272254588737889,
            0.14588074023303232,
            8.394706559263389
        ],
        [
            0.07903780068729904,
            0.14717000540025604,
            5.875056655083751
        ],
        [
            0.07684478371501151,
            0.17085470828623703,
            18.026645768025116
        ],
        [
            0.05341123701605901,
            0.13775945754774216,
            3.8489485542620807
        ]
    ]
}