{
    "rgb_colors": [
        [
            0.11380915896668853,
            0.12615244719446395,
            0.11930722662513915
        ],
        [
            151.04215215901542,
            120.37440027416,
            86.43565798491917
        ],
        [
            173.4310191366248,
            139.45772140632033,
            95.25233644859917
        ],
        [
            36.40632957439094,
            36.928337577300766,
            32.76464168788654
        ],
        [
            138.31179039301665,
            105.94482404315053,
            72.6734138196745
        ],
        [
            129.40423280423363,
            130.79894179894086,
            115.90899470899555
        ],
        [
            73.82282398452631,
            85.17369439071555,
            73.77021276595762
        ],
        [
            109.86300429184828,
            79.92738197424947,
            52.76549356223073
        ],
        [
            127.50200463041531,
            94.23575583036784,
            61.9349483313558
        ],
        [
            75.04568888888825,
            57.575466666666685,
            38.610666666666845
        ]
    ],
    "hex_colors": [
        "#000000",
        "#977856",
        "#ad8b5f",
        "#242420",
        "#8a6948",
        "#818273",
        "#495549",
        "#6d4f34",
        "#7f5e3d",
        "#4b3926"
    ],
    "hsl_color_values": [
        [
            0.4075716232308155,
            0.09784422341604078,
            0.12615244719446395
        ],
        [
            0.08755245305470764,
            0.4277381727590804,
            151.04215215901542
        ],
        [
            0.09424006527483558,
            0.45077681649577545,
            173.4310191366248
        ],
        [
            0.187561884792346,
            0.11275069939713676,
            36.928337577300766
        ],
        [
            0.0844815994352015,
            0.47456819398280475,
            138.31179039301665
        ],
        [
            0.182277971241069,
            0.113838436956421,
            130.79894179894086
        ],
        [
            0.3325643983083426,
            0.13388501821286478,
            85.17369439071555
        ],
        [
            0.07928509218975273,
            0.519715541165609,
            109.86300429184828
        ],
        [
            0.08210629270814505,
            0.5142433367154969,
            127.50200463041531
        ],
        [
            0.08675169678014438,
            0.4855045341267593,
            75.04568888888825
        ]
    ]
}