{
    "rgb_colors": [
        [
            0.12863402496935716,
            0.12892760941525339,
            0.1130887285592066
        ],
        [
            16.110071785947355,
            13.436589079834675,
            9.836850119643298
        ],
        [
            64.30386740331491,
            52.84530386740331,
            40.99447513812146
        ],
        [
            6.577337411889879,
            5.746375847852108,
            4.438755153610838
        ],
        [
            21.82751454696592,
            18.314630091438072,
            14.168329177057098
        ],
        [
            44.3671096345515,
            37.29900332225914,
            29.425249169434906
        ],
        [
            2.848774856632159,
            2.662433901839577,
            1.9982125567885338
        ],
        [
            27.201048034934495,
            22.765589519650653,
            17.70200873362465
        ],
        [
            10.998459405330458,
            9.348636573717457,
            6.917578185179487
        ],
        [
            33.603425117528545,
            28.094694425789122,
            21.92612491605098
        ]
    ],
    "hex_colors": [
        "#000000",
        "#100d09",
        "#403428",
        "#060504",
        "#15120e",
        "#2c251d",
        "#020201",
        "#1b1611",
        "#0a0906",
        "#211c15"
    ],
    "hsl_color_values": [
        [
            0.16975594686439122,
            0.1228509620854949,
            0.12892760941525339
        ],
        [
            0.09563770025660533,
            0.3893974992573355,
            16.110071785947355
        ],
        [
            0.08473571936477868,
            0.36248818627029944,
            64.30386740331491
        ],
        [
            0.10190713101160909,
            0.32514407036700244,
            6.577337411889879
        ],
        [
            0.0902250198972604,
            0.35089590037512847,
            21.82751454696592
        ],
        [
            0.08782657031684434,
            0.3367778651390987,
            44.3671096345515
        ],
        [
            0.13015337915736433,
            0.2985712605064079,
            2.848774856632159
        ],
        [
            0.08884373505939307,
            0.34921593054466743,
            27.201048034934495
        ],
        [
            0.09928649628147528,
            0.37104116765418543,
            10.998459405330458
        ],
        [
            0.08804217589264358,
            0.3475032726764016,
            33.603425117528545
        ]
    ]
}