{
    "rgb_colors": [
        [
            0.20037479354169818,
            0.156517596236732,
            0.09733197814763006
        ],
        [
            103.10029498525242,
            82.84267453294069,
            60.327105866928875
        ],
        [
            194.45232815964496,
            157.6407982261648,
            53.90687361419069
        ],
        [
            51.3332024090082,
            42.79850746268631,
            32.507462686567166
        ],
        [
            177.07392996109,
            165.53210116731518,
            145.3054474708171
        ],
        [
            74.66029055689889,
            60.31719128329167,
            44.22566585956417
        ],
        [
            37.884378843788326,
            40.09594095940937,
            67.87822878228783
        ],
        [
            127.3658346333856,
            112.3042121684876,
            93.899375975039
        ],
        [
            19.16430217048614,
            14.855705104886457,
            9.882745240693586
        ],
        [
            36.519684411861505,
            30.331208160665177,
            23.400063755180106
        ]
    ],
    "hex_colors": [
        "#000000",
        "#67523c",
        "#c29d35",
        "#332a20",
        "#b1a591",
        "#4a3c2c",
        "#252843",
        "#7f705d",
        "#130e09",
        "#241e17"
    ],
    "hsl_color_values": [
        [
            0.09572981525973374,
            0.5142503883484966,
            0.20037479354169818
        ],
        [
            0.08773240562652056,
            0.41486970647796756,
            103.10029498525242
        ],
        [
            0.12301349404179791,
            0.7227758899860882,
            194.45232815964496
        ],
        [
            0.09110792747807057,
            0.36673612474910394,
            51.3332024090082
        ],
        [
            0.10611488762324535,
            0.1794080161729829,
            177.07392996109
        ],
        [
            0.0881207154885485,
            0.4076413910302208,
            74.66029055689889
        ],
        [
            0.6543776912036096,
            0.4418773217359807,
            67.87822878228783
        ],
        [
            0.09165812045497275,
            0.26275852354501233,
            127.3658346333856
        ],
        [
            0.08929823415419917,
            0.48431489167847475,
            19.16430217048614
        ],
        [
            0.08805062009618476,
            0.35924791979911463,
            36.519684411861505
        ]
    ]
}