{
    "rgb_colors": [
        [
            0.009858867064391985,
            0.009708267894349865,
            0.008707859124881479
        ],
        [
            47.11483253588524,
            50.348086124401874,
            53.07296650717705
        ],
        [
            57.29670329670333,
            60.37205651491367,
            62.68759811616954
        ],
        [
            16.076450511945463,
            17.80102389078492,
            21.695904436859987
        ],
        [
            69.3680781758957,
            71.91856677524434,
            72.15309446254068
        ],
        [
            91.12340425531909,
            93.00851063829795,
            88.78723404255317
        ],
        [
            12.041879468845787,
            13.156281920326858,
            13.806945863125625
        ],
        [
            29.15243902439032,
            31.381859756097526,
            33.842225609756106
        ],
        [
            37.69732620320855,
            40.57647058823537,
            43.59251336898383
        ],
        [
            21.734580183048077,
            23.891762833267116,
            27.524074810982764
        ]
    ],
    "hex_colors": [
        "#000000",
        "#2f3235",
        "#393c3e",
        "#101115",
        "#454748",
        "#5b5d58",
        "#0c0d0d",
        "#1d1f21",
        "#25282b",
        "#15171b"
    ],
    "hsl_color_values": [
        [
            0.14485981302814088,
            0.11674849980153287,
            0.009858867064391985
        ],
        [
            0.576222980659843,
            0.1122630665554768,
            53.07296650717705
        ],
        [
            0.5715880411570567,
            0.08599619352899873,
            62.68759811616954
        ],
        [
            0.6155177649559698,
            0.2590098947600185,
            21.695904436859987
        ],
        [
            0.5140350877192933,
            0.038598708861902746,
            72.15309446254068
        ],
        [
            0.24109543010753054,
            0.04538591755501776,
            93.00851063829795
        ],
        [
            0.5614390432098771,
            0.12783901753347365,
            13.806945863125625
        ],
        [
            0.5874370225906089,
            0.13857795995585487,
            33.842225609756106
        ],
        [
            0.585268505079822,
            0.13523393606319845,
            43.59251336898383
        ],
        [
            0.6045661786606126,
            0.2103429331482757,
            27.524074810982764
        ]
    ]
}