{
    "rgb_colors": [
        [
            0.28297959380113724,
            0.3692788045027502,
            0.5167544999518725
        ],
        [
            16.973163565132225,
            82.61684622918526,
            163.51988246816845
        ],
        [
            163.02747252747253,
            137.8440934065946,
            113.88907967032968
        ],
        [
            61.212224753227034,
            55.072513287774974,
            59.31738800303721
        ],
        [
            187.70688190314357,
            157.924100821303,
            128.19682809402434
        ],
        [
            25.180351906158357,
            25.17595307917874,
            30.01576246334311
        ],
        [
            121.60260416666667,
            109.04062500000016,
            104.79791666666667
        ],
        [
            214.7490058479532,
            179.05894736842302,
            143.41333333333336
        ],
        [
            50.01439342015079,
            61.69476810600965,
            97.5643134567055
        ],
        [
            89.7973811164714,
            79.10406616126936,
            78.43349414197105
        ]
    ],
    "hex_colors": [
        "#000000",
        "#1052a3",
        "#a38971",
        "#3d373b",
        "#bb9d80",
        "#19191e",
        "#796d68",
        "#d6b38f",
        "#323d61",
        "#594f4e"
    ],
    "hsl_color_values": [
        [
            0.6051408082226125,
            0.452390653922719,
            0.5167544999518725
        ],
        [
            0.5920105170152977,
            0.896201224530379,
            163.51988246816845
        ],
        [
            0.08125016015449778,
            0.301411731994203,
            163.02747252747253
        ],
        [
            0.8847699727924785,
            0.10030204734763183,
            61.212224753227034
        ],
        [
            0.08325560367393277,
            0.3170371443271127,
            187.70688190314357
        ],
        [
            0.6668181473907495,
            0.16124226029823527,
            30.01576246334311
        ],
        [
            0.042078619763419145,
            0.13819348372644844,
            121.60260416666667
        ],
        [
            0.08328141395593323,
            0.33218161934182366,
            214.7490058479532
        ],
        [
            0.625725922438007,
            0.4873700060181857,
            97.5643134567055
        ],
        [
            0.009834839387893349,
            0.12655031620310678,
            89.7973811164714
        ]
    ]
}