{
    "rgb_colors": [
        [
            51.65793103448222,
            43.828505747126435,
            32.63540229885038
        ],
        [
            220.06263557484363,
            222.8348698481562,
            216.86713665944183
        ],
        [
            170.5037287614318,
            171.59245021911278,
            163.61428461597083
        ],
        [
            85.51527994646437,
            75.57751505688155,
            61.49609636404142
        ],
        [
            149.05832721937043,
            150.7476155539252,
            143.2248716067514
        ],
        [
            168.96864111498104,
            140.7630662020906,
            107.7487804878048
        ],
        [
            0.07836245565223976,
            0.07839592957085983,
            0.07241748677738968
        ],
        [
            190.83673178383125,
            194.03678882076144,
            187.19421075146252
        ],
        [
            130.56781609195286,
            104.82097701149425,
            76.20028735632218
        ],
        [
            114.94611398963809,
            119.12918825561312,
            114.345768566495
        ]
    ],
    "hex_colors": [
        "#332b20",
        "#dcded8",
        "#aaaba3",
        "#554b3d",
        "#95968f",
        "#a88c6b",
        "#000000",
        "#bec2bb",
        "#82684c",
        "#727772"
    ],
    "hsl_color_values": [
        [
            0.09806883550055938,
            0.36824023639146714,
            51.65793103448222
        ],
        [
            0.2440895391278317,
            0.0267809665192027,
            222.8348698481562
        ],
        [
            0.18941043826858764,
            0.046494852150862874,
            171.59245021911278
        ],
        [
            0.09770952902790585,
            0.28087592764076574,
            85.51527994646437
        ],
        [
            0.204092911363577,
            0.0499029050610937,
            150.7476155539252
        ],
        [
            0.08987901795285036,
            0.36231492555779565,
            168.96864111498104
        ],
        [
            0.16759985054571502,
            0.07625960717853862,
            0.07839592957085983
        ],
        [
            0.24461138780640082,
            0.035264333690966466,
            194.03678882076144
        ],
        [
            0.0877383072849236,
            0.41639303132206906,
            130.56781609195286
        ],
        [
            0.31241575197381516,
            0.040153213155909626,
            119.12918825561312
        ]
    ]
}