{
    "rgb_colors": [
        [
            0.0344371911092316,
            0.029505510479160613,
            0.023136083727568035
        ],
        [
            210.95590828924162,
            196.5432098765432,
            175.39506172839506
        ],
        [
            61.40414769853313,
            58.07334344967122,
            48.75063227111786
        ],
        [
            154.6951871657754,
            137.74688057040999,
            115.71301247771835
        ],
        [
            242.9251700680272,
            235.3843537414966,
            220.35034013605443
        ],
        [
            85.33160621761658,
            76.99136442141624,
            63.95682210708117
        ],
        [
            183.68059299191376,
            166.51752021563343,
            143.3288409703504
        ],
        [
            22.301075268817204,
            19.388440860215056,
            15.094086021505378
        ],
        [
            123.47019867549669,
            108.6887417218543,
            89.01986754966887
        ],
        [
            47.30013280212483,
            42.81075697211155,
            32.904382470119515
        ]
    ],
    "hex_colors": [
        "#000000",
        "#d2c4af",
        "#3d3a30",
        "#9a8973",
        "#f2ebdc",
        "#554c3f",
        "#b7a68f",
        "#16130f",
        "#7b6c59",
        "#2f2a20"
    ],
    "hsl_color_values": [
        [
            0.09393514187714604,
            0.32816577129701124,
            0.0344371911092316
        ],
        [
            0.0991171948618756,
            0.16857004313948432,
            210.95590828924162
        ],
        [
            0.12279474469672745,
            0.20606939273122668,
            61.40414769853313
        ],
        [
            0.09420488667367816,
            0.2519934550147493,
            154.6951871657754
        ],
        [
            0.11099392295715937,
            0.09292915149817972,
            242.9251700680272
        ],
        [
            0.10163488472312003,
            0.2504908211387051,
            85.33160621761658
        ],
        [
            0.0957772508154927,
            0.21968435186476004,
            183.68059299191376
        ],
        [
            0.09930995897053341,
            0.3231677917068466,
            22.301075268817204
        ],
        [
            0.09515570934256053,
            0.2790173782450118,
            123.47019867549669
        ],
        [
            0.1146909594095941,
            0.3043490468034928,
            47.30013280212483
        ]
    ]
}