{
    "rgb_colors": [
        [
            194.33333333333331,
            181.0,
            146.0
        ],
        [
            3.7005490025548107,
            2.9283035277491076,
            2.3128227428385064
        ],
        [
            39.13389121338912,
            32.298465829846606,
            25.382147838214784
        ],
        [
            6.981155636281034,
            5.73776819162211,
            4.391985469406289
        ],
        [
            15.189518716577535,
            12.367700534759257,
            9.435508021390373
        ],
        [
            1.3723734373615089,
            1.2230989744953789,
            0.8357714927446287
        ],
        [
            10.793087269314942,
            8.78385986862685,
            6.7574288395370665
        ],
        [
            20.902380952380803,
            16.905102040816384,
            12.858163265306121
        ],
        [
            0.031160735289156083,
            -6.237232952344129e-13,
            0.0
        ],
        [
            28.574115044247694,
            23.200221238938024,
            17.80033185840708
        ]
    ],
    "hex_colors": [
        "#c2b592",
        "#030202",
        "#272019",
        "#060504",
        "#0f0c09",
        "#010100",
        "#0a0806",
        "#14100c",
        "#000000",
        "#1c1711"
    ],
    "hsl_color_values": [
        [
            0.12068965517241385,
            0.24871355060034298,
            194.33333333333331
        ],
        [
            0.0739195717456584,
            0.375005508306534,
            3.7005490025548107
        ],
        [
            0.083823529411765,
            0.3514024020813286,
            39.13389121338912
        ],
        [
            0.08662896059861569,
            0.3708798803193614,
            6.981155636281034
        ],
        [
            0.08493184634448292,
            0.3788145498584725,
            15.189518716577535
        ],
        [
            0.12030254630903729,
            0.39100286409545915,
            1.3723734373615089
        ],
        [
            0.08368857541466575,
            0.37391140542811774,
            10.793087269314942
        ],
        [
            0.08384778012685268,
            0.3848469562104329,
            20.902380952380803
        ],
        [
            0.999999999996664,
            1.0000000000200162,
            0.031160735289156083
        ],
        [
            0.0835344045724458,
            0.37704695908017294,
            28.574115044247694
        ]
    ]
}