{
    "rgb_colors": [
        [
            0.9794924074491149,
            0.8398629666070008,
            0.6939745611019532
        ],
        [
            169.67650905432595,
            173.20593561368207,
            180.91292756539235
        ],
        [
            61.94896604059951,
            66.4003035477139,
            76.81521532915956
        ],
        [
            208.95401110264504,
            215.2656471100468,
            224.54822031130945
        ],
        [
            187.92472193555784,
            192.6941864465084,
            200.46531361082444
        ],
        [
            103.20760854193183,
            103.05416489888276,
            108.95389619572903
        ],
        [
            96.29992329327538,
            34.381743799539755,
            33.99309639478394
        ],
        [
            36.56626321434043,
            34.99571012716409,
            39.324038608855524
        ],
        [
            149.1043033939621,
            152.46732608288016,
            159.94299643727732
        ],
        [
            130.12290008841734,
            132.99091712884817,
            140.27706775982637
        ]
    ],
    "hex_colors": [
        "#000000",
        "#a9adb4",
        "#3d424c",
        "#d0d7e0",
        "#bbc0c8",
        "#67676c",
        "#602221",
        "#242227",
        "#95989f",
        "#82848c"
    ],
    "hsl_color_values": [
        [
            0.08516012067868055,
            0.29149572184100314,
            0.9794924074491149
        ],
        [
            0.6143156653833529,
            0.06210953889408989,
            180.91292756539235
        ],
        [
            0.616762378764676,
            0.1935326123197981,
            76.81521532915956
        ],
        [
            0.5992096176755267,
            0.06944703986985463,
            224.54822031130945
        ],
        [
            0.6032796453514865,
            0.06255741429468649,
            200.46531361082444
        ],
        [
            0.6710014302722311,
            0.054148878588497304,
            108.95389619572903
        ],
        [
            0.0010396062628069875,
            0.6470080636382223,
            96.29992329327538
        ],
        [
            0.7271424020388658,
            0.11006825938566554,
            39.324038608855524
        ],
        [
            0.6149534407965019,
            0.06776597465813808,
            159.94299643727732
        ],
        [
            0.619592119983957,
            0.0723865121617338,
            140.27706775982637
        ]
    ]
}