{
    "rgb_colors": [
        [
            0.07002322590831156,
            0.06798216147604563,
            0.052453436209386695
        ],
        [
            123.95315805379387,
            114.94802055001381,
            95.29510426110383
        ],
        [
            90.78389937106878,
            74.2510691823907,
            54.97962264150863
        ],
        [
            235.47448979591178,
            241.89169096210546,
            239.73527696793624
        ],
        [
            186.43813387424018,
            182.59482758620598,
            166.8103448275855
        ],
        [
            42.09501246882809,
            33.858354114713144,
            22.568578553615943
        ],
        [
            160.4849187935037,
            144.11229698375956,
            119.11879350348104
        ],
        [
            110.57603972687629,
            99.61421477343366,
            79.15595903165519
        ],
        [
            211.69654464590985,
            216.02223742730297,
            209.39822100581793
        ],
        [
            67.8529850746276,
            52.63003731343359,
            36.78283582089536
        ]
    ],
    "hex_colors": [
        "#000000",
        "#7b725f",
        "#5a4a36",
        "#ebf1ef",
        "#bab6a6",
        "#2a2116",
        "#a09077",
        "#6e634f",
        "#d3d8d1",
        "#433424"
    ],
    "hsl_color_values": [
        [
            0.14730517109916588,
            0.25091374284770535,
            0.07002322590831156
        ],
        [
            0.11429548118815935,
            0.23120067485697188,
            123.95315805379387
        ],
        [
            0.08970737716821169,
            0.39439016144497474,
            90.78389937106878
        ],
        [
            0.4439939121349514,
            0.02652923356180511,
            241.89169096210546
        ],
        [
            0.13403176079504103,
            0.10527775964489315,
            186.43813387424018
        ],
        [
            0.09636317969544743,
            0.46386573539256526,
            42.09501246882809
        ],
        [
            0.10070036495258777,
            0.25775708771269995,
            160.4849187935037
        ],
        [
            0.10852006789451112,
            0.2841490866631592,
            110.57603972687629
        ],
        [
            0.2755052852667732,
            0.030663585843629593,
            216.02223742730297
        ],
        [
            0.08500764599446213,
            0.4579039406970816,
            67.8529850746276
        ]
    ]
}