{
    "rgb_colors": [
        [
            0.6716952453397695,
            0.6351208853928583,
            0.5524628319004421
        ],
        [
            169.9399150313573,
            157.9176613392694,
            137.31934048148898
        ],
        [
            234.61821584528906,
            227.1322520274475,
            207.4235807860262
        ],
        [
            81.05276355657625,
            74.47915578309554,
            63.27990805558458
        ],
        [
            102.0225108225095,
            97.4128342246016,
            80.29574738986503
        ],
        [
            149.66852466792943,
            139.73019449715477,
            119.791805028463
        ],
        [
            193.2967634854776,
            180.3130290456424,
            159.65161825726142
        ],
        [
            30.742045807852804,
            61.422323556845605,
            40.459529484920715
        ],
        [
            55.92829119442014,
            94.89385353094934,
            67.29119442022667
        ],
        [
            126.53475817187237,
            120.25565744712642,
            101.6010205590889
        ]
    ],
    "hex_colors": [
        "#000000",
        "#a99d89",
        "#eae3cf",
        "#514a3f",
        "#666150",
        "#958b77",
        "#c1b49f",
        "#1e3d28",
        "#375e43",
        "#7e7865"
    ],
    "hsl_color_values": [
        [
            0.11554192229570404,
            0.17750968801188263,
            0.6716952453397695
        ],
        [
            0.10524196841010558,
            0.19195357690892786,
            169.9399150313573
        ],
        [
            0.1207877411511004,
            0.11591016051880397,
            234.61821584528906
        ],
        [
            0.10502202574112783,
            0.21927513290260497,
            81.05276355657625
        ],
        [
            0.13130569652647953,
            0.21296048546034058,
            102.0225108225095
        ],
        [
            0.1112258960002737,
            0.19961925665903443,
            149.66852466792943
        ],
        [
            0.10234963889655752,
            0.1740595373742197,
            193.2967634854776
        ],
        [
            0.38612231477916853,
            0.499497185589187,
            61.422323556845605
        ],
        [
            0.38193566551437524,
            0.41062261555033913,
            94.89385353094934
        ],
        [
            0.12469474878937616,
            0.19705050195706653,
            126.53475817187237
        ]
    ]
}