{
    "rgb_colors": [
        [
            29.618090452261335,
            25.237185929648238,
            18.83417085427137
        ],
        [
            128.07910937230056,
            99.69570220355561,
            61.0936654968076
        ],
        [
            0.1008995374327668,
            0.08556263722208968,
            0.0638202630446969
        ],
        [
            117.20256838422026,
            90.44922868956743,
            55.542223282443544
        ],
        [
            181.062401760455,
            145.169443571204,
            101.31939641621744
        ],
        [
            106.96761580960606,
            81.6475138121547,
            49.01376965575842
        ],
        [
            139.97333245970054,
            109.60070763988992,
            67.7829904337581
        ],
        [
            153.3862068965571,
            120.77760557923285,
            77.03068578070315
        ],
        [
            166.57329474990837,
            131.19661016949152,
            88.02124844977061
        ],
        [
            67.64046242774566,
            56.861271676300575,
            41.08786127167629
        ]
    ],
    "hex_colors": [
        "#1d1912",
        "#80633d",
        "#000000",
        "#755a37",
        "#b59165",
        "#6a5131",
        "#8b6d43",
        "#99784d",
        "#a68358",
        "#433829"
    ],
    "hsl_color_values": [
        [
            0.09895930413171754,
            0.3640990838140483,
            29.618090452261335
        ],
        [
            0.09604583342638416,
            0.5230005439901957,
            128.07910937230056
        ],
        [
            0.0977292325529267,
            0.3674870602135043,
            0.1008995374327668
        ],
        [
            0.09435293015174855,
            0.5261006303175728,
            117.20256838422026
        ],
        [
            0.09164868016886048,
            0.4404172515602511,
            181.062401760455
        ],
        [
            0.09384980843136465,
            0.5417887060042632,
            106.96761580960606
        ],
        [
            0.09654504105065313,
            0.5157435402684767,
            139.97333245970054
        ],
        [
            0.09548953622740797,
            0.49779913501184453,
            153.3862068965571
        ],
        [
            0.09160669847426833,
            0.47157646979412327,
            166.57329474990837
        ],
        [
            0.09900731452455593,
            0.39255499153976325,
            67.64046242774566
        ]
    ]
}