{
    "rgb_colors": [
        [
            71.85509794073349,
            60.42943244600719,
            55.31491712707188
        ],
        [
            117.5906804823378,
            105.82342604374782,
            94.55420226625205
        ],
        [
            157.93829076151874,
            148.04917641441816,
            133.7874194318441
        ],
        [
            159.24727216842828,
            96.07730136775511,
            82.91993238051144
        ],
        [
            223.01283367555908,
            211.76694045175068,
            170.8503593429177
        ],
        [
            0.26675602085504835,
            0.25530013741224167,
            0.24853956452481896
        ],
        [
            134.47511664074602,
            126.01578538102692,
            115.63755832037347
        ],
        [
            191.26695448821735,
            177.598848713797,
            151.61647778377204
        ],
        [
            247.73628108961466,
            241.48282668772435,
            207.6924595341489
        ],
        [
            100.1335510387951,
            88.10782050560032,
            79.2930015201834
        ]
    ],
    "hex_colors": [
        "#473c37",
        "#75695e",
        "#9d9485",
        "#9f6052",
        "#dfd3aa",
        "#000000",
        "#867e73",
        "#bfb197",
        "#f7f1cf",
        "#64584f"
    ],
    "hsl_color_values": [
        [
            0.051536269731615236,
            0.23018799344347213,
            71.85509794073349
        ],
        [
            0.08153173177332557,
            0.19590394512212939,
            117.5906804823378
        ],
        [
            0.09842127286625302,
            0.15291333857817668,
            157.93829076151874
        ],
        [
            0.028730135719395644,
            0.47930076759612583,
            159.24727216842828
        ],
        [
            0.13073440767625064,
            0.2338989800404392,
            223.01283367555908
        ],
        [
            0.06185408004047275,
            0.0682888291399727,
            0.26675602085504835
        ],
        [
            0.09182211838135394,
            0.14008211177609614,
            134.47511664074602
        ],
        [
            0.10921420156642576,
            0.2073043762867459,
            191.26695448821735
        ],
        [
            0.14063912084735933,
            0.16163890641831566,
            247.73628108961466
        ],
        [
            0.07049413434408101,
            0.20812753869616968,
            100.1335510387951
        ]
    ]
}