{
    "rgb_colors": [
        [
            0.05403924944114458,
            0.053346151911018325,
            0.048041719999423194
        ],
        [
            37.063154095994605,
            71.55647780584758,
            83.34752796824522
        ],
        [
            75.38749558459956,
            73.06570116566513,
            61.566584245848404
        ],
        [
            19.050754458161926,
            104.60631001372003,
            150.0416095107453
        ],
        [
            91.35901926444787,
            15.103327495621684,
            10.08493870402804
        ],
        [
            144.30988274706866,
            41.27973199329989,
            34.996649916248074
        ],
        [
            205.36455696202532,
            197.59746835443065,
            184.6531645569627
        ],
        [
            30.051020408163684,
            48.54902936784476,
            51.1630164260833
        ],
        [
            142.25293586269353,
            127.55013550135362,
            106.37127371273644
        ],
        [
            112.87561251413501,
            98.11571805503104,
            73.36524689031249
        ]
    ],
    "hex_colors": [
        "#000000",
        "#254753",
        "#4b493d",
        "#136896",
        "#5b0f0a",
        "#902922",
        "#cdc5b8",
        "#1e3033",
        "#8e7f6a",
        "#706249"
    ],
    "hsl_color_values": [
        [
            0.14740602674092299,
            0.11098469175175044,
            0.05403924944114458
        ],
        [
            0.5424587147379447,
            0.5553178960494739,
            83.34752796824522
        ],
        [
            0.13866809790339743,
            0.1833316152974121,
            75.38749558459956
        ],
        [
            0.5578097601785333,
            0.8730301912897196,
            150.0416095107453
        ],
        [
            0.010291080823861062,
            0.8896120078211855,
            91.35901926444787
        ],
        [
            0.009579630197159924,
            0.7574895824869696,
            144.30988274706866
        ],
        [
            0.10416412011571535,
            0.10085183495851442,
            205.36455696202532
        ],
        [
            0.5206358749469561,
            0.4126417379714258,
            51.1630164260833
        ],
        [
            0.09837365625235074,
            0.2522384647624501,
            142.25293586269353
        ],
        [
            0.10440496974206438,
            0.3500345623274007,
            112.87561251413501
        ]
    ]
}