{
    "rgb_colors": [
        [
            0.3433229508621096,
            0.2949813396145373,
            0.20513791844714646
        ],
        [
            108.08964781216704,
            17.573817146923115,
            9.6004980434013
        ],
        [
            146.6018338427302,
            123.05001389274923,
            99.2474298416212
        ],
        [
            110.31511943927447,
            91.46788728365289,
            71.85323987984329
        ],
        [
            224.6200122774708,
            201.49785144260318,
            176.19582565991507
        ],
        [
            34.22515584891833,
            24.757425742574274,
            17.41510817748419
        ],
        [
            197.6035367318028,
            168.2306516755795,
            138.73572754066288
        ],
        [
            172.58849847229038,
            146.27367961588354,
            119.30805325185581
        ],
        [
            72.61273265651462,
            60.91941624365481,
            46.583121827412135
        ],
        [
            158.61429872495785,
            18.453096539162303,
            8.336976320583258
        ]
    ],
    "hex_colors": [
        "#000000",
        "#6c1109",
        "#927b63",
        "#6e5b47",
        "#e0c9b0",
        "#221811",
        "#c5a88a",
        "#ac9277",
        "#483c2e",
        "#9e1208"
    ],
    "hsl_color_values": [
        [
            0.10836125495077172,
            0.40249284840401783,
            0.3433229508621096
        ],
        [
            0.013492719963301703,
            0.9111802264349628,
            108.08964781216704
        ],
        [
            0.08377462298462812,
            0.3230137219968838,
            146.6018338427302
        ],
        [
            0.08499605162518169,
            0.3486546518276982,
            110.31511943927447
        ],
        [
            0.08708466970069557,
            0.21558269063638832,
            224.6200122774708
        ],
        [
            0.07279691397075495,
            0.4911605880084082,
            34.22515584891833
        ],
        [
            0.08350609198299574,
            0.29790868202444265,
            197.6035367318028
        ],
        [
            0.08435122946284253,
            0.3087137653555107,
            172.58849847229038
        ],
        [
            0.0917947801215551,
            0.35847171531516764,
            72.61273265651462
        ],
        [
            0.011219390986305977,
            0.9474386837277524,
            158.61429872495785
        ]
    ]
}