{
    "rgb_colors": [
        [
            0.03723618005127882,
            0.03636456252157849,
            0.03469490556533472
        ],
        [
            46.27539746699003,
            52.76933441120991,
            71.0110482349771
        ],
        [
            107.79382797110965,
            108.24556795797767,
            109.08141825344714
        ],
        [
            187.6851708074534,
            185.39673913043478,
            175.18555900621118
        ],
        [
            91.54688524590163,
            90.28983606557377,
            88.56590163934426
        ],
        [
            71.39859731151373,
            71.23378141437755,
            74.53945061367621
        ],
        [
            133.0508130081301,
            132.4959349593496,
            126.12601626016261
        ],
        [
            176.33794162826422,
            173.01075268817203,
            161.47987711213517
        ],
        [
            36.49834884419093,
            42.35935154608226,
            56.95616931852297
        ],
        [
            158.0970206264324,
            155.87700534759358,
            143.51260504201682
        ]
    ],
    "hex_colors": [
        "#000000",
        "#2e3447",
        "#6b6c6d",
        "#bbb9af",
        "#5b5a58",
        "#47474a",
        "#85847e",
        "#b0ada1",
        "#242a38",
        "#9e9b8f"
    ],
    "hsl_color_values": [
        [
            0.1095025983667326,
            0.06824745402037619,
            0.03723618005127882
        ],
        [
            0.6229110835130837,
            0.3483352433572909,
            71.0110482349771
        ],
        [
            0.6081930987591369,
            0.011803937856270036,
            109.08141825344714
        ],
        [
            0.13615329668623263,
            0.06659882476312208,
            187.6851708074534
        ],
        [
            0.09638510045461206,
            0.03256237062080521,
            91.54688524590163
        ],
        [
            0.67497642621405,
            0.04434791472278642,
            74.53945061367621
        ],
        [
            0.1533118090206436,
            0.052046256549701325,
            133.0508130081301
        ],
        [
            0.1293447470173478,
            0.08425903341579855,
            176.33794162826422
        ],
        [
            0.6189179934942647,
            0.3591853300372653,
            56.95616931852297
        ],
        [
            0.14129694620501798,
            0.09224978134709515,
            158.0970206264324
        ]
    ]
}