{
    "rgb_colors": [
        [
            0.03640686444970953,
            0.0320855916278564,
            0.025426211590250603
        ],
        [
            154.3969248291563,
            128.1970387243731,
            74.73519362186788
        ],
        [
            184.7538531278317,
            157.62941976427516,
            103.48345421577515
        ],
        [
            97.86811594202914,
            78.24782608695642,
            45.2768115942029
        ],
        [
            239.0054545454573,
            207.2509090909089,
            139.74666666666667
        ],
        [
            171.06513693560183,
            144.78867505551446,
            92.24611398963731
        ],
        [
            44.21102661596963,
            37.38212927756652,
            27.94866920152091
        ],
        [
            218.24453840733347,
            188.0112755461524,
            125.49436222692037
        ],
        [
            133.1093502377192,
            106.86450079239245,
            55.48415213946117
        ],
        [
            199.968883465531,
            171.53386211103637,
            114.64826113483831
        ]
    ],
    "hex_colors": [
        "#000000",
        "#9a804a",
        "#b89d67",
        "#614e2d",
        "#efcf8b",
        "#ab905c",
        "#2c251b",
        "#dabc7d",
        "#856a37",
        "#c7ab72"
    ],
    "hsl_color_values": [
        [
            0.10107747573298571,
            0.3016094087044219,
            0.03640686444970953
        ],
        [
            0.11185179360336299,
            0.515954131181278,
            154.3969248291563
        ],
        [
            0.111040768991204,
            0.43988473060870525,
            184.7538531278317
        ],
        [
            0.10448816872427923,
            0.5373691302995757,
            97.86811594202914
        ],
        [
            0.1133472139962638,
            0.41529925778288984,
            239.0054545454573
        ],
        [
            0.11110380697034361,
            0.46075444919929104,
            171.06513693560183
        ],
        [
            0.09667991582885153,
            0.36783487422059846,
            44.21102661596963
        ],
        [
            0.11233925349034235,
            0.42498280533052046,
            218.24453840733347
        ],
        [
            0.11031716056061673,
            0.5831686351081096,
            133.1093502377192
        ],
        [
            0.11112124170034798,
            0.4266694940335533,
            199.968883465531
        ]
    ]
}