{
    "rgb_colors": [
        [
            43.22875092387288,
            39.111234294160866,
            33.97671840354779
        ],
        [
            175.02230483271376,
            144.4058240396524,
            128.51239157373078
        ],
        [
            127.11332633788038,
            41.606855543896756,
            26.616998950682156
        ],
        [
            251.1028806584362,
            230.75034293552682,
            191.7325102880671
        ],
        [
            92.46117409535643,
            26.673629445565247,
            13.803385618884896
        ],
        [
            124.55742385786802,
            106.75190355330118,
            87.88864213197894
        ],
        [
            0.07440275152604414,
            0.06357016701000084,
            0.06072568400716616
        ],
        [
            88.95524691358025,
            74.12808641975298,
            56.684156378601415
        ],
        [
            197.08198614318707,
            74.60623556581973,
            55.096997690531325
        ],
        [
            64.37582048542208,
            18.762479010837716,
            9.052205770111486
        ]
    ],
    "hex_colors": [
        "#2b2721",
        "#af9080",
        "#7f291a",
        "#fbe6bf",
        "#5c1a0d",
        "#7c6a57",
        "#000000",
        "#584a38",
        "#c54a37",
        "#401209"
    ],
    "hsl_color_values": [
        [
            0.09249347606113296,
            0.21402497926942635,
            43.22875092387288
        ],
        [
            0.05695356592554651,
            0.265737063075687,
            175.02230483271376
        ],
        [
            0.024859708778976548,
            0.7906041819727743,
            127.11332633788038
        ],
        [
            0.10953228129355741,
            0.236438428004846,
            251.1028806584362
        ],
        [
            0.027270543443027134,
            0.8507115472636191,
            92.46117409535643
        ],
        [
            0.08573715175636858,
            0.29439258287592457,
            124.55742385786802
        ],
        [
            0.03466243767665039,
            0.18382475430482467,
            0.07440275152604414
        ],
        [
            0.09009059270476143,
            0.36277894395965316,
            88.95524691358025
        ],
        [
            0.022900587458691873,
            0.7204361556895341,
            197.08198614318707
        ],
        [
            0.029252948885975294,
            0.8593850035330989,
            64.37582048542208
        ]
    ]
}