{
    "rgb_colors": [
        [
            29.382920110192885,
            28.570247933884346,
            26.559228650137783
        ],
        [
            210.17518248175148,
            203.54014598540113,
            186.5474452554742
        ],
        [
            109.01651705565543,
            105.3935368043088,
            95.65242369838377
        ],
        [
            64.6982758620691,
            62.359913793103566,
            56.8987068965518
        ],
        [
            174.45861297539227,
            167.37136465324468,
            149.5794183445197
        ],
        [
            124.87888446215165,
            121.34926958831387,
            110.31606905710684
        ],
        [
            0.018301184576998253,
            0.017867533233241417,
            0.015183286306033494
        ],
        [
            92.93895348837206,
            90.89680232558138,
            83.87500000000017
        ],
        [
            139.46656534954496,
            133.6572948328272,
            122.0942249240122
        ],
        [
            156.40730223123862,
            148.30141987829697,
            132.76592292089225
        ]
    ],
    "hex_colors": [
        "#1d1c1a",
        "#d2cbba",
        "#6d695f",
        "#403e38",
        "#aea795",
        "#7c796e",
        "#000000",
        "#5c5a53",
        "#8b857a",
        "#9c9484"
    ],
    "hsl_color_values": [
        [
            0.1186991869918701,
            0.0960997562347647,
            29.382920110192885
        ],
        [
            0.11986407167130049,
            0.11241925401125206,
            210.17518248175148
        ],
        [
            0.12148365082350436,
            0.1225877850275567,
            109.01651705565543
        ],
        [
            0.11669890393294656,
            0.12055296469020713,
            64.6982758620691
        ],
        [
            0.1191889218595456,
            0.14260800430863127,
            174.45861297539227
        ],
        [
            0.12627137706931021,
            0.11661551484677546,
            124.87888446215165
        ],
        [
            0.14348591550729392,
            0.1703659267435329,
            0.018301184576998253
        ],
        [
            0.1291158862518702,
            0.09752588283131376,
            92.93895348837206
        ],
        [
            0.11093371825153679,
            0.12456276084517091,
            139.46656534954496
        ],
        [
            0.10952193012560955,
            0.15115265702488773,
            156.40730223123862
        ]
    ]
}