{
    "rgb_colors": [
        [
            0.019663985382917915,
            0.01581474631568902,
            0.013631096949575205
        ],
        [
            90.41098370549186,
            75.53711526855813,
            57.27761013880507
        ],
        [
            248.1767441860465,
            238.19069767441886,
            218.40465116279069
        ],
        [
            154.10539845758353,
            133.62724935732675,
            110.76349614395886
        ],
        [
            74.89845626072041,
            58.30531732418566,
            39.63807890222984
        ],
        [
            202.47767857142856,
            181.5,
            157.07142857142856
        ],
        [
            29.947312210751157,
            18.2641509433966,
            7.981132075471699
        ],
        [
            61.196046885773384,
            44.31050333256856,
            26.12296023902551
        ],
        [
            47.978658536585364,
            32.181818181818116,
            16.0839800443459
        ],
        [
            116.68722943722943,
            99.14718614718572,
            80.28787878787878
        ]
    ],
    "hex_colors": [
        "#000000",
        "#5a4b39",
        "#f8eeda",
        "#9a856e",
        "#4a3a27",
        "#cab59d",
        "#1d1207",
        "#3d2c1a",
        "#2f2010",
        "#746350"
    ],
    "hsl_color_values": [
        [
            0.06032625417163834,
            0.3067988668555192,
            0.019663985382917915
        ],
        [
            0.0918485058224983,
            0.3664750919491893,
            90.41098370549186
        ],
        [
            0.11076394313388678,
            0.1199632669890176,
            248.1767441860465
        ],
        [
            0.08792012653222725,
            0.28124843611857137,
            154.10539845758353
        ],
        [
            0.08823519873391644,
            0.4707757558546964,
            74.89845626072041
        ],
        [
            0.0896666994395832,
            0.2242531143203616,
            202.47767857142856
        ],
        [
            0.07802159808545518,
            0.733494210789092,
            29.947312210751157
        ],
        [
            0.08642687234196554,
            0.5731266712736232,
            61.196046885773384
        ],
        [
            0.08411977012293291,
            0.6647680336439311,
            47.978658536585364
        ],
        [
            0.08635368041308443,
            0.31193945408508705,
            116.68722943722943
        ]
    ]
}