{
    "rgb_colors": [
        [
            42.15423242467722,
            34.17073170731706,
            22.619799139167878
        ],
        [
            162.89822313550314,
            140.74894234255973,
            111.97691284902368
        ],
        [
            110.80615318416335,
            93.53485370051546,
            67.14952667814242
        ],
        [
            147.19453221596518,
            126.64706690479564,
            97.92402802582677
        ],
        [
            70.84840654608072,
            58.04177433247199,
            39.25452196382434
        ],
        [
            177.25990491283795,
            153.98140517697107,
            124.81299524564447
        ],
        [
            90.34744488978029,
            75.20566132264558,
            52.825150300600754
        ],
        [
            193.31684864055035,
            170.02333547420264,
            140.43074288160759
        ],
        [
            129.20026657780923,
            110.85504831722767,
            82.60029990003116
        ],
        [
            0.061247156071878806,
            0.05652858738472233,
            0.04958199269258401
        ]
    ],
    "hex_colors": [
        "#2a2216",
        "#a28c6f",
        "#6e5d43",
        "#937e61",
        "#463a27",
        "#b1997c",
        "#5a4b34",
        "#c1aa8c",
        "#816e52",
        "#000000"
    ],
    "hsl_color_values": [
        [
            0.09855189551124299,
            0.4634038425539881,
            42.15423242467722
        ],
        [
            0.09417154079391248,
            0.31259586081624563,
            162.89822313550314
        ],
        [
            0.1007305157470733,
            0.39399099464686066,
            110.80615318416335
        ],
        [
            0.0971610342776434,
            0.33473053277446657,
            147.19453221596518
        ],
        [
            0.09910806377593961,
            0.44593641723907107,
            70.84840654608072
        ],
        [
            0.0926918608945609,
            0.29587576329222687,
            177.25990491283795
        ],
        [
            0.09940983650334818,
            0.4153110764223051,
            90.34744488978029
        ],
        [
            0.09325887574164064,
            0.2735721491988429,
            193.31684864055035
        ],
        [
            0.101054251149176,
            0.3606801124494107,
            129.20026657780923
        ],
        [
            0.09924985569238076,
            0.1904604903712545,
            0.061247156071878806
        ]
    ]
}