{
    "rgb_colors": [
        [
            0.055834048290233085,
            0.053352126486089446,
            0.04391469543091553
        ],
        [
            188.56150061500617,
            178.30227552275522,
            97.46617466174727
        ],
        [
            86.79184051923968,
            76.04033379694019,
            28.847936949466316
        ],
        [
            241.76164383561644,
            233.44383561643835,
            172.36164383561655
        ],
        [
            108.65087568188343,
            123.73959230548378,
            60.77490668963591
        ],
        [
            156.44017190680842,
            139.1784664103144,
            78.82379552137351
        ],
        [
            43.393474555636715,
            53.84392500608717,
            30.59021183345446
        ],
        [
            182.07927558517,
            172.00700495472407,
            44.226037929267626
        ],
        [
            150.82445820433438,
            142.6185758513932,
            35.937151702786416
        ],
        [
            126.43811037928685,
            102.50488303429479,
            41.902112196230945
        ]
    ],
    "hex_colors": [
        "#000000",
        "#bcb261",
        "#564c1c",
        "#f1e9ac",
        "#6c7b3c",
        "#9c8b4e",
        "#2b351e",
        "#b6ac2c",
        "#968e23",
        "#7e6629"
    ],
    "hsl_color_values": [
        [
            0.13196229647927182,
            0.21347821310321463,
            0.055834048290233085
        ],
        [
            0.1478965395408707,
            0.4831067087191462,
            188.56150061500617
        ],
        [
            0.13574162232801298,
            0.6676192511083872,
            86.79184051923968
        ],
        [
            0.1466911426052399,
            0.28705959679521276,
            241.76164383561644
        ],
        [
            0.20660629440143033,
            0.5088483357889442,
            123.73959230548378
        ],
        [
            0.12960037924047074,
            0.4961409556087107,
            156.44017190680842
        ],
        [
            0.24156832769651024,
            0.4318725495959633,
            53.84392500608717
        ],
        [
            0.15448913786657242,
            0.7571055915774428,
            182.07927558517
        ],
        [
            0.1547624180558325,
            0.7617286206054233,
            150.82445820433438
        ],
        [
            0.1194811917222795,
            0.6685958682035525,
            126.43811037928685
        ]
    ]
}