{
    "rgb_colors": [
        [
            0.06338372249513924,
            0.05988214565501693,
            0.0535378510714537
        ],
        [
            176.78070616638598,
            153.7183381953495,
            121.23901015994439
        ],
        [
            140.0391847764868,
            118.53102128138875,
            85.22902826258367
        ],
        [
            112.24419642857194,
            89.89776785714325,
            58.07209821428581
        ],
        [
            150.48102926336944,
            129.24298688193952,
            97.63521695257221
        ],
        [
            41.884703196347026,
            36.297945205479444,
            27.897260273972595
        ],
        [
            189.18346804941672,
            165.64099435717176,
            131.38066188806079
        ],
        [
            88.20019249278117,
            67.3131215912737,
            38.495668912415795
        ],
        [
            163.74722618916957,
            141.20993079204695,
            109.59101395144343
        ],
        [
            128.7715044452125,
            106.2384251241204,
            72.63768617942563
        ]
    ],
    "hex_colors": [
        "#000000",
        "#b09979",
        "#8c7655",
        "#70593a",
        "#968161",
        "#29241b",
        "#bda583",
        "#584326",
        "#a38d6d",
        "#806a48"
    ],
    "hsl_color_values": [
        [
            0.10739348353160479,
            0.15533753834733507,
            0.06338372249513924
        ],
        [
            0.09746229820937362,
            0.31418415058352445,
            176.78070616638598
        ],
        [
            0.10126466558060186,
            0.3913915708762823,
            140.0391847764868
        ],
        [
            0.09791531893093154,
            0.48262716414705015,
            112.24419642857194
        ],
        [
            0.09968550817068667,
            0.351179232156283,
            150.48102926336944
        ],
        [
            0.10009793519954295,
            0.33395110517565624,
            41.884703196347026
        ],
        [
            0.09878509004526419,
            0.3055383578561803,
            189.18346804941672
        ],
        [
            0.09662920864826334,
            0.5635421213443892,
            88.20019249278117
        ],
        [
            0.09730775576218888,
            0.33073056257552713,
            163.74722618916957
        ],
        [
            0.0997638024716797,
            0.43591801235551875,
            128.7715044452125
        ]
    ]
}