{
    "rgb_colors": [
        [
            47.16210462287112,
            59.15480535279805,
            33.02022506082725
        ],
        [
            181.39849250393328,
            168.21262320881306,
            39.45100637786797
        ],
        [
            152.54422123662602,
            122.97273675971823,
            69.00978345943125
        ],
        [
            139.6223503740674,
            136.9312655860349,
            37.25826059850374
        ],
        [
            179.09653072033578,
            157.78667902542372,
            94.25039724576271
        ],
        [
            206.88540071464652,
            194.8050025523226,
            63.920367534456354
        ],
        [
            0.08827422991452494,
            0.08366675294900716,
            0.06289982620271317
        ],
        [
            106.28818770226519,
            95.06326860841423,
            38.64498381877023
        ],
        [
            207.8640983219114,
            193.40297801938075,
            132.0134719924368
        ],
        [
            227.18581907090518,
            221.01816276632903,
            198.25497729654208
        ]
    ],
    "hex_colors": [
        "#2f3b21",
        "#b5a827",
        "#987a45",
        "#8b8825",
        "#b39d5e",
        "#cec23f",
        "#000000",
        "#6a5f26",
        "#cfc184",
        "#e3ddc6"
    ],
    "hsl_color_values": [
        [
            0.2431470781620025,
            0.4417997850910792,
            59.15480535279805
        ],
        [
            0.15118456872681105,
            0.7825174518635399,
            181.39849250393328
        ],
        [
            0.10766608107229257,
            0.5476080122865911,
            152.54422123662602
        ],
        [
            0.1622851093029258,
            0.7331497392882748,
            139.6223503740674
        ],
        [
            0.12480686936410161,
            0.4737452653790523,
            179.09653072033578
        ],
        [
            0.1525835048687534,
            0.6910349047653652,
            206.88540071464652
        ],
        [
            0.1364033810222898,
            0.28744973177768357,
            0.08827422991452494
        ],
        [
            0.13900949282556122,
            0.6364131833066654,
            106.28818770226519
        ],
        [
            0.13489123073790793,
            0.3649048919068629,
            207.8640983219114
        ],
        [
            0.13113563285000585,
            0.12734439980751494,
            227.18581907090518
        ]
    ]
}