{
    "rgb_colors": [
        [
            25.55451201377475,
            25.19135947405494,
            33.17351490960301
        ],
        [
            168.82208058766338,
            156.72453278599977,
            135.36826185589106
        ],
        [
            134.76251263902932,
            128.3978766430738,
            117.5514408493411
        ],
        [
            52.28584508331807,
            50.636421900750776,
            53.363486540927084
        ],
        [
            105.8518720069656,
            101.53330430996952,
            93.85306922072184
        ],
        [
            201.40436966935388,
            195.6392101881061,
            183.93480546792117
        ],
        [
            0.28815185824318945,
            0.2657519255860876,
            0.2484532177299883
        ],
        [
            238.16377649325625,
            236.90687219010917,
            233.21130378933776
        ],
        [
            206.05923438549362,
            178.57501678979182,
            132.2402955003379
        ],
        [
            81.79393879952923,
            78.27510788544527,
            72.67732444095799
        ]
    ],
    "hex_colors": [
        "#191921",
        "#a89c87",
        "#868075",
        "#343235",
        "#69655d",
        "#c9c3b7",
        "#000000",
        "#eeece9",
        "#ceb284",
        "#514e48"
    ],
    "hsl_color_values": [
        [
            0.6742492580826505,
            0.24061832028650681,
            33.17351490960301
        ],
        [
            0.10639677690878917,
            0.19816020875539989,
            168.82208058766338
        ],
        [
            0.10503351104714649,
            0.1277140909044139,
            134.76251263902932
        ],
        [
            0.7674724413854658,
            0.05110356944321449,
            53.363486540927084
        ],
        [
            0.1066805750827744,
            0.11335465834231244,
            105.8518720069656
        ],
        [
            0.11166472715277219,
            0.08673875462638944,
            201.40436966935388
        ],
        [
            0.07262510601736649,
            0.1377698577244537,
            0.28815185824318945
        ],
        [
            0.12436778627934704,
            0.020794399454187023,
            238.16377649325625
        ],
        [
            0.10461344561260322,
            0.35824135280953223,
            206.05923438549362
        ],
        [
            0.10233666476605913,
            0.11145831209957224,
            81.79393879952923
        ]
    ]
}