{
    "rgb_colors": [
        [
            0.16458196740707365,
            0.15098388153299425,
            0.13099971901730356
        ],
        [
            242.4177756654031,
            227.06955006337614,
            197.54768694550515
        ],
        [
            192.2929387089219,
            176.75017478442948,
            151.345451720655
        ],
        [
            158.027612880018,
            143.69364993704193,
            120.50404749055741
        ],
        [
            225.34602419194601,
            209.7441007336892,
            181.429506246283
        ],
        [
            54.16463851109516,
            49.51467430207586,
            42.87043664996429
        ],
        [
            174.76038873995054,
            159.43230563003152,
            134.89862600536466
        ],
        [
            140.16365899191177,
            126.9943995021782,
            104.8194358016992
        ],
        [
            207.89718623015915,
            192.37606378900347,
            165.90837997393137
        ],
        [
            114.17621464829564,
            103.37998549673614,
            85.37309644670022
        ]
    ],
    "hex_colors": [
        "#000000",
        "#f2e3c5",
        "#c0b097",
        "#9e8f78",
        "#e1d1b5",
        "#36312a",
        "#ae9f86",
        "#8c7e68",
        "#cfc0a5",
        "#726755"
    ],
    "hsl_color_values": [
        [
            0.09918018930589885,
            0.20404573428575223,
            0.16458196740707365
        ],
        [
            0.10965680389803241,
            0.18509405342382915,
            242.4177756654031
        ],
        [
            0.1034036719235621,
            0.21294326907266217,
            192.2929387089219
        ],
        [
            0.10300017338347896,
            0.23744942232311167,
            158.027612880018
        ],
        [
            0.10745613044898528,
            0.19488481371322372,
            225.34602419194601
        ],
        [
            0.09804791481810078,
            0.20851614949516098,
            54.16463851109516
        ],
        [
            0.10257816823949402,
            0.22809380902614923,
            174.76038873995054
        ],
        [
            0.10456665757012888,
            0.2521639592203578,
            140.16365899191177
        ],
        [
            0.10505849127804313,
            0.20196909355830694,
            207.89718623015915
        ],
        [
            0.10419525254178041,
            0.25226898868840175,
            114.17621464829564
        ]
    ]
}