{
    "rgb_colors": [
        [
            0.02329733866167949,
            0.021863220250555315,
            0.01944279115224745
        ],
        [
            138.6607077036491,
            127.20457058606846,
            106.58698857353477
        ],
        [
            147.70009328358208,
            135.72356965174149,
            114.87810945274205
        ],
        [
            73.3768115942029,
            67.39420289855073,
            57.14782608695658
        ],
        [
            198.00632911392404,
            186.42405063291122,
            164.25316455696193
        ],
        [
            33.114754098360656,
            30.730679156908636,
            26.700234192037456
        ],
        [
            244.41129032258064,
            237.21774193548373,
            216.70161290322568
        ],
        [
            123.5901875901876,
            112.22691197691204,
            92.42460317460409
        ],
        [
            164.32115749525616,
            151.73339658444056,
            130.42125237191746
        ],
        [
            105.8975426905456,
            94.87463556851397,
            75.99583506872126
        ]
    ],
    "hex_colors": [
        "#000000",
        "#8a7f6a",
        "#938772",
        "#494339",
        "#c6baa4",
        "#211e1a",
        "#f4edd8",
        "#7b705c",
        "#a49782",
        "#695e4b"
    ],
    "hsl_color_values": [
        [
            0.10465686276556452,
            0.16545012138112458,
            0.02329733866167949
        ],
        [
            0.10713642701726074,
            0.2313107992976893,
            138.6607077036491
        ],
        [
            0.10585110834267898,
            0.2222204678491454,
            147.70009328358208
        ],
        [
            0.10522712389117084,
            0.22117321746000326,
            73.3768115942029
        ],
        [
            0.10947559222451336,
            0.17046507911139566,
            198.00632911392404
        ],
        [
            0.1047219179749294,
            0.19370579915134414,
            33.114754098360656
        ],
        [
            0.12339930151338703,
            0.11337314811759709,
            244.41129032258064
        ],
        [
            0.10589837675992335,
            0.2521687605081189,
            123.5901875901876
        ],
        [
            0.10477976332078559,
            0.2063027405604623,
            164.32115749525616
        ],
        [
            0.10522699204205116,
            0.2823645087705508,
            105.8975426905456
        ]
    ]
}