{
    "rgb_colors": [
        [
            0.04249040334395282,
            0.033481653968152614,
            0.020547787294377784
        ],
        [
            217.18279569892437,
            218.22580645161332,
            209.19139784946236
        ],
        [
            66.98323004010268,
            55.84032081662352,
            47.16186656944951
        ],
        [
            135.60538116591988,
            91.35127055306434,
            18.563527653213754
        ],
        [
            45.48442850154786,
            30.571661503342195,
            23.458503179520626
        ],
        [
            159.9421686746989,
            151.5542168674697,
            133.06867469879518
        ],
        [
            24.103654251581304,
            16.49191848208031,
            12.535137034434293
        ],
        [
            128.71978557504832,
            118.16764132553631,
            92.26218323586744
        ],
        [
            94.259740259741,
            86.20746753246728,
            68.11818181818182
        ],
        [
            191.4515905947472,
            187.00553250345482,
            168.55739972337483
        ]
    ],
    "hex_colors": [
        "#000000",
        "#d9dad1",
        "#42372f",
        "#875b12",
        "#2d1e17",
        "#9f9785",
        "#18100c",
        "#80765c",
        "#5e5644",
        "#bfbba8"
    ],
    "hsl_color_values": [
        [
            0.09824008407925848,
            0.5164134562798374,
            0.04249040334395282
        ],
        [
            0.1859081171149862,
            0.0413993594481418,
            218.22580645161332
        ],
        [
            0.07297222733124144,
            0.2959153128146579,
            66.98323004010268
        ],
        [
            0.10364916582589366,
            0.8631062610229283,
            135.60538116591988
        ],
        [
            0.05382413542090775,
            0.48425199673065433,
            45.48442850154786
        ],
        [
            0.11464544571471115,
            0.16802006749427564,
            159.9421686746989
        ],
        [
            0.05700502166606142,
            0.4799486872986517,
            24.103654251581304
        ],
        [
            0.1184273257497808,
            0.2832323109948375,
            128.71978557504832
        ],
        [
            0.11532904433072855,
            0.27733535409204196,
            94.259740259741
        ],
        [
            0.1342999546895841,
            0.11958213979968105,
            191.4515905947472
        ]
    ]
}