{
    "rgb_colors": [
        [
            0.0818398735139354,
            0.07725168894048373,
            0.06770159551983213
        ],
        [
            102.9622093023258,
            108.42275747508339,
            106.70598006644455
        ],
        [
            25.53500120279018,
            56.794082270867534,
            77.66995429396154
        ],
        [
            184.6391394864674,
            170.9090909090908,
            149.24635669673927
        ],
        [
            16.90362694300513,
            90.4469775474977,
            132.78307426597647
        ],
        [
            58.49323439546004,
            45.193365342645166,
            27.232213007420256
        ],
        [
            145.16261879619867,
            135.57708553326242,
            120.3305174234434
        ],
        [
            121.43872437357683,
            74.12710706150325,
            28.26697038724386
        ],
        [
            85.21913673407852,
            84.4515544823417,
            59.99094476305473
        ],
        [
            153.9660124461455,
            113.35136428913246,
            59.38343705122026
        ]
    ],
    "hex_colors": [
        "#000000",
        "#666c6a",
        "#19384d",
        "#b8aa95",
        "#105a84",
        "#3a2d1b",
        "#918778",
        "#794a1c",
        "#55543b",
        "#99713b"
    ],
    "hsl_color_values": [
        [
            0.11257963929122901,
            0.1727553744532103,
            0.0818398735139354
        ],
        [
            0.44760057799069347,
            0.05036348733348228,
            108.42275747508339
        ],
        [
            0.566736647825587,
            0.671237077002176,
            77.66995429396154
        ],
        [
            0.10201107167833189,
            0.19168624208369506,
            184.6391394864674
        ],
        [
            0.5608910059786565,
            0.8726974274662023,
            132.78307426597647
        ],
        [
            0.09575903973340583,
            0.5344382424929833,
            58.49323439546004
        ],
        [
            0.10233103702443073,
            0.1710640217067064,
            145.16261879619867
        ],
        [
            0.08203512100349364,
            0.7672326473037763,
            121.43872437357683
        ],
        [
            0.16159573746823638,
            0.2960390463675657,
            85.21913673407852
        ],
        [
            0.09509843120781247,
            0.6143081443250893,
            153.9660124461455
        ]
    ]
}