{
    "rgb_colors": [
        [
            0.09049696411186403,
            0.08523525346135585,
            0.07410985676938253
        ],
        [
            224.89080974561088,
            211.41669652454317,
            184.23432461483222
        ],
        [
            148.43473570658034,
            137.58549083063645,
            113.81256742178974
        ],
        [
            200.72703739213804,
            188.24899328859058,
            161.322339405559
        ],
        [
            169.9636652963798,
            158.1636387746983,
            131.74990054369567
        ],
        [
            55.56585365853658,
            51.982926829268294,
            44.86341463414634
        ],
        [
            186.93606250687796,
            174.77726422361616,
            148.0761527456828
        ],
        [
            238.25170824725888,
            224.77355792150007,
            197.40505323375115
        ],
        [
            116.11453449430675,
            107.37240455458807,
            88.66443402545192
        ],
        [
            213.0783326096396,
            199.95006513243595,
            172.751801997391
        ]
    ],
    "hex_colors": [
        "#000000",
        "#e0d3b8",
        "#948971",
        "#c8bca1",
        "#a99e83",
        "#37332c",
        "#baae94",
        "#eee0c5",
        "#746b58",
        "#d5c7ac"
    ],
    "hsl_color_values": [
        [
            0.11315192750270757,
            0.18107908373838114,
            0.09049696411186403
        ],
        [
            0.11143106207318103,
            0.1807832217633435,
            224.89080974561088
        ],
        [
            0.11443979674765233,
            0.23324842477053537,
            148.43473570658034
        ],
        [
            0.11388935524135813,
            0.1963098668646141,
            200.72703739213804
        ],
        [
            0.11520167493724608,
            0.22483490624921268,
            169.9636652963798
        ],
        [
            0.11087055606198731,
            0.19260819945571067,
            55.56585365853658
        ],
        [
            0.11451867165080513,
            0.20787808002410116,
            186.93606250687796
        ],
        [
            0.11167175002334273,
            0.1714432828792852,
            238.25170824725888
        ],
        [
            0.11358774776533398,
            0.23640537843434872,
            116.11453449430675
        ],
        [
            0.11240847618227734,
            0.1892568339462604,
            213.0783326096396
        ]
    ]
}