{
    "rgb_colors": [
        [
            63.98858647936939,
            60.097161252559346,
            54.26573017266495
        ],
        [
            3.17133186166142,
            2.9582339955862,
            2.6160706401771403
        ],
        [
            50.1167371953897,
            46.99518459068928,
            42.224281336640104
        ],
        [
            18.492825455101766,
            17.316077711488436,
            15.47156187853752
        ],
        [
            39.96768841839294,
            37.466582398481954,
            33.63769947858976
        ],
        [
            7.901136586322126,
            7.345711672872099,
            6.528055392253254
        ],
        [
            31.62368337057182,
            29.599744653686265,
            26.55314395148425
        ],
        [
            24.400347530914374,
            22.822718823243864,
            20.389517497777128
        ],
        [
            12.812470312548996,
            11.989518350803259,
            10.70043383261061
        ],
        [
            81.04847537138318,
            76.17200938233061,
            68.45895230648998
        ]
    ],
    "hex_colors": [
        "#3f3c36",
        "#030202",
        "#322e2a",
        "#12110f",
        "#272521",
        "#070706",
        "#1f1d1a",
        "#181614",
        "#0c0b0a",
        "#514c44"
    ],
    "hsl_color_values": [
        [
            0.09996087048126152,
            0.15194672740331888,
            63.98858647936939
        ],
        [
            0.10270341903054092,
            0.1750877062715806,
            3.17133186166142
        ],
        [
            0.10074817731923362,
            0.1574814383462225,
            50.1167371953897
        ],
        [
            0.10175189873417595,
            0.16337490362949086,
            18.492825455101766
        ],
        [
            0.10081331253245569,
            0.15837765931166908,
            39.96768841839294
        ],
        [
            0.09924835279840856,
            0.17378274366827812,
            7.901136586322126
        ],
        [
            0.10014058500144886,
            0.16033993762428317,
            31.62368337057182
        ],
        [
            0.10110963339108396,
            0.16437593882856247,
            24.400347530914374
        ],
        [
            0.10172524089405999,
            0.16484225355587992,
            12.812470312548996
        ],
        [
            0.1021094688030592,
            0.15533324972746304,
            81.04847537138318
        ]
    ]
}