{
    "rgb_colors": [
        [
            0.04889025129954305,
            0.044748667842348766,
            0.03652420054878647
        ],
        [
            176.44540895061726,
            171.7314814814864,
            154.87866512345965
        ],
        [
            115.27891364052486,
            102.60573695452995,
            75.17088800732351
        ],
        [
            146.6469714474336,
            130.3928040930921,
            96.64622875062656
        ],
        [
            166.65436017373872,
            157.2905111927873,
            132.09087871700515
        ],
        [
            160.0825519396948,
            144.70785070784757,
            109.18091560948724
        ],
        [
            228.71847507331378,
            226.6334310850448,
            218.25806451612985
        ],
        [
            36.50942622950819,
            31.79672131147541,
            19.291803278688615
        ],
        [
            70.92653758542141,
            64.91343963553487,
            49.15489749430511
        ],
        [
            188.81668215613382,
            188.10315985130322,
            180.4191449814147
        ]
    ],
    "hex_colors": [
        "#000000",
        "#b0ab9a",
        "#73664b",
        "#928260",
        "#a69d84",
        "#a0906d",
        "#e4e2da",
        "#241f13",
        "#464031",
        "#bcbcb4"
    ],
    "hsl_color_values": [
        [
            0.11084739797329267,
            0.25293489851364626,
            0.04889025129954305
        ],
        [
            0.13023768209278067,
            0.1222289883053495,
            176.44540895061726
        ],
        [
            0.11400398679184347,
            0.34792161347278583,
            115.27891364052486
        ],
        [
            0.11248691360145385,
            0.34095994075629493,
            146.6469714474336
        ],
        [
            0.12151376449797624,
            0.20739620265980932,
            166.65436017373872
        ],
        [
            0.11632545192290433,
            0.3179711699585029,
            160.0825519396948
        ],
        [
            0.13344547238576876,
            0.04573487364250281,
            228.71847507331378
        ],
        [
            0.12104766212023814,
            0.4715939068060098,
            36.50942622950819
        ],
        [
            0.12063508670973509,
            0.30696042457867495,
            70.92653758542141
        ],
        [
            0.15250532606594328,
            0.04447455107687546,
            188.81668215613382
        ]
    ]
}