{
    "rgb_colors": [
        [
            0.0431216364125131,
            0.03649317974118027,
            0.04207800706508458
        ],
        [
            127.3588026782167,
            61.10831035840882,
            38.9165025600622
        ],
        [
            233.62971698113168,
            232.46462264150944,
            227.24528301886758
        ],
        [
            18.466006772597122,
            58.959103933315966,
            90.71112268820104
        ],
        [
            60.93369313801026,
            67.78681572860447,
            76.61410948342338
        ],
        [
            92.58174523570683,
            41.12988966900702,
            21.31895687061209
        ],
        [
            24.175681716584506,
            30.308448815377737,
            41.89137237371433
        ],
        [
            83.43388271368416,
            94.82100421617479,
            107.60981218857799
        ],
        [
            161.12032355915048,
            162.23963599595552,
            158.5945399393326
        ],
        [
            124.50826641473805,
            122.59518186112425,
            124.86443079829958
        ]
    ],
    "hex_colors": [
        "#000000",
        "#7f3d26",
        "#e9e8e3",
        "#123a5a",
        "#3c434c",
        "#5c2915",
        "#181e29",
        "#535e6b",
        "#a1a29e",
        "#7c7a7c"
    ],
    "hsl_color_values": [
        [
            0.8595744680643906,
            0.153715332320027,
            0.0431216364125131
        ],
        [
            0.041819747203731474,
            0.6944341361437875,
            127.3588026782167
        ],
        [
            0.1362516931412489,
            0.027327148467074996,
            233.62971698113168
        ],
        [
            0.5732506697338025,
            0.7964306225591558,
            90.71112268820104
        ],
        [
            0.593825035853306,
            0.2046674751052978,
            76.61410948342338
        ],
        [
            0.0463330471458662,
            0.7697282891315617,
            92.58174523570683
        ],
        [
            0.6089704769114279,
            0.4228959247046757,
            41.89137237371433
        ],
        [
            0.5881648830757062,
            0.22466287212291908,
            107.60981218857799
        ],
        [
            0.21784558483588393,
            0.022467358449409905,
            162.23963599595552
        ],
        [
            0.8071745767416133,
            0.018173701851418176,
            124.86443079829958
        ]
    ]
}