{
    "rgb_colors": [
        [
            86.78914967295101,
            55.70604078491739,
            27.460946517891514
        ],
        [
            174.3596345514919,
            157.72558139535258,
            134.0918604651131
        ],
        [
            212.55919395465548,
            188.0530292986909,
            160.09492244464897
        ],
        [
            118.59071381361443,
            95.77395902181209,
            70.39920687376085
        ],
        [
            178.0359447004602,
            72.52119815668222,
            55.59999999999977
        ],
        [
            141.30996162455705,
            125.44115765910084,
            104.0246242404853
        ],
        [
            150.21243291592228,
            17.695885509838508,
            9.662343470483332
        ],
        [
            243.53452740612562,
            228.59085023737856,
            201.57099697885053
        ],
        [
            0.1249794276779923,
            0.1117344419759192,
            0.0912050718811237
        ],
        [
            221.38125000000144,
            131.9084821428581,
            103.47767857142804
        ]
    ],
    "hex_colors": [
        "#56371b",
        "#ae9d86",
        "#d4bca0",
        "#765f46",
        "#b24837",
        "#8d7d68",
        "#961109",
        "#f3e4c9",
        "#000000",
        "#dd8367"
    ],
    "hsl_color_values": [
        [
            0.0793470130701156,
            0.6835900959812021,
            86.78914967295101
        ],
        [
            0.09781900235964769,
            0.23094665339234194,
            174.3596345514919
        ],
        [
            0.08881633808228732,
            0.24682193479336648,
            212.55919395465548
        ],
        [
            0.08775665312327313,
            0.40636830144723446,
            118.59071381361443
        ],
        [
            0.02303408283964344,
            0.6877035135037197,
            178.0359447004602
        ],
        [
            0.09573259857267047,
            0.26385498202267044,
            141.30996162455705
        ],
        [
            0.009526309648814771,
            0.9356754745068833,
            150.21243291592228
        ],
        [
            0.10731482386177682,
            0.17231039423537436,
            243.53452740612562
        ],
        [
            0.1013064972443722,
            0.2702393219777558,
            0.1249794276779923
        ],
        [
            0.040189344601623024,
            0.532581559768827,
            221.38125000000144
        ]
    ]
}