{
    "rgb_colors": [
        [
            30.817727840199744,
            26.861423220973784,
            20.425717852684155
        ],
        [
            130.52338196782762,
            108.87065095398428,
            76.63496071829637
        ],
        [
            83.54153661464872,
            66.6732292917167,
            39.22629051620693
        ],
        [
            144.57084442754322,
            121.64872575123621,
            88.17896538608224
        ],
        [
            114.58805684177148,
            93.01405077438926,
            61.36883282771947
        ],
        [
            97.31868512110952,
            78.04106113033448,
            48.305997693195565
        ],
        [
            0.055141248127505094,
            0.04933327195445969,
            0.03962773710620837
        ],
        [
            174.32370705926564,
            148.50132125330313,
            113.79558323895482
        ],
        [
            67.09768315591589,
            52.109580463368815,
            27.970152369025044
        ],
        [
            158.1282427353562,
            133.02566688055734,
            100.00064167201752
        ]
    ],
    "hex_colors": [
        "#1e1a14",
        "#826c4c",
        "#534227",
        "#907958",
        "#725d3d",
        "#614e30",
        "#000000",
        "#ae9471",
        "#43341b",
        "#9e8564"
    ],
    "hsl_color_values": [
        [
            0.1032156014736505,
            0.3372088312740526,
            30.817727840199744
        ],
        [
            0.09969887620947983,
            0.4128641201069558,
            130.52338196782762
        ],
        [
            0.1032260948242628,
            0.5304576369339999,
            83.54153661464872
        ],
        [
            0.09892015462174975,
            0.3900639804986666,
            144.57084442754322
        ],
        [
            0.09910334261392144,
            0.464439536552571,
            114.58805684177148
        ],
        [
            0.10111349053199115,
            0.5036308019053019,
            97.31868512110952
        ],
        [
            0.10426970007979604,
            0.2813413106903977,
            0.055141248127505094
        ],
        [
            0.09556367030687767,
            0.3472168234681517,
            174.32370705926564
        ],
        [
            0.1028237135033293,
            0.5831427993716208,
            67.09768315591589
        ],
        [
            0.0946911754037872,
            0.36759784373637266,
            158.1282427353562
        ]
    ]
}