{
    "rgb_colors": [
        [
            0.049335096141504664,
            0.048244037686444585,
            0.04002900932134423
        ],
        [
            156.29708826205643,
            135.0884137094328,
            74.54670912950981
        ],
        [
            137.9369411764706,
            97.67552941176471,
            41.678588235295244
        ],
        [
            247.2067469879518,
            245.8313253012048,
            211.0930120481939
        ],
        [
            91.7162201942891,
            77.48984397998234,
            28.990874300853683
        ],
        [
            193.32889923511806,
            182.3555038244097,
            76.0924509477876
        ],
        [
            40.72804133395961,
            54.324095819633634,
            31.55472052606858
        ],
        [
            208.36363636363637,
            201.94573283858998,
            130.73283858998087
        ],
        [
            114.7608938547486,
            124.9594972067039,
            59.52625698323999
        ],
        [
            179.31421152030217,
            168.44924457034938,
            41.24893767705443
        ]
    ],
    "hex_colors": [
        "#000000",
        "#9c874a",
        "#896129",
        "#f7f5d3",
        "#5b4d1c",
        "#c1b64c",
        "#28361f",
        "#d0c982",
        "#727c3b",
        "#b3a829"
    ],
    "hsl_color_values": [
        [
            0.1471264367765471,
            0.1886301547577486,
            0.049335096141504664
        ],
        [
            0.12342797921822322,
            0.5230447991166628,
            156.29708826205643
        ],
        [
            0.09695598609624016,
            0.697843174715804,
            137.9369411764706
        ],
        [
            0.16031902779260504,
            0.146087173508731,
            247.2067469879518
        ],
        [
            0.12886595519011815,
            0.6839067916292209,
            91.7162201942891
        ],
        [
            0.15106657589425024,
            0.6064093301682366,
            193.32889923511806
        ],
        [
            0.2661867040734934,
            0.419139517188905,
            54.324095819633634
        ],
        [
            0.15288797807677915,
            0.37257363678455957,
            208.36363636363637
        ],
        [
            0.1926437880734766,
            0.5236355914206856,
            124.9594972067039
        ],
        [
            0.15355092963457231,
            0.7699628081492905,
            179.31421152030217
        ]
    ]
}