{
    "rgb_colors": [
        [
            0.039195318132021484,
            0.037509436961315146,
            0.03431364201644449
        ],
        [
            249.4295403165034,
            248.0708364732505,
            240.81763376035926
        ],
        [
            221.40122914837576,
            213.87796312554974,
            201.1834942932392
        ],
        [
            76.40905602455871,
            74.23637759017694,
            67.8864159631616
        ],
        [
            166.42720588235295,
            156.99632352941353,
            143.71507352941077
        ],
        [
            40.01394422310757,
            38.69920318725109,
            35.05776892430272
        ],
        [
            102.13730684326711,
            99.97527593818891,
            93.75055187638051
        ],
        [
            143.86886757654003,
            136.8345628919199,
            126.21984507561922
        ],
        [
            190.70048309178745,
            182.20772946860015,
            169.44582470669374
        ],
        [
            124.24435695538058,
            120.32388451443674,
            111.52440944881651
        ]
    ],
    "hex_colors": [
        "#000000",
        "#f9f8f0",
        "#ddd5c9",
        "#4c4a43",
        "#a69c8f",
        "#282623",
        "#66635d",
        "#8f887e",
        "#beb6a9",
        "#7c786f"
    ],
    "hsl_color_values": [
        [
            0.10910852711268433,
            0.12454742934179172,
            0.039195318132021484
        ],
        [
            0.1403716019134862,
            0.034526409924086815,
            249.4295403165034
        ],
        [
            0.10464796479648954,
            0.09131717530613759,
            221.40122914837576
        ],
        [
            0.12417829806394524,
            0.11153965910346861,
            76.40905602455871
        ],
        [
            0.09746075939806591,
            0.13646886777031716,
            166.42720588235295
        ],
        [
            0.12245444801715281,
            0.12386120376362997,
            40.01394422310757
        ],
        [
            0.12370148101352396,
            0.08211255246583246,
            102.13730684326711
        ],
        [
            0.10023895861415615,
            0.12267436866792121,
            143.86886757654003
        ],
        [
            0.10007143320995908,
            0.11145571338098535,
            190.70048309178745
        ],
        [
            0.11529758097244901,
            0.10237847269902275,
            124.24435695538058
        ]
    ]
}