{
    "rgb_colors": [
        [
            0.1704104511075908,
            0.15023766105215586,
            0.13219933634520942
        ],
        [
            135.66223207686622,
            127.54397634885348,
            112.91500369549216
        ],
        [
            76.71180686533384,
            72.03432666918096,
            63.4786872878161
        ],
        [
            204.63142292490116,
            195.32015810276607,
            177.95355731225348
        ],
        [
            31.286351706036744,
            29.739632545932324,
            26.653280839894613
        ],
        [
            105.3837037037037,
            97.92237037037087,
            84.8391111111112
        ],
        [
            167.0395290159798,
            158.32968881412822,
            142.2371740958802
        ],
        [
            12.45526481431526,
            11.591223810808284,
            10.202050175343773
        ],
        [
            239.0621707060063,
            229.69230769230603,
            209.2729188619602
        ],
        [
            54.12533967391304,
            51.37126358695643,
            46.01664402173879
        ]
    ],
    "hex_colors": [
        "#000000",
        "#877f70",
        "#4c483f",
        "#ccc3b1",
        "#1f1d1a",
        "#696154",
        "#a79e8e",
        "#0c0b0a",
        "#efe5d1",
        "#36332e"
    ],
    "hsl_color_values": [
        [
            0.07867834973811105,
            0.22422987859034715,
            0.1704104511075908
        ],
        [
            0.10718501911599809,
            0.1676754689432316,
            135.66223207686622
        ],
        [
            0.10775538515625045,
            0.17250433953078745,
            76.71180686533384
        ],
        [
            0.10849569103883683,
            0.13037032744691582,
            204.63142292490116
        ],
        [
            0.11102613490447415,
            0.14808600598989538,
            31.286351706036744
        ],
        [
            0.10613708692684527,
            0.19495037534793408,
            105.3837037037037
        ],
        [
            0.10813835198371151,
            0.14848194954936028,
            167.0395290159798
        ],
        [
            0.10275494186819678,
            0.18090459517021193,
            12.45526481431526
        ],
        [
            0.11424360334865209,
            0.12460880680565856,
            239.0621707060063
        ],
        [
            0.1100592046470068,
            0.1498132981894693,
            54.12533967391304
        ]
    ]
}