{
    "rgb_colors": [
        [
            27.663372452130986,
            26.006176652254517,
            24.218653489808524
        ],
        [
            166.34557099044136,
            160.47916290817548,
            143.99558001082445
        ],
        [
            113.15933232169942,
            108.62013151239233,
            96.39251390996459
        ],
        [
            62.704625371922646,
            56.63538003786796,
            55.4944549634839
        ],
        [
            180.19191919192147,
            172.7175602175618,
            153.03496503496504
        ],
        [
            136.05961820851417,
            130.92276064610613,
            115.88105726872247
        ],
        [
            81.10813648293953,
            82.35275590551151,
            81.44199475065616
        ],
        [
            157.7749889483951,
            152.9283363623139,
            136.39579547129034
        ],
        [
            0.10847543700459283,
            0.10306970652832348,
            0.09560592291655468
        ],
        [
            216.27272727272677,
            205.4999999999996,
            181.28787878787878
        ]
    ],
    "hex_colors": [
        "#1b1a18",
        "#a6a08f",
        "#716c60",
        "#3e3837",
        "#b4ac99",
        "#888273",
        "#515251",
        "#9d9888",
        "#000000",
        "#d8cdb5"
    ],
    "hsl_color_values": [
        [
            0.08648616340924119,
            0.12452274097394461,
            27.663372452130986
        ],
        [
            0.12292013087301305,
            0.13435879805240616,
            166.34557099044136
        ],
        [
            0.12154579461807559,
            0.14817000125158594,
            113.15933232169942
        ],
        [
            0.026373049219676443,
            0.11498626083279738,
            62.704625371922646
        ],
        [
            0.12079530390165243,
            0.15071127650309168,
            180.19191919192147
        ],
        [
            0.12423832256311314,
            0.1483067585039643,
            136.05961820851417
        ],
        [
            0.3780402080697518,
            0.01511326984612411,
            82.35275590551151
        ],
        [
            0.12888341577469123,
            0.13550432561968012,
            157.7749889483951
        ],
        [
            0.09665974385552205,
            0.11863989160507614,
            0.10847543700459283
        ],
        [
            0.11534574852028272,
            0.16176264536920082,
            216.27272727272677
        ]
    ]
}