{
    "rgb_colors": [
        [
            0.002521648841217583,
            0.002209639552623016,
            0.0020152731104257082
        ],
        [
            105.0,
            96.66666666666666,
            84.66666666666666
        ],
        [
            15.735849056603774,
            13.798742138364776,
            10.528301886792454
        ],
        [
            58.2713178294574,
            51.65116279069763,
            39.333333333333336
        ],
        [
            36.00000000000001,
            31.98561151079137,
            23.79136690647482
        ],
        [
            5.454081632653055,
            5.056122448979598,
            4.311224489795918
        ],
        [
            67.64347826086961,
            61.0347826086956,
            49.15652173913043
        ],
        [
            47.49264705882353,
            41.83823529411762,
            31.15441176470588
        ],
        [
            26.28742514970061,
            23.05389221556886,
            16.850299401197606
        ],
        [
            78.63157894736841,
            71.59649122807019,
            59.73684210526316
        ]
    ],
    "hex_colors": [
        "#000000",
        "#696054",
        "#0f0d0a",
        "#3a3327",
        "#241f17",
        "#050504",
        "#433d31",
        "#2f291f",
        "#1a1710",
        "#4e473b"
    ],
    "hsl_color_values": [
        [
            0.06397306399780651,
            0.20081135902625138,
            0.002521648841217583
        ],
        [
            0.09836065573770487,
            0.19365079365079374,
            105.0
        ],
        [
            0.1046698872785828,
            0.33093525179856115,
            15.735849056603774
        ],
        [
            0.1084049665711551,
            0.32499667420513545,
            58.2713178294574
        ],
        [
            0.11186407385582396,
            0.3391286970423662,
            36.00000000000001
        ],
        [
            0.10863095238095388,
            0.20954162768942855,
            5.454081632653055
        ],
        [
            0.10708686108497888,
            0.27329991001414117,
            67.64347826086961
        ],
        [
            0.10898589858985869,
            0.3440161015637096,
            47.49264705882353
        ],
        [
            0.10956006768189493,
            0.3589977220956722,
            26.28742514970061
        ],
        [
            0.10461157536366472,
            0.24029451137884864,
            78.63157894736841
        ]
    ]
}