{
    "rgb_colors": [
        [
            0.045742325496313185,
            0.04616523209054435,
            0.04621498582848105
        ],
        [
            88.51447022243772,
            116.03587658455076,
            96.13944032528299
        ],
        [
            125.82490931076323,
            141.89431680773657,
            126.83821039903421
        ],
        [
            227.8740157480321,
            238.74015748031454,
            225.9317585301844
        ],
        [
            77.21290322580558,
            98.98794567062654,
            83.76298811544999
        ],
        [
            152.053974484788,
            157.7782139352314,
            145.012430487405
        ],
        [
            56.21530100334475,
            72.61831103678873,
            71.27884615384649
        ],
        [
            25.18959372772633,
            34.64647184604424,
            43.37776193870293
        ],
        [
            105.04950191571031,
            125.21486590038216,
            109.20413793103619
        ],
        [
            188.76954508308344,
            183.9536910923449,
            169.34159629528867
        ]
    ],
    "hex_colors": [
        "#000000",
        "#587460",
        "#7d8d7e",
        "#e3eee1",
        "#4d6253",
        "#989d91",
        "#384847",
        "#19222b",
        "#697d6d",
        "#bcb7a9"
    ],
    "hsl_color_values": [
        [
            0.5175438662645616,
            0.010227425664957678,
            0.04621498582848105
        ],
        [
            0.3795093293472463,
            0.23718014783177235,
            116.03587658455076
        ],
        [
            0.3438429625616443,
            0.11324912694528144,
            141.89431680773657
        ],
        [
            0.30806010928961625,
            0.05364995602462173,
            238.74015748031454
        ],
        [
            0.38346783101374465,
            0.21997670824764318,
            98.98794567062654
        ],
        [
            0.24140081144566775,
            0.08090967142692344,
            157.7782139352314
        ],
        [
            0.48639004995413226,
            0.22587980633609264,
            72.61831103678873
        ],
        [
            0.5800088826188055,
            0.4192970637046301,
            43.37776193870293
        ],
        [
            0.36767138626478474,
            0.16104608538026882,
            125.21486590038216
        ],
        [
            0.12535286969526435,
            0.10291887274106595,
            188.76954508308344
        ]
    ]
}