{
    "rgb_colors": [
        [
            0.027802357266642375,
            0.02714755955119763,
            0.026156514352457805
        ],
        [
            134.52824541713625,
            132.40366629255516,
            125.84511784511784
        ],
        [
            46.3804809052336,
            50.594295143800096,
            73.6020744931636
        ],
        [
            32.61778425655963,
            38.967346938775506,
            66.4390670553936
        ],
        [
            41.40331974373971,
            41.85381479324403,
            49.65899825276645
        ],
        [
            62.43558065654824,
            63.17366749029298,
            70.8023296858454
        ],
        [
            105.49529875644674,
            104.01455868971793,
            100.1807703973309
        ],
        [
            150.36342412451268,
            149.27003891050583,
            142.63268482490273
        ],
        [
            82.30543099152946,
            82.79222720478326,
            86.02840059790732
        ],
        [
            121.98765749550276,
            120.21547955772692,
            113.43661609668295
        ]
    ],
    "hex_colors": [
        "#000000",
        "#86847d",
        "#2e3249",
        "#202642",
        "#292931",
        "#3e3f46",
        "#696864",
        "#96958e",
        "#525256",
        "#797871"
    ],
    "hsl_color_values": [
        [
            0.10035842325317317,
            0.05919796290652208,
            0.027802357266642375
        ],
        [
            0.12588683038917148,
            0.06454501465543047,
            134.52824541713625
        ],
        [
            0.6408672082027134,
            0.3698481839728367,
            73.6020744931636
        ],
        [
            0.6353768881762877,
            0.509057160159029,
            66.4390670553936
        ],
        [
            0.6575720164609175,
            0.16624738314303045,
            49.65899825276645
        ],
        [
            0.6519638864278857,
            0.1181705328966006,
            70.8023296858454
        ],
        [
            0.12022980633866448,
            0.05037692126343282,
            105.49529875644674
        ],
        [
            0.14309442319309165,
            0.051413695482275625,
            150.36342412451268
        ],
        [
            0.6448741970021342,
            0.043276052797713196,
            86.02840059790732
        ],
        [
            0.13212549491300501,
            0.07009759490737866,
            121.98765749550276
        ]
    ]
}