{
    "rgb_colors": [
        [
            37.17902813299226,
            45.58567774936061,
            25.316624040920733
        ],
        [
            159.3235697940556,
            157.334706331045,
            137.0466819222
        ],
        [
            96.52265324252235,
            99.27864968907313,
            73.364524726089
        ],
        [
            177.27170563712636,
            176.1031357621896,
            157.9769802428888
        ],
        [
            120.18141592920453,
            119.03581963758955,
            98.36114622840046
        ],
        [
            70.00941750959214,
            78.75340076735263,
            47.11056853854187
        ],
        [
            196.55027422303542,
            196.34613040828762,
            181.88320130002256
        ],
        [
            139.32341526520085,
            137.9909443725744,
            118.64479763444683
        ],
        [
            0.05490741664710441,
            0.05657940706727871,
            0.04690307445635611
        ],
        [
            155.16615067079445,
            153.05675954592363,
            53.79050567595446
        ]
    ],
    "hex_colors": [
        "#252d19",
        "#9f9d89",
        "#606349",
        "#b1b09d",
        "#787762",
        "#464e2f",
        "#c4c4b5",
        "#8b8976",
        "#000000",
        "#9b9935"
    ],
    "hsl_color_values": [
        [
            0.23579215666481668,
            0.44463644524236945,
            45.58567774936061
        ],
        [
            0.1517867944986209,
            0.13982167171279858,
            159.3235697940556
        ],
        [
            0.18439185483134177,
            0.26102414813400016,
            99.27864968907313
        ],
        [
            0.15657263102514568,
            0.10884266795364228,
            177.27170563712636
        ],
        [
            0.15791642123490982,
            0.18156109688088362,
            120.18141592920453
        ],
        [
            0.2127222957084053,
            0.4017963912731545,
            78.75340076735263
        ],
        [
            0.16434691484548028,
            0.07462250043146412,
            196.55027422303542
        ],
        [
            0.15592714403174332,
            0.14842169631997937,
            139.32341526520085
        ],
        [
            0.1954652912317724,
            0.17102216358358882,
            0.05657940706727871
        ],
        [
            0.16319872140726668,
            0.653336082364522,
            155.16615067079445
        ]
    ]
}