{
    "rgb_colors": [
        [
            144.72661453808308,
            128.10618785596932,
            95.33034076648264
        ],
        [
            231.80014437731336,
            221.623576279351,
            211.5242767766533
        ],
        [
            105.48364008180246,
            91.50102249489056,
            66.70552147239601
        ],
        [
            186.785286689739,
            179.64381255261435,
            171.4608549247019
        ],
        [
            205.24991130907924,
            194.1707595884747,
            181.6943907919124
        ],
        [
            119.76920619709382,
            117.84714901773086,
            119.5588564127144
        ],
        [
            219.31786765208906,
            209.26206117840172,
            197.41226989666785
        ],
        [
            168.35153316645983,
            163.16916979557666,
            155.05486024196892
        ],
        [
            131.0608840280197,
            112.80056448767276,
            75.98372057860023
        ],
        [
            147.47485838170664,
            139.7117280928746,
            129.86509546122056
        ]
    ],
    "hex_colors": [
        "#90805f",
        "#e7ddd3",
        "#695b42",
        "#bab3ab",
        "#cdc2b5",
        "#777577",
        "#dbd1c5",
        "#a8a39b",
        "#83704b",
        "#938b81"
    ],
    "hsl_color_values": [
        [
            0.11058812263531036,
            0.3413074639329894,
            144.72661453808308
        ],
        [
            0.08301576124555848,
            0.08747133292400354,
            231.80014437731336
        ],
        [
            0.10656998461876503,
            0.36762211257910754,
            105.48364008180246
        ],
        [
            0.08899685758204301,
            0.0820430347412313,
            186.785286689739
        ],
        [
            0.08827632562445925,
            0.11476507038142066,
            205.24991130907924
        ],
        [
            0.8515733200376774,
            0.016048008001322167,
            119.76920619709382
        ],
        [
            0.09015801511892303,
            0.09988058879986358,
            219.31786765208906
        ],
        [
            0.10170852011485942,
            0.07898159686697741,
            168.35153316645983
        ],
        [
            0.11140988873087591,
            0.4202410494777713,
            131.0608840280197
        ],
        [
            0.09319293201272176,
            0.11940857657857198,
            147.47485838170664
        ]
    ]
}