{
    "rgb_colors": [
        [
            0.02066404863019411,
            0.018455079063355306,
            0.015499342008457484
        ],
        [
            102.54537037037096,
            39.14259259259259,
            31.312962962963248
        ],
        [
            135.45264452644568,
            111.6949569495695,
            36.16113161131625
        ],
        [
            143.67398119122282,
            114.92163009404388,
            97.82445141065857
        ],
        [
            106.65149700598737,
            85.52095808383234,
            28.451497005987857
        ],
        [
            40.97875816993457,
            30.64869281045752,
            24.178104575163367
        ],
        [
            198.10169491525417,
            148.44915254237287,
            118.50847457627127
        ],
        [
            172.70921985815582,
            142.0709219858156,
            60.12056737588632
        ],
        [
            117.25269978401758,
            86.64794816414687,
            63.38660907127414
        ],
        [
            72.80808080808107,
            53.23905723905724,
            36.63131313131306
        ]
    ],
    "hex_colors": [
        "#000000",
        "#66271f",
        "#876f24",
        "#8f7261",
        "#6a551c",
        "#281e18",
        "#c69476",
        "#ac8e3c",
        "#75563f",
        "#483524"
    ],
    "hsl_color_values": [
        [
            0.09538254126762512,
            0.2499368209088516,
            0.02066404863019411
        ],
        [
            0.018319446430350272,
            0.6946428410188796,
            102.54537037037096
        ],
        [
            0.1267879853988069,
            0.7330348791805524,
            135.45264452644568
        ],
        [
            0.06214959660877791,
            0.3191220108221324,
            143.67398119122282
        ],
        [
            0.12163141747196256,
            0.7332292766186806,
            106.65149700598737
        ],
        [
            0.06418984633339865,
            0.40998444914071513,
            40.97875816993457
        ],
        [
            0.06269520159000559,
            0.40177960301163523,
            198.10169491525417
        ],
        [
            0.12131233595800556,
            0.6518971747700403,
            172.70921985815582
        ],
        [
            0.07197273456295096,
            0.45940170940171215,
            117.25269978401758
        ],
        [
            0.0765120138985834,
            0.4968784683684823,
            72.80808080808107
        ]
    ]
}