{
    "rgb_colors": [
        [
            63.329636636439915,
            58.05427620849376,
            47.98923608845978
        ],
        [
            0.1003284753070588,
            0.09185349363293227,
            0.06867685046401206
        ],
        [
            153.15931804820758,
            143.1164021164007,
            52.008230452674894
        ],
        [
            84.5944217582232,
            79.4677556052105,
            66.18730256568303
        ],
        [
            204.51432423323095,
            199.74351196494894,
            188.40343781597574
        ],
        [
            166.22782465527698,
            161.36715373533818,
            147.2486108252727
        ],
        [
            41.2156667178151,
            36.987724413073565,
            29.72326223722572
        ],
        [
            132.7664704233224,
            128.04920100925412,
            116.97925427530137
        ],
        [
            247.20974401321155,
            244.85218827415426,
            238.26672171758878
        ],
        [
            106.97464375523626,
            102.2101844090555,
            90.97652975691534
        ]
    ],
    "hex_colors": [
        "#3f3a2f",
        "#000000",
        "#998f34",
        "#544f42",
        "#ccc7bc",
        "#a6a193",
        "#29241d",
        "#848074",
        "#f7f4ee",
        "#6a665a"
    ],
    "hsl_color_values": [
        [
            0.10935220898734659,
            0.2422309895135772,
            63.329636636439915
        ],
        [
            0.12204030221643676,
            0.3154799746151412,
            0.1003284753070588
        ],
        [
            0.15011895213629187,
            0.6604305169581319,
            153.15931804820758
        ],
        [
            0.12024743343968076,
            0.217592588375969,
            84.5944217582232
        ],
        [
            0.11731274798995191,
            0.0787763227718081,
            204.51432423323095
        ],
        [
            0.1239825056025718,
            0.11417591410681906,
            166.22782465527698
        ],
        [
            0.10535164316741392,
            0.2788358261743681,
            41.2156667178151
        ],
        [
            0.1168661469524969,
            0.11890966218868293,
            132.7664704233224
        ],
        [
            0.12273007079103422,
            0.03617584869609682,
            247.20974401321155
        ],
        [
            0.11703103100485457,
            0.14955052371967195,
            106.97464375523626
        ]
    ]
}