{
    "rgb_colors": [
        [
            0.12017459399550745,
            0.10693240900235779,
            0.09345272481662192
        ],
        [
            190.10980061780847,
            180.28699803426392,
            163.33866891322933
        ],
        [
            73.81456166419049,
            65.4838038632998,
            50.685884101040884
        ],
        [
            126.63525091799124,
            72.94859241126144,
            24.122399020807723
        ],
        [
            44.0586630286492,
            36.61566946014427,
            28.235626583512108
        ],
        [
            30.233264320220947,
            69.48930296756417,
            96.46445824706633
        ],
        [
            98.97386649873832,
            91.09256926951969,
            75.73835012594435
        ],
        [
            132.5712307426005,
            120.73931106110422,
            103.5630950320222
        ],
        [
            159.39010896898904,
            148.76311818944114,
            132.16714165968327
        ],
        [
            242.7058823529437,
            239.39253393665405,
            230.6012443438935
        ]
    ],
    "hex_colors": [
        "#000000",
        "#beb4a3",
        "#494132",
        "#7e4818",
        "#2c241c",
        "#1e4560",
        "#625b4b",
        "#847867",
        "#9f9484",
        "#f2efe6"
    ],
    "hsl_color_values": [
        [
            0.08407398509125084,
            0.22235872234263163,
            0.12017459399550745
        ],
        [
            0.10551371347851046,
            0.14081931398370723,
            190.10980061780847
        ],
        [
            0.10663471586918642,
            0.3133348900501563,
            73.81456166419049
        ],
        [
            0.07938223108426205,
            0.8095127632634507,
            126.63525091799124
        ],
        [
            0.08826838120576204,
            0.3591356468272345,
            44.0586630286492
        ],
        [
            0.5678812950015093,
            0.6865864913397738,
            96.46445824706633
        ],
        [
            0.11013469564745937,
            0.23476415739593406,
            98.97386649873832
        ],
        [
            0.09868619962604962,
            0.21881169502680653,
            132.5712307426005
        ],
        [
            0.10160523857909731,
            0.17079458371285935,
            159.39010896898904
        ],
        [
            0.12104574552591085,
            0.04987369029419556,
            242.7058823529437
        ]
    ]
}