{
    "rgb_colors": [
        [
            0.04128722799158169,
            0.036590300052397495,
            0.028492350635406005
        ],
        [
            130.63744520976832,
            102.62742642454788,
            38.19818409517865
        ],
        [
            98.4900105152471,
            61.24500525762385,
            6.05362776025237
        ],
        [
            52.449152542372886,
            42.95641646489104,
            25.47215496368035
        ],
        [
            154.9784730195178,
            115.35562571756853,
            35.84959816303086
        ],
        [
            168.29497614369913,
            131.92815043502915,
            56.03396014594382
        ],
        [
            183.42138684277367,
            151.87528575057422,
            75.30378460756783
        ],
        [
            144.7792546878709,
            101.12271540470188,
            10.807975314502716
        ],
        [
            123.67111585691404,
            80.87880405766364,
            7.431126534970604
        ],
        [
            100.97180762852405,
            82.51326699834163,
            37.969320066335186
        ]
    ],
    "hex_colors": [
        "#000000",
        "#826626",
        "#623d06",
        "#342a19",
        "#9a7323",
        "#a88338",
        "#b7974b",
        "#90650a",
        "#7b5007",
        "#645225"
    ],
    "hsl_color_values": [
        [
            0.10548426519413341,
            0.3098991620068199,
            0.04128722799158169
        ],
        [
            0.11616500311035116,
            0.707601568341736,
            130.63744520976832
        ],
        [
            0.09951236344470156,
            0.9385356166723607,
            98.4900105152471
        ],
        [
            0.10801956648566179,
            0.51434572859682,
            52.449152542372886
        ],
        [
            0.1112325169559963,
            0.7686801433479344,
            154.9784730195178
        ],
        [
            0.11267519363178109,
            0.6670491215489459,
            168.29497614369913
        ],
        [
            0.11803736480767169,
            0.5894492681373235,
            183.42138684277367
        ],
        [
            0.11235584785116341,
            0.9253485912895214,
            144.7792546878709
        ],
        [
            0.10531039841384977,
            0.939912189815055,
            123.67111585691404
        ],
        [
            0.11783647666302528,
            0.6239611733403391,
            100.97180762852405
        ]
    ]
}