{
    "rgb_colors": [
        [
            137.20913061237314,
            127.30505545605922,
            112.76108335689929
        ],
        [
            232.1268817204301,
            225.28387096774117,
            210.5268817204294
        ],
        [
            104.0580380913373,
            96.38201925046073,
            82.94650829408202
        ],
        [
            154.33514830750485,
            142.82355404941964,
            127.95446064805783
        ],
        [
            54.91519434628975,
            49.088203316119674,
            42.51508562109359
        ],
        [
            85.27800598760705,
            78.10408688992464,
            67.42205667339611
        ],
        [
            172.24554977186557,
            160.24420024419788,
            144.77250819355731
        ],
        [
            121.4620470953377,
            113.06571756291707,
            98.89312462046964
        ],
        [
            0.6598918375047162,
            0.596931203621665,
            0.5130675386762533
        ],
        [
            195.5795253971367,
            184.91586585605023,
            170.00509903902716
        ]
    ],
    "hex_colors": [
        "#897f70",
        "#e8e1d2",
        "#686052",
        "#9a8e7f",
        "#36312a",
        "#554e43",
        "#aca090",
        "#797162",
        "#000000",
        "#c3b8aa"
    ],
    "hsl_color_values": [
        [
            0.0991488328098377,
            0.17818090637525835,
            137.20913061237314
        ],
        [
            0.1138656577724636,
            0.09305255746301455,
            232.1268817204301
        ],
        [
            0.10606771975161387,
            0.2028822586365174,
            104.0580380913373
        ],
        [
            0.0939392583526099,
            0.17093117121243734,
            154.33514830750485
        ],
        [
            0.0883475814701254,
            0.22580469527253805,
            54.91519434628975
        ],
        [
            0.0997056128516512,
            0.20938516452654665,
            85.27800598760705
        ],
        [
            0.09385984199905306,
            0.15949928235995375,
            172.24554977186557
        ],
        [
            0.10466156841876646,
            0.1858104898985715,
            121.4620470953377
        ],
        [
            0.095197304549922,
            0.22249752229646813,
            0.6598918375047162
        ],
        [
            0.09717237712544645,
            0.13076228867095901,
            195.5795253971367
        ]
    ]
}