{
    "rgb_colors": [
        [
            0.0698255144425346,
            0.06294747909678122,
            0.05302157912182892
        ],
        [
            125.20676056337953,
            85.97323943661972,
            61.607042253520476
        ],
        [
            152.03316426063506,
            21.810378462738978,
            14.135388216933244
        ],
        [
            247.7077774162075,
            238.03384315001625,
            211.77546371623535
        ],
        [
            82.01100244498815,
            58.013039934800325,
            29.028932355338195
        ],
        [
            208.223928342933,
            99.12987843889955,
            79.3506078055018
        ],
        [
            139.98959861314881,
            122.92719029203894,
            101.43472462994866
        ],
        [
            228.03382710590247,
            206.68140614636303,
            177.86380720760468
        ],
        [
            199.2362416107354,
            178.11912751677852,
            152.02197986577139
        ],
        [
            171.70863628302845,
            151.73310870721758,
            127.35077141336886
        ]
    ],
    "hex_colors": [
        "#000000",
        "#7d553d",
        "#98150e",
        "#f7eed3",
        "#523a1d",
        "#d0634f",
        "#8b7a65",
        "#e4ceb1",
        "#c7b298",
        "#ab977f"
    ],
    "hsl_color_values": [
        [
            0.09844816889134382,
            0.24065609046869357,
            0.0698255144425346
        ],
        [
            0.06385300079576522,
            0.5079575417787839,
            125.20676056337953
        ],
        [
            0.009276183254487258,
            0.9070243108753526,
            152.03316426063506
        ],
        [
            0.12179556843566709,
            0.14505928749906544,
            247.7077774162075
        ],
        [
            0.09117583719177284,
            0.6460361233261305,
            82.01100244498815
        ],
        [
            0.025579732809079065,
            0.6189169590787095,
            208.223928342933
        ],
        [
            0.0929085544906522,
            0.27541241895938123,
            139.98959861314881
        ],
        [
            0.09573313238057302,
            0.220011305055184,
            228.03382710590247
        ],
        [
            0.09212310958065802,
            0.23697627180305117,
            199.2362416107354
        ],
        [
            0.09161222917849847,
            0.25833217146133663,
            171.70863628302845
        ]
    ]
}