{
    "rgb_colors": [
        [
            0.06075087537395518,
            0.056043314744112394,
            0.04872260407932316
        ],
        [
            135.85424309122314,
            125.69087796527424,
            104.37625336268206
        ],
        [
            122.54796708020338,
            113.64930598205909,
            93.38134135855951
        ],
        [
            52.451235370611215,
            48.54616384915475,
            41.49674902470744
        ],
        [
            232.99251870323906,
            222.62219451371305,
            197.04488778055068
        ],
        [
            209.3659605551489,
            197.57925493060574,
            171.64937910883805
        ],
        [
            110.9298544440997,
            102.47584391452317,
            83.34252090430587
        ],
        [
            154.75527559054936,
            142.98897637795162,
            121.23244094488156
        ],
        [
            251.2122331691354,
            246.74137931035042,
            225.55172413792621
        ],
        [
            180.8460085025973,
            168.76712328767078,
            145.13793103448268
        ]
    ],
    "hex_colors": [
        "#000000",
        "#877d68",
        "#7a715d",
        "#343029",
        "#e8dec5",
        "#d1c5ab",
        "#6e6653",
        "#9a8e79",
        "#fbf6e1",
        "#b4a891"
    ],
    "hsl_color_values": [
        [
            0.10143755609137728,
            0.19799338232727295,
            0.06075087537395518
        ],
        [
            0.1128546474663968,
            0.23170413387386288,
            135.85424309122314
        ],
        [
            0.11581710329316108,
            0.23800170999617912,
            122.54796708020338
        ],
        [
            0.10725308641975269,
            0.20885087393082924,
            52.451235370611215
        ],
        [
            0.11858596369521919,
            0.15428663170286006,
            232.99251870323906
        ],
        [
            0.11458212289060273,
            0.18014667401664824,
            209.3659605551489
        ],
        [
            0.11559243896368902,
            0.24869169510806283,
            110.9298544440997
        ],
        [
            0.10816773930881211,
            0.21661836417365393,
            154.75527559054936
        ],
        [
            0.13762818154186932,
            0.10214673349101021,
            251.2122331691354
        ],
        [
            0.11028873543755702,
            0.19745018296935088,
            180.8460085025973
        ]
    ]
}