{
    "rgb_colors": [
        [
            0.041160446429083564,
            0.03805128676681768,
            0.029689313912394155
        ],
        [
            166.0094151212495,
            161.36833095577745,
            152.66362339514438
        ],
        [
            68.90521172638294,
            58.1485342019544,
            47.65570032573226
        ],
        [
            141.5527766002567,
            135.04069520983467,
            125.22128020347799
        ],
        [
            118.31311930241742,
            107.28735632183908,
            95.80301228695889
        ],
        [
            197.7341614906823,
            193.77888198757765,
            185.72546583850794
        ],
        [
            91.46710755307954,
            82.41802993386705,
            71.26940480334098
        ],
        [
            114.21765264157207,
            12.92628914900348,
            8.61879152167032
        ],
        [
            38.77596439169153,
            29.83877349159248,
            23.589020771513244
        ],
        [
            140.2250874125904,
            72.0673076923077,
            40.555069930070616
        ]
    ],
    "hex_colors": [
        "#000000",
        "#a6a198",
        "#443a2f",
        "#8d877d",
        "#766b5f",
        "#c5c1b9",
        "#5b5247",
        "#720c08",
        "#261d17",
        "#8c4828"
    ],
    "hsl_color_values": [
        [
            0.12149298601304408,
            0.27869310252631324,
            0.041160446429083564
        ],
        [
            0.10870727066727921,
            0.08039177607099969,
            166.0094151212495
        ],
        [
            0.08229862856910077,
            0.30838757864979477,
            68.90521172638294
        ],
        [
            0.10020938240839444,
            0.1153739035645952,
            141.5527766002567
        ],
        [
            0.08503101908099524,
            0.19025875700158804,
            118.31311930241742
        ],
        [
            0.11177200786181281,
            0.06073151731417054,
            197.7341614906823
        ],
        [
            0.09199581811080286,
            0.22081930094944327,
            91.46710755307954
        ],
        [
            0.006798522859134237,
            0.9245406351615625,
            114.21765264157207
        ],
        [
            0.06858690460683432,
            0.39165869523627816,
            38.77596439169153
        ],
        [
            0.052694278176088606,
            0.7107859179952325,
            140.2250874125904
        ]
    ]
}