{
    "rgb_colors": [
        [
            0.09362323440259246,
            0.08855102363898837,
            0.07232502776327365
        ],
        [
            141.55573401863123,
            138.42820430452903,
            131.84709283649175
        ],
        [
            101.72205488621087,
            88.29367469879325,
            72.32747657295724
        ],
        [
            211.42254791431768,
            211.68568207440723,
            208.37564825253597
        ],
        [
            70.24771867349305,
            21.123302915646477,
            23.883819274426905
        ],
        [
            167.00798035604524,
            165.21945979128168,
            159.11663597298786
        ],
        [
            231.578745198462,
            245.4731113956467,
            247.6882202304742
        ],
        [
            85.22185267307367,
            69.03843311160101,
            52.209164818920485
        ],
        [
            193.0349439171749,
            190.7232528041467,
            183.75517687662298
        ],
        [
            116.41752577319491,
            109.51947308132814,
            99.19730813287512
        ]
    ],
    "hex_colors": [
        "#000000",
        "#8d8a83",
        "#655848",
        "#d3d3d0",
        "#461517",
        "#a7a59f",
        "#e7f5f7",
        "#554534",
        "#c1beb7",
        "#746d63"
    ],
    "hsl_color_values": [
        [
            0.12697466466307827,
            0.22748847308279976,
            0.09362323440259246
        ],
        [
            0.11297687191873697,
            0.06858529080045352,
            141.55573401863123
        ],
        [
            0.09052802161726688,
            0.2889695685575289,
            101.72205488621087
        ],
        [
            0.1799159854677251,
            0.015636550329879116,
            211.68568207440723
        ],
        [
            0.9906342690757955,
            0.6993026490464943,
            70.24771867349305
        ],
        [
            0.12889277842603744,
            0.047251301202695654,
            167.00798035604524
        ],
        [
            0.5229172462213048,
            0.06503932652518683,
            247.6882202304742
        ],
        [
            0.08496363765264321,
            0.3873735059573955,
            85.22185267307367
        ],
        [
            0.125148183445298,
            0.04807299058005564,
            193.0349439171749
        ],
        [
            0.09990354713717904,
            0.1479177428479994,
            116.41752577319491
        ]
    ]
}