{
    "rgb_colors": [
        [
            0.04047127542283491,
            0.03821342278950546,
            0.034231391775552567
        ],
        [
            189.05290659699543,
            179.15414761593738,
            155.949052906597
        ],
        [
            142.97820244849208,
            130.7025977903843,
            101.36070468796656
        ],
        [
            65.04837802362647,
            59.39564972810914,
            43.09806862928933
        ],
        [
            162.44243577545197,
            151.83634633682152,
            127.41484300666033
        ],
        [
            124.99885343015478,
            114.48098605006885,
            86.13414867188993
        ],
        [
            48.50305623471883,
            44.05195599022006,
            32.82029339853301
        ],
        [
            99.73397435897436,
            90.77083333333294,
            67.65438034188034
        ],
        [
            223.7527141133896,
            212.79855247285974,
            184.21471652593485
        ],
        [
            77.87568338483479,
            71.5804611362026,
            53.930116472545755
        ]
    ],
    "hex_colors": [
        "#000000",
        "#bdb39b",
        "#8e8265",
        "#413b2b",
        "#a2977f",
        "#7c7256",
        "#302c20",
        "#635a43",
        "#dfd4b8",
        "#4d4735"
    ],
    "hsl_color_values": [
        [
            0.10635964918157802,
            0.15418055354296153,
            0.04047127542283491
        ],
        [
            0.11682977519961106,
            0.17510364842454398,
            189.05290659699543
        ],
        [
            0.1175062360839031,
            0.29107582168350615,
            142.97820244849208
        ],
        [
            0.12374602415265841,
            0.3374459142757485,
            65.04837802362647
        ],
        [
            0.11620126401187685,
            0.21563080239212312,
            162.44243577545197
        ],
        [
            0.12156204262322257,
            0.3109204900025836,
            124.99885343015478
        ],
        [
            0.119363136765795,
            0.32333555972829575,
            48.50305623471883
        ],
        [
            0.1200994676924252,
            0.3216516159441249,
            99.73397435897436
        ],
        [
            0.12049099470157297,
            0.17670399102921433,
            223.7527141133896
        ],
        [
            0.12285046837207103,
            0.30748451726527126,
            77.87568338483479
        ]
    ]
}