{
    "rgb_colors": [
        [
            1.2937001817945912,
            0.9716240152773636,
            0.7754160257206877
        ],
        [
            191.73022346844164,
            168.17554592574456,
            124.24607018438309
        ],
        [
            211.23727154047276,
            190.6785248041797,
            13.595953002610724
        ],
        [
            84.15267505263856,
            69.1824758408463,
            47.37040436214396
        ],
        [
            18.80897711871215,
            19.134736506421106,
            31.333492784820237
        ],
        [
            211.74977668601653,
            206.60987047788817,
            192.84669495310018
        ],
        [
            147.808396387602,
            92.38638027825151,
            26.145228215767617
        ],
        [
            52.22756904112824,
            41.606021097546545,
            29.93937418513717
        ],
        [
            153.30152284263667,
            132.78080295339092,
            93.22427318874257
        ],
        [
            112.35783298826951,
            99.60990338164456,
            77.79080400276104
        ]
    ],
    "hex_colors": [
        "#010000",
        "#bfa87c",
        "#d3be0d",
        "#54452f",
        "#12131f",
        "#d3cec0",
        "#935c1a",
        "#34291d",
        "#99845d",
        "#70634d"
    ],
    "hsl_color_values": [
        [
            0.06309537192974958,
            0.40062153763861397,
            1.2937001817945912
        ],
        [
            0.10849331189514166,
            0.3519745195267364,
            191.73022346844164
        ],
        [
            0.14932991838583706,
            0.9356365810661129,
            211.23727154047276
        ],
        [
            0.09883417141481284,
            0.4370897379968828,
            84.15267505263856
        ],
        [
            0.6623317101116802,
            0.3997165509800966,
            31.333492784820237
        ],
        [
            0.1213486044167238,
            0.08927084613149755,
            211.74977668601653
        ],
        [
            0.09074391351391621,
            0.8231140526874653,
            147.808396387602
        ],
        [
            0.08724085394226366,
            0.42675152731002153,
            52.22756904112824
        ],
        [
            0.1097379623527322,
            0.3918894511932744,
            153.30152284263667
        ],
        [
            0.10520188369882148,
            0.3076512608526134,
            112.35783298826951
        ]
    ]
}