{
    "rgb_colors": [
        [
            21.04591584158521,
            19.404084158416673,
            16.809405940594438
        ],
        [
            97.57165342527125,
            89.40676060560412,
            76.80295308049622
        ],
        [
            49.28373454063631,
            45.448818462897755,
            39.172924028268625
        ],
        [
            84.55603978097896,
            77.56402950050128,
            66.64727902558886
        ],
        [
            35.987535585134836,
            33.275140417018804,
            28.839039778410033
        ],
        [
            112.48470847084863,
            102.88800880088041,
            88.38371837183527
        ],
        [
            60.699436714651114,
            56.02840498772393,
            48.284386885561716
        ],
        [
            0.5247856453277038,
            0.4648515132539117,
            0.3997217648067206
        ],
        [
            72.4030273906778,
            66.63397405093801,
            57.39303219606089
        ],
        [
            130.00572669826275,
            118.90797788309527,
            102.69352290679007
        ]
    ],
    "hex_colors": [
        "#151310",
        "#61594c",
        "#312d27",
        "#544d42",
        "#23211c",
        "#706658",
        "#3c3830",
        "#000000",
        "#484239",
        "#827666"
    ],
    "hsl_color_values": [
        [
            0.10207609087279723,
            0.20129843399923392,
            21.04591584158521
        ],
        [
            0.10114424844337737,
            0.21285588196659475,
            97.57165342527125
        ],
        [
            0.10345188493959623,
            0.20515512078393608,
            49.28373454063631
        ],
        [
            0.10159599747502294,
            0.21179753453187047,
            84.55603978097896
        ],
        [
            0.10342736799807122,
            0.19863810317919048,
            35.987535585134836
        ],
        [
            0.10030217548088005,
            0.21426014634921986,
            112.48470847084863
        ],
        [
            0.10396008888096171,
            0.2045331966992168,
            60.699436714651114
        ],
        [
            0.0867953083601193,
            0.23831421768956101,
            0.5247856453277038
        ],
        [
            0.10260875875331425,
            0.2073117069211048,
            72.4030273906778
        ],
        [
            0.0989451156468476,
            0.21008462077107604,
            130.00572669826275
        ]
    ]
}