{
    "rgb_colors": [
        [
            0.05291522741290322,
            0.050057569341781516,
            0.045250877420826896
        ],
        [
            198.42895408163162,
            182.11007653061478,
            164.27397959183975
        ],
        [
            160.0361197110362,
            145.74131406949252,
            129.58066735466485
        ],
        [
            189.07751141552436,
            173.32648401826722,
            155.6073059360752
        ],
        [
            138.87532023911197,
            126.95303159692526,
            112.40563620836835
        ],
        [
            41.19159663865547,
            38.6016806722689,
            35.17142857142857
        ],
        [
            171.5906679927088,
            156.1403944969329,
            139.7187137410918
        ],
        [
            89.07812499999997,
            83.10156250000001,
            75.39257812499999
        ],
        [
            180.3732667210405,
            164.5636215334442,
            147.70432300163193
        ],
        [
            207.8007839127452,
            191.0167007498334,
            173.2084185412439
        ]
    ],
    "hex_colors": [
        "#000000",
        "#c6b6a4",
        "#a09181",
        "#bdad9b",
        "#8a7e70",
        "#292623",
        "#ab9c8b",
        "#59534b",
        "#b4a493",
        "#cfbfad"
    ],
    "hsl_color_values": [
        [
            0.1045248874317228,
            0.14484204957243357,
            0.05291522741290322
        ],
        [
            0.08703513521925299,
            0.17212696931185187,
            198.42895408163162
        ],
        [
            0.0884387165759654,
            0.19030361652958225,
            160.0361197110362
        ],
        [
            0.0882335887912394,
            0.17701843666586922,
            189.07751141552436
        ],
        [
            0.09159784058157887,
            0.19060034558457759,
            138.87532023911197
        ],
        [
            0.09496556858365868,
            0.14615039373291458,
            41.19159663865547
        ],
        [
            0.08587320284890687,
            0.18574410033167602,
            171.5906679927088
        ],
        [
            0.0938823081680229,
            0.15363532713559014,
            89.07812499999997
        ],
        [
            0.08601083379889114,
            0.1811185455211237,
            180.3732667210405
        ],
        [
            0.08580063846140235,
            0.16646888774984847,
            207.8007839127452
        ]
    ]
}