{
    "rgb_colors": [
        [
            0.029637063408282316,
            0.027950227666896588,
            0.02630609663231187
        ],
        [
            105.16409537166922,
            99.41374474053318,
            94.22861150070106
        ],
        [
            53.81304006284389,
            51.49410840534195,
            50.37391987431241
        ],
        [
            204.36444444444422,
            194.7022222222221,
            180.74666666666658
        ],
        [
            164.5356718192622,
            153.93995243757408,
            140.98156956004712
        ],
        [
            25.395216400911234,
            26.171981776765403,
            27.31435079726652
        ],
        [
            28.418518518518496,
            39.992592592592594,
            58.917592592592165
        ],
        [
            74.24033437826567,
            71.28526645768054,
            69.89237199581999
        ],
        [
            149.8904309715126,
            138.71365960555204,
            126.84587289992655
        ],
        [
            128.90528233151142,
            120.52914389799598,
            111.50819672131176
        ]
    ],
    "hex_colors": [
        "#000000",
        "#69635e",
        "#353332",
        "#ccc2b4",
        "#a4998c",
        "#191a1b",
        "#1c273a",
        "#4a4745",
        "#958a7e",
        "#80786f"
    ],
    "hsl_color_values": [
        [
            0.08226495715125204,
            0.11239193067419695,
            0.029637063408282316
        ],
        [
            0.07902612115771357,
            0.10398495638953721,
            105.16409537166922
        ],
        [
            0.05428658443735387,
            0.06390867686559254,
            53.81304006284389
        ],
        [
            0.09848199723999533,
            0.11556696098473257,
            204.36444444444422
        ],
        [
            0.09169232840291647,
            0.14315498881658079,
            164.5356718192622
        ],
        [
            0.5992087042532163,
            0.07026102910515973,
            27.31435079726652
        ],
        [
            0.6034184401469372,
            0.5176564881897158,
            58.917592592592165
        ],
        [
            0.05339261395499395,
            0.05856603986038323,
            74.24033437826567
        ],
        [
            0.08583217108322046,
            0.15374269005848526,
            149.8904309715126
        ],
        [
            0.08642201514675318,
            0.13496022269637328,
            128.90528233151142
        ]
    ]
}