{
    "rgb_colors": [
        [
            0.17143442279387244,
            0.16277705891432248,
            0.14691453413141886
        ],
        [
            195.30560032232245,
            190.1571313456903,
            175.86120064464143
        ],
        [
            101.51583673469531,
            92.6614693877563,
            82.03510204081633
        ],
        [
            118.9831122241817,
            109.42046839041629,
            98.22268850683633
        ],
        [
            135.2672233820448,
            126.72192066805911,
            115.06311760612387
        ],
        [
            159.50546161903085,
            149.96176866676322,
            137.5268591949723
        ],
        [
            241.93599449414612,
            236.32140399173736,
            225.01238816242255
        ],
        [
            65.25607925547891,
            56.09816871810267,
            50.810267187030924
        ],
        [
            59.84225221033032,
            127.27594229874401,
            89.33690088413215
        ],
        [
            4.644183168316516,
            79.45771452145192,
            40.16233498349835
        ]
    ],
    "hex_colors": [
        "#000000",
        "#c3beaf",
        "#655c52",
        "#766d62",
        "#877e73",
        "#9f9589",
        "#f1ece1",
        "#413832",
        "#3b7f59",
        "#044f28"
    ],
    "hsl_color_values": [
        [
            0.1078208048526836,
            0.14302780190146266,
            0.17143442279387244
        ],
        [
            0.1225368309815383,
            0.0995588434002454,
            195.30560032232245
        ],
        [
            0.09091347181307685,
            0.19189847929629494,
            101.51583673469531
        ],
        [
            0.0898968476112572,
            0.1744821036302166,
            118.9831122241817
        ],
        [
            0.09617519652721696,
            0.1493643860705046,
            135.2672233820448
        ],
        [
            0.09429557312054282,
            0.13779216210510153,
            159.50546161903085
        ],
        [
            0.11137318693234506,
            0.06995075853474562,
            241.93599449414612
        ],
        [
            0.06100847205192648,
            0.22137113098524247,
            65.25607925547891
        ],
        [
            0.40623123900217334,
            0.5298227525994844,
            127.27594229874401
        ],
        [
            0.41245928638124923,
            0.9415515133264665,
            79.45771452145192
        ]
    ]
}