{
    "rgb_colors": [
        [
            227.34396598055764,
            213.91272617555634,
            193.8063965603402
        ],
        [
            72.86031798884541,
            88.5235161907919,
            24.231415966036778
        ],
        [
            172.95665808041213,
            164.3520551013556,
            136.2028222645313
        ],
        [
            109.40125507567367,
            103.17066568229431,
            84.56183093392396
        ],
        [
            141.96879254372186,
            135.55189025028653,
            110.07906587077181
        ],
        [
            113.37564146424906,
            38.50256585699444,
            7.0728703386931215
        ],
        [
            201.28728270814273,
            190.0218747400828,
            168.24253514097978
        ],
        [
            82.49337974337973,
            75.33845208845688,
            60.27866502866502
        ],
        [
            107.42767508902831,
            116.78802781075109,
            41.22655587586908
        ],
        [
            35.763027295285355,
            32.001240694790596,
            11.967741935483872
        ]
    ],
    "hex_colors": [
        "#e3d5c1",
        "#485818",
        "#aca488",
        "#6d6754",
        "#8d876e",
        "#712607",
        "#c9bea8",
        "#524b3c",
        "#6b7429",
        "#23200b"
    ],
    "hsl_color_values": [
        [
            0.09991943345331526,
            0.1475190655514717,
            227.34396598055764
        ],
        [
            0.20727092480307427,
            0.7262714247159864,
            88.5235161907919
        ],
        [
            0.12764759655671734,
            0.21250315670873443,
            172.95665808041213
        ],
        [
            0.12486088406730893,
            0.22704880418938614,
            109.40125507567367
        ],
        [
            0.1331297308835285,
            0.22462490594986942,
            141.96879254372186
        ],
        [
            0.049277008782739364,
            0.9376156090731057,
            113.37564146424906
        ],
        [
            0.10984771258446269,
            0.1641670905512511,
            201.28728270814273
        ],
        [
            0.11298657408833364,
            0.2692908786598417,
            82.49337974337973
        ],
        [
            0.18731288685012518,
            0.6469967286143871,
            116.78802781075109
        ],
        [
            0.14031840380973307,
            0.6653599306157848,
            35.763027295285355
        ]
    ]
}