{
    "rgb_colors": [
        [
            0.14689619196661852,
            0.1330203442879565,
            0.11258663089648735
        ],
        [
            94.5495829471733,
            76.18919634582285,
            48.82708857407653
        ],
        [
            170.83971752621443,
            144.72912475925528,
            109.90721164134389
        ],
        [
            69.51675933280382,
            53.83876092136616,
            30.84352660841938
        ],
        [
            154.6874249442443,
            129.55538399954253,
            95.35940984731515
        ],
        [
            200.53518594616807,
            175.97570371892334,
            141.50097596055065
        ],
        [
            133.7144660439283,
            112.41967516620383,
            80.23487334848102
        ],
        [
            40.858052555215224,
            31.71803965822989,
            18.846928905368372
        ],
        [
            184.0980631179737,
            158.4744232245248,
            124.12072779809472
        ],
        [
            115.08150892556417,
            94.33164926462334,
            63.79140002245425
        ]
    ],
    "hex_colors": [
        "#000000",
        "#5e4c30",
        "#aa906d",
        "#45351e",
        "#9a815f",
        "#c8af8d",
        "#857050",
        "#281f12",
        "#b89e7c",
        "#735e3f"
    ],
    "hsl_color_values": [
        [
            0.09926151172895703,
            0.23356331168835104,
            0.14689619196661852
        ],
        [
            0.09973977487051483,
            0.48358218987219465,
            94.5495829471733
        ],
        [
            0.09524722645223761,
            0.3566647543509358,
            170.83971752621443
        ],
        [
            0.09910056083160808,
            0.556315241037641,
            69.51675933280382
        ],
        [
            0.09606471775702859,
            0.38353482914537756,
            154.6874249442443
        ],
        [
            0.09732980184080782,
            0.29438330090094333,
            200.53518594616807
        ],
        [
            0.10030243997620769,
            0.3999536794910283,
            133.7144660439283
        ],
        [
            0.09745913746170089,
            0.5387218008029435,
            40.858052555215224
        ],
        [
            0.09546299237651035,
            0.3257901484897444,
            184.0980631179737
        ],
        [
            0.0992402170558247,
            0.4456850573299735,
            115.08150892556417
        ]
    ]
}