{
    "rgb_colors": [
        [
            0.07107388675829185,
            0.06737696541855343,
            0.062198979328240256
        ],
        [
            161.79608760365986,
            156.2487773761402,
            144.0795237082713
        ],
        [
            129.23754308994026,
            123.51519899717987,
            114.16734565966782
        ],
        [
            207.22047244094486,
            199.99212598425203,
            188.20472440944883
        ],
        [
            36.87678571428574,
            32.09553571428574,
            29.19642857142857
        ],
        [
            170.6716921692163,
            46.07898289828855,
            36.58303330333033
        ],
        [
            102.59463986599648,
            94.280290340592,
            86.64656616415411
        ],
        [
            146.56292203805995,
            140.49253120523846,
            129.2488234090444
        ],
        [
            77.02998126171148,
            62.69519050593375,
            57.24984384759525
        ],
        [
            171.80183486238465,
            91.42201834862354,
            81.90275229357799
        ]
    ],
    "hex_colors": [
        "#000000",
        "#a19c90",
        "#817b72",
        "#cfc7bc",
        "#24201d",
        "#aa2e24",
        "#665e56",
        "#928c81",
        "#4d3e39",
        "#ab5b51"
    ],
    "hsl_color_values": [
        [
            0.09724018966064242,
            0.12486875046292864,
            0.07107388675829185
        ],
        [
            0.11448094317954842,
            0.1094993343645462,
            161.79608760365986
        ],
        [
            0.10338123063486916,
            0.11660851073116303,
            129.23754308994026
        ],
        [
            0.10331262939958652,
            0.09176577877417624,
            207.22047244094486
        ],
        [
            0.06291172595520456,
            0.20827078591835804,
            36.87678571428574
        ],
        [
            0.011803073274148626,
            0.7856526009769725,
            170.6716921692163
        ],
        [
            0.07977686750925099,
            0.1554474358765027,
            102.59463986599648
        ],
        [
            0.10823268017113209,
            0.1181342346908133,
            146.56292203805995
        ],
        [
            0.04588227864089889,
            0.25678491789985863,
            77.02998126171148
        ],
        [
            0.01764805932578108,
            0.5232719583048512,
            171.80183486238465
        ]
    ]
}