{
    "rgb_colors": [
        [
            0.07070220831379004,
            0.06518643319894935,
            0.058360243630115605
        ],
        [
            126.063146434403,
            106.56904373072038,
            79.72309925603338
        ],
        [
            88.99690462371592,
            72.81331011801122,
            50.91197523698975
        ],
        [
            42.22045315370491,
            34.02082057562768,
            23.786282914880587
        ],
        [
            68.7679494543369,
            55.70246984491671,
            38.17547386559448
        ],
        [
            144.30587121212236,
            123.27140151515151,
            95.65852272727273
        ],
        [
            188.90327408793596,
            164.8022450888681,
            136.72740879326471
        ],
        [
            107.63780463641501,
            89.16920943134535,
            64.0473548642758
        ],
        [
            174.95422699673477,
            150.94663708547407,
            123.87961233068658
        ],
        [
            160.7746217527837,
            137.41621467313732,
            110.40151298886668
        ]
    ],
    "hex_colors": [
        "#000000",
        "#7e6a4f",
        "#584832",
        "#2a2217",
        "#443726",
        "#907b5f",
        "#bca488",
        "#6b5940",
        "#ae967b",
        "#a0896e"
    ],
    "hsl_color_values": [
        [
            0.09218129290040848,
            0.17456264773086597,
            0.07070220831379004
        ],
        [
            0.09655415459315725,
            0.36759392803576163,
            126.063146434403
        ],
        [
            0.09584427591041995,
            0.42793543829138175,
            88.99690462371592
        ],
        [
            0.09253230575025712,
            0.4366170626287249,
            42.22045315370491
        ],
        [
            0.09548642077297764,
            0.44486531634997123,
            68.7679494543369
        ],
        [
            0.09460220562852922,
            0.33711274583790485,
            144.30587121212236
        ],
        [
            0.08968014916809529,
            0.27620413434646435,
            188.90327408793596
        ],
        [
            0.09605259370033753,
            0.4049734191382058,
            107.63780463641501
        ],
        [
            0.08832510674746956,
            0.2919312985047307,
            174.95422699673477
        ],
        [
            0.0893820213045287,
            0.31331505068861926,
            160.7746217527837
        ]
    ]
}