{
    "rgb_colors": [
        [
            43.22018420845409,
            39.96142643470046,
            35.105014563488936
        ],
        [
            22.43700119399232,
            20.637906114497582,
            17.946898762018474
        ],
        [
            9.695662109150796,
            8.994591918345582,
            7.798986936816847
        ],
        [
            53.877345844502955,
            50.046514745308315,
            43.87734584450402
        ],
        [
            28.738714748628965,
            26.44858673682184,
            23.068914626712438
        ],
        [
            15.930489221634714,
            14.702755905511811,
            12.716470891958178
        ],
        [
            68.32459677419249,
            63.775453629032256,
            56.21219758064516
        ],
        [
            3.931447152292698,
            3.6335020616137577,
            3.0894036405081966
        ],
        [
            94.642857142857,
            89.94875776397515,
            82.41459627329192
        ],
        [
            35.23784578623244,
            32.47366969947615,
            28.444260637809023
        ]
    ],
    "hex_colors": [
        "#2b2723",
        "#161411",
        "#090807",
        "#35322b",
        "#1c1a17",
        "#0f0e0c",
        "#443f38",
        "#030303",
        "#5e5952",
        "#23201c"
    ],
    "hsl_color_values": [
        [
            0.09973937871248652,
            0.18776342104015806,
            43.22018420845409
        ],
        [
            0.09988663559642312,
            0.2001204346851889,
            22.43700119399232
        ],
        [
            0.10506147801589442,
            0.19562100566023854,
            9.695662109150796
        ],
        [
            0.10281948168008252,
            0.18560676743171867,
            53.877345844502955
        ],
        [
            0.09934718559846382,
            0.19728788053011367,
            28.738714748628965
        ],
        [
            0.10300112454313726,
            0.20175264456484332,
            15.930489221634714
        ],
        [
            0.10407043679692422,
            0.17727728761543765,
            68.32459677419249
        ],
        [
            0.10769404302169612,
            0.21418156703275223,
            3.931447152292698
        ],
        [
            0.1026878306878319,
            0.1292042657916312,
            94.642857142857
        ],
        [
            0.09885328030375405,
            0.19279229467193187,
            35.23784578623244
        ]
    ]
}