{
    "rgb_colors": [
        [
            0.06884060416725646,
            0.06438839457369738,
            0.057089469181875074
        ],
        [
            237.53844155843495,
            224.78181818181818,
            205.0711688311671
        ],
        [
            166.5421444954165,
            154.2456995412844,
            134.96578746177627
        ],
        [
            125.34174932371559,
            115.78839795611661,
            98.57935076645433
        ],
        [
            219.33288829549704,
            206.65954606141523,
            187.43947485535955
        ],
        [
            39.633232016210734,
            36.714285714285715,
            32.4417426545086
        ],
        [
            180.35485541648362,
            166.23409581355202,
            147.1823910228785
        ],
        [
            147.80403087478666,
            137.11642367066895,
            119.74463979416589
        ],
        [
            91.1384248210026,
            83.41686555290374,
            71.59904534606213
        ],
        [
            198.73866727108444,
            186.02583862194015,
            167.00997280145432
        ]
    ],
    "hex_colors": [
        "#000000",
        "#ede0cd",
        "#a69a86",
        "#7d7362",
        "#dbcebb",
        "#272420",
        "#b4a693",
        "#938977",
        "#5b5347",
        "#c6baa7"
    ],
    "hsl_color_values": [
        [
            0.10352085707610796,
            0.17070063703727237,
            0.06884060416725646
        ],
        [
            0.1011821427904997,
            0.13668218295218892,
            237.53844155843495
        ],
        [
            0.10176343890761934,
            0.18959979847328826,
            166.5421444954165
        ],
        [
            0.10717180395746621,
            0.21351543840466905,
            125.34174932371559
        ],
        [
            0.10043908304207749,
            0.14541099462096616,
            219.33288829549704
        ],
        [
            0.09901850286465691,
            0.1814509944271181,
            39.633232016210734
        ],
        [
            0.0957204775051636,
            0.18392886799194705,
            180.35485541648362
        ],
        [
            0.10318460954593374,
            0.18984185285441574,
            147.80403087478666
        ],
        [
            0.10080344177082778,
            0.21439233246916595,
            91.1384248210026
        ],
        [
            0.09988784672859936,
            0.15965033330102488,
            198.73866727108444
        ]
    ]
}