{
    "rgb_colors": [
        [
            0.023749753491552283,
            0.022998246486475082,
            0.020999557625263066
        ],
        [
            122.74841437632124,
            80.6976744186045,
            67.47145877378425
        ],
        [
            88.70078740157486,
            94.3158355205595,
            79.57742782152255
        ],
        [
            190.4326018808786,
            178.84012539184891,
            169.2131661442002
        ],
        [
            155.4954864593779,
            147.09327983951908,
            134.20661985957943
        ],
        [
            164.36754507628436,
            53.04299583911205,
            54.406380027739054
        ],
        [
            35.02359346642475,
            44.14428312159694,
            31.078947368421076
        ],
        [
            113.09130706691828,
            115.48155096935476,
            95.33833646028656
        ],
        [
            133.84384958572448,
            130.39706819630237,
            111.40981516889713
        ],
        [
            61.77388963660844,
            67.7698519515476,
            52.12786002691803
        ]
    ],
    "hex_colors": [
        "#000000",
        "#7a5043",
        "#585e4f",
        "#beb2a9",
        "#9b9386",
        "#a43536",
        "#232c1f",
        "#71735f",
        "#85826f",
        "#3d4334"
    ],
    "hsl_color_values": [
        [
            0.12112403130452949,
            0.11579892259797367,
            0.023749753491552283
        ],
        [
            0.039878630255743286,
            0.45032724767481946,
            122.74841437632124
        ],
        [
            0.2301634413708471,
            0.156266523195081,
            94.3158355205595
        ],
        [
            0.07561432018515185,
            0.11142753670903373,
            190.4326018808786
        ],
        [
            0.10088731841382327,
            0.1369098684762148,
            155.4954864593779
        ],
        [
            0.9979588446603956,
            0.6772903323798238,
            164.36754507628436
        ],
        [
            0.2830138445154407,
            0.29596891894669464,
            44.14428312159694
        ],
        [
            0.18644374760675553,
            0.1744279873277212,
            115.48155096935476
        ],
        [
            0.14105987859502178,
            0.1676134875548299,
            133.84384958572448
        ],
        [
            0.23055412149371715,
            0.2308104780251385,
            67.7698519515476
        ]
    ]
}