{
    "rgb_colors": [
        [
            48.524289642529865,
            44.10815765352887,
            39.81393217231906
        ],
        [
            187.46001747869272,
            185.47476512999782,
            182.41763163643827
        ],
        [
            211.34233042250582,
            212.12781159036783,
            210.97468466084
        ],
        [
            157.23368566176504,
            151.38235294117646,
            144.0707720588266
        ],
        [
            0.9029442771056395,
            0.8691039156626559,
            0.825158132525786
        ],
        [
            198.87113318137816,
            198.869423640508,
            197.23876587431207
        ],
        [
            134.64675870348242,
            128.37815126050418,
            120.69507803121166
        ],
        [
            224.13149248513608,
            225.5438657811954,
            225.48661307234283
        ],
        [
            105.43255813953516,
            97.94302325581396,
            90.13720930232527
        ],
        [
            173.53986844215765,
            169.44039788223967,
            163.96117439434832
        ]
    ],
    "hex_colors": [
        "#302c27",
        "#bbb9b6",
        "#d3d4d2",
        "#9d9790",
        "#000000",
        "#c6c6c5",
        "#868078",
        "#e0e1e1",
        "#69615a",
        "#ada9a3"
    ],
    "hsl_color_values": [
        [
            0.08216703497141091,
            0.1795051001133353,
            48.524289642529865
        ],
        [
            0.10104785013809736,
            0.02689846032275965,
            187.46001747869272
        ],
        [
            0.28019582345308147,
            0.005436000686956484,
            212.12781159036783
        ],
        [
            0.09257804544526844,
            0.08371560806158279,
            157.23368566176504
        ],
        [
            0.09415940626751795,
            0.08614722586115135,
            0.9029442771056395
        ],
        [
            0.1664921204863262,
            0.008208166167471416,
            198.87113318137816
        ],
        [
            0.09178193186625394,
            0.1036169069839623,
            134.64675870348242
        ],
        [
            0.4932439120955368,
            0.0062620780714536745,
            225.5438657811954
        ],
        [
            0.0850565100603113,
            0.1450723486853766,
            105.43255813953516
        ],
        [
            0.09533699584625621,
            0.05519592779339923,
            173.53986844215765
        ]
    ]
}